# https://github.com/mikedh/trimesh

o eef_connect_base_link.STL
v 0.01950000 0.01500000 0.00400000
v 0.02000000 0.01500000 0.00350000
v 0.01975528 0.01654509 0.00350000
v 0.01927975 0.01639058 0.00400000
v 0.01904509 0.01793893 0.00350000
v 0.01864058 0.01764503 0.00400000
v 0.01793892 0.01904508 0.00350000
v 0.01764503 0.01864058 0.00400000
v 0.01654509 0.01975528 0.00350000
v 0.01639058 0.01927975 0.00400000
v 0.01500000 0.02000000 0.00350000
v 0.01500000 0.01950000 0.00400000
v -0.01500000 0.01950000 0.00400000
v -0.01500000 0.02000000 0.00350000
v -0.01654509 0.01975528 0.00350000
v -0.01639058 0.01927975 0.00400000
v -0.01793893 0.01904508 0.00350000
v -0.01764503 0.01864058 0.00400000
v -0.01904508 0.01793893 0.00350000
v -0.01864058 0.01764503 0.00400000
v -0.01975528 0.01654509 0.00350000
v -0.01927975 0.01639058 0.00400000
v -0.02000000 0.01500000 0.00350000
v -0.01950000 0.01500000 0.00400000
v -0.02000000 -0.01500000 0.00350000
v -0.01950000 -0.01500000 0.00400000
v -0.01975528 -0.01654509 0.00350000
v -0.01927975 -0.01639058 0.00400000
v -0.01904508 -0.01793892 0.00350000
v -0.01864058 -0.01764503 0.00400000
v -0.01793893 -0.01904509 0.00350000
v -0.01764503 -0.01864058 0.00400000
v -0.01654509 -0.01975528 0.00350000
v -0.01639058 -0.01927975 0.00400000
v -0.01500000 -0.02000000 0.00350000
v -0.01500000 -0.01950000 0.00400000
v 0.01500000 -0.02000000 0.00350000
v 0.01500000 -0.01950000 0.00400000
v 0.01654509 -0.01975528 0.00350000
v 0.01639058 -0.01927975 0.00400000
v 0.01793892 -0.01904509 0.00350000
v 0.01764503 -0.01864058 0.00400000
v 0.01904509 -0.01793892 0.00350000
v 0.01864058 -0.01764503 0.00400000
v 0.01975528 -0.01654509 0.00350000
v 0.01927975 -0.01639058 0.00400000
v 0.02000000 -0.01500000 0.00350000
v 0.01950000 -0.01500000 0.00400000
v -0.02200000 0.01700000 -0.00580000
v -0.02200000 0.01700000 -0.00530000
v -0.02195285 0.01768506 -0.00580000
v -0.02195285 0.01768506 -0.00530000
v -0.02175528 0.01854509 -0.00580000
v -0.02175528 0.01854509 -0.00530000
v -0.02169096 0.01873058 -0.00580000
v -0.02169096 0.01873058 -0.00530000
v -0.02121109 0.01969569 -0.00580000
v -0.02121109 0.01969569 -0.00530000
v -0.02104509 0.01993893 -0.00580000
v -0.02104509 0.01993893 -0.00530000
v -0.02053553 0.02053553 -0.00580000
v -0.02053553 0.02053553 -0.00530000
v -0.01993893 0.02104509 -0.00580000
v -0.01993893 0.02104509 -0.00530000
v -0.01969569 0.02121109 -0.00580000
v -0.01969569 0.02121109 -0.00530000
v -0.01873058 0.02169096 -0.00580000
v -0.01873058 0.02169096 -0.00530000
v -0.01854509 0.02175528 -0.00580000
v -0.01854509 0.02175528 -0.00530000
v -0.01768506 0.02195285 -0.00580000
v -0.01768506 0.02195285 -0.00530000
v -0.01700000 0.02200000 -0.00580000
v -0.01700000 0.02200000 -0.00530000
v 0.01700000 0.02200000 -0.00580000
v 0.01700000 0.02200000 -0.00530000
v 0.01768506 0.02195285 -0.00580000
v 0.01768506 0.02195285 -0.00530000
v 0.01854509 0.02175528 -0.00580000
v 0.01854509 0.02175528 -0.00530000
v 0.01873059 0.02169096 -0.00580000
v 0.01873059 0.02169096 -0.00530000
v 0.01969569 0.02121109 -0.00580000
v 0.01969569 0.02121109 -0.00530000
v 0.01993893 0.02104509 -0.00580000
v 0.01993893 0.02104509 -0.00530000
v 0.02053553 0.02053553 -0.00580000
v 0.02053553 0.02053553 -0.00530000
v 0.02104508 0.01993893 -0.00580000
v 0.02104508 0.01993893 -0.00530000
v 0.02121109 0.01969569 -0.00580000
v 0.02121109 0.01969569 -0.00530000
v 0.02169096 0.01873058 -0.00580000
v 0.02169096 0.01873058 -0.00530000
v 0.02175528 0.01854509 -0.00580000
v 0.02175528 0.01854509 -0.00530000
v 0.02195285 0.01768506 -0.00580000
v 0.02195285 0.01768506 -0.00530000
v 0.02200000 0.01700000 -0.00580000
v 0.02200000 0.01700000 -0.00530000
v -0.01700000 -0.02200000 -0.00580000
v -0.01700000 -0.02200000 -0.00530000
v -0.01768506 -0.02195285 -0.00580000
v -0.01768506 -0.02195285 -0.00530000
v -0.01854509 -0.02175528 -0.00580000
v -0.01854509 -0.02175528 -0.00530000
v -0.01873058 -0.02169096 -0.00580000
v -0.01873058 -0.02169096 -0.00530000
v -0.01969569 -0.02121109 -0.00580000
v -0.01969569 -0.02121109 -0.00530000
v -0.01993893 -0.02104509 -0.00580000
v -0.01993893 -0.02104509 -0.00530000
v -0.02053553 -0.02053553 -0.00580000
v -0.02053553 -0.02053553 -0.00530000
v -0.02104509 -0.01993893 -0.00580000
v -0.02104509 -0.01993893 -0.00530000
v -0.02121109 -0.01969569 -0.00580000
v -0.02121109 -0.01969569 -0.00530000
v -0.02169096 -0.01873059 -0.00580000
v -0.02169096 -0.01873059 -0.00530000
v -0.02175528 -0.01854509 -0.00580000
v -0.02175528 -0.01854509 -0.00530000
v -0.02195285 -0.01768506 -0.00580000
v -0.02195285 -0.01768506 -0.00530000
v -0.02200000 -0.01700000 -0.00580000
v -0.02200000 -0.01700000 -0.00530000
v 0.02200000 -0.01700000 -0.00580000
v 0.02200000 -0.01700000 -0.00530000
v 0.02195285 -0.01768506 -0.00580000
v 0.02195285 -0.01768506 -0.00530000
v 0.02175528 -0.01854509 -0.00580000
v 0.02175528 -0.01854509 -0.00530000
v 0.02169096 -0.01873059 -0.00580000
v 0.02169096 -0.01873059 -0.00530000
v 0.02121109 -0.01969569 -0.00580000
v 0.02121109 -0.01969569 -0.00530000
v 0.02104508 -0.01993893 -0.00580000
v 0.02104508 -0.01993893 -0.00530000
v 0.02053553 -0.02053553 -0.00580000
v 0.02053553 -0.02053553 -0.00530000
v 0.01993893 -0.02104509 -0.00580000
v 0.01993893 -0.02104509 -0.00530000
v 0.01969569 -0.02121109 -0.00580000
v 0.01969569 -0.02121109 -0.00530000
v 0.01873059 -0.02169096 -0.00580000
v 0.01873059 -0.02169096 -0.00530000
v 0.01854509 -0.02175528 -0.00580000
v 0.01854509 -0.02175528 -0.00530000
v 0.01768506 -0.02195285 -0.00580000
v 0.01768506 -0.02195285 -0.00530000
v 0.01700000 -0.02200000 -0.00580000
v 0.01700000 -0.02200000 -0.00530000
v 0.02195981 -0.01700000 -0.00515000
v 0.02191213 -0.01700000 -0.00508787
v 0.02186581 -0.01767302 -0.00508787
v 0.02185000 -0.01700000 -0.00504019
v 0.02180384 -0.01700000 -0.00501854
v 0.02175853 -0.01765818 -0.00501854
v 0.01700000 -0.02185000 -0.00504019
v 0.01700000 -0.02191213 -0.00508787
v 0.01767302 -0.02186581 -0.00508787
v 0.02198146 -0.01700000 -0.00519616
v 0.02193448 -0.01768252 -0.00519616
v 0.02119547 -0.01968569 -0.00519616
v 0.02167356 -0.01872417 -0.00519616
v 0.02052242 -0.02052242 -0.00519616
v 0.01968569 -0.02119547 -0.00519616
v 0.01872417 -0.02167356 -0.00519616
v 0.01768252 -0.02193448 -0.00519616
v 0.01700000 -0.02198146 -0.00519616
v 0.01700000 -0.02195981 -0.00515000
v 0.01764396 -0.02165568 -0.00500000
v 0.01700000 -0.02170000 -0.00500000
v 0.01700000 -0.02180384 -0.00501854
v 0.01765818 -0.02175853 -0.00501854
v 0.01866269 -0.02150692 -0.00501854
v 0.01862675 -0.02140950 -0.00500000
v 0.01958993 -0.02104587 -0.00501854
v 0.01953395 -0.02095842 -0.00500000
v 0.02039682 -0.02039682 -0.00501854
v 0.02032340 -0.02032340 -0.00500000
v 0.02104587 -0.01958993 -0.00501854
v 0.02095842 -0.01953395 -0.00500000
v 0.02150691 -0.01866269 -0.00501854
v 0.02140950 -0.01862675 -0.00500000
v 0.02165568 -0.01764396 -0.00500000
v 0.02170000 -0.01700000 -0.00500000
v 0.02160852 -0.01870017 -0.00508787
v 0.02113708 -0.01964832 -0.00508787
v 0.02047340 -0.02047340 -0.00508787
v 0.01964832 -0.02113708 -0.00508787
v 0.01870017 -0.02160852 -0.00508787
v 0.01700000 0.02195981 -0.00515000
v 0.01700000 0.02191213 -0.00508787
v 0.01767302 0.02186581 -0.00508787
v 0.01700000 0.02185000 -0.00504019
v 0.01700000 0.02180384 -0.00501854
v 0.01765818 0.02175853 -0.00501854
v 0.02185000 0.01700000 -0.00504019
v 0.02191213 0.01700000 -0.00508787
v 0.02186581 0.01767302 -0.00508787
v 0.01700000 0.02198146 -0.00519616
v 0.01768252 0.02193448 -0.00519616
v 0.01968569 0.02119547 -0.00519616
v 0.01872417 0.02167356 -0.00519616
v 0.02052242 0.02052242 -0.00519616
v 0.02119547 0.01968569 -0.00519616
v 0.02167356 0.01872417 -0.00519616
v 0.02193448 0.01768252 -0.00519616
v 0.02198146 0.01700000 -0.00519616
v 0.02195981 0.01700000 -0.00515000
v 0.02165568 0.01764396 -0.00500000
v 0.02170000 0.01700000 -0.00500000
v 0.02180384 0.01700000 -0.00501854
v 0.02175853 0.01765819 -0.00501854
v 0.02150691 0.01866269 -0.00501854
v 0.02140950 0.01862675 -0.00500000
v 0.02104587 0.01958993 -0.00501854
v 0.02095842 0.01953395 -0.00500000
v 0.02039682 0.02039682 -0.00501854
v 0.02032340 0.02032340 -0.00500000
v 0.01958993 0.02104587 -0.00501854
v 0.01953395 0.02095842 -0.00500000
v 0.01866269 0.02150692 -0.00501854
v 0.01862675 0.02140950 -0.00500000
v 0.01764396 0.02165568 -0.00500000
v 0.01700000 0.02170000 -0.00500000
v 0.01870017 0.02160852 -0.00508787
v 0.01964832 0.02113708 -0.00508787
v 0.02047340 0.02047340 -0.00508787
v 0.02113708 0.01964832 -0.00508787
v 0.02160852 0.01870017 -0.00508787
v -0.02195981 0.01700000 -0.00515000
v -0.02191213 0.01700000 -0.00508787
v -0.02186581 0.01767302 -0.00508787
v -0.02185000 0.01700000 -0.00504019
v -0.02180384 0.01700000 -0.00501854
v -0.02175853 0.01765819 -0.00501854
v -0.01700000 0.02185000 -0.00504019
v -0.01700000 0.02191213 -0.00508787
v -0.01767302 0.02186581 -0.00508787
v -0.02198146 0.01700000 -0.00519616
v -0.02193448 0.01768252 -0.00519616
v -0.02119547 0.01968569 -0.00519616
v -0.02167356 0.01872417 -0.00519616
v -0.02052242 0.02052242 -0.00519616
v -0.01968569 0.02119547 -0.00519616
v -0.01872417 0.02167356 -0.00519616
v -0.01768252 0.02193448 -0.00519616
v -0.01700000 0.02198146 -0.00519616
v -0.01700000 0.02195981 -0.00515000
v -0.01764396 0.02165568 -0.00500000
v -0.01700000 0.02170000 -0.00500000
v -0.01700000 0.02180384 -0.00501854
v -0.01765819 0.02175853 -0.00501854
v -0.01866269 0.02150692 -0.00501854
v -0.01862675 0.02140950 -0.00500000
v -0.01958993 0.02104587 -0.00501854
v -0.01953395 0.02095842 -0.00500000
v -0.02039682 0.02039682 -0.00501854
v -0.02032340 0.02032340 -0.00500000
v -0.02104587 0.01958993 -0.00501854
v -0.02095842 0.01953395 -0.00500000
v -0.02150692 0.01866269 -0.00501854
v -0.02140950 0.01862675 -0.00500000
v -0.02165568 0.01764396 -0.00500000
v -0.02170000 0.01700000 -0.00500000
v -0.02160852 0.01870017 -0.00508787
v -0.02113708 0.01964832 -0.00508787
v -0.02047340 0.02047340 -0.00508787
v -0.01964832 0.02113708 -0.00508787
v -0.01870017 0.02160852 -0.00508787
v -0.01700000 -0.02195981 -0.00515000
v -0.01700000 -0.02191213 -0.00508787
v -0.01767302 -0.02186581 -0.00508787
v -0.01700000 -0.02185000 -0.00504019
v -0.01700000 -0.02180384 -0.00501854
v -0.01765819 -0.02175853 -0.00501854
v -0.02185000 -0.01700000 -0.00504019
v -0.02191213 -0.01700000 -0.00508787
v -0.02186581 -0.01767302 -0.00508787
v -0.01700000 -0.02198146 -0.00519616
v -0.01768252 -0.02193448 -0.00519616
v -0.01968569 -0.02119547 -0.00519616
v -0.01872417 -0.02167356 -0.00519616
v -0.02052242 -0.02052242 -0.00519616
v -0.02119547 -0.01968569 -0.00519616
v -0.02167356 -0.01872417 -0.00519616
v -0.02193448 -0.01768252 -0.00519616
v -0.02198146 -0.01700000 -0.00519616
v -0.02195981 -0.01700000 -0.00515000
v -0.02165568 -0.01764396 -0.00500000
v -0.02170000 -0.01700000 -0.00500000
v -0.02180384 -0.01700000 -0.00501854
v -0.02175853 -0.01765818 -0.00501854
v -0.02150692 -0.01866269 -0.00501854
v -0.02140950 -0.01862675 -0.00500000
v -0.02104587 -0.01958993 -0.00501854
v -0.02095842 -0.01953395 -0.00500000
v -0.02039682 -0.02039682 -0.00501854
v -0.02032340 -0.02032340 -0.00500000
v -0.01958993 -0.02104587 -0.00501854
v -0.01953395 -0.02095842 -0.00500000
v -0.01866269 -0.02150692 -0.00501854
v -0.01862675 -0.02140950 -0.00500000
v -0.01764396 -0.02165568 -0.00500000
v -0.01700000 -0.02170000 -0.00500000
v -0.01870017 -0.02160852 -0.00508787
v -0.01964832 -0.02113708 -0.00508787
v -0.02047340 -0.02047340 -0.00508787
v -0.02113708 -0.01964832 -0.00508787
v -0.02160852 -0.01870017 -0.00508787
v -0.01500000 0.02000000 -0.00500000
v -0.01654509 0.01975528 -0.00500000
v -0.01793893 0.01904508 -0.00500000
v -0.01904508 0.01793893 -0.00500000
v -0.01975528 0.01654509 -0.00500000
v -0.02000000 0.01500000 -0.00500000
v 0.02000000 0.01500000 -0.00500000
v 0.01975528 0.01654509 -0.00500000
v 0.01904509 0.01793893 -0.00500000
v 0.01793892 0.01904508 -0.00500000
v 0.01654509 0.01975528 -0.00500000
v 0.01500000 0.02000000 -0.00500000
v 0.01500000 -0.02000000 -0.00500000
v 0.01654509 -0.01975528 -0.00500000
v 0.01793892 -0.01904509 -0.00500000
v 0.01904509 -0.01793892 -0.00500000
v 0.01975528 -0.01654509 -0.00500000
v 0.02000000 -0.01500000 -0.00500000
v -0.02000000 -0.01500000 -0.00500000
v -0.01975528 -0.01654509 -0.00500000
v -0.01904508 -0.01793892 -0.00500000
v -0.01793893 -0.01904509 -0.00500000
v -0.01654509 -0.01975528 -0.00500000
v -0.01500000 -0.02000000 -0.00500000
v 0.00085000 -0.02000000 0.00147224
v 0.00000000 -0.02000000 0.00170000
v -0.00085000 -0.02000000 0.00147224
v -0.00147224 -0.02000000 0.00085000
v 0.00000000 -0.02000000 -0.00170000
v 0.00085000 -0.02000000 -0.00147224
v -0.00085000 -0.02000000 -0.00147224
v -0.00147224 -0.02000000 -0.00085000
v -0.00170000 -0.02000000 -0.00000000
v 0.00147224 -0.02000000 0.00085000
v 0.00170000 -0.02000000 -0.00000000
v 0.00147224 -0.02000000 -0.00085000
v -0.01800000 -0.01500000 0.00350000
v -0.01850000 -0.01500000 0.00400000
v -0.01777164 -0.01614805 0.00350000
v -0.01823358 -0.01633939 0.00400000
v -0.01712132 -0.01712132 0.00350000
v -0.01747487 -0.01747487 0.00400000
v -0.01614805 -0.01777164 0.00350000
v -0.01633939 -0.01823358 0.00400000
v -0.01500000 -0.01800000 0.00350000
v -0.01500000 -0.01850000 0.00400000
v -0.02000000 -0.00147224 -0.00085000
v -0.02000000 -0.00170000 -0.00000000
v -0.02000000 -0.00147224 0.00085000
v -0.02000000 -0.00085000 -0.00147224
v -0.02000000 0.00000000 -0.00170000
v -0.02000000 0.00085000 -0.00147224
v -0.02000000 0.00147224 -0.00085000
v -0.02000000 0.00170000 -0.00000000
v -0.02000000 0.00147224 0.00085000
v -0.02000000 0.00085000 0.00147224
v -0.02000000 0.00000000 0.00170000
v -0.02000000 -0.00085000 0.00147224
v -0.01500000 0.01800000 0.00350000
v -0.01500000 0.01850000 0.00400000
v -0.01614805 0.01777164 0.00350000
v -0.01633939 0.01823358 0.00400000
v -0.01712132 0.01712132 0.00350000
v -0.01747487 0.01747487 0.00400000
v -0.01777164 0.01614805 0.00350000
v -0.01823358 0.01633939 0.00400000
v -0.01800000 0.01500000 0.00350000
v -0.01850000 0.01500000 0.00400000
v 0.00000000 0.02000000 -0.00170000
v -0.00085000 0.02000000 -0.00147224
v 0.00085000 0.02000000 -0.00147224
v 0.00147224 0.02000000 -0.00085000
v 0.00170000 0.02000000 -0.00000000
v 0.00147224 0.02000000 0.00085000
v 0.00085000 0.02000000 0.00147224
v 0.00000000 0.02000000 0.00170000
v -0.00085000 0.02000000 0.00147224
v -0.00147224 0.02000000 0.00085000
v -0.00170000 0.02000000 -0.00000000
v -0.00147224 0.02000000 -0.00085000
v 0.01800000 0.01500000 0.00350000
v 0.01850000 0.01500000 0.00400000
v 0.01777164 0.01614805 0.00350000
v 0.01823358 0.01633939 0.00400000
v 0.01712132 0.01712132 0.00350000
v 0.01747487 0.01747487 0.00400000
v 0.01614805 0.01777164 0.00350000
v 0.01633939 0.01823358 0.00400000
v 0.01500000 0.01800000 0.00350000
v 0.01500000 0.01850000 0.00400000
v 0.01747487 -0.01747487 0.00400000
v 0.01823358 -0.01633939 0.00400000
v 0.01850000 -0.01500000 0.00400000
v 0.01500000 -0.01850000 0.00400000
v 0.01633939 -0.01823358 0.00400000
v 0.01500000 -0.01800000 0.00350000
v 0.01614805 -0.01777164 0.00350000
v 0.01712132 -0.01712132 0.00350000
v 0.01777164 -0.01614805 0.00350000
v 0.01800000 -0.01500000 0.00350000
v 0.02000000 -0.00147224 0.00085000
v 0.02000000 -0.00085000 0.00147224
v 0.02000000 0.00000000 0.00170000
v 0.02000000 0.00085000 0.00147224
v 0.02000000 0.00000000 -0.00170000
v 0.02000000 0.00085000 -0.00147224
v 0.02000000 -0.00085000 -0.00147224
v 0.02000000 -0.00147224 -0.00085000
v 0.02000000 -0.00170000 -0.00000000
v 0.02000000 0.00147224 0.00085000
v 0.02000000 0.00170000 -0.00000000
v 0.02000000 0.00147224 -0.00085000
v -0.02130000 0.01700000 -0.00650000
v -0.02154228 0.01700000 -0.00645673
v -0.02149945 0.01762235 -0.00645673
v -0.02125945 0.01758915 -0.00650000
v -0.02126153 0.01857216 -0.00645673
v -0.02103422 0.01848830 -0.00650000
v -0.02082559 0.01944892 -0.00645673
v -0.02062153 0.01931830 -0.00650000
v -0.02021188 0.02021188 -0.00645673
v -0.02004056 0.02004056 -0.00650000
v -0.01944892 0.02082559 -0.00645673
v -0.01931830 0.02062153 -0.00650000
v -0.01857216 0.02126153 -0.00645673
v -0.01848830 0.02103422 -0.00650000
v -0.01762235 0.02149945 -0.00645673
v -0.01758915 0.02125945 -0.00650000
v -0.01700000 0.02154228 -0.00645673
v -0.01700000 0.02130000 -0.00650000
v -0.01700000 0.02195673 -0.00604228
v -0.01767913 0.02190999 -0.00604228
v -0.01871561 0.02165036 -0.00604228
v -0.01967237 0.02117465 -0.00604228
v -0.02165036 0.01871561 -0.00604228
v -0.02117465 0.01967237 -0.00604228
v -0.02050494 0.02050494 -0.00604228
v -0.02190999 0.01767913 -0.00604228
v -0.02195673 0.01700000 -0.00604228
v -0.02179497 0.01700000 -0.00629497
v -0.02174976 0.01765697 -0.00629497
v -0.02149860 0.01865962 -0.00629497
v -0.02103841 0.01958515 -0.00629497
v -0.02039056 0.02039056 -0.00629497
v -0.01958515 0.02103841 -0.00629497
v -0.01865962 0.02149860 -0.00629497
v -0.01765697 0.02174976 -0.00629497
v -0.01700000 0.02179497 -0.00629497
v -0.00350000 0.02170000 -0.00500000
v -0.00350000 0.02180384 -0.00501854
v -0.00350000 0.02185000 -0.00504019
v -0.00350000 0.02191213 -0.00508787
v -0.00350000 0.02195981 -0.00515000
v -0.00350000 0.02198146 -0.00519616
v -0.00350000 0.02200000 -0.00530000
v -0.00050000 0.02594636 -0.00900000
v -0.00100000 0.02594636 -0.00886603
v -0.00090097 0.02638024 -0.00886603
v -0.00136602 0.02594636 -0.00850000
v -0.00123075 0.02653906 -0.00850000
v -0.00150000 0.02594636 -0.00800000
v -0.00135145 0.02659719 -0.00800000
v -0.00093523 0.02711911 -0.00800000
v -0.00085170 0.02701436 -0.00850000
v -0.00033378 0.02740875 -0.00800000
v -0.00030397 0.02727814 -0.00850000
v 0.00033378 0.02740875 -0.00800000
v 0.00030397 0.02727814 -0.00850000
v 0.00093523 0.02711911 -0.00800000
v 0.00085170 0.02701436 -0.00850000
v 0.00135145 0.02659719 -0.00800000
v 0.00123075 0.02653906 -0.00850000
v 0.00150000 0.02594636 -0.00800000
v 0.00136602 0.02594636 -0.00850000
v -0.00062349 0.02672819 -0.00886603
v -0.00022252 0.02692129 -0.00886603
v 0.00022252 0.02692129 -0.00886603
v 0.00062349 0.02672819 -0.00886603
v 0.00090097 0.02638024 -0.00886603
v 0.00100000 0.02594636 -0.00886603
v -0.00045048 0.02616330 -0.00900000
v -0.00031175 0.02633728 -0.00900000
v -0.00011126 0.02643382 -0.00900000
v 0.00011126 0.02643382 -0.00900000
v 0.00031175 0.02633728 -0.00900000
v 0.00045048 0.02616330 -0.00900000
v 0.00050000 0.02594636 -0.00900000
v -0.00145981 0.02594636 -0.00515000
v -0.00141213 0.02594636 -0.00508787
v -0.00135911 0.02632967 -0.00508787
v -0.00135000 0.02594636 -0.00504019
v -0.00130383 0.02594636 -0.00501854
v -0.00125488 0.02630027 -0.00501854
v 0.00131481 0.02594636 -0.00502284
v 0.00141213 0.02594636 -0.00508787
v 0.00135911 0.02632967 -0.00508787
v 0.00147716 0.02594636 -0.00518519
v 0.00148146 0.02594636 -0.00519616
v 0.00142584 0.02634849 -0.00519616
v -0.00033378 0.02740875 -0.00530000
v -0.00062799 0.02730857 -0.00530000
v -0.00062023 0.02729174 -0.00519616
v -0.00148146 0.02594636 -0.00519616
v -0.00142584 0.02634849 -0.00519616
v -0.00150000 0.02594636 -0.00530000
v -0.00144368 0.02635352 -0.00530000
v -0.00112651 0.02690849 -0.00519616
v -0.00093523 0.02711911 -0.00530000
v -0.00114061 0.02692053 -0.00530000
v -0.00135145 0.02659719 -0.00530000
v 0.00000000 0.02744636 -0.00530000
v 0.00000000 0.02742782 -0.00519616
v 0.00033378 0.02740875 -0.00530000
v 0.00062023 0.02729174 -0.00519616
v 0.00062799 0.02730857 -0.00530000
v 0.00093523 0.02711911 -0.00530000
v 0.00112651 0.02690849 -0.00519616
v 0.00114061 0.02692053 -0.00530000
v 0.00135145 0.02659719 -0.00530000
v 0.00144368 0.02635352 -0.00530000
v 0.00150000 0.02594636 -0.00530000
v 0.00115495 0.02627209 -0.00500000
v 0.00120000 0.02594636 -0.00500000
v 0.00130383 0.02594636 -0.00501854
v 0.00125488 0.02630027 -0.00501854
v 0.00099144 0.02679313 -0.00501854
v 0.00091249 0.02672570 -0.00500000
v 0.00054586 0.02713043 -0.00501854
v 0.00050239 0.02703613 -0.00500000
v 0.00000000 0.02725019 -0.00501854
v 0.00000000 0.02714636 -0.00500000
v -0.00054586 0.02713043 -0.00501854
v -0.00050239 0.02703613 -0.00500000
v -0.00099144 0.02679313 -0.00501854
v -0.00091249 0.02672570 -0.00500000
v -0.00115495 0.02627209 -0.00500000
v -0.00120000 0.02594636 -0.00500000
v -0.00107379 0.02686347 -0.00508787
v -0.00059120 0.02722878 -0.00508787
v 0.00000000 0.02735849 -0.00508787
v 0.00059120 0.02722878 -0.00508787
v 0.00107379 0.02686347 -0.00508787
v 0.00350000 0.02200000 -0.00530000
v 0.00350000 0.02198146 -0.00519616
v 0.00350000 0.02195981 -0.00515000
v 0.00350000 0.02191213 -0.00508787
v 0.00350000 0.02185000 -0.00504019
v 0.00350000 0.02180384 -0.00501854
v 0.00350000 0.02170000 -0.00500000
v 0.02195673 0.01700000 -0.00604228
v 0.02190999 0.01767913 -0.00604228
v 0.02165036 0.01871561 -0.00604228
v 0.02117465 0.01967237 -0.00604228
v 0.01871561 0.02165036 -0.00604228
v 0.01967237 0.02117465 -0.00604228
v 0.02050494 0.02050494 -0.00604228
v 0.01767913 0.02190999 -0.00604228
v 0.01700000 0.02195673 -0.00604228
v 0.01758915 0.02125945 -0.00650000
v 0.01700000 0.02130000 -0.00650000
v 0.01700000 0.02154228 -0.00645673
v 0.01762235 0.02149945 -0.00645673
v 0.01857216 0.02126153 -0.00645673
v 0.01848830 0.02103422 -0.00650000
v 0.01944892 0.02082559 -0.00645673
v 0.01931830 0.02062153 -0.00650000
v 0.02021188 0.02021188 -0.00645673
v 0.02004056 0.02004056 -0.00650000
v 0.02082559 0.01944892 -0.00645673
v 0.02062153 0.01931830 -0.00650000
v 0.02126153 0.01857216 -0.00645673
v 0.02103422 0.01848830 -0.00650000
v 0.02149945 0.01762235 -0.00645673
v 0.02125945 0.01758915 -0.00650000
v 0.02154228 0.01700000 -0.00645673
v 0.02130000 0.01700000 -0.00650000
v 0.01700000 0.02179497 -0.00629497
v 0.01765697 0.02174976 -0.00629497
v 0.01865962 0.02149860 -0.00629497
v 0.01958515 0.02103841 -0.00629497
v 0.02039056 0.02039056 -0.00629497
v 0.02103841 0.01958515 -0.00629497
v 0.02149860 0.01865962 -0.00629497
v 0.02174976 0.01765697 -0.00629497
v 0.02179497 0.01700000 -0.00629497
v -0.02195673 -0.01700000 -0.00604228
v -0.02190999 -0.01767913 -0.00604228
v -0.02165036 -0.01871561 -0.00604228
v -0.02117465 -0.01967237 -0.00604228
v -0.01871561 -0.02165036 -0.00604228
v -0.01967237 -0.02117465 -0.00604228
v -0.02050494 -0.02050494 -0.00604228
v -0.01767913 -0.02190999 -0.00604228
v -0.01700000 -0.02195673 -0.00604228
v -0.01758915 -0.02125945 -0.00650000
v -0.01700000 -0.02130000 -0.00650000
v -0.01700000 -0.02154228 -0.00645673
v -0.01762235 -0.02149945 -0.00645673
v -0.01857216 -0.02126153 -0.00645673
v -0.01848830 -0.02103422 -0.00650000
v -0.01944892 -0.02082559 -0.00645673
v -0.01931830 -0.02062153 -0.00650000
v -0.02021188 -0.02021188 -0.00645673
v -0.02004056 -0.02004056 -0.00650000
v -0.02082559 -0.01944892 -0.00645673
v -0.02062153 -0.01931830 -0.00650000
v -0.02126153 -0.01857216 -0.00645673
v -0.02103422 -0.01848830 -0.00650000
v -0.02149945 -0.01762235 -0.00645673
v -0.02125945 -0.01758915 -0.00650000
v -0.02154228 -0.01700000 -0.00645673
v -0.02130000 -0.01700000 -0.00650000
v -0.01700000 -0.02179498 -0.00629497
v -0.01765697 -0.02174976 -0.00629497
v -0.01865962 -0.02149860 -0.00629497
v -0.01958515 -0.02103841 -0.00629497
v -0.02039056 -0.02039056 -0.00629497
v -0.02103841 -0.01958515 -0.00629497
v -0.02149860 -0.01865962 -0.00629497
v -0.02174976 -0.01765697 -0.00629497
v -0.02179497 -0.01700000 -0.00629497
v 0.02130000 -0.01700000 -0.00650000
v 0.02154228 -0.01700000 -0.00645673
v 0.02149945 -0.01762235 -0.00645673
v 0.02125945 -0.01758915 -0.00650000
v 0.02126153 -0.01857216 -0.00645673
v 0.02103422 -0.01848830 -0.00650000
v 0.02082559 -0.01944892 -0.00645673
v 0.02062153 -0.01931830 -0.00650000
v 0.02021188 -0.02021188 -0.00645673
v 0.02004056 -0.02004056 -0.00650000
v 0.01944892 -0.02082559 -0.00645673
v 0.01931830 -0.02062153 -0.00650000
v 0.01857216 -0.02126153 -0.00645673
v 0.01848830 -0.02103422 -0.00650000
v 0.01762235 -0.02149945 -0.00645673
v 0.01758915 -0.02125945 -0.00650000
v 0.01700000 -0.02154228 -0.00645673
v 0.01700000 -0.02130000 -0.00650000
v 0.01700000 -0.02195673 -0.00604228
v 0.01767913 -0.02190999 -0.00604228
v 0.01871561 -0.02165036 -0.00604228
v 0.01967237 -0.02117465 -0.00604228
v 0.02165036 -0.01871561 -0.00604228
v 0.02117465 -0.01967237 -0.00604228
v 0.02050494 -0.02050494 -0.00604228
v 0.02190999 -0.01767913 -0.00604228
v 0.02195673 -0.01700000 -0.00604228
v 0.02179497 -0.01700000 -0.00629497
v 0.02174976 -0.01765697 -0.00629497
v 0.02149860 -0.01865962 -0.00629497
v 0.02103841 -0.01958515 -0.00629497
v 0.02039056 -0.02039056 -0.00629497
v 0.01958515 -0.02103841 -0.00629497
v 0.01865962 -0.02149860 -0.00629497
v 0.01765697 -0.02174976 -0.00629497
v 0.01700000 -0.02179498 -0.00629497
v -0.00161825 0.02267749 -0.00500000
v 0.00217749 0.02211826 -0.00500000
v 0.00161825 0.02267749 -0.00500000
v -0.00217749 0.02211826 -0.00500000
v -0.00289309 0.02178152 -0.00500000
v -0.00128152 0.02339309 -0.00500000
v 0.00128152 0.02339309 -0.00500000
v -0.00120000 0.02400000 -0.00500000
v 0.00120000 0.02400000 -0.00500000
v 0.00289309 0.02178152 -0.00500000
v 0.00000000 -0.01800000 0.00170000
v -0.00085000 -0.01800000 0.00147224
v -0.00147224 -0.01800000 0.00085000
v -0.00170000 -0.01800000 -0.00000000
v -0.00147224 -0.01800000 -0.00085000
v -0.00085000 -0.01800000 -0.00147224
v 0.00000000 -0.01800000 -0.00170000
v 0.00085000 -0.01800000 -0.00147224
v 0.00147224 -0.01800000 -0.00085000
v 0.00170000 -0.01800000 -0.00000000
v 0.00147224 -0.01800000 0.00085000
v 0.00085000 -0.01800000 0.00147224
v -0.01789087 -0.00981566 -0.00550000
v -0.01800000 -0.00901388 -0.00550000
v -0.01800000 -0.01500000 -0.00550000
v -0.01500000 -0.01800000 -0.00550000
v -0.00901388 -0.01800000 -0.00550000
v -0.00981566 -0.01789087 -0.00550000
v -0.01777164 -0.01614805 -0.00550000
v -0.01562677 -0.01326853 -0.00550000
v -0.01757143 -0.01055911 -0.00550000
v -0.01055911 -0.01757143 -0.00550000
v -0.01326853 -0.01562678 -0.00550000
v -0.01614805 -0.01777164 -0.00550000
v -0.01712132 -0.01712132 -0.00550000
v -0.01800000 0.00000000 -0.00170000
v -0.01800000 -0.00085000 -0.00147224
v -0.01800000 -0.00147224 -0.00085000
v -0.01800000 -0.00170000 -0.00000000
v -0.01800000 -0.00147224 0.00085000
v -0.01800000 -0.00085000 0.00147224
v -0.01800000 0.00000000 0.00170000
v -0.01800000 0.00085000 0.00147224
v -0.01800000 0.00147224 0.00085000
v -0.01800000 0.00170000 -0.00000000
v -0.01800000 0.00147224 -0.00085000
v -0.01800000 0.00085000 -0.00147224
v -0.01800000 0.01500000 -0.00550000
v -0.01800000 0.00901388 -0.00550000
v -0.01789087 0.00981566 -0.00550000
v -0.01614805 0.01777164 -0.00550000
v -0.01418757 0.01479740 -0.00550000
v -0.01500000 0.01800000 -0.00550000
v -0.01210551 0.01654408 -0.00550000
v -0.00981071 0.01800000 -0.00550000
v -0.01757143 0.01055911 -0.00550000
v -0.01602027 0.01279065 -0.00550000
v -0.01777164 0.01614805 -0.00550000
v -0.01712132 0.01712132 -0.00550000
v 0.00000000 0.01800000 -0.00170000
v -0.00085000 0.01800000 -0.00147224
v -0.00147224 0.01800000 -0.00085000
v -0.00170000 0.01800000 -0.00000000
v -0.00147224 0.01800000 0.00085000
v -0.00085000 0.01800000 0.00147224
v 0.00000000 0.01800000 0.00170000
v 0.00085000 0.01800000 0.00147224
v 0.00147224 0.01800000 0.00085000
v 0.00170000 0.01800000 -0.00000000
v 0.00147224 0.01800000 -0.00085000
v 0.00085000 0.01800000 -0.00147224
v 0.01789087 0.00981566 -0.00550000
v 0.01800000 0.00901388 -0.00550000
v 0.01800000 0.01500000 -0.00550000
v 0.00901388 0.01800000 -0.00550000
v 0.00981566 0.01789087 -0.00550000
v 0.01500000 0.01800000 -0.00550000
v 0.01055911 0.01757143 -0.00550000
v 0.01326853 0.01562678 -0.00550000
v 0.01614805 0.01777164 -0.00550000
v 0.01712132 0.01712132 -0.00550000
v 0.01777164 0.01614805 -0.00550000
v 0.01562678 0.01326853 -0.00550000
v 0.01757143 0.01055911 -0.00550000
v 0.01800000 -0.01500000 -0.00550000
v 0.01777164 -0.01614805 -0.00550000
v 0.01712132 -0.01712132 -0.00550000
v 0.01614805 -0.01777164 -0.00550000
v 0.01500000 -0.01800000 -0.00550000
v 0.00981566 -0.01789087 -0.00550000
v 0.00901388 -0.01800000 -0.00550000
v 0.01800000 -0.00901388 -0.00550000
v 0.01789087 -0.00981566 -0.00550000
v 0.01326853 -0.01562678 -0.00550000
v 0.01055911 -0.01757143 -0.00550000
v 0.01757143 -0.01055911 -0.00550000
v 0.01562678 -0.01326853 -0.00550000
v 0.01800000 0.00000000 0.00170000
v 0.01800000 -0.00085000 0.00147224
v 0.01800000 -0.00147224 0.00085000
v 0.01800000 -0.00170000 -0.00000000
v 0.01800000 -0.00147224 -0.00085000
v 0.01800000 -0.00085000 -0.00147224
v 0.01800000 0.00000000 -0.00170000
v 0.01800000 0.00085000 -0.00147224
v 0.01800000 0.00147224 -0.00085000
v 0.01800000 0.00170000 -0.00000000
v 0.01800000 0.00147224 0.00085000
v 0.01800000 0.00085000 0.00147224
v -0.02200000 0.00415331 -0.00800000
v -0.02200000 0.00415331 -0.00580000
v -0.02199998 0.00416656 -0.00580496
v -0.02198114 0.00458724 -0.00596142
v -0.02194744 0.00487640 -0.00606613
v -0.02196416 0.00475093 -0.00800000
v -0.02185714 0.00533997 -0.00622378
v -0.02185714 0.00533997 -0.00800000
v -0.02178917 0.00561091 -0.00630072
v -0.02130000 0.00724983 -0.00650000
v -0.02156788 0.00640911 -0.00644672
v -0.01692150 0.01482946 -0.00650000
v -0.01906791 0.01194424 -0.00650000
v -0.02072725 0.00875391 -0.00650000
v -0.01434284 0.01733588 -0.00650000
v -0.00724983 0.02130000 -0.00650000
v -0.00816164 0.02096754 -0.00650000
v -0.01139782 0.01939948 -0.00650000
v -0.00558830 0.02179497 -0.00629497
v -0.00640910 0.02156788 -0.00644672
v -0.00471699 0.02200000 -0.00580000
v -0.00472437 0.02199842 -0.00584705
v -0.00474411 0.02199417 -0.00589018
v -0.00480479 0.02198099 -0.00596202
v -0.00495900 0.02194672 -0.00606788
v -0.00135000 0.02400000 -0.00504019
v -0.00141213 0.02400000 -0.00508787
v -0.00148613 0.02344907 -0.00508787
v -0.00145981 0.02400000 -0.00515000
v -0.00148146 0.02400000 -0.00519616
v -0.00155300 0.02346736 -0.00519616
v -0.00296736 0.02205300 -0.00519616
v -0.00297225 0.02207088 -0.00530000
v -0.00233933 0.02234853 -0.00519616
v -0.00234999 0.02236370 -0.00530000
v -0.00208579 0.02258579 -0.00530000
v -0.00184853 0.02283933 -0.00519616
v -0.00186370 0.02284999 -0.00530000
v -0.00157089 0.02347225 -0.00530000
v -0.00150000 0.02400000 -0.00530000
v -0.00130383 0.02400000 -0.00501854
v -0.00138167 0.02342049 -0.00501854
v -0.00170321 0.02273719 -0.00501854
v -0.00223719 0.02220321 -0.00501854
v -0.00292049 0.02188167 -0.00501854
v -0.00294907 0.02198613 -0.00508787
v -0.00179181 0.02279947 -0.00508787
v -0.00229947 0.02229181 -0.00508787
v -0.00471699 0.02200000 -0.00800000
v -0.00350000 0.02200000 -0.00800000
v 0.00150000 0.02400000 -0.00530000
v 0.00148146 0.02400000 -0.00519616
v 0.00147716 0.02400000 -0.00518519
v 0.00141213 0.02400000 -0.00508787
v 0.00130383 0.02400000 -0.00501854
v 0.00131481 0.02400000 -0.00502284
v 0.00294907 0.02198613 -0.00508787
v 0.00296736 0.02205300 -0.00519616
v 0.00155300 0.02346736 -0.00519616
v 0.00157089 0.02347225 -0.00530000
v 0.00184853 0.02283933 -0.00519616
v 0.00186370 0.02284999 -0.00530000
v 0.00208579 0.02258579 -0.00530000
v 0.00233933 0.02234853 -0.00519616
v 0.00234999 0.02236370 -0.00530000
v 0.00297225 0.02207088 -0.00530000
v 0.00292049 0.02188167 -0.00501854
v 0.00223719 0.02220321 -0.00501854
v 0.00170321 0.02273719 -0.00501854
v 0.00138167 0.02342049 -0.00501854
v 0.00148613 0.02344907 -0.00508787
v 0.00179181 0.02279947 -0.00508787
v 0.00229947 0.02229181 -0.00508787
v 0.00471699 0.02200000 -0.00800000
v 0.00350000 0.02200000 -0.00800000
v 0.00471699 0.02200000 -0.00580000
v 0.00495900 0.02194672 -0.00606788
v 0.00476473 0.02198971 -0.00591958
v 0.00472439 0.02199841 -0.00584712
v 0.00558830 0.02179497 -0.00629497
v 0.00724983 0.02130000 -0.00650000
v 0.00640910 0.02156788 -0.00644672
v 0.02130000 0.00724983 -0.00650000
v 0.02072725 0.00875391 -0.00650000
v 0.01906791 0.01194424 -0.00650000
v 0.01692150 0.01482946 -0.00650000
v 0.00816164 0.02096754 -0.00650000
v 0.01139781 0.01939948 -0.00650000
v 0.01434284 0.01733588 -0.00650000
v 0.02199998 0.00416656 -0.00580496
v 0.02200000 0.00415331 -0.00580000
v 0.02200000 0.00415331 -0.00800000
v 0.02185714 0.00533997 -0.00800000
v 0.02185714 0.00533997 -0.00622378
v 0.02196416 0.00475093 -0.00800000
v 0.02194746 0.00487623 -0.00606607
v 0.02198214 0.00457556 -0.00595712
v 0.02156788 0.00640911 -0.00644672
v 0.02178917 0.00561091 -0.00630072
v -0.02130000 -0.00724983 -0.00650000
v -0.02072725 -0.00875391 -0.00650000
v -0.01906791 -0.01194424 -0.00650000
v -0.01692150 -0.01482946 -0.00650000
v -0.01434284 -0.01733588 -0.00650000
v -0.01139782 -0.01939948 -0.00650000
v -0.00816164 -0.02096754 -0.00650000
v -0.00724983 -0.02130000 -0.00650000
v -0.02156788 -0.00640910 -0.00644672
v -0.02185714 -0.00533997 -0.00622378
v -0.02178917 -0.00561091 -0.00630072
v -0.02200000 -0.00415331 -0.00580000
v -0.02199998 -0.00416656 -0.00580496
v -0.02198114 -0.00458724 -0.00596142
v -0.02194744 -0.00487640 -0.00606613
v -0.02200000 -0.00415331 -0.00800000
v -0.02185714 -0.00533997 -0.00800000
v -0.02196416 -0.00475093 -0.00800000
v 0.02200000 -0.00415331 -0.00800000
v 0.02200000 -0.00415331 -0.00580000
v 0.02199998 -0.00416656 -0.00580496
v 0.02198113 -0.00458724 -0.00596142
v 0.02194744 -0.00487640 -0.00606613
v 0.02196416 -0.00475093 -0.00800000
v 0.02185714 -0.00533997 -0.00622378
v 0.02185714 -0.00533997 -0.00800000
v 0.02178917 -0.00561091 -0.00630072
v 0.02130000 -0.00724983 -0.00650000
v 0.02156788 -0.00640910 -0.00644672
v 0.02072725 -0.00875391 -0.00650000
v 0.01692150 -0.01482946 -0.00650000
v 0.01906791 -0.01194424 -0.00650000
v 0.00724983 -0.02130000 -0.00650000
v 0.00816164 -0.02096754 -0.00650000
v 0.01139781 -0.01939948 -0.00650000
v 0.01434284 -0.01733588 -0.00650000
v -0.00495900 -0.02194672 -0.00606788
v -0.00476473 -0.02198971 -0.00591958
v -0.00472439 -0.02199841 -0.00584712
v -0.00471699 -0.02200000 -0.00580000
v -0.00558830 -0.02179498 -0.00629497
v -0.00640910 -0.02156788 -0.00644672
v 0.00558830 -0.02179498 -0.00629497
v 0.00640910 -0.02156788 -0.00644672
v 0.00471699 -0.02200000 -0.00580000
v 0.00472437 -0.02199842 -0.00584705
v 0.00474411 -0.02199417 -0.00589018
v 0.00480479 -0.02198099 -0.00596202
v 0.00495900 -0.02194672 -0.00606788
v 0.01800000 -0.00901388 -0.00600000
v 0.01789087 -0.00981566 -0.00600000
v 0.01757143 -0.01055911 -0.00600000
v 0.01562678 -0.01326853 -0.00600000
v 0.01326853 -0.01562678 -0.00600000
v 0.01055911 -0.01757143 -0.00600000
v 0.00901388 -0.01800000 -0.00600000
v 0.00981566 -0.01789087 -0.00600000
v 0.00584567 -0.01800000 -0.00600000
v -0.00901388 -0.01800000 -0.00600000
v -0.00981566 -0.01789087 -0.00600000
v -0.01055911 -0.01757143 -0.00600000
v -0.01326853 -0.01562678 -0.00600000
v -0.01562677 -0.01326853 -0.00600000
v -0.01757143 -0.01055911 -0.00600000
v -0.01800000 -0.00901388 -0.00600000
v -0.01789087 -0.00981566 -0.00600000
v -0.01800000 0.00901388 -0.00600000
v -0.01757143 0.01055911 -0.00600000
v -0.01789087 0.00981566 -0.00600000
v -0.01798600 0.00930339 -0.00600000
v -0.01602027 0.01279065 -0.00600000
v -0.01418757 0.01479740 -0.00600000
v -0.01210551 0.01654408 -0.00600000
v -0.00981071 0.01800000 -0.00600000
v 0.00584567 0.01800000 -0.00600000
v 0.00901388 0.01800000 -0.00600000
v 0.00981566 0.01789087 -0.00600000
v 0.01055911 0.01757143 -0.00600000
v 0.01326853 0.01562678 -0.00600000
v 0.01562678 0.01326853 -0.00600000
v 0.01757143 0.01055911 -0.00600000
v 0.01800000 0.00901388 -0.00600000
v 0.01789087 0.00981566 -0.00600000
v -0.00820959 0.02094881 -0.00800000
v -0.00580226 0.02173899 -0.00800000
v -0.01051283 0.01989298 -0.00800000
v -0.01434284 0.01733588 -0.00800000
v -0.01268275 0.01858488 -0.00800000
v -0.01139782 0.01939948 -0.00800000
v -0.01469184 0.01704112 -0.00800000
v -0.01651463 0.01528126 -0.00800000
v -0.01692150 0.01482946 -0.00800000
v -0.01812800 0.01332763 -0.00800000
v -0.01906791 0.01194424 -0.00800000
v -0.02152180 0.00656216 -0.00800000
v -0.01951149 0.01120499 -0.00800000
v -0.02064756 0.00894026 -0.00800000
v -0.02072725 0.00875391 -0.00800000
v -0.00308418 0.02204370 -0.00800000
v -0.00254568 0.02224237 -0.00800000
v -0.00208579 0.02258579 -0.00800000
v -0.00174237 0.02304568 -0.00800000
v -0.00154370 0.02358418 -0.00800000
v -0.00150000 0.02400000 -0.00800000
v 0.00150000 0.02400000 -0.00800000
v 0.00208579 0.02258579 -0.00800000
v 0.00254568 0.02224237 -0.00800000
v 0.00308418 0.02204370 -0.00800000
v 0.00154370 0.02358418 -0.00800000
v 0.00174236 0.02304568 -0.00800000
v 0.02152180 0.00656216 -0.00800000
v 0.02072725 0.00875391 -0.00800000
v 0.02064756 0.00894026 -0.00800000
v 0.01951149 0.01120499 -0.00800000
v 0.01692150 0.01482946 -0.00800000
v 0.01812800 0.01332763 -0.00800000
v 0.01906791 0.01194424 -0.00800000
v 0.01651463 0.01528126 -0.00800000
v 0.01469184 0.01704112 -0.00800000
v 0.01434284 0.01733588 -0.00800000
v 0.01268275 0.01858488 -0.00800000
v 0.00820959 0.02094881 -0.00800000
v 0.01051283 0.01989298 -0.00800000
v 0.01139781 0.01939948 -0.00800000
v 0.00580226 0.02173899 -0.00800000
v -0.02127296 -0.00732878 -0.00800000
v -0.02072725 -0.00875391 -0.00800000
v -0.02031440 -0.00967342 -0.00800000
v -0.01909837 -0.01189546 -0.00800000
v -0.01764030 -0.01396674 -0.00800000
v -0.01692150 -0.01482946 -0.00800000
v -0.01595865 -0.01586101 -0.00800000
v -0.01434284 -0.01733588 -0.00800000
v -0.01407474 -0.01755425 -0.00800000
v -0.01201245 -0.01902501 -0.00800000
v -0.01139782 -0.01939948 -0.00800000
v -0.00471699 -0.02200000 -0.00800000
v -0.00502595 -0.02193148 -0.00800000
v -0.00979792 -0.02025465 -0.00800000
v -0.00816164 -0.02096754 -0.00800000
v -0.00745920 -0.02122759 -0.00800000
v 0.00471699 -0.02200000 -0.00800000
v 0.00745920 -0.02122759 -0.00800000
v 0.00502595 -0.02193148 -0.00800000
v 0.01139781 -0.01939948 -0.00800000
v 0.00979792 -0.02025465 -0.00800000
v 0.00816164 -0.02096754 -0.00800000
v 0.01201245 -0.01902501 -0.00800000
v 0.01407474 -0.01755425 -0.00800000
v 0.01434284 -0.01733588 -0.00800000
v 0.01595865 -0.01586101 -0.00800000
v 0.01692150 -0.01482946 -0.00800000
v 0.01764030 -0.01396674 -0.00800000
v 0.01909838 -0.01189546 -0.00800000
v 0.02031440 -0.00967342 -0.00800000
v 0.02072725 -0.00875391 -0.00800000
v 0.02127296 -0.00732878 -0.00800000
v -0.00269660 -0.02200000 -0.00874716
v -0.00167976 -0.02200000 -0.00882575
v -0.00017527 -0.02200000 -0.00886562
v 0.00021437 -0.02200000 -0.00886542
v 0.00204595 -0.02200000 -0.00880378
v 0.00332679 -0.02200000 -0.00866131
v 0.00465511 -0.02200000 -0.00816005
v 0.00470360 -0.02200000 -0.00807483
v -0.00447669 -0.02200000 -0.00830964
v -0.00417291 -0.02200000 -0.00845153
v -0.00385422 -0.02200000 -0.00855016
v -0.00338579 -0.02200000 -0.00865108
v 0.00406749 -0.02200000 -0.00848799
v 0.00415639 -0.02200000 -0.00845755
v 0.00452940 -0.02200000 -0.00827508
v -0.00459221 -0.02200000 -0.00822581
v -0.00471302 -0.02200000 -0.00804081
v -0.00468485 -0.02200000 -0.00811570
v 0.01254134 0.00822224 -0.00600000
v 0.01316359 0.00760000 -0.00600000
v 0.00673069 0.00759738 -0.00600000
v 0.00835329 0.00576586 -0.00600000
v 0.01021910 0.00590000 -0.00600000
v 0.00584567 0.00930000 -0.00600000
v 0.00588710 0.00826829 -0.00600000
v 0.01339134 0.00675000 -0.00600000
v 0.01169134 0.00505000 -0.00600000
v 0.01084134 0.00527776 -0.00600000
v 0.00949041 0.00359924 -0.00600000
v 0.00999134 0.00675000 -0.00600000
v 0.01021910 0.00760000 -0.00600000
v 0.01084134 0.00822224 -0.00600000
v 0.01169134 0.00845000 -0.00600000
v 0.01007600 0.00122345 -0.00600000
v 0.01007600 -0.00122345 -0.00600000
v 0.00949041 -0.00359924 -0.00600000
v 0.00835329 -0.00576586 -0.00600000
v 0.00673069 -0.00759738 -0.00600000
v 0.01316359 0.00590000 -0.00600000
v 0.01254134 0.00527776 -0.00600000
v -0.01084134 0.00822224 -0.00600000
v -0.01021910 0.00760000 -0.00600000
v -0.00391683 0.00936381 -0.00600000
v -0.00085000 -0.01202776 -0.00600000
v 0.00000000 -0.01180000 -0.00600000
v 0.00000000 -0.01015000 -0.00600000
v 0.00147224 -0.01265000 -0.00600000
v 0.00170000 -0.01350000 -0.00600000
v 0.00147224 -0.01435000 -0.00600000
v 0.00085000 -0.01497225 -0.00600000
v 0.00000000 -0.01520000 -0.00600000
v -0.01169134 0.00845000 -0.00600000
v -0.01254134 0.00822224 -0.00600000
v -0.01254134 0.00527776 -0.00600000
v -0.01316359 0.00590000 -0.00600000
v 0.00242905 -0.00985506 -0.00600000
v 0.00085000 -0.01202776 -0.00600000
v 0.00471694 -0.00898738 -0.00600000
v 0.00588710 -0.00826829 -0.00600000
v -0.01339134 0.00675000 -0.00600000
v -0.01316359 0.00760000 -0.00600000
v -0.00242905 -0.00985506 -0.00600000
v -0.00471694 -0.00898738 -0.00600000
v -0.00147224 -0.01265000 -0.00600000
v -0.00085000 -0.01497225 -0.00600000
v -0.00147224 -0.01435000 -0.00600000
v -0.00170000 -0.01350000 -0.00600000
v -0.01084134 0.00527776 -0.00600000
v -0.00949041 0.00359924 -0.00600000
v -0.01021910 0.00590000 -0.00600000
v -0.00835329 0.00576586 -0.00600000
v -0.00999134 0.00675000 -0.00600000
v -0.00673070 0.00759738 -0.00600000
v -0.00471694 0.00898738 -0.00600000
v -0.00673070 -0.00759738 -0.00600000
v -0.00835329 -0.00576586 -0.00600000
v -0.00949041 -0.00359924 -0.00600000
v -0.01007599 -0.00122345 -0.00600000
v -0.01169134 0.00505000 -0.00600000
v -0.01007599 0.00122345 -0.00600000
v -0.00190607 0.01469664 -0.00600000
v -0.00243107 0.01483731 -0.00600000
v -0.00152175 0.01326231 -0.00600000
v -0.00138108 0.01378731 -0.00600000
v -0.00152175 0.01431231 -0.00600000
v -0.00334040 0.01326231 -0.00600000
v -0.00348108 0.01378731 -0.00600000
v -0.00295607 0.01287798 -0.00600000
v -0.00243107 0.01273731 -0.00600000
v -0.00242905 0.00985506 -0.00600000
v -0.00190607 0.01287798 -0.00600000
v 0.00000000 0.01015000 -0.00600000
v 0.00242905 0.00985506 -0.00600000
v 0.00471694 0.00898738 -0.00600000
v -0.00334040 0.01431231 -0.00600000
v -0.00295607 0.01469664 -0.00600000
v -0.02190279 -0.00474354 -0.00834612
v -0.02179710 -0.00532530 -0.00834612
v -0.02167336 -0.00471592 -0.00870711
v -0.02157262 -0.00527046 -0.00870711
v -0.02131496 -0.00467277 -0.00893819
v -0.02122194 -0.00518478 -0.00893819
v -0.02097133 -0.00463140 -0.00900000
v -0.02088571 -0.00510264 -0.00900000
v -0.02100000 -0.00415331 -0.00900000
v -0.02134612 -0.00415331 -0.00893819
v -0.02150000 -0.00415331 -0.00886603
v -0.02193819 -0.00415331 -0.00834612
v -0.02186603 -0.00415331 -0.00850000
v -0.02170711 -0.00415331 -0.00870711
v -0.02193819 0.00415331 -0.00834612
v -0.02186603 0.00415331 -0.00850000
v -0.02170711 0.00415331 -0.00870711
v -0.02150000 0.00415331 -0.00886603
v -0.02134612 0.00415331 -0.00893819
v -0.02100000 0.00415331 -0.00900000
v -0.02190279 0.00474354 -0.00834612
v -0.02167336 0.00471592 -0.00870711
v -0.02131496 0.00467277 -0.00893819
v -0.02122194 0.00518478 -0.00893819
v -0.02088571 0.00510264 -0.00900000
v -0.02097133 0.00463140 -0.00900000
v -0.02179710 0.00532530 -0.00834612
v -0.02157262 0.00527046 -0.00870711
v -0.00471561 0.02198744 -0.00815797
v -0.00470251 0.02186444 -0.00850273
v -0.00578632 0.02167927 -0.00834612
v -0.02004751 0.00868044 -0.00893819
v -0.02056528 0.00627051 -0.00900000
v -0.02089635 0.00637145 -0.00893819
v -0.01864431 0.01070699 -0.00900000
v -0.01937785 0.00931390 -0.00900000
v -0.01972989 0.00854291 -0.00900000
v -0.01894446 0.01087935 -0.00893819
v -0.01760117 0.01294031 -0.00893819
v -0.01732231 0.01273529 -0.00900000
v -0.01603469 0.01483717 -0.00893819
v -0.01578064 0.01460210 -0.00900000
v -0.01426487 0.01654588 -0.00893819
v -0.01403887 0.01628374 -0.00900000
v -0.01231417 0.01804478 -0.00893819
v -0.01211907 0.01775889 -0.00900000
v -0.01020731 0.01931486 -0.00893819
v -0.01004559 0.01900884 -0.00900000
v -0.00797101 0.02034000 -0.00893819
v -0.00784472 0.02001775 -0.00900000
v -0.00563364 0.02110723 -0.00893819
v -0.00554438 0.02077281 -0.00900000
v -0.00464635 0.02134202 -0.00893969
v -0.00460977 0.02100000 -0.00900000
v -0.00818704 0.02089126 -0.00834612
v -0.01048395 0.01983833 -0.00834612
v -0.01646926 0.01523929 -0.00834612
v -0.01465148 0.01699431 -0.00834612
v -0.01264791 0.01853383 -0.00834612
v -0.01807820 0.01329102 -0.00834612
v -0.01945789 0.01117421 -0.00834612
v -0.02059084 0.00891570 -0.00834612
v -0.02146268 0.00654413 -0.00834612
v -0.00467864 0.02164051 -0.00876795
v -0.00572673 0.02145601 -0.00870711
v -0.00810273 0.02067611 -0.00870711
v -0.01037598 0.01963402 -0.00870711
v -0.01251765 0.01834296 -0.00870711
v -0.01450059 0.01681929 -0.00870711
v -0.01629965 0.01508234 -0.00870711
v -0.01789202 0.01315414 -0.00870711
v -0.01925750 0.01105913 -0.00870711
v -0.02037878 0.00882388 -0.00870711
v -0.02124164 0.00647674 -0.00870711
v -0.00350000 0.02193819 -0.00834612
v -0.00350000 0.02170711 -0.00870711
v -0.00350000 0.02134612 -0.00893819
v -0.00350000 0.02100000 -0.00900000
v -0.00143819 0.02400000 -0.00834612
v -0.00148325 0.02357133 -0.00834612
v -0.00168805 0.02301619 -0.00834612
v -0.00204208 0.02254208 -0.00834612
v -0.00251619 0.02218805 -0.00834612
v -0.00307133 0.02198325 -0.00834612
v -0.00287626 0.02106556 -0.00900000
v -0.00294823 0.02140411 -0.00893819
v -0.00223368 0.02166772 -0.00893819
v -0.00206852 0.02136355 -0.00900000
v -0.00162342 0.02212342 -0.00893819
v -0.00137868 0.02187868 -0.00900000
v -0.00116772 0.02273368 -0.00893819
v -0.00086355 0.02256852 -0.00900000
v -0.00090411 0.02344823 -0.00893819
v -0.00056556 0.02337627 -0.00900000
v -0.00050000 0.02400000 -0.00900000
v -0.00084612 0.02400000 -0.00893819
v -0.00100000 0.02400000 -0.00886603
v -0.00120711 0.02400000 -0.00870711
v -0.00136602 0.02400000 -0.00850000
v -0.00125721 0.02352328 -0.00870711
v -0.00148497 0.02290593 -0.00870711
v -0.00187868 0.02237868 -0.00870711
v -0.00240593 0.02198497 -0.00870711
v -0.00302328 0.02175721 -0.00870711
v 0.00143819 0.02400000 -0.00834612
v 0.00136602 0.02400000 -0.00850000
v 0.00120711 0.02400000 -0.00870711
v 0.00050000 0.02400000 -0.00900000
v 0.00084612 0.02400000 -0.00893819
v 0.00100000 0.02400000 -0.00886603
v 0.00350000 0.02193819 -0.00834612
v 0.00307132 0.02198325 -0.00834612
v 0.00251619 0.02218805 -0.00834612
v 0.00204208 0.02254208 -0.00834612
v 0.00168805 0.02301619 -0.00834612
v 0.00148325 0.02357133 -0.00834612
v 0.00056556 0.02337627 -0.00900000
v 0.00090411 0.02344823 -0.00893819
v 0.00116772 0.02273368 -0.00893819
v 0.00086355 0.02256852 -0.00900000
v 0.00162342 0.02212342 -0.00893819
v 0.00137868 0.02187868 -0.00900000
v 0.00223368 0.02166772 -0.00893819
v 0.00206852 0.02136355 -0.00900000
v 0.00294823 0.02140411 -0.00893819
v 0.00287626 0.02106556 -0.00900000
v 0.00350000 0.02134612 -0.00893819
v 0.00350000 0.02100000 -0.00900000
v 0.00125721 0.02352328 -0.00870711
v 0.00148497 0.02290593 -0.00870711
v 0.00187868 0.02237868 -0.00870711
v 0.00240593 0.02198497 -0.00870711
v 0.00302328 0.02175721 -0.00870711
v 0.00350000 0.02170711 -0.00870711
v 0.00464636 0.02133569 -0.00894195
v 0.00460977 0.02100000 -0.00900000
v 0.00467937 0.02164585 -0.00876346
v 0.00470500 0.02188611 -0.00846343
v 0.00471633 0.02199358 -0.00811313
v 0.02179710 0.00532530 -0.00834612
v 0.02146268 0.00654413 -0.00834612
v 0.02059084 0.00891570 -0.00834612
v 0.01945789 0.01117421 -0.00834612
v 0.01465148 0.01699431 -0.00834612
v 0.01646926 0.01523929 -0.00834612
v 0.01807820 0.01329102 -0.00834612
v 0.00578632 0.02167927 -0.00834612
v 0.01264791 0.01853383 -0.00834612
v 0.01048394 0.01983833 -0.00834612
v 0.00818704 0.02089126 -0.00834612
v 0.00554438 0.02077281 -0.00900000
v 0.00563364 0.02110723 -0.00893819
v 0.00797101 0.02034000 -0.00893819
v 0.00784472 0.02001775 -0.00900000
v 0.01020731 0.01931486 -0.00893819
v 0.01004559 0.01900884 -0.00900000
v 0.01231417 0.01804478 -0.00893819
v 0.01211907 0.01775889 -0.00900000
v 0.01426487 0.01654588 -0.00893819
v 0.01403887 0.01628374 -0.00900000
v 0.01603469 0.01483717 -0.00893819
v 0.01578064 0.01460210 -0.00900000
v 0.01760117 0.01294031 -0.00893819
v 0.01732231 0.01273529 -0.00900000
v 0.01894446 0.01087935 -0.00893819
v 0.01864431 0.01070699 -0.00900000
v 0.02004751 0.00868044 -0.00893819
v 0.01972989 0.00854291 -0.00900000
v 0.02089635 0.00637145 -0.00893819
v 0.02056528 0.00627051 -0.00900000
v 0.02122194 0.00518478 -0.00893819
v 0.02088572 0.00510264 -0.00900000
v 0.02157262 0.00527046 -0.00870711
v 0.02124164 0.00647674 -0.00870711
v 0.02037878 0.00882388 -0.00870711
v 0.01925750 0.01105913 -0.00870711
v 0.01789202 0.01315414 -0.00870711
v 0.01629965 0.01508234 -0.00870711
v 0.01450059 0.01681929 -0.00870711
v 0.01251765 0.01834296 -0.00870711
v 0.01037597 0.01963402 -0.00870711
v 0.00810273 0.02067611 -0.00870711
v 0.00572673 0.02145601 -0.00870711
v 0.02131496 0.00467277 -0.00893819
v 0.02097133 0.00463140 -0.00900000
v 0.02100000 0.00415331 -0.00900000
v 0.02134612 0.00415331 -0.00893819
v 0.02150000 0.00415331 -0.00886603
v 0.02167336 0.00471592 -0.00870711
v 0.02170711 0.00415331 -0.00870711
v 0.02186603 0.00415331 -0.00850000
v 0.02190279 0.00474354 -0.00834612
v 0.02193819 0.00415331 -0.00834612
v 0.02100000 -0.00415331 -0.00900000
v 0.02134612 -0.00415331 -0.00893819
v 0.02150000 -0.00415331 -0.00886603
v 0.02170711 -0.00415331 -0.00870711
v 0.02186603 -0.00415331 -0.00850000
v 0.02193819 -0.00415331 -0.00834612
v 0.02131496 -0.00467277 -0.00893819
v 0.02097133 -0.00463140 -0.00900000
v 0.02122194 -0.00518478 -0.00893819
v 0.02088572 -0.00510264 -0.00900000
v 0.02167336 -0.00471592 -0.00870711
v 0.02157262 -0.00527046 -0.00870711
v 0.02190279 -0.00474354 -0.00834612
v 0.02179710 -0.00532530 -0.00834612
v -0.00241660 -0.02136376 -0.00900000
v -0.00245551 -0.02170768 -0.00893819
v -0.00487989 -0.02129412 -0.00893819
v 0.02032750 -0.00700306 -0.00900000
v 0.02065474 -0.00711580 -0.00893819
v 0.01972404 -0.00939230 -0.00893819
v 0.01941154 -0.00924349 -0.00900000
v 0.01854335 -0.01154977 -0.00893819
v 0.01824956 -0.01136678 -0.00900000
v 0.01712765 -0.01356085 -0.00893819
v 0.01685628 -0.01334600 -0.00900000
v 0.01549487 -0.01540006 -0.00893819
v 0.01524938 -0.01515607 -0.00900000
v 0.01366571 -0.01704410 -0.00893819
v 0.01344920 -0.01677406 -0.00900000
v 0.01166335 -0.01847211 -0.00893819
v 0.01147856 -0.01817946 -0.00900000
v 0.00951318 -0.01966602 -0.00893819
v 0.00936245 -0.01935444 -0.00900000
v 0.00724243 -0.02061068 -0.00893819
v 0.00712768 -0.02028414 -0.00900000
v 0.00585503 -0.02068740 -0.00900000
v 0.00487989 -0.02129412 -0.00893819
v 0.00480258 -0.02095675 -0.00900000
v 0.00245550 -0.02170768 -0.00893819
v 0.00241660 -0.02136376 -0.00900000
v 0.00000000 -0.02184612 -0.00893819
v 0.00000000 -0.02150000 -0.00900000
v -0.00480258 -0.02095675 -0.00900000
v -0.00724243 -0.02061068 -0.00893819
v -0.00712768 -0.02028414 -0.00900000
v -0.00951317 -0.01966602 -0.00893819
v -0.00936245 -0.01935444 -0.00900000
v -0.01166335 -0.01847211 -0.00893819
v -0.01147856 -0.01817946 -0.00900000
v -0.01366571 -0.01704410 -0.00893819
v -0.01344920 -0.01677406 -0.00900000
v -0.01549487 -0.01540006 -0.00893819
v -0.01524938 -0.01515607 -0.00900000
v -0.01712765 -0.01356085 -0.00893819
v -0.01685628 -0.01334600 -0.00900000
v -0.01854335 -0.01154977 -0.00893819
v -0.01824956 -0.01136678 -0.00900000
v -0.01972403 -0.00939230 -0.00893819
v -0.01941154 -0.00924349 -0.00900000
v -0.02065474 -0.00711580 -0.00893819
v -0.02032750 -0.00700306 -0.00900000
v -0.01759184 -0.01392837 -0.00834612
v -0.01904591 -0.01186279 -0.00834612
v -0.02025860 -0.00964685 -0.00834612
v -0.02121452 -0.00730865 -0.00834612
v -0.01591481 -0.01581744 -0.00834612
v -0.01197945 -0.01897275 -0.00834612
v -0.01403608 -0.01750603 -0.00834612
v -0.00501215 -0.02187123 -0.00834612
v -0.00977100 -0.02019901 -0.00834612
v -0.00743871 -0.02116927 -0.00834612
v -0.00496053 -0.02164599 -0.00870711
v 0.00496053 -0.02164599 -0.00870711
v 0.00501215 -0.02187123 -0.00834612
v 0.00743871 -0.02116927 -0.00834612
v 0.01403608 -0.01750603 -0.00834612
v 0.01197945 -0.01897275 -0.00834612
v 0.00977100 -0.02019901 -0.00834612
v 0.01591481 -0.01581744 -0.00834612
v 0.01759184 -0.01392837 -0.00834612
v 0.01904591 -0.01186279 -0.00834612
v 0.02025860 -0.00964685 -0.00834612
v 0.02121452 -0.00730865 -0.00834612
v -0.02099604 -0.00723338 -0.00870711
v -0.02004996 -0.00954750 -0.00870711
v -0.01884976 -0.01174062 -0.00870711
v -0.01741067 -0.01378493 -0.00870711
v -0.01575091 -0.01565454 -0.00870711
v -0.01389152 -0.01732574 -0.00870711
v -0.01185608 -0.01877735 -0.00870711
v -0.00967037 -0.01999099 -0.00870711
v -0.00736210 -0.02095125 -0.00870711
v 0.00736210 -0.02095125 -0.00870711
v 0.00967037 -0.01999099 -0.00870711
v 0.01185608 -0.01877735 -0.00870711
v 0.01389152 -0.01732574 -0.00870711
v 0.01575091 -0.01565454 -0.00870711
v 0.01741067 -0.01378493 -0.00870711
v 0.01884976 -0.01174062 -0.00870711
v 0.02004996 -0.00954750 -0.00870711
v 0.02099604 -0.00723338 -0.00870711
v 0.01169134 0.00845000 -0.00900000
v 0.01084134 0.00822224 -0.00900000
v 0.01021910 0.00760000 -0.00900000
v 0.00999134 0.00675000 -0.00900000
v 0.01021910 0.00590000 -0.00900000
v 0.01084134 0.00527776 -0.00900000
v 0.01169134 0.00505000 -0.00900000
v 0.01254134 0.00527776 -0.00900000
v 0.01316359 0.00590000 -0.00900000
v 0.01339134 0.00675000 -0.00900000
v 0.01316359 0.00760000 -0.00900000
v 0.01254134 0.00822224 -0.00900000
v 0.00000000 -0.01180000 -0.00900000
v -0.00085000 -0.01202776 -0.00900000
v -0.00147224 -0.01265000 -0.00900000
v -0.00170000 -0.01350000 -0.00900000
v -0.00147224 -0.01435000 -0.00900000
v -0.00085000 -0.01497225 -0.00900000
v 0.00000000 -0.01520000 -0.00900000
v 0.00085000 -0.01497225 -0.00900000
v 0.00147224 -0.01435000 -0.00900000
v 0.00170000 -0.01350000 -0.00900000
v 0.00147224 -0.01265000 -0.00900000
v 0.00085000 -0.01202776 -0.00900000
v -0.01169134 0.00845000 -0.00900000
v -0.01254134 0.00822224 -0.00900000
v -0.01316359 0.00760000 -0.00900000
v -0.01339134 0.00675000 -0.00900000
v -0.01316359 0.00590000 -0.00900000
v -0.01254134 0.00527776 -0.00900000
v -0.01169134 0.00505000 -0.00900000
v -0.01084134 0.00527776 -0.00900000
v -0.01021910 0.00590000 -0.00900000
v -0.00999134 0.00675000 -0.00900000
v -0.01021910 0.00760000 -0.00900000
v -0.01084134 0.00822224 -0.00900000
v -0.00243107 0.01273731 -0.00900000
v -0.00295607 0.01287798 -0.00900000
v -0.00334040 0.01326231 -0.00900000
v -0.00348108 0.01378731 -0.00900000
v -0.00334040 0.01431231 -0.00900000
v -0.00295607 0.01469664 -0.00900000
v -0.00243107 0.01483731 -0.00900000
v -0.00190607 0.01469664 -0.00900000
v -0.00152175 0.01431231 -0.00900000
v -0.00138108 0.01378731 -0.00900000
v -0.00152175 0.01326231 -0.00900000
v -0.00190607 0.01287798 -0.00900000
v 0.00391683 0.00936381 -0.00900000
v 0.00471694 0.00898738 -0.00900000
v 0.00673069 0.00759738 -0.00900000
v 0.00835329 0.00576586 -0.00900000
v 0.00949041 0.00359924 -0.00900000
v 0.01007600 0.00122345 -0.00900000
v 0.01007600 -0.00122345 -0.00900000
v 0.00949041 -0.00359924 -0.00900000
v 0.00835329 -0.00576586 -0.00900000
v 0.00673069 -0.00759738 -0.00900000
v 0.00588710 -0.00826829 -0.00900000
v 0.00471694 -0.00898738 -0.00900000
v 0.00242905 -0.00985506 -0.00900000
v 0.00000000 -0.01015000 -0.00900000
v -0.00242905 -0.00985506 -0.00900000
v -0.00471694 -0.00898738 -0.00900000
v -0.00673070 -0.00759738 -0.00900000
v -0.00835329 -0.00576586 -0.00900000
v -0.00949041 -0.00359924 -0.00900000
v -0.01007599 -0.00122345 -0.00900000
v -0.01007599 0.00122345 -0.00900000
v -0.00949041 0.00359924 -0.00900000
v -0.00835329 0.00576586 -0.00900000
v -0.00673070 0.00759738 -0.00900000
v -0.00471694 0.00898738 -0.00900000
v -0.00391683 0.00936381 -0.00900000
v -0.00242905 0.00985506 -0.00900000
v 0.00000000 0.01015000 -0.00900000
v 0.00242905 0.00985506 -0.00900000
v 0.00584567 0.00930000 -0.00900000
f 1 2 3
f 1 3 4
f 4 3 5
f 4 5 6
f 6 5 7
f 6 7 8
f 8 7 9
f 8 9 10
f 10 9 11
f 10 11 12
f 13 12 14
f 14 12 11
f 13 14 15
f 13 15 16
f 16 15 17
f 16 17 18
f 18 17 19
f 18 19 20
f 20 19 21
f 20 21 22
f 22 21 23
f 22 23 24
f 25 26 23
f 23 26 24
f 26 25 27
f 26 27 28
f 28 27 29
f 28 29 30
f 30 29 31
f 30 31 32
f 32 31 33
f 32 33 34
f 34 33 35
f 34 35 36
f 35 37 36
f 36 37 38
f 38 37 39
f 38 39 40
f 40 39 41
f 40 41 42
f 42 41 43
f 42 43 44
f 44 43 45
f 44 45 46
f 46 45 47
f 46 47 48
f 2 1 47
f 47 1 48
f 49 50 51
f 51 50 52
f 51 52 53
f 53 52 54
f 53 54 55
f 55 54 56
f 55 56 57
f 57 56 58
f 57 58 59
f 59 58 60
f 59 60 61
f 61 60 62
f 61 62 63
f 63 62 64
f 63 64 65
f 65 64 66
f 65 66 67
f 67 66 68
f 67 68 69
f 69 68 70
f 69 70 71
f 71 70 72
f 71 72 73
f 73 72 74
f 75 76 77
f 77 76 78
f 77 78 79
f 79 78 80
f 79 80 81
f 81 80 82
f 81 82 83
f 83 82 84
f 83 84 85
f 85 84 86
f 85 86 87
f 87 86 88
f 87 88 89
f 89 88 90
f 89 90 91
f 91 90 92
f 91 92 93
f 93 92 94
f 93 94 95
f 95 94 96
f 95 96 97
f 97 96 98
f 97 98 99
f 99 98 100
f 101 102 103
f 103 102 104
f 103 104 105
f 105 104 106
f 105 106 107
f 107 106 108
f 107 108 109
f 109 108 110
f 109 110 111
f 111 110 112
f 111 112 113
f 113 112 114
f 113 114 115
f 115 114 116
f 115 116 117
f 117 116 118
f 117 118 119
f 119 118 120
f 119 120 121
f 121 120 122
f 121 122 123
f 123 122 124
f 123 124 125
f 125 124 126
f 127 128 129
f 129 128 130
f 129 130 131
f 131 130 132
f 131 132 133
f 133 132 134
f 133 134 135
f 135 134 136
f 135 136 137
f 137 136 138
f 137 138 139
f 139 138 140
f 139 140 141
f 141 140 142
f 141 142 143
f 143 142 144
f 143 144 145
f 145 144 146
f 145 146 147
f 147 146 148
f 147 148 149
f 149 148 150
f 149 150 151
f 151 150 152
f 153 154 155
f 156 157 158
f 159 160 161
f 128 162 163
f 138 136 164
f 164 136 134
f 164 134 165
f 165 134 132
f 165 132 163
f 163 132 130
f 163 130 128
f 138 164 140
f 140 164 166
f 140 166 142
f 142 166 167
f 142 167 144
f 144 167 168
f 144 168 146
f 169 150 168
f 168 150 148
f 168 148 146
f 152 150 170
f 170 150 169
f 170 169 171
f 172 173 174
f 174 175 172
f 172 175 176
f 172 176 177
f 177 176 178
f 177 178 179
f 179 178 180
f 179 180 181
f 181 180 182
f 181 182 183
f 183 182 184
f 183 184 185
f 185 184 158
f 185 158 186
f 186 158 157
f 186 157 187
f 162 153 163
f 163 153 155
f 163 155 165
f 165 155 188
f 165 188 164
f 164 188 189
f 164 189 166
f 166 189 190
f 166 190 167
f 167 190 191
f 167 191 168
f 168 191 192
f 168 192 169
f 169 192 161
f 169 161 171
f 171 161 160
f 154 156 155
f 155 156 158
f 155 158 188
f 188 158 184
f 188 184 189
f 189 184 182
f 189 182 190
f 190 182 180
f 190 180 191
f 191 180 178
f 191 178 192
f 192 178 176
f 192 176 161
f 161 176 175
f 161 175 159
f 159 175 174
f 193 194 195
f 196 197 198
f 199 200 201
f 76 202 203
f 86 84 204
f 204 84 82
f 204 82 205
f 205 82 80
f 205 80 203
f 203 80 78
f 203 78 76
f 86 204 88
f 88 204 206
f 88 206 90
f 90 206 207
f 90 207 92
f 92 207 208
f 92 208 94
f 209 98 208
f 208 98 96
f 208 96 94
f 100 98 210
f 210 98 209
f 210 209 211
f 212 213 214
f 214 215 212
f 212 215 216
f 212 216 217
f 217 216 218
f 217 218 219
f 219 218 220
f 219 220 221
f 221 220 222
f 221 222 223
f 223 222 224
f 223 224 225
f 225 224 198
f 225 198 226
f 226 198 197
f 226 197 227
f 202 193 203
f 203 193 195
f 203 195 205
f 205 195 228
f 205 228 204
f 204 228 229
f 204 229 206
f 206 229 230
f 206 230 207
f 207 230 231
f 207 231 208
f 208 231 232
f 208 232 209
f 209 232 201
f 209 201 211
f 211 201 200
f 194 196 195
f 195 196 198
f 195 198 228
f 228 198 224
f 228 224 229
f 229 224 222
f 229 222 230
f 230 222 220
f 230 220 231
f 231 220 218
f 231 218 232
f 232 218 216
f 232 216 201
f 201 216 215
f 201 215 199
f 199 215 214
f 233 234 235
f 236 237 238
f 239 240 241
f 50 242 243
f 60 58 244
f 244 58 56
f 244 56 245
f 245 56 54
f 245 54 243
f 243 54 52
f 243 52 50
f 60 244 62
f 62 244 246
f 62 246 64
f 64 246 247
f 64 247 66
f 66 247 248
f 66 248 68
f 249 72 248
f 248 72 70
f 248 70 68
f 74 72 250
f 250 72 249
f 250 249 251
f 252 253 254
f 254 255 252
f 252 255 256
f 252 256 257
f 257 256 258
f 257 258 259
f 259 258 260
f 259 260 261
f 261 260 262
f 261 262 263
f 263 262 264
f 263 264 265
f 265 264 238
f 265 238 266
f 266 238 237
f 266 237 267
f 242 233 243
f 243 233 235
f 243 235 245
f 245 235 268
f 245 268 244
f 244 268 269
f 244 269 246
f 246 269 270
f 246 270 247
f 247 270 271
f 247 271 248
f 248 271 272
f 248 272 249
f 249 272 241
f 249 241 251
f 251 241 240
f 234 236 235
f 235 236 238
f 235 238 268
f 268 238 264
f 268 264 269
f 269 264 262
f 269 262 270
f 270 262 260
f 270 260 271
f 271 260 258
f 271 258 272
f 272 258 256
f 272 256 241
f 241 256 255
f 241 255 239
f 239 255 254
f 273 274 275
f 276 277 278
f 279 280 281
f 102 282 283
f 112 110 284
f 284 110 108
f 284 108 285
f 285 108 106
f 285 106 283
f 283 106 104
f 283 104 102
f 112 284 114
f 114 284 286
f 114 286 116
f 116 286 287
f 116 287 118
f 118 287 288
f 118 288 120
f 289 124 288
f 288 124 122
f 288 122 120
f 126 124 290
f 290 124 289
f 290 289 291
f 292 293 294
f 294 295 292
f 292 295 296
f 292 296 297
f 297 296 298
f 297 298 299
f 299 298 300
f 299 300 301
f 301 300 302
f 301 302 303
f 303 302 304
f 303 304 305
f 305 304 278
f 305 278 306
f 306 278 277
f 306 277 307
f 282 273 283
f 283 273 275
f 283 275 285
f 285 275 308
f 285 308 284
f 284 308 309
f 284 309 286
f 286 309 310
f 286 310 287
f 287 310 311
f 287 311 288
f 288 311 312
f 288 312 289
f 289 312 281
f 289 281 291
f 291 281 280
f 274 276 275
f 275 276 278
f 275 278 308
f 308 278 304
f 308 304 309
f 309 304 302
f 309 302 310
f 310 302 300
f 310 300 311
f 311 300 298
f 311 298 312
f 312 298 296
f 312 296 281
f 281 296 295
f 281 295 279
f 279 295 294
f 14 313 314
f 14 314 15
f 15 314 315
f 15 315 17
f 17 315 316
f 17 316 19
f 19 316 317
f 19 317 21
f 21 317 318
f 21 318 23
f 2 319 320
f 2 320 3
f 3 320 321
f 3 321 5
f 5 321 322
f 5 322 7
f 7 322 323
f 7 323 9
f 9 323 324
f 9 324 11
f 37 325 326
f 37 326 39
f 39 326 327
f 39 327 41
f 41 327 328
f 41 328 43
f 43 328 329
f 43 329 45
f 45 329 330
f 45 330 47
f 25 331 332
f 25 332 27
f 27 332 333
f 27 333 29
f 29 333 334
f 29 334 31
f 31 334 335
f 31 335 33
f 33 335 336
f 33 336 35
f 337 37 338
f 338 37 35
f 338 35 339
f 339 35 340
f 336 325 341
f 341 325 342
f 341 343 336
f 336 343 344
f 336 344 35
f 35 344 345
f 35 345 340
f 337 346 37
f 37 346 347
f 37 347 325
f 325 347 348
f 325 348 342
f 349 350 351
f 351 350 352
f 351 352 353
f 353 352 354
f 353 354 355
f 355 354 356
f 355 356 357
f 357 356 358
f 359 331 360
f 360 331 25
f 360 25 361
f 359 362 331
f 331 362 363
f 331 363 318
f 363 364 318
f 318 364 365
f 318 365 23
f 23 365 366
f 23 366 367
f 367 368 23
f 23 368 369
f 23 369 25
f 25 369 370
f 25 370 361
f 371 372 373
f 373 372 374
f 373 374 375
f 375 374 376
f 375 376 377
f 377 376 378
f 377 378 379
f 379 378 380
f 324 313 381
f 381 313 382
f 381 383 324
f 324 383 384
f 324 384 11
f 11 384 385
f 11 385 386
f 386 387 11
f 11 387 388
f 11 388 14
f 14 388 389
f 389 390 14
f 14 390 391
f 14 391 313
f 313 391 392
f 313 392 382
f 393 394 395
f 395 394 396
f 395 396 397
f 397 396 398
f 397 398 399
f 399 398 400
f 399 400 401
f 401 400 402
f 403 44 404
f 404 44 46
f 404 46 405
f 405 46 48
f 405 48 394
f 394 48 1
f 394 1 396
f 396 1 4
f 396 4 398
f 376 20 378
f 378 20 22
f 378 22 380
f 380 22 24
f 380 24 350
f 350 24 26
f 350 26 352
f 352 26 28
f 352 28 354
f 4 6 398
f 398 6 8
f 398 8 400
f 400 8 10
f 400 10 402
f 402 10 12
f 402 12 372
f 372 12 13
f 372 13 374
f 374 13 16
f 374 16 376
f 376 16 18
f 376 18 20
f 28 30 354
f 354 30 32
f 354 32 356
f 356 32 34
f 356 34 358
f 358 34 36
f 358 36 406
f 406 36 38
f 406 38 407
f 407 38 40
f 407 40 403
f 403 40 42
f 403 42 44
f 408 406 409
f 409 406 407
f 409 407 410
f 410 407 403
f 410 403 411
f 411 403 404
f 411 404 412
f 412 404 405
f 413 414 47
f 47 414 415
f 47 415 2
f 2 415 416
f 330 319 417
f 417 319 418
f 417 419 330
f 330 419 420
f 330 420 47
f 47 420 421
f 47 421 413
f 416 422 2
f 2 422 423
f 2 423 319
f 319 423 424
f 319 424 418
f 425 426 427
f 425 427 428
f 428 427 429
f 428 429 430
f 430 429 431
f 430 431 432
f 432 431 433
f 432 433 434
f 434 433 435
f 434 435 436
f 436 435 437
f 436 437 438
f 438 437 439
f 438 439 440
f 440 439 441
f 440 441 442
f 73 443 71
f 71 443 444
f 71 444 69
f 69 444 445
f 69 445 67
f 67 445 446
f 67 446 65
f 447 57 448
f 448 57 59
f 448 59 449
f 449 59 61
f 449 61 446
f 446 61 63
f 446 63 65
f 51 53 447
f 447 53 55
f 447 55 57
f 447 450 51
f 51 450 451
f 51 451 49
f 426 452 427
f 427 452 453
f 427 453 429
f 429 453 454
f 429 454 431
f 431 454 455
f 431 455 433
f 433 455 456
f 433 456 435
f 435 456 457
f 435 457 437
f 437 457 458
f 437 458 439
f 439 458 459
f 439 459 441
f 441 459 460
f 452 451 453
f 453 451 450
f 453 450 454
f 454 450 447
f 454 447 455
f 455 447 448
f 455 448 456
f 456 448 449
f 456 449 457
f 457 449 446
f 457 446 458
f 458 446 445
f 458 445 459
f 459 445 444
f 459 444 460
f 460 444 443
f 253 461 254
f 254 461 462
f 254 462 239
f 239 462 463
f 239 463 240
f 240 463 464
f 240 464 251
f 251 464 465
f 251 465 250
f 250 465 466
f 250 466 74
f 74 466 467
f 468 469 470
f 469 471 472
f 471 473 474
f 471 474 472
f 472 474 475
f 472 475 476
f 476 475 477
f 476 477 478
f 478 477 479
f 478 479 480
f 480 479 481
f 480 481 482
f 482 481 483
f 482 483 484
f 484 483 485
f 484 485 486
f 469 472 470
f 470 472 476
f 470 476 487
f 487 476 478
f 487 478 488
f 488 478 480
f 488 480 489
f 489 480 482
f 489 482 490
f 490 482 484
f 490 484 491
f 491 484 486
f 491 486 492
f 468 470 493
f 493 470 487
f 493 487 494
f 494 487 488
f 494 488 495
f 495 488 489
f 495 489 496
f 496 489 490
f 496 490 497
f 497 490 491
f 497 491 498
f 498 491 492
f 498 492 499
f 500 501 502
f 503 504 505
f 506 507 508
f 509 510 511
f 512 513 514
f 515 516 517
f 517 516 518
f 514 513 519
f 513 520 519
f 519 520 521
f 519 521 516
f 516 521 522
f 516 522 518
f 512 514 523
f 523 514 524
f 523 524 525
f 525 524 526
f 525 526 527
f 527 526 528
f 528 526 529
f 528 529 530
f 530 529 531
f 531 529 511
f 531 511 532
f 532 511 510
f 532 510 533
f 534 535 536
f 536 537 534
f 534 537 538
f 534 538 539
f 539 538 540
f 539 540 541
f 541 540 542
f 541 542 543
f 543 542 544
f 543 544 545
f 545 544 546
f 545 546 547
f 547 546 505
f 547 505 548
f 548 505 504
f 548 504 549
f 515 500 516
f 516 500 502
f 516 502 519
f 519 502 550
f 519 550 514
f 514 550 551
f 514 551 524
f 524 551 552
f 524 552 526
f 526 552 553
f 526 553 529
f 529 553 554
f 529 554 511
f 511 554 508
f 511 508 509
f 509 508 507
f 501 503 502
f 502 503 505
f 502 505 550
f 550 505 546
f 550 546 551
f 551 546 544
f 551 544 552
f 552 544 542
f 552 542 553
f 553 542 540
f 553 540 554
f 554 540 538
f 554 538 508
f 508 538 537
f 508 537 506
f 506 537 536
f 76 555 202
f 202 555 556
f 202 556 193
f 193 556 557
f 193 557 194
f 194 557 558
f 194 558 196
f 196 558 559
f 196 559 197
f 197 559 560
f 197 560 227
f 227 560 561
f 562 563 99
f 99 563 97
f 97 563 95
f 95 563 564
f 95 564 93
f 93 564 565
f 93 565 91
f 566 83 567
f 567 83 85
f 567 85 568
f 568 85 87
f 568 87 565
f 565 87 89
f 565 89 91
f 77 79 566
f 566 79 81
f 566 81 83
f 566 569 77
f 77 569 570
f 77 570 75
f 571 572 573
f 573 574 571
f 571 574 575
f 571 575 576
f 576 575 577
f 576 577 578
f 578 577 579
f 578 579 580
f 580 579 581
f 580 581 582
f 582 581 583
f 582 583 584
f 584 583 585
f 584 585 586
f 586 585 587
f 586 587 588
f 573 589 574
f 574 589 590
f 574 590 575
f 575 590 591
f 575 591 577
f 577 591 592
f 577 592 579
f 579 592 593
f 579 593 581
f 581 593 594
f 581 594 583
f 583 594 595
f 583 595 585
f 585 595 596
f 585 596 587
f 587 596 597
f 589 570 590
f 590 570 569
f 590 569 591
f 591 569 566
f 591 566 592
f 592 566 567
f 592 567 593
f 593 567 568
f 593 568 594
f 594 568 565
f 594 565 595
f 595 565 564
f 595 564 596
f 596 564 563
f 596 563 597
f 597 563 562
f 598 599 125
f 125 599 123
f 123 599 121
f 121 599 600
f 121 600 119
f 119 600 601
f 119 601 117
f 602 109 603
f 603 109 111
f 603 111 604
f 604 111 113
f 604 113 601
f 601 113 115
f 601 115 117
f 103 105 602
f 602 105 107
f 602 107 109
f 602 605 103
f 103 605 606
f 103 606 101
f 607 608 609
f 609 610 607
f 607 610 611
f 607 611 612
f 612 611 613
f 612 613 614
f 614 613 615
f 614 615 616
f 616 615 617
f 616 617 618
f 618 617 619
f 618 619 620
f 620 619 621
f 620 621 622
f 622 621 623
f 622 623 624
f 609 625 610
f 610 625 626
f 610 626 611
f 611 626 627
f 611 627 613
f 613 627 628
f 613 628 615
f 615 628 629
f 615 629 617
f 617 629 630
f 617 630 619
f 619 630 631
f 619 631 621
f 621 631 632
f 621 632 623
f 623 632 633
f 625 606 626
f 626 606 605
f 626 605 627
f 627 605 602
f 627 602 628
f 628 602 603
f 628 603 629
f 629 603 604
f 629 604 630
f 630 604 601
f 630 601 631
f 631 601 600
f 631 600 632
f 632 600 599
f 632 599 633
f 633 599 598
f 634 635 636
f 634 636 637
f 637 636 638
f 637 638 639
f 639 638 640
f 639 640 641
f 641 640 642
f 641 642 643
f 643 642 644
f 643 644 645
f 645 644 646
f 645 646 647
f 647 646 648
f 647 648 649
f 649 648 650
f 649 650 651
f 151 652 149
f 149 652 653
f 149 653 147
f 147 653 654
f 147 654 145
f 145 654 655
f 145 655 143
f 656 135 657
f 657 135 137
f 657 137 658
f 658 137 139
f 658 139 655
f 655 139 141
f 655 141 143
f 129 131 656
f 656 131 133
f 656 133 135
f 656 659 129
f 129 659 660
f 129 660 127
f 635 661 636
f 636 661 662
f 636 662 638
f 638 662 663
f 638 663 640
f 640 663 664
f 640 664 642
f 642 664 665
f 642 665 644
f 644 665 666
f 644 666 646
f 646 666 667
f 646 667 648
f 648 667 668
f 648 668 650
f 650 668 669
f 661 660 662
f 662 660 659
f 662 659 663
f 663 659 656
f 663 656 664
f 664 656 657
f 664 657 665
f 665 657 658
f 665 658 666
f 666 658 655
f 666 655 667
f 667 655 654
f 667 654 668
f 668 654 653
f 668 653 669
f 669 653 652
f 670 671 672
f 673 674 324
f 324 674 461
f 324 461 313
f 313 461 253
f 313 253 314
f 213 320 319
f 670 672 675
f 675 672 676
f 675 676 677
f 677 676 678
f 677 678 549
f 671 670 679
f 679 670 673
f 679 673 561
f 561 673 324
f 561 324 227
f 227 324 323
f 227 323 226
f 226 323 322
f 226 322 225
f 217 219 321
f 321 219 221
f 321 221 322
f 322 221 223
f 322 223 225
f 213 319 187
f 320 213 321
f 321 213 212
f 321 212 217
f 318 317 267
f 319 330 187
f 187 330 329
f 187 329 186
f 186 329 328
f 186 328 185
f 327 181 328
f 328 181 183
f 328 183 185
f 267 317 266
f 266 317 316
f 266 316 265
f 257 259 315
f 315 259 261
f 315 261 316
f 316 261 263
f 316 263 265
f 314 253 315
f 315 253 252
f 315 252 257
f 303 334 301
f 301 334 333
f 301 333 299
f 299 333 297
f 318 267 331
f 331 267 293
f 331 293 332
f 539 541 543
f 173 172 327
f 172 177 327
f 327 177 179
f 327 179 181
f 332 293 333
f 333 293 292
f 333 292 297
f 678 535 549
f 549 535 534
f 549 534 548
f 548 534 539
f 548 539 547
f 547 539 543
f 547 543 545
f 327 326 173
f 173 326 325
f 173 325 307
f 303 305 334
f 334 305 306
f 334 306 335
f 335 306 307
f 335 307 336
f 336 307 325
f 358 406 357
f 357 406 408
f 680 338 681
f 681 338 339
f 681 339 682
f 682 339 340
f 682 340 683
f 683 340 345
f 683 345 684
f 684 345 344
f 684 344 685
f 685 344 343
f 685 343 686
f 686 343 341
f 686 341 687
f 687 341 342
f 687 342 688
f 688 342 348
f 688 348 689
f 689 348 347
f 689 347 690
f 690 347 346
f 690 346 691
f 691 346 337
f 691 337 680
f 680 337 338
f 692 693 694
f 695 696 697
f 698 699 694
f 694 699 700
f 694 700 692
f 697 701 695
f 695 701 702
f 695 702 703
f 703 702 699
f 703 699 704
f 704 699 698
f 357 695 355
f 355 695 703
f 355 703 353
f 353 703 704
f 353 704 351
f 351 704 698
f 351 698 349
f 349 698 694
f 379 380 349
f 349 380 350
f 705 363 706
f 706 363 362
f 706 362 707
f 707 362 359
f 707 359 708
f 708 359 360
f 708 360 709
f 709 360 361
f 709 361 710
f 710 361 370
f 710 370 711
f 711 370 369
f 711 369 712
f 712 369 368
f 712 368 713
f 713 368 367
f 713 367 714
f 714 367 366
f 714 366 715
f 715 366 365
f 715 365 716
f 716 365 364
f 716 364 705
f 705 364 363
f 717 718 719
f 720 721 722
f 722 721 723
f 722 723 724
f 719 725 717
f 717 725 726
f 717 726 727
f 727 726 721
f 727 721 728
f 728 721 720
f 379 717 377
f 377 717 727
f 377 727 375
f 375 727 728
f 375 728 373
f 373 728 720
f 373 720 371
f 371 720 722
f 401 402 371
f 371 402 372
f 729 381 730
f 730 381 382
f 730 382 731
f 731 382 392
f 731 392 732
f 732 392 391
f 732 391 733
f 733 391 390
f 733 390 734
f 734 390 389
f 734 389 735
f 735 389 388
f 735 388 736
f 736 388 387
f 736 387 737
f 737 387 386
f 737 386 738
f 738 386 385
f 738 385 739
f 739 385 384
f 739 384 740
f 740 384 383
f 740 383 729
f 729 383 381
f 741 742 743
f 744 745 746
f 746 745 747
f 746 747 748
f 749 746 750
f 750 746 748
f 750 748 751
f 751 748 752
f 751 752 743
f 743 752 753
f 743 753 741
f 401 746 399
f 399 746 749
f 399 749 397
f 397 749 750
f 397 750 395
f 395 750 751
f 395 751 393
f 393 751 743
f 412 405 393
f 393 405 394
f 412 754 411
f 411 754 755
f 411 755 410
f 410 755 756
f 410 756 409
f 409 756 757
f 409 757 408
f 408 757 758
f 759 760 758
f 754 761 762
f 757 763 758
f 758 763 764
f 758 764 759
f 762 765 754
f 754 765 766
f 754 766 755
f 755 766 763
f 755 763 756
f 756 763 757
f 767 415 768
f 768 415 414
f 768 414 769
f 769 414 413
f 769 413 770
f 770 413 421
f 770 421 771
f 771 421 420
f 771 420 772
f 772 420 419
f 772 419 773
f 773 419 417
f 773 417 774
f 774 417 418
f 774 418 775
f 775 418 424
f 775 424 776
f 776 424 423
f 776 423 777
f 777 423 422
f 777 422 778
f 778 422 416
f 778 416 767
f 767 416 415
f 50 126 242
f 242 126 290
f 242 290 233
f 233 290 291
f 233 291 234
f 234 291 280
f 234 280 236
f 236 280 279
f 236 279 237
f 237 279 294
f 237 294 267
f 267 294 293
f 779 780 781
f 781 782 779
f 779 782 783
f 779 783 784
f 784 783 785
f 784 785 786
f 787 452 426
f 781 780 49
f 452 787 451
f 787 785 451
f 451 785 783
f 451 783 49
f 49 783 782
f 49 782 781
f 425 788 426
f 426 788 789
f 426 789 787
f 790 791 425
f 425 791 792
f 425 792 788
f 434 436 793
f 425 428 790
f 790 428 430
f 790 430 793
f 793 430 432
f 793 432 434
f 794 795 442
f 442 795 796
f 442 796 440
f 440 796 793
f 440 793 438
f 438 793 436
f 443 797 460
f 460 797 798
f 460 798 441
f 441 798 794
f 441 794 442
f 73 799 800
f 800 801 73
f 73 801 802
f 73 802 443
f 443 802 803
f 443 803 797
f 804 805 806
f 807 808 809
f 467 810 811
f 811 810 812
f 811 812 813
f 813 812 814
f 814 812 815
f 814 815 816
f 816 815 809
f 816 809 817
f 817 809 808
f 817 808 818
f 675 677 819
f 819 820 675
f 675 820 821
f 675 821 670
f 670 821 822
f 670 822 673
f 673 822 823
f 673 823 674
f 461 674 462
f 462 674 823
f 462 823 463
f 463 823 464
f 466 465 824
f 819 804 820
f 820 804 806
f 820 806 821
f 821 806 825
f 821 825 822
f 822 825 826
f 822 826 823
f 823 826 824
f 823 824 464
f 464 824 465
f 805 807 806
f 806 807 809
f 806 809 825
f 825 809 815
f 825 815 826
f 826 815 812
f 826 812 824
f 824 812 810
f 824 810 466
f 466 810 467
f 73 74 799
f 799 74 467
f 799 467 827
f 827 467 828
f 677 549 819
f 819 549 504
f 819 504 804
f 804 504 503
f 804 503 805
f 805 503 501
f 805 501 807
f 807 501 500
f 807 500 808
f 808 500 515
f 808 515 818
f 818 515 517
f 517 518 473
f 473 518 474
f 518 522 474
f 474 522 521
f 474 521 475
f 521 520 475
f 475 520 513
f 475 513 477
f 513 512 477
f 477 512 523
f 477 523 479
f 523 525 479
f 479 525 527
f 479 527 481
f 527 528 481
f 481 528 530
f 481 530 483
f 533 485 532
f 532 485 483
f 532 483 531
f 531 483 530
f 829 533 830
f 830 533 510
f 830 510 831
f 506 832 507
f 507 832 831
f 507 831 509
f 509 831 510
f 535 678 536
f 536 678 833
f 536 833 506
f 506 833 834
f 506 834 832
f 559 558 835
f 557 556 836
f 829 830 837
f 829 837 838
f 838 837 839
f 838 839 840
f 840 839 841
f 841 839 842
f 841 842 843
f 843 842 836
f 843 836 844
f 844 836 556
f 844 556 555
f 679 561 560
f 560 845 679
f 679 845 846
f 679 846 671
f 671 846 847
f 671 847 672
f 672 847 848
f 672 848 676
f 678 676 833
f 833 676 848
f 833 848 834
f 834 848 832
f 830 831 837
f 837 831 849
f 837 849 839
f 839 849 850
f 839 850 842
f 842 850 851
f 842 851 836
f 836 851 835
f 836 835 557
f 557 835 558
f 831 832 849
f 849 832 848
f 849 848 850
f 850 848 847
f 850 847 851
f 851 847 846
f 851 846 835
f 835 846 845
f 835 845 559
f 559 845 560
f 852 853 854
f 854 853 555
f 854 555 75
f 75 555 76
f 855 856 75
f 75 856 857
f 75 857 854
f 573 858 589
f 589 858 855
f 589 855 570
f 570 855 75
f 572 859 573
f 573 859 860
f 573 860 858
f 861 862 588
f 588 862 863
f 588 863 586
f 586 863 864
f 578 580 864
f 859 572 865
f 865 572 866
f 866 572 867
f 867 572 571
f 867 571 864
f 864 571 576
f 864 576 578
f 580 582 864
f 864 582 584
f 864 584 586
f 868 869 870
f 871 872 873
f 873 872 874
f 873 874 870
f 870 874 875
f 870 875 868
f 597 876 587
f 587 876 861
f 587 861 588
f 562 872 597
f 597 872 877
f 597 877 876
f 99 869 562
f 562 869 868
f 868 875 562
f 562 875 874
f 562 874 872
f 128 100 162
f 162 100 210
f 162 210 153
f 153 210 211
f 153 211 154
f 154 211 200
f 154 200 156
f 156 200 199
f 156 199 157
f 157 199 214
f 157 214 187
f 187 214 213
f 878 879 624
f 624 879 880
f 624 880 622
f 622 880 881
f 616 618 881
f 881 618 620
f 881 620 622
f 882 883 608
f 608 883 884
f 608 884 885
f 608 607 882
f 882 607 612
f 882 612 881
f 881 612 614
f 881 614 616
f 633 886 623
f 623 886 878
f 623 878 624
f 598 887 633
f 633 887 888
f 633 888 886
f 125 889 598
f 598 889 890
f 890 891 598
f 598 891 892
f 598 892 887
f 890 889 893
f 894 887 895
f 895 887 892
f 895 892 893
f 893 892 891
f 893 891 890
f 896 897 898
f 898 899 896
f 896 899 900
f 896 900 901
f 901 900 902
f 901 902 903
f 904 661 635
f 898 897 127
f 661 904 660
f 904 902 660
f 660 902 900
f 660 900 127
f 127 900 899
f 127 899 898
f 634 905 635
f 635 905 906
f 635 906 904
f 907 905 634
f 637 908 634
f 634 908 909
f 634 909 907
f 637 639 908
f 908 639 641
f 908 641 643
f 910 911 651
f 651 911 912
f 651 912 649
f 649 912 913
f 649 913 647
f 647 913 908
f 647 908 645
f 645 908 643
f 914 915 101
f 101 915 916
f 101 916 917
f 609 918 625
f 625 918 914
f 625 914 606
f 606 914 101
f 608 885 609
f 609 885 919
f 609 919 918
f 652 920 669
f 669 920 921
f 669 921 650
f 650 921 910
f 650 910 651
f 151 922 923
f 923 924 151
f 151 924 925
f 151 925 652
f 652 925 926
f 652 926 920
f 173 307 174
f 174 307 277
f 174 277 159
f 159 277 276
f 159 276 160
f 160 276 274
f 160 274 171
f 171 274 273
f 171 273 170
f 170 273 282
f 170 282 152
f 152 282 102
f 761 927 762
f 762 927 928
f 762 928 765
f 765 928 929
f 765 929 766
f 766 929 930
f 766 930 763
f 763 930 931
f 763 931 764
f 764 931 932
f 933 760 934
f 934 760 759
f 934 759 932
f 932 759 764
f 696 681 682
f 686 935 685
f 685 935 936
f 685 936 684
f 684 936 696
f 684 696 683
f 683 696 682
f 408 758 760
f 696 695 681
f 681 695 357
f 681 357 680
f 680 357 408
f 680 408 691
f 691 408 760
f 691 760 690
f 760 933 935
f 686 687 935
f 935 687 688
f 935 688 760
f 760 688 689
f 760 689 690
f 696 936 697
f 697 936 937
f 697 937 701
f 701 937 938
f 701 938 702
f 702 938 939
f 702 939 699
f 699 939 940
f 699 940 700
f 700 940 941
f 942 693 943
f 943 693 692
f 943 692 941
f 941 692 700
f 349 694 693
f 712 379 711
f 711 379 349
f 711 349 710
f 710 349 693
f 710 693 709
f 709 693 708
f 713 718 712
f 712 718 717
f 712 717 379
f 713 714 718
f 718 714 715
f 718 715 944
f 715 716 944
f 944 716 705
f 944 705 942
f 942 705 706
f 942 706 693
f 693 706 707
f 693 707 708
f 945 725 946
f 946 725 719
f 946 719 947
f 947 719 718
f 947 718 944
f 725 945 726
f 726 945 948
f 726 948 721
f 721 948 949
f 721 949 723
f 723 949 950
f 723 950 724
f 724 950 951
f 371 722 724
f 732 733 724
f 724 733 734
f 724 734 371
f 371 734 735
f 371 735 401
f 401 735 736
f 401 736 746
f 746 736 744
f 744 736 737
f 744 737 738
f 952 953 744
f 738 739 744
f 744 739 740
f 744 740 952
f 952 740 729
f 952 729 951
f 951 729 730
f 951 730 724
f 724 730 731
f 724 731 732
f 744 953 745
f 745 953 954
f 745 954 747
f 747 954 955
f 747 955 748
f 748 955 956
f 748 956 752
f 752 956 957
f 752 957 753
f 753 957 958
f 959 742 960
f 960 742 741
f 960 741 958
f 958 741 753
f 761 768 769
f 393 743 742
f 769 770 761
f 761 770 771
f 761 771 927
f 761 754 768
f 768 754 412
f 768 412 767
f 767 412 393
f 767 393 778
f 778 393 742
f 778 742 777
f 777 742 776
f 771 772 927
f 927 772 773
f 927 773 959
f 959 773 774
f 959 774 742
f 742 774 775
f 742 775 776
f 889 125 126
f 50 49 780
f 779 893 780
f 780 893 889
f 780 889 50
f 50 889 126
f 800 799 827
f 803 802 827
f 827 802 801
f 827 801 800
f 961 794 962
f 962 794 798
f 962 798 827
f 827 798 797
f 827 797 803
f 963 796 961
f 961 796 795
f 961 795 794
f 964 793 965
f 965 793 796
f 965 796 966
f 966 796 963
f 964 967 793
f 793 967 968
f 793 968 790
f 790 968 969
f 790 969 791
f 791 969 970
f 791 970 971
f 786 785 787
f 786 787 972
f 971 973 791
f 791 973 974
f 791 974 792
f 792 974 975
f 792 975 788
f 788 975 972
f 788 972 789
f 789 972 787
f 828 467 976
f 976 467 811
f 976 811 977
f 977 811 813
f 977 813 978
f 813 814 978
f 978 814 816
f 978 816 979
f 979 816 817
f 979 817 980
f 980 817 818
f 980 818 981
f 517 473 818
f 818 473 981
f 829 982 533
f 533 982 485
f 983 843 984
f 984 843 844
f 984 844 985
f 985 844 555
f 985 555 853
f 982 829 986
f 986 829 838
f 986 838 987
f 987 838 840
f 987 840 983
f 983 840 841
f 983 841 843
f 988 989 862
f 862 861 988
f 988 861 876
f 988 876 871
f 871 876 877
f 871 877 872
f 989 990 862
f 862 990 991
f 862 991 863
f 992 864 993
f 993 864 863
f 993 863 994
f 994 863 991
f 992 995 864
f 864 995 996
f 864 996 867
f 867 996 997
f 867 997 866
f 866 997 998
f 999 865 1000
f 1000 865 866
f 1000 866 1001
f 1001 866 998
f 856 852 857
f 857 852 854
f 856 855 852
f 852 855 858
f 852 858 1002
f 1002 858 860
f 1002 860 999
f 999 860 859
f 999 859 865
f 869 99 100
f 128 127 897
f 896 870 897
f 897 870 869
f 897 869 128
f 128 869 100
f 888 887 894
f 879 878 1003
f 1003 878 894
f 894 878 886
f 894 886 888
f 1003 1004 879
f 879 1004 1005
f 879 1005 880
f 880 1005 1006
f 880 1006 881
f 881 1006 1007
f 1007 1008 881
f 881 1008 1009
f 881 1009 882
f 1009 1010 882
f 882 1010 1011
f 882 1011 883
f 1011 1012 883
f 883 1012 1013
f 883 1013 884
f 1014 917 916
f 916 915 1014
f 1014 915 914
f 1014 914 1015
f 1013 1016 884
f 884 1016 1017
f 884 1017 885
f 885 1017 1018
f 885 1018 919
f 919 1018 1015
f 919 1015 918
f 918 1015 914
f 925 924 1019
f 1019 924 923
f 1019 923 922
f 911 910 1020
f 1020 910 1021
f 910 921 1021
f 1021 921 920
f 1021 920 1019
f 1019 920 926
f 1019 926 925
f 1022 912 1023
f 1023 912 911
f 1023 911 1024
f 1024 911 1020
f 1022 1025 912
f 912 1025 1026
f 912 1026 913
f 913 1026 1027
f 913 1027 908
f 908 1027 1028
f 1028 1029 908
f 908 1029 1030
f 908 1030 909
f 909 1030 1031
f 909 1031 907
f 1031 1032 907
f 907 1032 1033
f 907 1033 905
f 905 1033 1034
f 905 1034 906
f 906 1034 903
f 906 903 904
f 904 903 902
f 152 102 917
f 917 102 101
f 1035 1036 917
f 1036 1037 917
f 917 1037 922
f 917 922 152
f 152 922 151
f 1037 1038 922
f 922 1038 1039
f 922 1039 1040
f 1041 1042 1019
f 1043 1044 1014
f 1014 1044 1045
f 1014 1045 917
f 917 1045 1046
f 917 1046 1035
f 1040 1047 922
f 922 1047 1048
f 922 1048 1019
f 1019 1048 1049
f 1019 1049 1041
f 1043 1014 1050
f 1050 1014 1051
f 1050 1051 1052
f 960 1053 1054
f 1055 1056 1057
f 1058 1059 1055
f 960 1054 959
f 959 1054 1060
f 959 1060 927
f 932 931 1061
f 1061 931 930
f 1057 1056 1062
f 1062 1056 1063
f 1062 1063 1061
f 1057 1064 1055
f 1055 1064 1065
f 1055 1065 1058
f 1058 1065 1066
f 1058 1066 1067
f 1063 1068 1061
f 1061 1068 1069
f 1061 1069 932
f 932 1069 1070
f 1070 1071 932
f 932 1071 1072
f 932 1072 934
f 1060 1073 927
f 927 1073 1074
f 927 1074 928
f 928 1074 1061
f 928 1061 929
f 929 1061 930
f 1075 1076 1077
f 1078 1079 1080
f 1081 1082 935
f 935 1082 1083
f 1083 1084 935
f 935 1084 1085
f 935 1085 936
f 1075 1077 1086
f 1086 1077 947
f 1086 947 1087
f 942 1088 1089
f 1080 1079 1090
f 1090 1079 1091
f 1090 1091 1092
f 1092 1091 1081
f 1092 1081 1093
f 1093 1081 935
f 1093 935 1072
f 1072 935 933
f 1072 933 934
f 942 1089 944
f 944 1089 1094
f 944 1094 947
f 947 1094 1095
f 947 1095 1087
f 1080 1096 1078
f 1078 1096 1097
f 1078 1097 1098
f 1085 1099 936
f 936 1099 1100
f 936 1100 937
f 937 1100 1101
f 937 1101 938
f 1102 1103 1104
f 1104 1103 1105
f 1104 1105 1106
f 1106 1105 1107
f 1106 1107 1076
f 1076 1107 1108
f 1076 1108 1077
f 1097 1109 1098
f 1098 1109 940
f 1098 940 1101
f 1101 940 939
f 1101 939 938
f 1109 1110 940
f 940 1110 1111
f 940 1111 1112
f 1088 942 1113
f 1113 942 943
f 1113 943 941
f 941 940 1113
f 1113 940 1112
f 1113 1112 1102
f 1102 1112 1114
f 1102 1114 1103
f 1115 952 1116
f 1116 952 951
f 1117 1058 1118
f 1118 1058 952
f 1118 952 1119
f 1119 952 1115
f 945 1120 948
f 948 1120 1121
f 948 1121 949
f 945 946 1120
f 1120 946 947
f 1120 947 1122
f 1122 947 1077
f 1122 1077 1123
f 1123 1077 1124
f 1123 1124 1125
f 1125 1124 1126
f 1125 1126 1117
f 1117 1126 1127
f 1117 1127 1058
f 1058 1127 1128
f 1058 1128 1059
f 949 1121 950
f 950 1121 1129
f 950 1129 951
f 951 1129 1130
f 951 1130 1116
f 958 1058 960
f 960 1058 1067
f 960 1067 1053
f 958 957 1058
f 1058 957 956
f 1058 956 955
f 955 954 1058
f 1058 954 953
f 1058 953 952
f 1131 895 893
f 1132 894 895
f 895 1131 1132
f 1132 1131 1133
f 1132 1133 1134
f 1134 1133 1135
f 1134 1135 1136
f 1136 1135 1137
f 1136 1137 1138
f 1139 1137 1140
f 1140 1137 1135
f 1140 1135 1141
f 1141 1135 1133
f 893 1142 1131
f 1131 1142 1143
f 1131 1143 1133
f 1133 1143 1144
f 1133 1144 1141
f 893 779 1142
f 1142 779 1145
f 1142 1145 1143
f 1143 1145 1146
f 1143 1146 1144
f 1144 1146 1147
f 1144 1147 1141
f 1141 1147 1148
f 1141 1148 1140
f 1140 1148 1149
f 1140 1149 1139
f 1139 1149 1150
f 1151 784 786
f 779 784 1145
f 1145 784 1151
f 1145 1151 1146
f 1146 1151 1152
f 1146 1152 1147
f 1147 1152 1148
f 1148 1152 1153
f 1148 1153 1149
f 1154 1155 1156
f 786 1157 1151
f 1151 1157 1158
f 1151 1158 1152
f 1152 1158 1154
f 1152 1154 1153
f 1153 1154 1156
f 1153 1156 1149
f 1149 1156 1150
f 1159 1160 1161
f 1162 1163 1164
f 1164 1163 1155
f 1164 1155 1154
f 1165 1166 1162
f 1162 1166 1167
f 1162 1167 1163
f 1162 1168 1165
f 1165 1168 1169
f 1165 1169 1170
f 1170 1169 1171
f 1170 1171 1172
f 1172 1171 1173
f 1172 1173 1174
f 1174 1173 1175
f 1174 1175 1176
f 1176 1175 1177
f 1176 1177 1178
f 1178 1177 1179
f 1178 1179 1180
f 1180 1179 1181
f 1180 1181 1182
f 1182 1181 1183
f 1182 1183 1184
f 962 827 1159
f 1159 1161 962
f 962 1161 1185
f 962 1185 961
f 961 1185 1186
f 961 1186 963
f 969 968 1187
f 1187 968 967
f 1187 967 1188
f 1188 967 964
f 1188 964 1189
f 1189 964 965
f 1189 965 1186
f 1186 965 966
f 1186 966 963
f 969 1187 970
f 970 1187 1190
f 970 1190 971
f 971 1190 1191
f 971 1191 973
f 973 1191 1192
f 973 1192 974
f 974 1192 975
f 975 1192 1193
f 975 1193 972
f 972 1193 1157
f 972 1157 786
f 1160 1194 1161
f 1161 1194 1195
f 1161 1195 1185
f 1185 1195 1196
f 1185 1196 1186
f 1186 1196 1197
f 1186 1197 1189
f 1189 1197 1198
f 1189 1198 1188
f 1188 1198 1199
f 1188 1199 1187
f 1187 1199 1200
f 1187 1200 1190
f 1190 1200 1201
f 1190 1201 1191
f 1191 1201 1202
f 1191 1202 1192
f 1192 1202 1203
f 1192 1203 1193
f 1193 1203 1204
f 1193 1204 1157
f 1157 1204 1158
f 1194 1183 1195
f 1195 1183 1181
f 1195 1181 1196
f 1196 1181 1179
f 1196 1179 1197
f 1197 1179 1177
f 1197 1177 1198
f 1198 1177 1175
f 1198 1175 1199
f 1199 1175 1173
f 1199 1173 1200
f 1200 1173 1171
f 1200 1171 1201
f 1201 1171 1169
f 1201 1169 1202
f 1202 1169 1168
f 1202 1168 1203
f 1203 1168 1162
f 1203 1162 1204
f 1204 1162 1164
f 1204 1164 1158
f 1158 1164 1154
f 827 828 1159
f 1159 828 1205
f 1159 1205 1160
f 1160 1205 1206
f 1160 1206 1194
f 1194 1206 1207
f 1194 1207 1183
f 1183 1207 1208
f 1183 1208 1184
f 981 1209 1210
f 981 1210 980
f 980 1210 1211
f 980 1211 979
f 979 1211 1212
f 979 1212 978
f 978 1212 1213
f 978 1213 977
f 977 1213 1214
f 977 1214 976
f 976 1214 1205
f 976 1205 828
f 1215 1208 1207
f 1207 1216 1215
f 1215 1216 1217
f 1215 1217 1218
f 1218 1217 1219
f 1218 1219 1220
f 1220 1219 1221
f 1220 1221 1222
f 1222 1221 1223
f 1222 1223 1224
f 1225 1224 1226
f 1226 1224 1223
f 1226 1223 1227
f 1227 1223 1228
f 1209 1229 1210
f 1210 1229 1230
f 1210 1230 1211
f 1211 1230 1231
f 1211 1231 1212
f 1212 1231 1232
f 1212 1232 1213
f 1213 1232 1233
f 1213 1233 1214
f 1214 1233 1234
f 1214 1234 1205
f 1205 1234 1206
f 1229 1228 1230
f 1230 1228 1223
f 1230 1223 1231
f 1231 1223 1221
f 1231 1221 1232
f 1232 1221 1219
f 1232 1219 1233
f 1233 1219 1217
f 1233 1217 1234
f 1234 1217 1216
f 1234 1216 1206
f 1206 1216 1207
f 981 473 1209
f 1209 473 471
f 1209 471 1229
f 1229 471 1228
f 1228 471 469
f 1228 469 1227
f 1227 469 1226
f 1226 469 468
f 1226 468 1225
f 982 1235 485
f 485 1235 486
f 1235 1236 486
f 486 1236 1237
f 486 1237 492
f 1238 499 1239
f 1239 499 492
f 1239 492 1240
f 1240 492 1237
f 853 1241 1242
f 853 1242 985
f 985 1242 1243
f 985 1243 984
f 984 1243 1244
f 984 1244 983
f 983 1244 1245
f 983 1245 987
f 987 1245 1246
f 987 1246 986
f 982 986 1235
f 1235 986 1246
f 1235 1246 1236
f 1236 1246 1237
f 1247 1238 1239
f 1239 1248 1247
f 1247 1248 1249
f 1247 1249 1250
f 1250 1249 1251
f 1250 1251 1252
f 1252 1251 1253
f 1252 1253 1254
f 1254 1253 1255
f 1254 1255 1256
f 1256 1255 1257
f 1256 1257 1258
f 1239 1240 1248
f 1248 1240 1259
f 1248 1259 1249
f 1249 1259 1260
f 1249 1260 1251
f 1251 1260 1261
f 1251 1261 1253
f 1253 1261 1262
f 1253 1262 1255
f 1255 1262 1263
f 1255 1263 1257
f 1257 1263 1264
f 1240 1237 1259
f 1259 1237 1246
f 1259 1246 1260
f 1260 1246 1245
f 1260 1245 1261
f 1261 1245 1244
f 1261 1244 1262
f 1262 1244 1243
f 1262 1243 1263
f 1263 1243 1242
f 1263 1242 1264
f 1264 1242 1241
f 1265 1266 1258
f 1258 1257 1265
f 1265 1257 1264
f 1265 1264 1267
f 1267 1264 1241
f 1267 1241 1268
f 1268 1241 1269
f 1269 1241 853
f 1269 853 852
f 1270 1271 871
f 871 1271 988
f 988 1271 989
f 989 1271 1272
f 989 1272 990
f 990 1272 1273
f 990 1273 991
f 997 996 1274
f 1274 996 995
f 1274 995 1275
f 1275 995 992
f 1275 992 1276
f 1276 992 993
f 1276 993 1273
f 1273 993 994
f 1273 994 991
f 1277 1268 1269
f 997 1274 998
f 998 1274 1278
f 998 1278 1001
f 1001 1278 1279
f 1001 1279 1000
f 1000 1279 1280
f 1000 1280 999
f 999 1280 1277
f 999 1277 1002
f 1002 1277 1269
f 1002 1269 852
f 1281 1266 1265
f 1265 1282 1281
f 1281 1282 1283
f 1281 1283 1284
f 1284 1283 1285
f 1284 1285 1286
f 1286 1285 1287
f 1286 1287 1288
f 1288 1287 1289
f 1288 1289 1290
f 1290 1289 1291
f 1290 1291 1292
f 1292 1291 1293
f 1292 1293 1294
f 1294 1293 1295
f 1294 1295 1296
f 1296 1295 1297
f 1296 1297 1298
f 1298 1297 1299
f 1298 1299 1300
f 1300 1299 1301
f 1300 1301 1302
f 1270 1303 1271
f 1271 1303 1304
f 1271 1304 1272
f 1272 1304 1305
f 1272 1305 1273
f 1273 1305 1306
f 1273 1306 1276
f 1276 1306 1307
f 1276 1307 1275
f 1275 1307 1308
f 1275 1308 1274
f 1274 1308 1309
f 1274 1309 1278
f 1278 1309 1310
f 1278 1310 1279
f 1279 1310 1311
f 1279 1311 1280
f 1280 1311 1312
f 1280 1312 1277
f 1277 1312 1313
f 1277 1313 1268
f 1268 1313 1267
f 1303 1301 1304
f 1304 1301 1299
f 1304 1299 1305
f 1305 1299 1297
f 1305 1297 1306
f 1306 1297 1295
f 1306 1295 1307
f 1307 1295 1293
f 1307 1293 1308
f 1308 1293 1291
f 1308 1291 1309
f 1309 1291 1289
f 1309 1289 1310
f 1310 1289 1287
f 1310 1287 1311
f 1311 1287 1285
f 1311 1285 1312
f 1312 1285 1283
f 1312 1283 1313
f 1313 1283 1282
f 1313 1282 1267
f 1267 1282 1265
f 1314 1315 1302
f 1316 1315 1317
f 1317 1315 1314
f 1317 1314 1318
f 1318 1314 1319
f 1318 1319 1320
f 1320 1319 1321
f 1321 1319 1322
f 1321 1322 1323
f 1270 871 873
f 1302 1301 1314
f 1314 1301 1303
f 1314 1303 1319
f 1319 1303 1270
f 1319 1270 1322
f 1322 1270 873
f 1322 873 1323
f 1323 873 870
f 1324 1316 1325
f 1325 1316 1317
f 1325 1317 1326
f 1326 1317 1318
f 1326 1318 1327
f 1327 1318 1320
f 1327 1320 1328
f 1328 1320 1321
f 1328 1321 1329
f 1329 1321 1323
f 1329 1323 896
f 896 1323 870
f 1330 1331 1324
f 1332 1333 1331
f 1331 1330 1332
f 1332 1330 1334
f 1332 1334 1335
f 1335 1334 1336
f 1335 1336 1337
f 1337 1336 901
f 1337 901 903
f 896 901 1329
f 1329 901 1336
f 1329 1336 1328
f 1328 1336 1334
f 1324 1325 1330
f 1330 1325 1326
f 1330 1326 1334
f 1334 1326 1327
f 1334 1327 1328
f 1051 1014 1015
f 1338 1339 1340
f 1341 1333 1332
f 1332 1342 1341
f 1341 1342 1343
f 1341 1343 1344
f 1344 1343 1345
f 1344 1345 1346
f 1346 1345 1347
f 1346 1347 1348
f 1348 1347 1349
f 1348 1349 1350
f 1350 1349 1351
f 1350 1351 1352
f 1352 1351 1353
f 1352 1353 1354
f 1354 1353 1355
f 1354 1355 1356
f 1356 1355 1357
f 1356 1357 1358
f 1358 1357 1359
f 1359 1357 1360
f 1359 1360 1361
f 1361 1360 1362
f 1361 1362 1363
f 1364 1365 1363
f 1338 1340 1366
f 1366 1340 1367
f 1366 1367 1368
f 1368 1367 1369
f 1368 1369 1370
f 1370 1369 1371
f 1370 1371 1372
f 1372 1371 1373
f 1372 1373 1374
f 1374 1373 1375
f 1374 1375 1376
f 1376 1375 1377
f 1376 1377 1378
f 1378 1377 1379
f 1378 1379 1380
f 1380 1379 1381
f 1380 1381 1382
f 1382 1381 1383
f 1382 1383 1384
f 1384 1383 1136
f 1384 1136 1138
f 1385 1006 1386
f 1386 1006 1005
f 1386 1005 1387
f 1387 1005 1004
f 1387 1004 1388
f 1388 1004 1003
f 1388 1003 1132
f 1132 1003 894
f 1389 1008 1385
f 1385 1008 1007
f 1385 1007 1006
f 1013 1012 1390
f 1390 1012 1011
f 1390 1011 1391
f 1391 1011 1010
f 1391 1010 1389
f 1389 1010 1009
f 1389 1009 1008
f 1044 1043 1392
f 1392 1043 1050
f 1392 1050 1052
f 1013 1390 1016
f 1016 1390 1393
f 1016 1393 1017
f 1017 1393 1394
f 1017 1394 1018
f 1018 1394 1392
f 1018 1392 1015
f 1015 1392 1052
f 1015 1052 1051
f 1045 1395 1046
f 1046 1395 1035
f 1038 1037 1364
f 1364 1037 1339
f 1364 1339 1365
f 1365 1339 1338
f 1363 1362 1364
f 1364 1362 1039
f 1364 1039 1038
f 1049 1048 1396
f 1396 1048 1047
f 1396 1047 1040
f 1019 1042 1397
f 1397 1042 1041
f 1019 1397 1021
f 1021 1397 1398
f 1021 1398 1020
f 1027 1026 1399
f 1399 1026 1025
f 1399 1025 1400
f 1400 1025 1022
f 1400 1022 1401
f 1401 1022 1023
f 1401 1023 1398
f 1398 1023 1024
f 1398 1024 1020
f 1027 1399 1028
f 1028 1399 1402
f 1028 1402 1029
f 1029 1402 1403
f 1029 1403 1030
f 1030 1403 1404
f 1030 1404 1031
f 1031 1404 1405
f 1031 1405 1032
f 1337 903 1406
f 1406 903 1034
f 1406 1034 1405
f 1405 1034 1033
f 1405 1033 1032
f 1132 1134 1388
f 1388 1134 1407
f 1388 1407 1387
f 1387 1407 1408
f 1387 1408 1386
f 1386 1408 1409
f 1386 1409 1385
f 1385 1409 1410
f 1385 1410 1389
f 1389 1410 1411
f 1389 1411 1391
f 1391 1411 1412
f 1391 1412 1390
f 1390 1412 1413
f 1390 1413 1393
f 1393 1413 1414
f 1393 1414 1394
f 1394 1414 1415
f 1394 1415 1392
f 1392 1415 1395
f 1392 1395 1044
f 1044 1395 1045
f 1041 1049 1397
f 1397 1049 1396
f 1397 1396 1398
f 1398 1396 1416
f 1398 1416 1401
f 1401 1416 1417
f 1401 1417 1400
f 1400 1417 1418
f 1400 1418 1399
f 1399 1418 1419
f 1399 1419 1402
f 1402 1419 1420
f 1402 1420 1403
f 1403 1420 1421
f 1403 1421 1404
f 1404 1421 1422
f 1404 1422 1405
f 1405 1422 1423
f 1405 1423 1406
f 1406 1423 1424
f 1406 1424 1337
f 1337 1424 1335
f 1134 1136 1407
f 1407 1136 1383
f 1407 1383 1408
f 1408 1383 1381
f 1408 1381 1409
f 1409 1381 1379
f 1409 1379 1410
f 1410 1379 1377
f 1410 1377 1411
f 1411 1377 1375
f 1411 1375 1412
f 1412 1375 1373
f 1412 1373 1413
f 1413 1373 1371
f 1413 1371 1414
f 1414 1371 1369
f 1414 1369 1415
f 1415 1369 1367
f 1415 1367 1395
f 1395 1367 1340
f 1395 1340 1035
f 1035 1340 1339
f 1035 1339 1036
f 1036 1339 1037
f 1332 1335 1342
f 1342 1335 1424
f 1342 1424 1343
f 1343 1424 1423
f 1343 1423 1345
f 1345 1423 1422
f 1345 1422 1347
f 1347 1422 1421
f 1347 1421 1349
f 1349 1421 1420
f 1349 1420 1351
f 1351 1420 1419
f 1351 1419 1353
f 1353 1419 1418
f 1353 1418 1355
f 1355 1418 1417
f 1355 1417 1357
f 1357 1417 1416
f 1357 1416 1360
f 1360 1416 1396
f 1360 1396 1362
f 1362 1396 1040
f 1362 1040 1039
f 1425 1067 1426
f 1426 1067 1066
f 1426 1066 1427
f 1427 1066 1065
f 1427 1065 1428
f 1428 1065 1064
f 1428 1064 1429
f 1429 1064 1057
f 1429 1057 1430
f 1430 1057 1062
f 1430 1062 1431
f 1431 1062 1061
f 1431 1061 1432
f 1432 1061 1074
f 1432 1074 1433
f 1433 1074 1073
f 1433 1073 1434
f 1434 1073 1060
f 1434 1060 1435
f 1435 1060 1054
f 1435 1054 1436
f 1436 1054 1053
f 1436 1053 1425
f 1425 1053 1067
f 1437 1079 1438
f 1438 1079 1078
f 1438 1078 1439
f 1439 1078 1098
f 1439 1098 1440
f 1440 1098 1101
f 1440 1101 1441
f 1441 1101 1100
f 1441 1100 1442
f 1442 1100 1099
f 1442 1099 1443
f 1443 1099 1085
f 1443 1085 1444
f 1444 1085 1084
f 1444 1084 1445
f 1445 1084 1083
f 1445 1083 1446
f 1446 1083 1082
f 1446 1082 1447
f 1447 1082 1081
f 1447 1081 1448
f 1448 1081 1091
f 1448 1091 1437
f 1437 1091 1079
f 1449 1086 1450
f 1450 1086 1087
f 1450 1087 1451
f 1451 1087 1095
f 1451 1095 1452
f 1452 1095 1094
f 1452 1094 1453
f 1453 1094 1089
f 1453 1089 1454
f 1454 1089 1088
f 1454 1088 1455
f 1455 1088 1113
f 1455 1113 1456
f 1456 1113 1102
f 1456 1102 1457
f 1457 1102 1104
f 1457 1104 1458
f 1458 1104 1106
f 1458 1106 1459
f 1459 1106 1076
f 1459 1076 1460
f 1460 1076 1075
f 1460 1075 1449
f 1449 1075 1086
f 1123 1461 1122
f 1122 1461 1462
f 1122 1462 1120
f 1120 1462 1463
f 1120 1463 1121
f 1121 1463 1464
f 1121 1464 1129
f 1129 1464 1465
f 1129 1465 1130
f 1130 1465 1466
f 1130 1466 1116
f 1116 1466 1467
f 1116 1467 1115
f 1115 1467 1468
f 1115 1468 1119
f 1119 1468 1469
f 1119 1469 1118
f 1118 1469 1470
f 1118 1470 1117
f 1117 1470 1471
f 1117 1471 1125
f 1125 1471 1472
f 1125 1472 1123
f 1123 1472 1461
f 1127 1473 1128
f 1128 1473 1474
f 1128 1474 1059
f 1059 1474 1475
f 1059 1475 1055
f 1055 1475 1056
f 1056 1475 1476
f 1056 1476 1063
f 1063 1476 1477
f 1063 1477 1068
f 1068 1477 1478
f 1068 1478 1069
f 1069 1478 1479
f 1069 1479 1070
f 1070 1479 1480
f 1070 1480 1071
f 1071 1480 1481
f 1071 1481 1072
f 1072 1481 1482
f 1072 1482 1093
f 1093 1482 1483
f 1093 1483 1092
f 1092 1483 1484
f 1092 1484 1090
f 1090 1484 1485
f 1090 1485 1080
f 1080 1485 1486
f 1080 1486 1096
f 1096 1486 1487
f 1096 1487 1097
f 1097 1487 1488
f 1097 1488 1109
f 1109 1488 1489
f 1109 1489 1110
f 1110 1489 1490
f 1110 1490 1111
f 1111 1490 1491
f 1111 1491 1112
f 1112 1491 1492
f 1112 1492 1114
f 1114 1492 1493
f 1114 1493 1103
f 1103 1493 1494
f 1103 1494 1105
f 1105 1494 1495
f 1105 1495 1107
f 1107 1495 1496
f 1107 1496 1108
f 1108 1496 1497
f 1108 1497 1077
f 1077 1497 1498
f 1077 1498 1124
f 1124 1498 1499
f 1124 1499 1126
f 1126 1499 1500
f 1126 1500 1127
f 1127 1500 1501
f 1127 1501 1473
f 1352 1354 1431
f 1480 1479 1354
f 1315 1316 1433
f 1425 1426 1502
f 1502 1426 1427
f 1502 1427 1428
f 1358 1359 1483
f 1331 1333 1432
f 1432 1333 1341
f 1432 1341 1431
f 1431 1341 1344
f 1431 1344 1346
f 1433 1316 1432
f 1432 1316 1324
f 1432 1324 1331
f 1354 1479 1431
f 1431 1479 1478
f 1431 1478 1430
f 1430 1478 1477
f 1430 1477 1429
f 1429 1477 1476
f 1429 1476 1428
f 1428 1476 1475
f 1428 1475 1502
f 1346 1348 1431
f 1431 1348 1350
f 1431 1350 1352
f 1436 1296 1435
f 1435 1296 1298
f 1435 1298 1434
f 1434 1298 1300
f 1434 1300 1433
f 1433 1300 1302
f 1433 1302 1315
f 1358 1483 1356
f 1356 1483 1482
f 1356 1482 1354
f 1354 1482 1481
f 1354 1481 1480
f 1286 1288 1502
f 1502 1288 1290
f 1502 1290 1292
f 1436 1425 1296
f 1296 1425 1502
f 1296 1502 1294
f 1294 1502 1292
f 1471 1470 1502
f 1286 1502 1284
f 1284 1502 1470
f 1284 1470 1469
f 1475 1474 1502
f 1502 1474 1473
f 1502 1473 1471
f 1471 1473 1501
f 1471 1501 1472
f 1472 1501 1500
f 1472 1500 1461
f 1461 1500 1499
f 1461 1499 1462
f 1462 1499 1498
f 1462 1498 1463
f 1182 1466 1180
f 1180 1466 1465
f 1180 1465 1178
f 1178 1465 1176
f 1176 1465 1464
f 1176 1464 1174
f 1182 1184 1466
f 1466 1184 1208
f 1466 1208 1467
f 1467 1208 1215
f 1467 1215 1218
f 1463 1170 1464
f 1464 1170 1172
f 1464 1172 1174
f 1218 1250 1467
f 1467 1250 1252
f 1467 1252 1468
f 1468 1252 1254
f 1468 1254 1469
f 1469 1254 1256
f 1469 1256 1258
f 1258 1266 1469
f 1469 1266 1281
f 1469 1281 1284
f 1218 1220 1250
f 1250 1220 1222
f 1250 1222 1247
f 1247 1222 1224
f 1247 1224 1238
f 1238 1224 1225
f 1238 1225 499
f 499 1225 468
f 499 468 498
f 498 468 493
f 496 497 495
f 495 497 498
f 495 498 494
f 494 498 493
f 1338 1442 1443
f 1444 1363 1443
f 1443 1363 1365
f 1443 1365 1338
f 1483 1446 1447
f 1446 1483 1445
f 1445 1483 1359
f 1445 1359 1444
f 1444 1359 1361
f 1444 1361 1363
f 1440 1489 1439
f 1439 1489 1438
f 1489 1488 1438
f 1438 1488 1487
f 1438 1487 1437
f 1437 1487 1486
f 1437 1486 1448
f 1448 1486 1485
f 1448 1485 1447
f 1447 1485 1484
f 1447 1484 1483
f 1460 1498 1459
f 1459 1498 1497
f 1459 1497 1458
f 1458 1497 1496
f 1458 1496 1457
f 1457 1496 1495
f 1457 1495 1456
f 1460 1449 1498
f 1498 1449 1166
f 1498 1166 1463
f 1463 1166 1165
f 1463 1165 1170
f 1156 1155 1453
f 1490 1372 1491
f 1491 1372 1492
f 1490 1489 1372
f 1372 1489 1440
f 1372 1440 1370
f 1370 1440 1441
f 1370 1441 1368
f 1368 1441 1442
f 1368 1442 1366
f 1366 1442 1338
f 1453 1155 1452
f 1376 1378 1455
f 1492 1455 1493
f 1493 1455 1456
f 1493 1456 1494
f 1494 1456 1495
f 1449 1450 1166
f 1166 1450 1451
f 1166 1451 1167
f 1167 1451 1452
f 1167 1452 1163
f 1163 1452 1155
f 1138 1137 1454
f 1454 1137 1139
f 1454 1139 1453
f 1453 1139 1150
f 1453 1150 1156
f 1492 1372 1455
f 1455 1372 1374
f 1455 1374 1376
f 1378 1380 1455
f 1455 1380 1382
f 1455 1382 1454
f 1454 1382 1384
f 1454 1384 1138

