# https://github.com/mikedh/trimesh

o g2_left_link.STL
v -0.00500000 0.00255665 0.01722000
v -0.00600000 0.00255665 0.01722000
v -0.00600000 0.00243184 0.01800799
v -0.00500000 0.00243184 0.01800799
v -0.00600000 0.00206964 0.01871885
v -0.00500000 0.00206964 0.01871885
v -0.00600000 0.00150550 0.01928299
v -0.00500000 0.00150550 0.01928299
v -0.00600000 0.00079464 0.01964519
v -0.00500000 0.00079464 0.01964519
v -0.00600000 0.00000665 0.01977000
v -0.00500000 0.00000665 0.01977000
v -0.00600000 -0.00078134 0.01964519
v -0.00500000 -0.00078134 0.01964519
v -0.00600000 -0.00149220 0.01928299
v -0.00500000 -0.00149220 0.01928299
v -0.00600000 -0.00205634 0.01871885
v -0.00500000 -0.00205634 0.01871885
v -0.00600000 -0.00241855 0.01800799
v -0.00500000 -0.00241855 0.01800799
v -0.00600000 -0.00254335 0.01722000
v -0.00500000 -0.00254335 0.01722000
v -0.00600000 -0.00241855 0.01643201
v -0.00500000 -0.00241855 0.01643201
v -0.00600000 -0.00205634 0.01572115
v -0.00500000 -0.00205634 0.01572115
v -0.00600000 -0.00149220 0.01515701
v -0.00500000 -0.00149220 0.01515701
v -0.00600000 -0.00078134 0.01479481
v -0.00500000 -0.00078134 0.01479481
v -0.00600000 0.00000665 0.01467000
v -0.00500000 0.00000665 0.01467000
v -0.00600000 0.00079464 0.01479481
v -0.00500000 0.00079464 0.01479481
v -0.00600000 0.00150550 0.01515701
v -0.00500000 0.00150550 0.01515701
v -0.00600000 0.00206964 0.01572115
v -0.00500000 0.00206964 0.01572115
v -0.00600000 0.00243184 0.01643201
v -0.00500000 0.00243184 0.01643201
v -0.00600000 0.00122531 0.01749815
v -0.00600000 0.00122531 0.01694185
v -0.00600000 0.00098394 0.01644064
v -0.00600000 -0.00097064 0.01799936
v -0.00600000 -0.00053571 0.01834621
v -0.00600000 0.00000665 0.01847000
v -0.00600000 0.00054900 0.01834621
v -0.00600000 0.00098394 0.01799936
v -0.00600000 -0.00121201 0.01694185
v -0.00600000 -0.00121201 0.01749815
v -0.00600000 0.00054900 0.01609379
v -0.00600000 0.00000665 0.01597000
v -0.00600000 -0.00053571 0.01609379
v -0.00600000 -0.00097064 0.01644064
v 0.00200000 0.00000665 0.01597000
v 0.00200000 -0.00053571 0.01609379
v 0.00200000 -0.00097064 0.01644064
v 0.00200000 -0.00121201 0.01694185
v 0.00200000 -0.00121201 0.01749815
v 0.00200000 -0.00097064 0.01799936
v 0.00200000 -0.00053571 0.01834621
v 0.00200000 0.00000665 0.01847000
v 0.00200000 0.00054900 0.01834621
v 0.00200000 0.00098394 0.01799936
v 0.00200000 0.00122531 0.01749815
v 0.00200000 0.00122531 0.01694185
v 0.00200000 0.00098394 0.01644064
v 0.00200000 0.00054900 0.01609379
v 0.00200000 -0.00195793 0.01948725
v 0.00200000 -0.00251711 0.01884192
v 0.00200000 0.00197123 0.01495275
v 0.00200000 0.00253041 0.01559808
v 0.00200000 -0.00287183 0.01806520
v 0.00200000 -0.00299335 0.01722000
v 0.00200000 -0.00287183 0.01637480
v 0.00200000 0.00043359 0.02018946
v 0.00200000 -0.00042030 0.02018946
v 0.00200000 -0.00123960 0.01994890
v 0.00200000 -0.00042030 0.01425054
v 0.00200000 0.00043359 0.01425054
v 0.00200000 0.00125289 0.01449110
v 0.00200000 0.00197123 0.01948725
v 0.00200000 0.00125289 0.01994890
v 0.00200000 0.00288513 0.01637480
v 0.00200000 0.00300665 0.01722000
v 0.00200000 0.00288513 0.01806520
v 0.00200000 0.00253041 0.01884192
v 0.00200000 -0.00251711 0.01559808
v 0.00200000 -0.00195793 0.01495275
v 0.00200000 -0.00123960 0.01449110
v 0.01200000 -0.00299335 0.01722000
v 0.01200000 -0.00287183 0.01637480
v 0.01200000 -0.00251711 0.01559808
v 0.01200000 -0.00195793 0.01495275
v 0.01200000 -0.00123960 0.01449110
v 0.01200000 -0.00042030 0.01425054
v 0.01200000 0.00043359 0.01425054
v 0.01200000 0.00125289 0.01449110
v 0.01200000 0.00197123 0.01495275
v 0.01200000 0.00253041 0.01559808
v 0.01200000 0.00288513 0.01637480
v 0.01200000 0.00300665 0.01722000
v 0.01200000 0.00288513 0.01806520
v 0.01200000 0.00253041 0.01884192
v 0.01200000 0.00197123 0.01948725
v 0.01200000 0.00125289 0.01994890
v 0.01200000 0.00043359 0.02018946
v 0.01200000 -0.00042030 0.02018946
v 0.01200000 -0.00123960 0.01994890
v 0.01200000 -0.00195793 0.01948725
v 0.01200000 -0.00251711 0.01884192
v 0.01200000 -0.00287183 0.01806520
v 0.00374892 -0.00449335 0.01322000
v 0.00450000 -0.00449335 0.01197000
v 0.00450000 -0.00395100 0.01209379
v 0.00450000 -0.00327469 0.01294185
v 0.00450000 -0.00327469 0.01349815
v 0.00450000 -0.00351606 0.01244064
v 0.00450000 -0.00395100 0.01434621
v 0.00450000 -0.00449335 0.01447000
v 0.00450000 -0.00351606 0.01399936
v 0.00450000 -0.00503571 0.01434621
v 0.00450000 -0.00571201 0.01349815
v 0.00450000 -0.00571201 0.01294185
v 0.00450000 -0.00547064 0.01399936
v 0.00450000 -0.00503571 0.01209379
v 0.00450000 -0.00547064 0.01244064
v 0.01200000 -0.00449335 0.01447000
v 0.01200000 -0.00503571 0.01434621
v 0.01200000 -0.00547064 0.01399936
v 0.01200000 -0.00571201 0.01349815
v 0.01200000 -0.00571201 0.01294185
v 0.01200000 -0.00547064 0.01244064
v 0.01200000 -0.00503571 0.01209379
v 0.01200000 -0.00449335 0.01197000
v 0.01200000 -0.00395100 0.01209379
v 0.01200000 -0.00351606 0.01244064
v 0.01200000 -0.00327469 0.01294185
v 0.01200000 -0.00327469 0.01349815
v 0.01200000 -0.00351606 0.01399936
v 0.01200000 -0.00395100 0.01434621
v 0.00374892 -0.00449335 0.02122000
v 0.00450000 -0.00449335 0.01997000
v 0.00450000 -0.00395100 0.02009379
v 0.00450000 -0.00327469 0.02094185
v 0.00450000 -0.00327469 0.02149815
v 0.00450000 -0.00351606 0.02044064
v 0.00450000 -0.00395100 0.02234621
v 0.00450000 -0.00449335 0.02247000
v 0.00450000 -0.00351606 0.02199936
v 0.00450000 -0.00503571 0.02234621
v 0.00450000 -0.00571201 0.02149815
v 0.00450000 -0.00571201 0.02094185
v 0.00450000 -0.00547064 0.02199936
v 0.00450000 -0.00503571 0.02009379
v 0.00450000 -0.00547064 0.02044064
v 0.01200000 -0.00449335 0.02247000
v 0.01200000 -0.00503571 0.02234621
v 0.01200000 -0.00547064 0.02199936
v 0.01200000 -0.00571201 0.02149815
v 0.01200000 -0.00571201 0.02094185
v 0.01200000 -0.00547064 0.02044064
v 0.01200000 -0.00503571 0.02009379
v 0.01200000 -0.00449335 0.01997000
v 0.01200000 -0.00395100 0.02009379
v 0.01200000 -0.00351606 0.02044064
v 0.01200000 -0.00327469 0.02094185
v 0.01200000 -0.00327469 0.02149815
v 0.01200000 -0.00351606 0.02199936
v 0.01200000 -0.00395100 0.02234621
v 0.00374892 0.00450665 0.01322000
v 0.00450000 0.00450665 0.01197000
v 0.00450000 0.00504900 0.01209379
v 0.00450000 0.00572531 0.01294185
v 0.00450000 0.00572531 0.01349815
v 0.00450000 0.00548394 0.01244064
v 0.00450000 0.00504900 0.01434621
v 0.00450000 0.00450665 0.01447000
v 0.00450000 0.00548394 0.01399936
v 0.00450000 0.00396429 0.01434621
v 0.00450000 0.00328799 0.01349815
v 0.00450000 0.00328799 0.01294185
v 0.00450000 0.00352936 0.01399936
v 0.00450000 0.00396429 0.01209379
v 0.00450000 0.00352936 0.01244064
v 0.01200000 0.00450665 0.01447000
v 0.01200000 0.00396429 0.01434621
v 0.01200000 0.00352936 0.01399936
v 0.01200000 0.00328799 0.01349815
v 0.01200000 0.00328799 0.01294185
v 0.01200000 0.00352936 0.01244064
v 0.01200000 0.00396429 0.01209379
v 0.01200000 0.00450665 0.01197000
v 0.01200000 0.00504900 0.01209379
v 0.01200000 0.00548394 0.01244064
v 0.01200000 0.00572531 0.01294185
v 0.01200000 0.00572531 0.01349815
v 0.01200000 0.00548394 0.01399936
v 0.01200000 0.00504900 0.01434621
v 0.00374892 0.00450665 0.02122000
v 0.00450000 0.00450665 0.01997000
v 0.00450000 0.00504900 0.02009379
v 0.00450000 0.00572531 0.02094185
v 0.00450000 0.00572531 0.02149815
v 0.00450000 0.00548394 0.02044064
v 0.00450000 0.00504900 0.02234621
v 0.00450000 0.00450665 0.02247000
v 0.00450000 0.00548394 0.02199936
v 0.00450000 0.00396429 0.02234621
v 0.00450000 0.00328799 0.02149815
v 0.00450000 0.00328799 0.02094185
v 0.00450000 0.00352936 0.02199936
v 0.00450000 0.00396429 0.02009379
v 0.00450000 0.00352936 0.02044064
v 0.01200000 0.00450665 0.02247000
v 0.01200000 0.00396429 0.02234621
v 0.01200000 0.00352936 0.02199936
v 0.01200000 0.00328799 0.02149815
v 0.01200000 0.00328799 0.02094185
v 0.01200000 0.00352936 0.02044064
v 0.01200000 0.00396429 0.02009379
v 0.01200000 0.00450665 0.01997000
v 0.01200000 0.00504900 0.02009379
v 0.01200000 0.00548394 0.02044064
v 0.01200000 0.00572531 0.02094185
v 0.01200000 0.00572531 0.02149815
v 0.01200000 0.00548394 0.02199936
v 0.01200000 0.00504900 0.02234621
v 0.01200000 -0.01499335 0.01847000
v 0.00700000 -0.01499335 0.01847000
v 0.01200000 -0.01445100 0.01834621
v 0.00700000 -0.01445100 0.01834621
v 0.01200000 -0.01401606 0.01799936
v 0.00700000 -0.01401606 0.01799936
v 0.01200000 -0.01377469 0.01749815
v 0.00700000 -0.01377469 0.01749815
v 0.01200000 -0.01377469 0.01694185
v 0.00700000 -0.01377469 0.01694185
v 0.01200000 -0.01401606 0.01644064
v 0.00700000 -0.01401606 0.01644064
v 0.01200000 -0.01445100 0.01609379
v 0.00700000 -0.01445100 0.01609379
v 0.01200000 -0.01499335 0.01597000
v 0.00700000 -0.01499335 0.01597000
v 0.01200000 -0.01553571 0.01609379
v 0.00700000 -0.01553571 0.01609379
v 0.01200000 -0.01597064 0.01644064
v 0.00700000 -0.01597064 0.01644064
v 0.01200000 -0.01621201 0.01694185
v 0.00700000 -0.01621201 0.01694185
v 0.01200000 -0.01621201 0.01749815
v 0.00700000 -0.01621201 0.01749815
v 0.01200000 -0.01597064 0.01799936
v 0.00700000 -0.01597064 0.01799936
v 0.01200000 -0.01553571 0.01834621
v 0.00700000 -0.01553571 0.01834621
v 0.00980000 -0.02199335 0.02332000
v 0.01200000 -0.02199335 0.02332000
v 0.00980000 -0.02271159 0.02319335
v 0.01200000 -0.02271159 0.02319335
v 0.00980000 -0.02334320 0.02282869
v 0.01200000 -0.02334320 0.02282869
v 0.00980000 -0.02381200 0.02227000
v 0.01200000 -0.02381200 0.02227000
v 0.00980000 -0.02406145 0.02158466
v 0.01200000 -0.02406145 0.02158466
v 0.00980000 -0.02406145 0.02085534
v 0.01200000 -0.02406145 0.02085534
v 0.00980000 -0.02381200 0.02017000
v 0.01200000 -0.02381200 0.02017000
v 0.00980000 -0.02334320 0.01961131
v 0.01200000 -0.02334320 0.01961131
v 0.00980000 -0.02271159 0.01924665
v 0.01200000 -0.02271159 0.01924665
v 0.00980000 -0.02199335 0.01912000
v 0.01200000 -0.02199335 0.01912000
v 0.00980000 -0.02127511 0.01924665
v 0.01200000 -0.02127511 0.01924665
v 0.00980000 -0.02064350 0.01961131
v 0.01200000 -0.02064350 0.01961131
v 0.00980000 -0.02017470 0.02017000
v 0.01200000 -0.02017470 0.02017000
v 0.00980000 -0.01992525 0.02085534
v 0.01200000 -0.01992525 0.02085534
v 0.00980000 -0.01992525 0.02158466
v 0.01200000 -0.01992525 0.02158466
v 0.00980000 -0.02017470 0.02227000
v 0.01200000 -0.02017470 0.02227000
v 0.00980000 -0.02064350 0.02282869
v 0.01200000 -0.02064350 0.02282869
v 0.00980000 -0.02127511 0.02319335
v 0.01200000 -0.02127511 0.02319335
v 0.00980000 -0.02247062 0.02221107
v 0.00980000 -0.02285337 0.02190584
v 0.00980000 -0.02306577 0.02146477
v 0.00980000 -0.02306577 0.02097523
v 0.00980000 -0.02285337 0.02053416
v 0.00980000 -0.02113334 0.02190584
v 0.00980000 -0.02151608 0.02221107
v 0.00980000 -0.02199335 0.02232000
v 0.00980000 -0.02151608 0.02022893
v 0.00980000 -0.02113334 0.02053416
v 0.00980000 -0.02092093 0.02097523
v 0.00980000 -0.02092093 0.02146477
v 0.00980000 -0.02247062 0.02022893
v 0.00980000 -0.02199335 0.02012000
v 0.00700000 -0.02199335 0.02232000
v 0.00700000 -0.02247062 0.02221107
v 0.00700000 -0.02285337 0.02190584
v 0.00700000 -0.02306577 0.02146477
v 0.00700000 -0.02306577 0.02097523
v 0.00700000 -0.02285337 0.02053416
v 0.00700000 -0.02247062 0.02022893
v 0.00700000 -0.02199335 0.02012000
v 0.00700000 -0.02151608 0.02022893
v 0.00700000 -0.02113334 0.02053416
v 0.00700000 -0.02092093 0.02097523
v 0.00700000 -0.02092093 0.02146477
v 0.00700000 -0.02113334 0.02190584
v 0.00700000 -0.02151608 0.02221107
v 0.00980000 -0.02199335 0.01532000
v 0.01200000 -0.02199335 0.01532000
v 0.00980000 -0.02271159 0.01519335
v 0.01200000 -0.02271159 0.01519335
v 0.00980000 -0.02334320 0.01482869
v 0.01200000 -0.02334320 0.01482869
v 0.00980000 -0.02381200 0.01427000
v 0.01200000 -0.02381200 0.01427000
v 0.00980000 -0.02406145 0.01358466
v 0.01200000 -0.02406145 0.01358466
v 0.00980000 -0.02406145 0.01285534
v 0.01200000 -0.02406145 0.01285534
v 0.00980000 -0.02381200 0.01217000
v 0.01200000 -0.02381200 0.01217000
v 0.00980000 -0.02334320 0.01161131
v 0.01200000 -0.02334320 0.01161131
v 0.00980000 -0.02271159 0.01124665
v 0.01200000 -0.02271159 0.01124665
v 0.00980000 -0.02199335 0.01112000
v 0.01200000 -0.02199335 0.01112000
v 0.00980000 -0.02127511 0.01124665
v 0.01200000 -0.02127511 0.01124665
v 0.00980000 -0.02064350 0.01161131
v 0.01200000 -0.02064350 0.01161131
v 0.00980000 -0.02017470 0.01217000
v 0.01200000 -0.02017470 0.01217000
v 0.00980000 -0.01992525 0.01285534
v 0.01200000 -0.01992525 0.01285534
v 0.00980000 -0.01992525 0.01358466
v 0.01200000 -0.01992525 0.01358466
v 0.00980000 -0.02017470 0.01427000
v 0.01200000 -0.02017470 0.01427000
v 0.00980000 -0.02064350 0.01482869
v 0.01200000 -0.02064350 0.01482869
v 0.00980000 -0.02127511 0.01519335
v 0.01200000 -0.02127511 0.01519335
v 0.00980000 -0.02247062 0.01421107
v 0.00980000 -0.02285337 0.01390584
v 0.00980000 -0.02306577 0.01346477
v 0.00980000 -0.02306577 0.01297523
v 0.00980000 -0.02285337 0.01253416
v 0.00980000 -0.02113334 0.01390584
v 0.00980000 -0.02151608 0.01421107
v 0.00980000 -0.02199335 0.01432000
v 0.00980000 -0.02151608 0.01222893
v 0.00980000 -0.02113334 0.01253416
v 0.00980000 -0.02092093 0.01297523
v 0.00980000 -0.02092093 0.01346477
v 0.00980000 -0.02247062 0.01222893
v 0.00980000 -0.02199335 0.01212000
v 0.00700000 -0.02199335 0.01432000
v 0.00700000 -0.02247062 0.01421107
v 0.00700000 -0.02285337 0.01390584
v 0.00700000 -0.02306577 0.01346477
v 0.00700000 -0.02306577 0.01297523
v 0.00700000 -0.02285337 0.01253416
v 0.00700000 -0.02247062 0.01222893
v 0.00700000 -0.02199335 0.01212000
v 0.00700000 -0.02151608 0.01222893
v 0.00700000 -0.02113334 0.01253416
v 0.00700000 -0.02092093 0.01297523
v 0.00700000 -0.02092093 0.01346477
v 0.00700000 -0.02113334 0.01390584
v 0.00700000 -0.02151608 0.01421107
v 0.00980000 -0.00999335 0.02332000
v 0.01200000 -0.00999335 0.02332000
v 0.00980000 -0.01071159 0.02319335
v 0.01200000 -0.01071159 0.02319335
v 0.00980000 -0.01134321 0.02282869
v 0.01200000 -0.01134321 0.02282869
v 0.00980000 -0.01181200 0.02227000
v 0.01200000 -0.01181200 0.02227000
v 0.00980000 -0.01206145 0.02158466
v 0.01200000 -0.01206145 0.02158466
v 0.00980000 -0.01206145 0.02085534
v 0.01200000 -0.01206145 0.02085534
v 0.00980000 -0.01181200 0.02017000
v 0.01200000 -0.01181200 0.02017000
v 0.00980000 -0.01134321 0.01961131
v 0.01200000 -0.01134321 0.01961131
v 0.00980000 -0.01071159 0.01924665
v 0.01200000 -0.01071159 0.01924665
v 0.00980000 -0.00999335 0.01912000
v 0.01200000 -0.00999335 0.01912000
v 0.00980000 -0.00927511 0.01924665
v 0.01200000 -0.00927511 0.01924665
v 0.00980000 -0.00864350 0.01961131
v 0.01200000 -0.00864350 0.01961131
v 0.00980000 -0.00817470 0.02017000
v 0.01200000 -0.00817470 0.02017000
v 0.00980000 -0.00792526 0.02085534
v 0.01200000 -0.00792526 0.02085534
v 0.00980000 -0.00792526 0.02158466
v 0.01200000 -0.00792526 0.02158466
v 0.00980000 -0.00817470 0.02227000
v 0.01200000 -0.00817470 0.02227000
v 0.00980000 -0.00864350 0.02282869
v 0.01200000 -0.00864350 0.02282869
v 0.00980000 -0.00927511 0.02319335
v 0.01200000 -0.00927511 0.02319335
v 0.00980000 -0.01047062 0.02221107
v 0.00980000 -0.01085337 0.02190584
v 0.00980000 -0.01106577 0.02146477
v 0.00980000 -0.01106577 0.02097523
v 0.00980000 -0.01085337 0.02053416
v 0.00980000 -0.00913334 0.02190584
v 0.00980000 -0.00951608 0.02221107
v 0.00980000 -0.00999335 0.02232000
v 0.00980000 -0.00951608 0.02022893
v 0.00980000 -0.00913334 0.02053416
v 0.00980000 -0.00892093 0.02097523
v 0.00980000 -0.00892093 0.02146477
v 0.00980000 -0.01047062 0.02022893
v 0.00980000 -0.00999335 0.02012000
v 0.00700000 -0.00999335 0.02232000
v 0.00700000 -0.01047062 0.02221107
v 0.00700000 -0.01085337 0.02190584
v 0.00700000 -0.01106577 0.02146477
v 0.00700000 -0.01106577 0.02097523
v 0.00700000 -0.01085337 0.02053416
v 0.00700000 -0.01047062 0.02022893
v 0.00700000 -0.00999335 0.02012000
v 0.00700000 -0.00951608 0.02022893
v 0.00700000 -0.00913334 0.02053416
v 0.00700000 -0.00892093 0.02097523
v 0.00700000 -0.00892093 0.02146477
v 0.00700000 -0.00913334 0.02190584
v 0.00700000 -0.00951608 0.02221107
v 0.00980000 -0.00999335 0.01532000
v 0.01200000 -0.00999335 0.01532000
v 0.00980000 -0.01071159 0.01519335
v 0.01200000 -0.01071159 0.01519335
v 0.00980000 -0.01134321 0.01482869
v 0.01200000 -0.01134321 0.01482869
v 0.00980000 -0.01181200 0.01427000
v 0.01200000 -0.01181200 0.01427000
v 0.00980000 -0.01206145 0.01358466
v 0.01200000 -0.01206145 0.01358466
v 0.00980000 -0.01206145 0.01285534
v 0.01200000 -0.01206145 0.01285534
v 0.00980000 -0.01181200 0.01217000
v 0.01200000 -0.01181200 0.01217000
v 0.00980000 -0.01134321 0.01161131
v 0.01200000 -0.01134321 0.01161131
v 0.00980000 -0.01071159 0.01124665
v 0.01200000 -0.01071159 0.01124665
v 0.00980000 -0.00999335 0.01112000
v 0.01200000 -0.00999335 0.01112000
v 0.00980000 -0.00927511 0.01124665
v 0.01200000 -0.00927511 0.01124665
v 0.00980000 -0.00864350 0.01161131
v 0.01200000 -0.00864350 0.01161131
v 0.00980000 -0.00817470 0.01217000
v 0.01200000 -0.00817470 0.01217000
v 0.00980000 -0.00792526 0.01285534
v 0.01200000 -0.00792526 0.01285534
v 0.00980000 -0.00792526 0.01358466
v 0.01200000 -0.00792526 0.01358466
v 0.00980000 -0.00817470 0.01427000
v 0.01200000 -0.00817470 0.01427000
v 0.00980000 -0.00864350 0.01482869
v 0.01200000 -0.00864350 0.01482869
v 0.00980000 -0.00927511 0.01519335
v 0.01200000 -0.00927511 0.01519335
v 0.00980000 -0.01085337 0.01253416
v 0.00980000 -0.01047062 0.01222893
v 0.00980000 -0.00999335 0.01212000
v 0.00980000 -0.00951608 0.01222893
v 0.00980000 -0.01047062 0.01421107
v 0.00980000 -0.01085337 0.01390584
v 0.00980000 -0.01106577 0.01346477
v 0.00980000 -0.01106577 0.01297523
v 0.00980000 -0.00913334 0.01390584
v 0.00980000 -0.00951608 0.01421107
v 0.00980000 -0.00999335 0.01432000
v 0.00980000 -0.00913334 0.01253416
v 0.00980000 -0.00892093 0.01297523
v 0.00980000 -0.00892093 0.01346477
v 0.00700000 -0.00999335 0.01432000
v 0.00700000 -0.01047062 0.01421107
v 0.00700000 -0.01085337 0.01390584
v 0.00700000 -0.01106577 0.01346477
v 0.00700000 -0.01106577 0.01297523
v 0.00700000 -0.01085337 0.01253416
v 0.00700000 -0.01047062 0.01222893
v 0.00700000 -0.00999335 0.01212000
v 0.00700000 -0.00951608 0.01222893
v 0.00700000 -0.00913334 0.01253416
v 0.00700000 -0.00892093 0.01297523
v 0.00700000 -0.00892093 0.01346477
v 0.00700000 -0.00913334 0.01390584
v 0.00700000 -0.00951608 0.01421107
v 0.00700000 0.01500665 0.01847000
v 0.01200000 0.01500665 0.01847000
v 0.00700000 0.01446429 0.01834621
v 0.01200000 0.01446429 0.01834621
v 0.00700000 0.01402936 0.01799936
v 0.01200000 0.01402936 0.01799936
v 0.00700000 0.01378799 0.01749815
v 0.01200000 0.01378799 0.01749815
v 0.00700000 0.01378799 0.01694185
v 0.01200000 0.01378799 0.01694185
v 0.00700000 0.01402936 0.01644064
v 0.01200000 0.01402936 0.01644064
v 0.00700000 0.01446429 0.01609379
v 0.01200000 0.01446429 0.01609379
v 0.00700000 0.01500665 0.01597000
v 0.01200000 0.01500665 0.01597000
v 0.00700000 0.01554900 0.01609379
v 0.01200000 0.01554900 0.01609379
v 0.00700000 0.01598394 0.01644064
v 0.01200000 0.01598394 0.01644064
v 0.00700000 0.01622531 0.01694185
v 0.01200000 0.01622531 0.01694185
v 0.00700000 0.01622531 0.01749815
v 0.01200000 0.01622531 0.01749815
v 0.00700000 0.01598394 0.01799936
v 0.01200000 0.01598394 0.01799936
v 0.00700000 0.01554900 0.01834621
v 0.01200000 0.01554900 0.01834621
v 0.01200000 0.02200665 0.02332000
v 0.00980000 0.02200665 0.02332000
v 0.01200000 0.02272489 0.02319335
v 0.00980000 0.02272489 0.02319335
v 0.01200000 0.02335650 0.02282869
v 0.00980000 0.02335650 0.02282869
v 0.01200000 0.02382530 0.02227000
v 0.00980000 0.02382530 0.02227000
v 0.01200000 0.02407475 0.02158466
v 0.00980000 0.02407475 0.02158466
v 0.01200000 0.02407475 0.02085534
v 0.00980000 0.02407475 0.02085534
v 0.01200000 0.02382530 0.02017000
v 0.00980000 0.02382530 0.02017000
v 0.01200000 0.02335650 0.01961131
v 0.00980000 0.02335650 0.01961131
v 0.01200000 0.02272489 0.01924665
v 0.00980000 0.02272489 0.01924665
v 0.01200000 0.02200665 0.01912000
v 0.00980000 0.02200665 0.01912000
v 0.01200000 0.02128841 0.01924665
v 0.00980000 0.02128841 0.01924665
v 0.01200000 0.02065680 0.01961131
v 0.00980000 0.02065680 0.01961131
v 0.01200000 0.02018800 0.02017000
v 0.00980000 0.02018800 0.02017000
v 0.01200000 0.01993855 0.02085534
v 0.00980000 0.01993855 0.02085534
v 0.01200000 0.01993855 0.02158466
v 0.00980000 0.01993855 0.02158466
v 0.01200000 0.02018800 0.02227000
v 0.00980000 0.02018800 0.02227000
v 0.01200000 0.02065680 0.02282869
v 0.00980000 0.02065680 0.02282869
v 0.01200000 0.02128841 0.02319335
v 0.00980000 0.02128841 0.02319335
v 0.00980000 0.02152938 0.02221107
v 0.00980000 0.02114663 0.02190584
v 0.00980000 0.02093423 0.02146477
v 0.00980000 0.02093423 0.02097523
v 0.00980000 0.02114663 0.02053416
v 0.00980000 0.02152938 0.02022893
v 0.00980000 0.02200665 0.02012000
v 0.00980000 0.02248392 0.02022893
v 0.00980000 0.02286666 0.02190584
v 0.00980000 0.02248392 0.02221107
v 0.00980000 0.02200665 0.02232000
v 0.00980000 0.02286666 0.02053416
v 0.00980000 0.02307907 0.02097523
v 0.00980000 0.02307907 0.02146477
v 0.00700000 0.02200665 0.02232000
v 0.00700000 0.02248392 0.02221107
v 0.00700000 0.02286666 0.02190584
v 0.00700000 0.02307907 0.02146477
v 0.00700000 0.02307907 0.02097523
v 0.00700000 0.02286666 0.02053416
v 0.00700000 0.02248392 0.02022893
v 0.00700000 0.02200665 0.02012000
v 0.00700000 0.02152938 0.02022893
v 0.00700000 0.02114663 0.02053416
v 0.00700000 0.02093423 0.02097523
v 0.00700000 0.02093423 0.02146477
v 0.00700000 0.02114663 0.02190584
v 0.00700000 0.02152938 0.02221107
v 0.01200000 0.02200665 0.01532000
v 0.00980000 0.02200665 0.01532000
v 0.01200000 0.02272489 0.01519335
v 0.00980000 0.02272489 0.01519335
v 0.01200000 0.02335650 0.01482869
v 0.00980000 0.02335650 0.01482869
v 0.01200000 0.02382530 0.01427000
v 0.00980000 0.02382530 0.01427000
v 0.01200000 0.02407475 0.01358466
v 0.00980000 0.02407475 0.01358466
v 0.01200000 0.02407475 0.01285534
v 0.00980000 0.02407475 0.01285534
v 0.01200000 0.02382530 0.01217000
v 0.00980000 0.02382530 0.01217000
v 0.01200000 0.02335650 0.01161131
v 0.00980000 0.02335650 0.01161131
v 0.01200000 0.02272489 0.01124665
v 0.00980000 0.02272489 0.01124665
v 0.01200000 0.02200665 0.01112000
v 0.00980000 0.02200665 0.01112000
v 0.01200000 0.02128841 0.01124665
v 0.00980000 0.02128841 0.01124665
v 0.01200000 0.02065680 0.01161131
v 0.00980000 0.02065680 0.01161131
v 0.01200000 0.02018800 0.01217000
v 0.00980000 0.02018800 0.01217000
v 0.01200000 0.01993855 0.01285534
v 0.00980000 0.01993855 0.01285534
v 0.01200000 0.01993855 0.01358466
v 0.00980000 0.01993855 0.01358466
v 0.01200000 0.02018800 0.01427000
v 0.00980000 0.02018800 0.01427000
v 0.01200000 0.02065680 0.01482869
v 0.00980000 0.02065680 0.01482869
v 0.01200000 0.02128841 0.01519335
v 0.00980000 0.02128841 0.01519335
v 0.00980000 0.02152938 0.01421107
v 0.00980000 0.02114663 0.01390584
v 0.00980000 0.02093423 0.01346477
v 0.00980000 0.02093423 0.01297523
v 0.00980000 0.02114663 0.01253416
v 0.00980000 0.02152938 0.01222893
v 0.00980000 0.02200665 0.01212000
v 0.00980000 0.02248392 0.01222893
v 0.00980000 0.02286666 0.01390584
v 0.00980000 0.02248392 0.01421107
v 0.00980000 0.02200665 0.01432000
v 0.00980000 0.02286666 0.01253416
v 0.00980000 0.02307907 0.01297523
v 0.00980000 0.02307907 0.01346477
v 0.00700000 0.02200665 0.01432000
v 0.00700000 0.02248392 0.01421107
v 0.00700000 0.02286666 0.01390584
v 0.00700000 0.02307907 0.01346477
v 0.00700000 0.02307907 0.01297523
v 0.00700000 0.02286666 0.01253416
v 0.00700000 0.02248392 0.01222893
v 0.00700000 0.02200665 0.01212000
v 0.00700000 0.02152938 0.01222893
v 0.00700000 0.02114663 0.01253416
v 0.00700000 0.02093423 0.01297523
v 0.00700000 0.02093423 0.01346477
v 0.00700000 0.02114663 0.01390584
v 0.00700000 0.02152938 0.01421107
v 0.01200000 0.01000665 0.02332000
v 0.00980000 0.01000665 0.02332000
v 0.01200000 0.01072489 0.02319335
v 0.00980000 0.01072489 0.02319335
v 0.01200000 0.01135650 0.02282869
v 0.00980000 0.01135650 0.02282869
v 0.01200000 0.01182530 0.02227000
v 0.00980000 0.01182530 0.02227000
v 0.01200000 0.01207475 0.02158466
v 0.00980000 0.01207475 0.02158466
v 0.01200000 0.01207475 0.02085534
v 0.00980000 0.01207475 0.02085534
v 0.01200000 0.01182530 0.02017000
v 0.00980000 0.01182530 0.02017000
v 0.01200000 0.01135650 0.01961131
v 0.00980000 0.01135650 0.01961131
v 0.01200000 0.01072489 0.01924665
v 0.00980000 0.01072489 0.01924665
v 0.01200000 0.01000665 0.01912000
v 0.00980000 0.01000665 0.01912000
v 0.01200000 0.00928841 0.01924665
v 0.00980000 0.00928841 0.01924665
v 0.01200000 0.00865680 0.01961131
v 0.00980000 0.00865680 0.01961131
v 0.01200000 0.00818800 0.02017000
v 0.00980000 0.00818800 0.02017000
v 0.01200000 0.00793855 0.02085534
v 0.00980000 0.00793855 0.02085534
v 0.01200000 0.00793855 0.02158466
v 0.00980000 0.00793855 0.02158466
v 0.01200000 0.00818800 0.02227000
v 0.00980000 0.00818800 0.02227000
v 0.01200000 0.00865680 0.02282869
v 0.00980000 0.00865680 0.02282869
v 0.01200000 0.00928841 0.02319335
v 0.00980000 0.00928841 0.02319335
v 0.00980000 0.00952938 0.02221107
v 0.00980000 0.00914663 0.02190584
v 0.00980000 0.00893423 0.02146477
v 0.00980000 0.00893423 0.02097523
v 0.00980000 0.00914663 0.02053416
v 0.00980000 0.01086666 0.02190584
v 0.00980000 0.01048392 0.02221107
v 0.00980000 0.01000665 0.02232000
v 0.00980000 0.01048392 0.02022893
v 0.00980000 0.01086666 0.02053416
v 0.00980000 0.01107907 0.02097523
v 0.00980000 0.01107907 0.02146477
v 0.00980000 0.00952938 0.02022893
v 0.00980000 0.01000665 0.02012000
v 0.00700000 0.01000665 0.02232000
v 0.00700000 0.01048392 0.02221107
v 0.00700000 0.01086666 0.02190584
v 0.00700000 0.01107907 0.02146477
v 0.00700000 0.01107907 0.02097523
v 0.00700000 0.01086666 0.02053416
v 0.00700000 0.01048392 0.02022893
v 0.00700000 0.01000665 0.02012000
v 0.00700000 0.00952938 0.02022893
v 0.00700000 0.00914663 0.02053416
v 0.00700000 0.00893423 0.02097523
v 0.00700000 0.00893423 0.02146477
v 0.00700000 0.00914663 0.02190584
v 0.00700000 0.00952938 0.02221107
v 0.01200000 0.01000665 0.01532000
v 0.00980000 0.01000665 0.01532000
v 0.01200000 0.01072489 0.01519335
v 0.00980000 0.01072489 0.01519335
v 0.01200000 0.01135650 0.01482869
v 0.00980000 0.01135650 0.01482869
v 0.01200000 0.01182530 0.01427000
v 0.00980000 0.01182530 0.01427000
v 0.01200000 0.01207475 0.01358466
v 0.00980000 0.01207475 0.01358466
v 0.01200000 0.01207475 0.01285534
v 0.00980000 0.01207475 0.01285534
v 0.01200000 0.01182530 0.01217000
v 0.00980000 0.01182530 0.01217000
v 0.01200000 0.01135650 0.01161131
v 0.00980000 0.01135650 0.01161131
v 0.01200000 0.01072489 0.01124665
v 0.00980000 0.01072489 0.01124665
v 0.01200000 0.01000665 0.01112000
v 0.00980000 0.01000665 0.01112000
v 0.01200000 0.00928841 0.01124665
v 0.00980000 0.00928841 0.01124665
v 0.01200000 0.00865680 0.01161131
v 0.00980000 0.00865680 0.01161131
v 0.01200000 0.00818800 0.01217000
v 0.00980000 0.00818800 0.01217000
v 0.01200000 0.00793855 0.01285534
v 0.00980000 0.00793855 0.01285534
v 0.01200000 0.00793855 0.01358466
v 0.00980000 0.00793855 0.01358466
v 0.01200000 0.00818800 0.01427000
v 0.00980000 0.00818800 0.01427000
v 0.01200000 0.00865680 0.01482869
v 0.00980000 0.00865680 0.01482869
v 0.01200000 0.00928841 0.01519335
v 0.00980000 0.00928841 0.01519335
v 0.00980000 0.00952938 0.01421107
v 0.00980000 0.00914663 0.01390584
v 0.00980000 0.00893423 0.01346477
v 0.00980000 0.00893423 0.01297523
v 0.00980000 0.00914663 0.01253416
v 0.00980000 0.00952938 0.01222893
v 0.00980000 0.01000665 0.01212000
v 0.00980000 0.01048392 0.01222893
v 0.00980000 0.01086666 0.01390584
v 0.00980000 0.01048392 0.01421107
v 0.00980000 0.01000665 0.01432000
v 0.00980000 0.01086666 0.01253416
v 0.00980000 0.01107907 0.01297523
v 0.00980000 0.01107907 0.01346477
v 0.00700000 0.01000665 0.01432000
v 0.00700000 0.01048392 0.01421107
v 0.00700000 0.01086666 0.01390584
v 0.00700000 0.01107907 0.01346477
v 0.00700000 0.01107907 0.01297523
v 0.00700000 0.01086666 0.01253416
v 0.00700000 0.01048392 0.01222893
v 0.00700000 0.01000665 0.01212000
v 0.00700000 0.00952938 0.01222893
v 0.00700000 0.00914663 0.01253416
v 0.00700000 0.00893423 0.01297523
v 0.00700000 0.00893423 0.01346477
v 0.00700000 0.00914663 0.01390584
v 0.00700000 0.00952938 0.01421107
v 0.00200000 0.00725665 0.02272000
v 0.00700000 0.00725665 0.02272000
v 0.00200000 0.00725665 0.01172000
v 0.00700000 0.00725665 0.01514500
v 0.00700000 0.00725665 0.01172000
v 0.00200000 0.00625665 0.02372000
v 0.00700000 0.00625665 0.02372000
v 0.00700000 0.00663933 0.02364388
v 0.00200000 0.00663933 0.02364388
v 0.00700000 0.00696376 0.02342711
v 0.00200000 0.00696376 0.02342711
v 0.00700000 0.00718053 0.02310268
v 0.00200000 0.00718053 0.02310268
v 0.01200000 0.02450665 0.02122000
v 0.00700000 0.02450665 0.02122000
v 0.00700000 0.02438429 0.02199254
v 0.01200000 0.02438429 0.02199254
v 0.00700000 0.02402919 0.02268946
v 0.01200000 0.02402919 0.02268946
v 0.00700000 0.02347611 0.02324254
v 0.01200000 0.02347611 0.02324254
v 0.00700000 0.02277919 0.02359764
v 0.01200000 0.02277919 0.02359764
v 0.00700000 0.02200665 0.02372000
v 0.01200000 0.02200665 0.02372000
v 0.01200000 0.02200665 0.01072000
v 0.00700000 0.02200665 0.01072000
v 0.00700000 0.02277919 0.01084236
v 0.01200000 0.02277919 0.01084236
v 0.00700000 0.02347611 0.01119746
v 0.01200000 0.02347611 0.01119746
v 0.00700000 0.02402919 0.01175054
v 0.01200000 0.02402919 0.01175054
v 0.00700000 0.02438429 0.01244746
v 0.01200000 0.02438429 0.01244746
v 0.00700000 0.02450665 0.01322000
v 0.01200000 0.02450665 0.01322000
v 0.01200000 0.02450665 0.01564500
v 0.00700000 0.02450665 0.01514500
v 0.00700000 0.01243165 0.01072000
v 0.00700000 0.01243165 0.02372000
v 0.00700000 0.01243165 0.01514500
v 0.00700000 0.00625665 0.01072000
v 0.00700000 0.00663933 0.01079612
v 0.00700000 0.00718053 0.01133732
v 0.00700000 0.00696376 0.01101289
v 0.00200000 0.00718053 0.01133732
v 0.00200000 0.00696376 0.01101289
v 0.00200000 0.00663933 0.01079612
v 0.00200000 0.00625665 0.01072000
v 0.00200000 0.00300665 0.02372000
v 0.00200000 0.00338933 0.02364388
v 0.00200000 0.00371376 0.02342711
v 0.00200000 0.00300665 0.01072000
v 0.00200000 0.00338933 0.01079612
v 0.00200000 0.00371376 0.01101289
v 0.00200000 0.00393053 0.01133732
v 0.00200000 0.00400665 0.01172000
v 0.00200000 0.00400665 0.02272000
v 0.00200000 0.00393053 0.02310268
v 0.00200000 -0.00399335 0.01172000
v -0.00500000 -0.00399335 0.01172000
v -0.00500000 -0.00391723 0.01133732
v 0.00200000 -0.00391723 0.01133732
v -0.00500000 -0.00370046 0.01101289
v 0.00200000 -0.00370046 0.01101289
v -0.00500000 -0.00337603 0.01079612
v 0.00200000 -0.00337603 0.01079612
v -0.00500000 -0.00299335 0.01072000
v 0.00200000 -0.00299335 0.01072000
v -0.00500000 -0.00399335 0.02272000
v 0.00200000 -0.00399335 0.02272000
v 0.00200000 -0.00391723 0.02310268
v -0.00500000 -0.00391723 0.02310268
v 0.00200000 -0.00370046 0.02342711
v -0.00500000 -0.00370046 0.02342711
v 0.00200000 -0.00337603 0.02364388
v -0.00500000 -0.00337603 0.02364388
v 0.00200000 -0.00299335 0.02372000
v -0.00500000 -0.00299335 0.02372000
v 0.00200000 -0.00624335 0.02372000
v 0.00200000 -0.00624335 0.01072000
v 0.00200000 -0.00662603 0.02364388
v 0.00200000 -0.00695046 0.02342711
v 0.00200000 -0.00716723 0.01133732
v 0.00200000 -0.00724335 0.01172000
v 0.00200000 -0.00724335 0.02272000
v 0.00200000 -0.00716723 0.02310268
v 0.00200000 -0.00695046 0.01101289
v 0.00200000 -0.00662603 0.01079612
v 0.00700000 -0.00624335 0.01072000
v 0.00700000 -0.00662603 0.01079612
v 0.00700000 -0.00695046 0.01101289
v 0.00700000 -0.00716723 0.01133732
v 0.00700000 -0.00724335 0.01172000
v 0.00700000 -0.00724335 0.02272000
v 0.00700000 -0.00724335 0.01514500
v 0.00700000 -0.00716723 0.02310268
v 0.00700000 -0.00695046 0.02342711
v 0.00700000 -0.00662603 0.02364388
v 0.00700000 -0.00624335 0.02372000
v 0.00700000 -0.01856835 0.02372000
v 0.00700000 -0.02199335 0.02372000
v 0.01200000 -0.02199335 0.02372000
v 0.01200000 0.00313165 0.02372000
v 0.01200000 0.00683165 0.02372000
v 0.01200000 0.01293165 0.02372000
v 0.01200000 0.01808165 0.02372000
v -0.00500000 0.00300665 0.02372000
v 0.01200000 -0.01806835 0.02372000
v 0.01200000 -0.01291835 0.02372000
v 0.01200000 -0.00681835 0.02372000
v 0.01200000 -0.00311835 0.02372000
v 0.00700000 -0.02276589 0.02359764
v 0.01200000 -0.02276589 0.02359764
v 0.00700000 -0.02346281 0.02324254
v 0.01200000 -0.02346281 0.02324254
v 0.00700000 -0.02401589 0.02268946
v 0.01200000 -0.02401589 0.02268946
v 0.00700000 -0.02437099 0.02199254
v 0.01200000 -0.02437099 0.02199254
v 0.00700000 -0.02449335 0.02122000
v 0.01200000 -0.02449335 0.02122000
v 0.01200000 -0.02449335 0.01564500
v 0.00700000 -0.02449335 0.01514500
v 0.01200000 -0.02449335 0.01322000
v 0.00700000 -0.02449335 0.01322000
v 0.00700000 -0.01856835 0.01514500
v 0.00700000 -0.01856835 0.01072000
v 0.00700000 -0.02199335 0.01072000
v 0.00700000 -0.02437099 0.01244746
v 0.00700000 -0.02401589 0.01175054
v 0.00700000 -0.02346281 0.01119746
v 0.00700000 -0.02276589 0.01084236
v 0.01200000 -0.02437099 0.01244746
v 0.01200000 -0.02401589 0.01175054
v 0.01200000 -0.02346281 0.01119746
v 0.01200000 -0.02276589 0.01084236
v 0.01200000 -0.02199335 0.01072000
v 0.01200000 -0.00681835 0.01154500
v 0.01200000 0.01808165 0.02289500
v 0.01200000 -0.02429335 0.01564500
v 0.01200000 -0.01806835 0.01154500
v 0.01200000 -0.01806835 0.01072000
v 0.01200000 -0.01806835 0.01564500
v 0.01200000 -0.01806835 0.02289500
v 0.01200000 0.01808165 0.01564500
v 0.01200000 0.01808165 0.01154500
v 0.01200000 0.01808165 0.01072000
v 0.01200000 -0.00681835 0.01072000
v 0.01200000 -0.01291835 0.01072000
v 0.01200000 -0.01291835 0.01154500
v 0.01200000 -0.01291835 0.01564500
v 0.01200000 -0.00681835 0.01564500
v 0.01200000 -0.00681835 0.02289500
v 0.01200000 -0.01291835 0.02289500
v 0.01200000 0.00683165 0.01154500
v 0.01200000 0.00683165 0.01564500
v 0.01200000 0.01293165 0.01564500
v 0.01200000 0.01293165 0.01154500
v 0.01200000 0.01293165 0.01072000
v 0.01200000 0.00683165 0.01072000
v 0.01200000 0.01293165 0.02289500
v 0.01200000 0.00683165 0.02289500
v 0.01200000 -0.00311835 0.01564500
v 0.01200000 -0.00311835 0.02289500
v 0.01200000 0.00313165 0.02289500
v 0.01200000 0.00313165 0.01564500
v 0.01200000 0.00313165 0.01154500
v 0.01200000 -0.00311835 0.01154500
v 0.01200000 -0.00311835 0.01072000
v 0.01200000 0.00313165 0.01072000
v -0.00500000 0.00300665 0.01072000
v -0.00500000 0.00400665 0.01172000
v -0.00500000 0.00393053 0.01133732
v -0.00500000 0.00371376 0.01101289
v -0.00500000 0.00338933 0.01079612
v -0.00500000 0.00400665 0.02272000
v -0.00500000 0.00393053 0.02310268
v -0.00500000 0.00371376 0.02342711
v -0.00500000 0.00338933 0.02364388
v 0.00200000 -0.00074335 0.01851904
v 0.00200000 -0.00050638 0.01862954
v 0.00200000 -0.00045256 0.01838258
v 0.00200000 0.00075665 0.01592096
v 0.00200000 0.00051968 0.01581046
v 0.00200000 0.00046586 0.01605742
v 0.00200000 0.00148386 0.01748047
v 0.00200000 0.00150665 0.01722000
v 0.00200000 0.00125590 0.01726312
v 0.00200000 0.00124624 0.01738095
v 0.00200000 0.00122552 0.01749718
v 0.00200000 0.00141619 0.01773303
v 0.00200000 0.00119390 0.01761106
v 0.00200000 0.00115168 0.01772138
v 0.00200000 0.00130569 0.01797000
v 0.00200000 0.00026712 0.01869721
v 0.00200000 0.00051968 0.01862954
v 0.00200000 0.00038468 0.01841144
v 0.00200000 0.00027043 0.01844185
v 0.00200000 0.00015362 0.01846139
v 0.00200000 0.00000665 0.01872000
v 0.00200000 -0.00025382 0.01869721
v 0.00200000 -0.00022578 0.01844821
v 0.00200000 -0.00034050 0.01842080
v 0.00200000 0.00109924 0.01782724
v 0.00200000 0.00103701 0.01792770
v 0.00200000 0.00115572 0.01818418
v 0.00200000 0.00096564 0.01802177
v 0.00200000 0.00097083 0.01836907
v 0.00200000 -0.00056045 0.01833396
v 0.00200000 -0.00066294 0.01827553
v 0.00200000 -0.00095753 0.01836907
v 0.00200000 -0.00075963 0.01820758
v 0.00200000 -0.00084939 0.01813087
v 0.00200000 -0.00114242 0.01818418
v 0.00200000 0.00057375 0.01610604
v 0.00200000 0.00067623 0.01616447
v 0.00200000 0.00097083 0.01607093
v 0.00200000 0.00077292 0.01623242
v 0.00200000 0.00086268 0.01630913
v 0.00200000 0.00115572 0.01625582
v 0.00200000 0.00094491 0.01639407
v 0.00200000 0.00101866 0.01648630
v 0.00200000 0.00130569 0.01647000
v 0.00200000 0.00075665 0.01851904
v 0.00200000 0.00060182 0.01831921
v 0.00200000 0.00049535 0.01837051
v 0.00200000 0.00004291 0.01846952
v 0.00200000 -0.00010994 0.01846462
v 0.00200000 0.00088561 0.01810877
v 0.00200000 0.00079785 0.01818772
v 0.00200000 0.00070288 0.01825815
v 0.00200000 -0.00093161 0.01804593
v 0.00200000 -0.00100536 0.01795370
v 0.00200000 -0.00129239 0.01797000
v 0.00200000 -0.00129239 0.01647000
v 0.00200000 -0.00140289 0.01670697
v 0.00200000 -0.00113839 0.01671862
v 0.00200000 -0.00025382 0.01574279
v 0.00200000 -0.00050638 0.01581046
v 0.00200000 -0.00037138 0.01602856
v 0.00200000 -0.00025713 0.01599815
v 0.00200000 -0.00014032 0.01597861
v 0.00200000 0.00000665 0.01572000
v 0.00200000 0.00026712 0.01574279
v 0.00200000 0.00023908 0.01599179
v 0.00200000 0.00035380 0.01601920
v 0.00200000 0.00148386 0.01695953
v 0.00200000 0.00124174 0.01702754
v 0.00200000 0.00125440 0.01714508
v 0.00200000 -0.00147056 0.01695953
v 0.00200000 -0.00121223 0.01694282
v 0.00200000 -0.00118060 0.01682894
v 0.00200000 -0.00108594 0.01661276
v 0.00200000 -0.00102371 0.01651230
v 0.00200000 -0.00114242 0.01625582
v 0.00200000 -0.00095234 0.01641823
v 0.00200000 -0.00095753 0.01607093
v 0.00200000 0.00108342 0.01658513
v 0.00200000 0.00113855 0.01668964
v 0.00200000 0.00141619 0.01670697
v 0.00200000 0.00118355 0.01679883
v 0.00200000 0.00121807 0.01691188
v 0.00200000 -0.00074335 0.01592096
v 0.00200000 -0.00058852 0.01612079
v 0.00200000 -0.00048205 0.01606949
v 0.00200000 -0.00002961 0.01597048
v 0.00200000 0.00012323 0.01597538
v 0.00200000 -0.00149335 0.01722000
v 0.00200000 -0.00147056 0.01748047
v 0.00200000 -0.00122844 0.01741246
v 0.00200000 -0.00124110 0.01729492
v 0.00200000 -0.00124260 0.01717688
v 0.00200000 -0.00123295 0.01705905
v 0.00200000 -0.00087231 0.01633123
v 0.00200000 -0.00078455 0.01625228
v 0.00200000 -0.00068958 0.01618185
v 0.00200000 -0.00107012 0.01785487
v 0.00200000 -0.00112525 0.01775036
v 0.00200000 -0.00140289 0.01773303
v 0.00200000 -0.00117026 0.01764118
v 0.00200000 -0.00120477 0.01752813
v -0.00600000 0.00000665 0.01572000
v -0.00600000 -0.00025382 0.01574279
v -0.00600000 -0.00050638 0.01581046
v -0.00600000 -0.00074335 0.01592096
v -0.00600000 -0.00095753 0.01607093
v -0.00600000 -0.00114242 0.01625582
v -0.00600000 -0.00129239 0.01647000
v -0.00600000 -0.00140289 0.01670697
v -0.00600000 -0.00147056 0.01695953
v -0.00600000 -0.00149335 0.01722000
v -0.00600000 -0.00147056 0.01748047
v -0.00600000 -0.00140289 0.01773303
v -0.00600000 -0.00129239 0.01797000
v -0.00600000 -0.00114242 0.01818418
v -0.00600000 -0.00095753 0.01836907
v -0.00600000 -0.00074335 0.01851904
v -0.00600000 -0.00050638 0.01862954
v -0.00600000 -0.00025382 0.01869721
v -0.00600000 0.00000665 0.01872000
v -0.00600000 0.00026712 0.01869721
v -0.00600000 0.00051968 0.01862954
v -0.00600000 0.00075665 0.01851904
v -0.00600000 0.00097083 0.01836907
v -0.00600000 0.00115572 0.01818418
v -0.00600000 0.00130569 0.01797000
v -0.00600000 0.00141619 0.01773303
v -0.00600000 0.00148386 0.01748047
v -0.00600000 0.00150665 0.01722000
v -0.00600000 0.00148386 0.01695953
v -0.00600000 0.00141619 0.01670697
v -0.00600000 0.00130569 0.01647000
v -0.00600000 0.00115572 0.01625582
v -0.00600000 0.00097083 0.01607093
v -0.00600000 0.00075665 0.01592096
v -0.00600000 0.00051968 0.01581046
v -0.00600000 0.00026712 0.01574279
v 0.00600000 0.00450665 0.01972000
v 0.00600000 0.00476712 0.01974279
v 0.00600000 0.00465504 0.01997868
v 0.00600000 0.00450665 0.02272000
v 0.00600000 0.00424618 0.02269721
v 0.00600000 0.00435826 0.02246132
v 0.00600000 0.00375665 0.01992096
v 0.00600000 0.00399362 0.01981046
v 0.00600000 0.00404951 0.02005666
v 0.00600000 0.00309711 0.02173303
v 0.00600000 0.00302944 0.02148047
v 0.00600000 0.00328738 0.02149547
v 0.00600000 0.00525665 0.02251904
v 0.00600000 0.00501968 0.02262954
v 0.00600000 0.00496379 0.02238334
v 0.00600000 0.00453755 0.01997030
v 0.00600000 0.00450665 0.01997000
v 0.00600000 0.00424618 0.01974279
v 0.00600000 0.00335758 0.02025582
v 0.00600000 0.00354247 0.02007093
v 0.00600000 0.00365189 0.02030792
v 0.00600000 0.00300665 0.02122000
v 0.00600000 0.00325734 0.02126147
v 0.00600000 0.00326683 0.02137906
v 0.00600000 0.00447575 0.02246970
v 0.00600000 0.00450665 0.02247000
v 0.00600000 0.00476712 0.02269721
v 0.00600000 0.00439088 0.01997521
v 0.00600000 0.00427580 0.01999141
v 0.00600000 0.00416152 0.02001861
v 0.00600000 0.00394128 0.02010520
v 0.00600000 0.00383832 0.02016366
v 0.00600000 0.00374181 0.02023131
v 0.00600000 0.00331887 0.02160943
v 0.00600000 0.00336088 0.02171967
v 0.00600000 0.00320761 0.02197000
v 0.00600000 0.00341321 0.02182572
v 0.00600000 0.00347529 0.02192624
v 0.00600000 0.00335758 0.02218418
v 0.00600000 0.00354649 0.02202035
v 0.00600000 0.00354247 0.02236907
v 0.00600000 0.00399362 0.02262954
v 0.00600000 0.00412691 0.02241088
v 0.00600000 0.00424147 0.02244161
v 0.00600000 0.00462241 0.02246479
v 0.00600000 0.00473749 0.02244859
v 0.00600000 0.00485177 0.02242139
v 0.00600000 0.00565572 0.02218418
v 0.00600000 0.00547083 0.02236907
v 0.00600000 0.00536141 0.02213208
v 0.00600000 0.00356958 0.02039273
v 0.00600000 0.00349574 0.02048479
v 0.00600000 0.00320761 0.02047000
v 0.00600000 0.00343076 0.02058364
v 0.00600000 0.00337550 0.02068804
v 0.00600000 0.00309711 0.02070697
v 0.00600000 0.00333037 0.02079710
v 0.00600000 0.00302944 0.02095953
v 0.00600000 0.00329565 0.02091017
v 0.00600000 0.00327184 0.02102578
v 0.00600000 0.00325902 0.02114321
v 0.00600000 0.00362644 0.02210754
v 0.00600000 0.00371413 0.02218664
v 0.00600000 0.00375665 0.02251904
v 0.00600000 0.00380889 0.02225713
v 0.00600000 0.00390998 0.02231839
v 0.00600000 0.00401608 0.02236965
v 0.00600000 0.00507202 0.02233480
v 0.00600000 0.00517498 0.02227633
v 0.00600000 0.00527148 0.02220869
v 0.00600000 0.00544372 0.02204726
v 0.00600000 0.00551755 0.02195521
v 0.00600000 0.00580569 0.02197000
v 0.00600000 0.00591619 0.02070697
v 0.00600000 0.00598386 0.02095953
v 0.00600000 0.00572591 0.02094453
v 0.00600000 0.00558254 0.02185637
v 0.00600000 0.00563779 0.02175196
v 0.00600000 0.00591619 0.02173303
v 0.00600000 0.00568293 0.02164290
v 0.00600000 0.00598386 0.02148047
v 0.00600000 0.00580569 0.02047000
v 0.00600000 0.00553800 0.02051376
v 0.00600000 0.00565572 0.02025582
v 0.00600000 0.00546681 0.02041965
v 0.00600000 0.00547083 0.02007093
v 0.00600000 0.00501968 0.01981046
v 0.00600000 0.00488639 0.02002912
v 0.00600000 0.00477183 0.01999839
v 0.00600000 0.00600665 0.02122000
v 0.00600000 0.00575596 0.02117853
v 0.00600000 0.00574647 0.02106094
v 0.00600000 0.00569443 0.02083057
v 0.00600000 0.00565242 0.02072033
v 0.00600000 0.00560009 0.02061429
v 0.00600000 0.00538686 0.02033246
v 0.00600000 0.00529917 0.02025336
v 0.00600000 0.00525665 0.01992096
v 0.00600000 0.00520441 0.02018287
v 0.00600000 0.00510332 0.02012161
v 0.00600000 0.00499722 0.02007035
v 0.00600000 0.00571764 0.02152983
v 0.00600000 0.00574145 0.02141422
v 0.00600000 0.00575428 0.02129679
v 0.01200000 0.00450665 0.02272000
v 0.01200000 0.00424618 0.02269721
v 0.01200000 0.00399362 0.02262954
v 0.01200000 0.00375665 0.02251904
v 0.01200000 0.00354247 0.02236907
v 0.01200000 0.00335758 0.02218418
v 0.01200000 0.00320761 0.02197000
v 0.01200000 0.00309711 0.02173303
v 0.01200000 0.00302944 0.02148047
v 0.01200000 0.00300665 0.02122000
v 0.01200000 0.00302944 0.02095953
v 0.01200000 0.00309711 0.02070697
v 0.01200000 0.00320761 0.02047000
v 0.01200000 0.00335758 0.02025582
v 0.01200000 0.00354247 0.02007093
v 0.01200000 0.00375665 0.01992096
v 0.01200000 0.00399362 0.01981046
v 0.01200000 0.00424618 0.01974279
v 0.01200000 0.00450665 0.01972000
v 0.01200000 0.00476712 0.01974279
v 0.01200000 0.00501968 0.01981046
v 0.01200000 0.00525665 0.01992096
v 0.01200000 0.00547083 0.02007093
v 0.01200000 0.00565572 0.02025582
v 0.01200000 0.00580569 0.02047000
v 0.01200000 0.00591619 0.02070697
v 0.01200000 0.00598386 0.02095953
v 0.01200000 0.00600665 0.02122000
v 0.01200000 0.00598386 0.02148047
v 0.01200000 0.00591619 0.02173303
v 0.01200000 0.00580569 0.02197000
v 0.01200000 0.00565572 0.02218418
v 0.01200000 0.00547083 0.02236907
v 0.01200000 0.00525665 0.02251904
v 0.01200000 0.00501968 0.02262954
v 0.01200000 0.00476712 0.02269721
v 0.00600000 0.00450665 0.01172000
v 0.00600000 0.00476712 0.01174279
v 0.00600000 0.00465504 0.01197868
v 0.00600000 0.00450665 0.01472000
v 0.00600000 0.00424618 0.01469721
v 0.00600000 0.00435826 0.01446132
v 0.00600000 0.00375665 0.01192096
v 0.00600000 0.00399362 0.01181046
v 0.00600000 0.00404951 0.01205666
v 0.00600000 0.00309711 0.01373303
v 0.00600000 0.00302944 0.01348047
v 0.00600000 0.00328738 0.01349547
v 0.00600000 0.00525665 0.01451904
v 0.00600000 0.00501968 0.01462954
v 0.00600000 0.00496379 0.01438334
v 0.00600000 0.00453755 0.01197030
v 0.00600000 0.00450665 0.01197000
v 0.00600000 0.00424618 0.01174279
v 0.00600000 0.00335758 0.01225582
v 0.00600000 0.00354247 0.01207093
v 0.00600000 0.00365189 0.01230792
v 0.00600000 0.00300665 0.01322000
v 0.00600000 0.00325734 0.01326147
v 0.00600000 0.00326683 0.01337906
v 0.00600000 0.00447575 0.01446970
v 0.00600000 0.00450665 0.01447000
v 0.00600000 0.00476712 0.01469721
v 0.00600000 0.00439088 0.01197521
v 0.00600000 0.00427580 0.01199141
v 0.00600000 0.00416152 0.01201861
v 0.00600000 0.00394128 0.01210520
v 0.00600000 0.00383832 0.01216367
v 0.00600000 0.00374181 0.01223131
v 0.00600000 0.00331887 0.01360943
v 0.00600000 0.00336088 0.01371967
v 0.00600000 0.00320761 0.01397000
v 0.00600000 0.00341321 0.01382572
v 0.00600000 0.00347529 0.01392624
v 0.00600000 0.00335758 0.01418418
v 0.00600000 0.00354649 0.01402035
v 0.00600000 0.00354247 0.01436907
v 0.00600000 0.00399362 0.01462954
v 0.00600000 0.00412691 0.01441088
v 0.00600000 0.00424147 0.01444161
v 0.00600000 0.00462241 0.01446479
v 0.00600000 0.00473749 0.01444859
v 0.00600000 0.00485177 0.01442139
v 0.00600000 0.00565572 0.01418418
v 0.00600000 0.00547083 0.01436907
v 0.00600000 0.00536141 0.01413208
v 0.00600000 0.00356958 0.01239274
v 0.00600000 0.00349574 0.01248479
v 0.00600000 0.00320761 0.01247000
v 0.00600000 0.00343076 0.01258363
v 0.00600000 0.00337550 0.01268804
v 0.00600000 0.00309711 0.01270697
v 0.00600000 0.00333037 0.01279710
v 0.00600000 0.00302944 0.01295953
v 0.00600000 0.00329565 0.01291017
v 0.00600000 0.00327184 0.01302578
v 0.00600000 0.00325902 0.01314321
v 0.00600000 0.00362644 0.01410754
v 0.00600000 0.00371413 0.01418664
v 0.00600000 0.00375665 0.01451904
v 0.00600000 0.00380889 0.01425713
v 0.00600000 0.00390998 0.01431839
v 0.00600000 0.00401608 0.01436965
v 0.00600000 0.00507202 0.01433480
v 0.00600000 0.00517498 0.01427634
v 0.00600000 0.00527148 0.01420869
v 0.00600000 0.00544372 0.01404726
v 0.00600000 0.00551755 0.01395521
v 0.00600000 0.00580569 0.01397000
v 0.00600000 0.00591619 0.01270697
v 0.00600000 0.00598386 0.01295953
v 0.00600000 0.00572591 0.01294453
v 0.00600000 0.00558254 0.01385637
v 0.00600000 0.00563779 0.01375196
v 0.00600000 0.00591619 0.01373303
v 0.00600000 0.00568293 0.01364290
v 0.00600000 0.00598386 0.01348047
v 0.00600000 0.00580569 0.01247000
v 0.00600000 0.00553800 0.01251376
v 0.00600000 0.00565572 0.01225582
v 0.00600000 0.00546681 0.01241965
v 0.00600000 0.00547083 0.01207093
v 0.00600000 0.00501968 0.01181046
v 0.00600000 0.00488639 0.01202912
v 0.00600000 0.00477183 0.01199839
v 0.00600000 0.00600665 0.01322000
v 0.00600000 0.00575596 0.01317853
v 0.00600000 0.00574647 0.01306094
v 0.00600000 0.00569443 0.01283057
v 0.00600000 0.00565242 0.01272033
v 0.00600000 0.00560009 0.01261428
v 0.00600000 0.00538686 0.01233246
v 0.00600000 0.00529917 0.01225336
v 0.00600000 0.00525665 0.01192096
v 0.00600000 0.00520441 0.01218287
v 0.00600000 0.00510332 0.01212161
v 0.00600000 0.00499722 0.01207035
v 0.00600000 0.00571764 0.01352983
v 0.00600000 0.00574145 0.01341422
v 0.00600000 0.00575428 0.01329679
v 0.01200000 0.00450665 0.01472000
v 0.01200000 0.00424618 0.01469721
v 0.01200000 0.00399362 0.01462954
v 0.01200000 0.00375665 0.01451904
v 0.01200000 0.00354247 0.01436907
v 0.01200000 0.00335758 0.01418418
v 0.01200000 0.00320761 0.01397000
v 0.01200000 0.00309711 0.01373303
v 0.01200000 0.00302944 0.01348047
v 0.01200000 0.00300665 0.01322000
v 0.01200000 0.00302944 0.01295953
v 0.01200000 0.00309711 0.01270697
v 0.01200000 0.00320761 0.01247000
v 0.01200000 0.00335758 0.01225582
v 0.01200000 0.00354247 0.01207093
v 0.01200000 0.00375665 0.01192096
v 0.01200000 0.00399362 0.01181046
v 0.01200000 0.00424618 0.01174279
v 0.01200000 0.00450665 0.01172000
v 0.01200000 0.00476712 0.01174279
v 0.01200000 0.00501968 0.01181046
v 0.01200000 0.00525665 0.01192096
v 0.01200000 0.00547083 0.01207093
v 0.01200000 0.00565572 0.01225582
v 0.01200000 0.00580569 0.01247000
v 0.01200000 0.00591619 0.01270697
v 0.01200000 0.00598386 0.01295953
v 0.01200000 0.00600665 0.01322000
v 0.01200000 0.00598386 0.01348047
v 0.01200000 0.00591619 0.01373303
v 0.01200000 0.00580569 0.01397000
v 0.01200000 0.00565572 0.01418418
v 0.01200000 0.00547083 0.01436907
v 0.01200000 0.00525665 0.01451904
v 0.01200000 0.00501968 0.01462954
v 0.01200000 0.00476712 0.01469721
v 0.00600000 -0.00449335 0.01972000
v 0.00600000 -0.00423288 0.01974279
v 0.00600000 -0.00434496 0.01997868
v 0.00600000 -0.00449335 0.02272000
v 0.00600000 -0.00475382 0.02269721
v 0.00600000 -0.00464174 0.02246132
v 0.00600000 -0.00524335 0.01992096
v 0.00600000 -0.00500638 0.01981046
v 0.00600000 -0.00495049 0.02005666
v 0.00600000 -0.00590289 0.02173303
v 0.00600000 -0.00597056 0.02148047
v 0.00600000 -0.00571262 0.02149547
v 0.00600000 -0.00374335 0.02251904
v 0.00600000 -0.00398032 0.02262954
v 0.00600000 -0.00403621 0.02238334
v 0.00600000 -0.00446245 0.01997030
v 0.00600000 -0.00449335 0.01997000
v 0.00600000 -0.00475382 0.01974279
v 0.00600000 -0.00564242 0.02025582
v 0.00600000 -0.00545753 0.02007093
v 0.00600000 -0.00534811 0.02030792
v 0.00600000 -0.00599335 0.02122000
v 0.00600000 -0.00574266 0.02126147
v 0.00600000 -0.00573317 0.02137906
v 0.00600000 -0.00452425 0.02246970
v 0.00600000 -0.00449335 0.02247000
v 0.00600000 -0.00423288 0.02269721
v 0.00600000 -0.00460912 0.01997521
v 0.00600000 -0.00472420 0.01999141
v 0.00600000 -0.00483848 0.02001861
v 0.00600000 -0.00505872 0.02010520
v 0.00600000 -0.00516168 0.02016366
v 0.00600000 -0.00525819 0.02023131
v 0.00600000 -0.00568113 0.02160943
v 0.00600000 -0.00563912 0.02171967
v 0.00600000 -0.00579239 0.02197000
v 0.00600000 -0.00558679 0.02182572
v 0.00600000 -0.00552471 0.02192624
v 0.00600000 -0.00564242 0.02218418
v 0.00600000 -0.00545351 0.02202035
v 0.00600000 -0.00545753 0.02236907
v 0.00600000 -0.00500638 0.02262954
v 0.00600000 -0.00487309 0.02241088
v 0.00600000 -0.00475853 0.02244161
v 0.00600000 -0.00437759 0.02246479
v 0.00600000 -0.00426251 0.02244859
v 0.00600000 -0.00414823 0.02242139
v 0.00600000 -0.00334428 0.02218418
v 0.00600000 -0.00352917 0.02236907
v 0.00600000 -0.00363859 0.02213208
v 0.00600000 -0.00543042 0.02039273
v 0.00600000 -0.00550426 0.02048479
v 0.00600000 -0.00579239 0.02047000
v 0.00600000 -0.00556924 0.02058364
v 0.00600000 -0.00562450 0.02068804
v 0.00600000 -0.00590289 0.02070697
v 0.00600000 -0.00566963 0.02079710
v 0.00600000 -0.00597056 0.02095953
v 0.00600000 -0.00570435 0.02091017
v 0.00600000 -0.00572816 0.02102578
v 0.00600000 -0.00574098 0.02114321
v 0.00600000 -0.00537356 0.02210754
v 0.00600000 -0.00528587 0.02218664
v 0.00600000 -0.00524335 0.02251904
v 0.00600000 -0.00519111 0.02225713
v 0.00600000 -0.00509002 0.02231839
v 0.00600000 -0.00498392 0.02236965
v 0.00600000 -0.00392798 0.02233480
v 0.00600000 -0.00382502 0.02227633
v 0.00600000 -0.00372852 0.02220869
v 0.00600000 -0.00355628 0.02204726
v 0.00600000 -0.00348245 0.02195521
v 0.00600000 -0.00319431 0.02197000
v 0.00600000 -0.00308381 0.02070697
v 0.00600000 -0.00301614 0.02095953
v 0.00600000 -0.00327409 0.02094453
v 0.00600000 -0.00341746 0.02185637
v 0.00600000 -0.00336221 0.02175196
v 0.00600000 -0.00308381 0.02173303
v 0.00600000 -0.00331707 0.02164290
v 0.00600000 -0.00301614 0.02148047
v 0.00600000 -0.00319431 0.02047000
v 0.00600000 -0.00346199 0.02051376
v 0.00600000 -0.00334428 0.02025582
v 0.00600000 -0.00353319 0.02041965
v 0.00600000 -0.00352917 0.02007093
v 0.00600000 -0.00398032 0.01981046
v 0.00600000 -0.00411361 0.02002912
v 0.00600000 -0.00422817 0.01999839
v 0.00600000 -0.00299335 0.02122000
v 0.00600000 -0.00324404 0.02117853
v 0.00600000 -0.00325353 0.02106094
v 0.00600000 -0.00330557 0.02083057
v 0.00600000 -0.00334758 0.02072033
v 0.00600000 -0.00339991 0.02061429
v 0.00600000 -0.00361314 0.02033246
v 0.00600000 -0.00370083 0.02025336
v 0.00600000 -0.00374335 0.01992096
v 0.00600000 -0.00379559 0.02018287
v 0.00600000 -0.00389668 0.02012161
v 0.00600000 -0.00400278 0.02007035
v 0.00600000 -0.00328236 0.02152983
v 0.00600000 -0.00325855 0.02141422
v 0.00600000 -0.00324572 0.02129679
v 0.01200000 -0.00449335 0.02272000
v 0.01200000 -0.00475382 0.02269721
v 0.01200000 -0.00500638 0.02262954
v 0.01200000 -0.00524335 0.02251904
v 0.01200000 -0.00545753 0.02236907
v 0.01200000 -0.00564242 0.02218418
v 0.01200000 -0.00579239 0.02197000
v 0.01200000 -0.00590289 0.02173303
v 0.01200000 -0.00597056 0.02148047
v 0.01200000 -0.00599335 0.02122000
v 0.01200000 -0.00597056 0.02095953
v 0.01200000 -0.00590289 0.02070697
v 0.01200000 -0.00579239 0.02047000
v 0.01200000 -0.00564242 0.02025582
v 0.01200000 -0.00545753 0.02007093
v 0.01200000 -0.00524335 0.01992096
v 0.01200000 -0.00500638 0.01981046
v 0.01200000 -0.00475382 0.01974279
v 0.01200000 -0.00449335 0.01972000
v 0.01200000 -0.00423288 0.01974279
v 0.01200000 -0.00398032 0.01981046
v 0.01200000 -0.00374335 0.01992096
v 0.01200000 -0.00352917 0.02007093
v 0.01200000 -0.00334428 0.02025582
v 0.01200000 -0.00319431 0.02047000
v 0.01200000 -0.00308381 0.02070697
v 0.01200000 -0.00301614 0.02095953
v 0.01200000 -0.00299335 0.02122000
v 0.01200000 -0.00301614 0.02148047
v 0.01200000 -0.00308381 0.02173303
v 0.01200000 -0.00319431 0.02197000
v 0.01200000 -0.00334428 0.02218418
v 0.01200000 -0.00352917 0.02236907
v 0.01200000 -0.00374335 0.02251904
v 0.01200000 -0.00398032 0.02262954
v 0.01200000 -0.00423288 0.02269721
v 0.00600000 -0.00449335 0.01172000
v 0.00600000 -0.00423288 0.01174279
v 0.00600000 -0.00434496 0.01197868
v 0.00600000 -0.00449335 0.01472000
v 0.00600000 -0.00475382 0.01469721
v 0.00600000 -0.00464174 0.01446132
v 0.00600000 -0.00524335 0.01192096
v 0.00600000 -0.00500638 0.01181046
v 0.00600000 -0.00495049 0.01205666
v 0.00600000 -0.00590289 0.01373303
v 0.00600000 -0.00597056 0.01348047
v 0.00600000 -0.00571262 0.01349547
v 0.00600000 -0.00374335 0.01451904
v 0.00600000 -0.00398032 0.01462954
v 0.00600000 -0.00403621 0.01438334
v 0.00600000 -0.00446245 0.01197030
v 0.00600000 -0.00449335 0.01197000
v 0.00600000 -0.00475382 0.01174279
v 0.00600000 -0.00564242 0.01225582
v 0.00600000 -0.00545753 0.01207093
v 0.00600000 -0.00534811 0.01230792
v 0.00600000 -0.00599335 0.01322000
v 0.00600000 -0.00574266 0.01326147
v 0.00600000 -0.00573317 0.01337906
v 0.00600000 -0.00452425 0.01446970
v 0.00600000 -0.00449335 0.01447000
v 0.00600000 -0.00423288 0.01469721
v 0.00600000 -0.00460912 0.01197521
v 0.00600000 -0.00472420 0.01199141
v 0.00600000 -0.00483848 0.01201861
v 0.00600000 -0.00505872 0.01210520
v 0.00600000 -0.00516168 0.01216367
v 0.00600000 -0.00525819 0.01223131
v 0.00600000 -0.00568113 0.01360943
v 0.00600000 -0.00563912 0.01371967
v 0.00600000 -0.00579239 0.01397000
v 0.00600000 -0.00558679 0.01382572
v 0.00600000 -0.00552471 0.01392624
v 0.00600000 -0.00564242 0.01418418
v 0.00600000 -0.00545351 0.01402035
v 0.00600000 -0.00545753 0.01436907
v 0.00600000 -0.00500638 0.01462954
v 0.00600000 -0.00487309 0.01441088
v 0.00600000 -0.00475853 0.01444161
v 0.00600000 -0.00437759 0.01446479
v 0.00600000 -0.00426251 0.01444859
v 0.00600000 -0.00414823 0.01442139
v 0.00600000 -0.00334428 0.01418418
v 0.00600000 -0.00352917 0.01436907
v 0.00600000 -0.00363859 0.01413208
v 0.00600000 -0.00543042 0.01239274
v 0.00600000 -0.00550426 0.01248479
v 0.00600000 -0.00579239 0.01247000
v 0.00600000 -0.00556924 0.01258363
v 0.00600000 -0.00562450 0.01268804
v 0.00600000 -0.00590289 0.01270697
v 0.00600000 -0.00566963 0.01279710
v 0.00600000 -0.00597056 0.01295953
v 0.00600000 -0.00570435 0.01291017
v 0.00600000 -0.00572816 0.01302578
v 0.00600000 -0.00574098 0.01314321
v 0.00600000 -0.00537356 0.01410754
v 0.00600000 -0.00528587 0.01418664
v 0.00600000 -0.00524335 0.01451904
v 0.00600000 -0.00519111 0.01425713
v 0.00600000 -0.00509002 0.01431839
v 0.00600000 -0.00498392 0.01436965
v 0.00600000 -0.00392798 0.01433480
v 0.00600000 -0.00382502 0.01427634
v 0.00600000 -0.00372852 0.01420869
v 0.00600000 -0.00355628 0.01404726
v 0.00600000 -0.00348245 0.01395521
v 0.00600000 -0.00319431 0.01397000
v 0.00600000 -0.00308381 0.01270697
v 0.00600000 -0.00301614 0.01295953
v 0.00600000 -0.00327409 0.01294453
v 0.00600000 -0.00341746 0.01385637
v 0.00600000 -0.00336221 0.01375196
v 0.00600000 -0.00308381 0.01373303
v 0.00600000 -0.00331707 0.01364290
v 0.00600000 -0.00301614 0.01348047
v 0.00600000 -0.00319431 0.01247000
v 0.00600000 -0.00346199 0.01251376
v 0.00600000 -0.00334428 0.01225582
v 0.00600000 -0.00353319 0.01241965
v 0.00600000 -0.00352917 0.01207093
v 0.00600000 -0.00398032 0.01181046
v 0.00600000 -0.00411361 0.01202912
v 0.00600000 -0.00422817 0.01199839
v 0.00600000 -0.00299335 0.01322000
v 0.00600000 -0.00324404 0.01317853
v 0.00600000 -0.00325353 0.01306094
v 0.00600000 -0.00330557 0.01283057
v 0.00600000 -0.00334758 0.01272033
v 0.00600000 -0.00339991 0.01261428
v 0.00600000 -0.00361314 0.01233246
v 0.00600000 -0.00370083 0.01225336
v 0.00600000 -0.00374335 0.01192096
v 0.00600000 -0.00379559 0.01218287
v 0.00600000 -0.00389668 0.01212161
v 0.00600000 -0.00400278 0.01207035
v 0.00600000 -0.00328236 0.01352983
v 0.00600000 -0.00325855 0.01341422
v 0.00600000 -0.00324572 0.01329679
v 0.01200000 -0.00449335 0.01472000
v 0.01200000 -0.00475382 0.01469721
v 0.01200000 -0.00500638 0.01462954
v 0.01200000 -0.00524335 0.01451904
v 0.01200000 -0.00545753 0.01436907
v 0.01200000 -0.00564242 0.01418418
v 0.01200000 -0.00579239 0.01397000
v 0.01200000 -0.00590289 0.01373303
v 0.01200000 -0.00597056 0.01348047
v 0.01200000 -0.00599335 0.01322000
v 0.01200000 -0.00597056 0.01295953
v 0.01200000 -0.00590289 0.01270697
v 0.01200000 -0.00579239 0.01247000
v 0.01200000 -0.00564242 0.01225582
v 0.01200000 -0.00545753 0.01207093
v 0.01200000 -0.00524335 0.01192096
v 0.01200000 -0.00500638 0.01181046
v 0.01200000 -0.00475382 0.01174279
v 0.01200000 -0.00449335 0.01172000
v 0.01200000 -0.00423288 0.01174279
v 0.01200000 -0.00398032 0.01181046
v 0.01200000 -0.00374335 0.01192096
v 0.01200000 -0.00352917 0.01207093
v 0.01200000 -0.00334428 0.01225582
v 0.01200000 -0.00319431 0.01247000
v 0.01200000 -0.00308381 0.01270697
v 0.01200000 -0.00301614 0.01295953
v 0.01200000 -0.00299335 0.01322000
v 0.01200000 -0.00301614 0.01348047
v 0.01200000 -0.00308381 0.01373303
v 0.01200000 -0.00319431 0.01397000
v 0.01200000 -0.00334428 0.01418418
v 0.01200000 -0.00352917 0.01436907
v 0.01200000 -0.00374335 0.01451904
v 0.01200000 -0.00398032 0.01462954
v 0.01200000 -0.00423288 0.01469721
v 0.00700000 0.01500665 0.01872000
v 0.01200000 0.01500665 0.01872000
v 0.00700000 0.01474618 0.01869721
v 0.01200000 0.01474618 0.01869721
v 0.00700000 0.01449362 0.01862954
v 0.01200000 0.01449362 0.01862954
v 0.00700000 0.01425665 0.01851904
v 0.01200000 0.01425665 0.01851904
v 0.00700000 0.01404247 0.01836907
v 0.01200000 0.01404247 0.01836907
v 0.00700000 0.01385758 0.01818418
v 0.01200000 0.01385758 0.01818418
v 0.00700000 0.01370761 0.01797000
v 0.01200000 0.01370761 0.01797000
v 0.00700000 0.01359711 0.01773303
v 0.01200000 0.01359711 0.01773303
v 0.00700000 0.01352944 0.01748047
v 0.01200000 0.01352944 0.01748047
v 0.00700000 0.01350665 0.01722000
v 0.01200000 0.01350665 0.01722000
v 0.00700000 0.01352944 0.01695953
v 0.01200000 0.01352944 0.01695953
v 0.00700000 0.01359711 0.01670697
v 0.01200000 0.01359711 0.01670697
v 0.00700000 0.01370761 0.01647000
v 0.01200000 0.01370761 0.01647000
v 0.00700000 0.01385758 0.01625582
v 0.01200000 0.01385758 0.01625582
v 0.00700000 0.01404247 0.01607093
v 0.01200000 0.01404247 0.01607093
v 0.00700000 0.01425665 0.01592096
v 0.01200000 0.01425665 0.01592096
v 0.00700000 0.01449362 0.01581046
v 0.01200000 0.01449362 0.01581046
v 0.00700000 0.01474618 0.01574279
v 0.01200000 0.01474618 0.01574279
v 0.00700000 0.01500665 0.01572000
v 0.01200000 0.01500665 0.01572000
v 0.00700000 0.01526712 0.01574279
v 0.01200000 0.01526712 0.01574279
v 0.00700000 0.01551968 0.01581046
v 0.01200000 0.01551968 0.01581046
v 0.00700000 0.01575665 0.01592096
v 0.01200000 0.01575665 0.01592096
v 0.00700000 0.01597083 0.01607093
v 0.01200000 0.01597083 0.01607093
v 0.00700000 0.01615572 0.01625582
v 0.01200000 0.01615572 0.01625582
v 0.00700000 0.01630569 0.01647000
v 0.01200000 0.01630569 0.01647000
v 0.00700000 0.01641619 0.01670697
v 0.01200000 0.01641619 0.01670697
v 0.00700000 0.01648386 0.01695953
v 0.01200000 0.01648386 0.01695953
v 0.00700000 0.01650665 0.01722000
v 0.01200000 0.01650665 0.01722000
v 0.00700000 0.01648386 0.01748047
v 0.01200000 0.01648386 0.01748047
v 0.00700000 0.01641619 0.01773303
v 0.01200000 0.01641619 0.01773303
v 0.00700000 0.01630569 0.01797000
v 0.01200000 0.01630569 0.01797000
v 0.00700000 0.01615572 0.01818418
v 0.01200000 0.01615572 0.01818418
v 0.00700000 0.01597083 0.01836907
v 0.01200000 0.01597083 0.01836907
v 0.00700000 0.01575665 0.01851904
v 0.01200000 0.01575665 0.01851904
v 0.00700000 0.01551968 0.01862954
v 0.01200000 0.01551968 0.01862954
v 0.00700000 0.01526712 0.01869721
v 0.01200000 0.01526712 0.01869721
v 0.01200000 -0.01499335 0.01872000
v 0.00700000 -0.01499335 0.01872000
v 0.01200000 -0.01473288 0.01869721
v 0.00700000 -0.01473288 0.01869721
v 0.01200000 -0.01448032 0.01862954
v 0.00700000 -0.01448032 0.01862954
v 0.01200000 -0.01424335 0.01851904
v 0.00700000 -0.01424335 0.01851904
v 0.01200000 -0.01402917 0.01836907
v 0.00700000 -0.01402917 0.01836907
v 0.01200000 -0.01384428 0.01818418
v 0.00700000 -0.01384428 0.01818418
v 0.01200000 -0.01369431 0.01797000
v 0.00700000 -0.01369431 0.01797000
v 0.01200000 -0.01358381 0.01773303
v 0.00700000 -0.01358381 0.01773303
v 0.01200000 -0.01351614 0.01748047
v 0.00700000 -0.01351614 0.01748047
v 0.01200000 -0.01349335 0.01722000
v 0.00700000 -0.01349335 0.01722000
v 0.01200000 -0.01351614 0.01695953
v 0.00700000 -0.01351614 0.01695953
v 0.01200000 -0.01358381 0.01670697
v 0.00700000 -0.01358381 0.01670697
v 0.01200000 -0.01369431 0.01647000
v 0.00700000 -0.01369431 0.01647000
v 0.01200000 -0.01384428 0.01625582
v 0.00700000 -0.01384428 0.01625582
v 0.01200000 -0.01402917 0.01607093
v 0.00700000 -0.01402917 0.01607093
v 0.01200000 -0.01424335 0.01592096
v 0.00700000 -0.01424335 0.01592096
v 0.01200000 -0.01448032 0.01581046
v 0.00700000 -0.01448032 0.01581046
v 0.01200000 -0.01473288 0.01574279
v 0.00700000 -0.01473288 0.01574279
v 0.01200000 -0.01499335 0.01572000
v 0.00700000 -0.01499335 0.01572000
v 0.01200000 -0.01525382 0.01574279
v 0.00700000 -0.01525382 0.01574279
v 0.01200000 -0.01550638 0.01581046
v 0.00700000 -0.01550638 0.01581046
v 0.01200000 -0.01574335 0.01592096
v 0.00700000 -0.01574335 0.01592096
v 0.01200000 -0.01595753 0.01607093
v 0.00700000 -0.01595753 0.01607093
v 0.01200000 -0.01614242 0.01625582
v 0.00700000 -0.01614242 0.01625582
v 0.01200000 -0.01629239 0.01647000
v 0.00700000 -0.01629239 0.01647000
v 0.01200000 -0.01640289 0.01670697
v 0.00700000 -0.01640289 0.01670697
v 0.01200000 -0.01647056 0.01695953
v 0.00700000 -0.01647056 0.01695953
v 0.01200000 -0.01649335 0.01722000
v 0.00700000 -0.01649335 0.01722000
v 0.01200000 -0.01647056 0.01748047
v 0.00700000 -0.01647056 0.01748047
v 0.01200000 -0.01640289 0.01773303
v 0.00700000 -0.01640289 0.01773303
v 0.01200000 -0.01629239 0.01797000
v 0.00700000 -0.01629239 0.01797000
v 0.01200000 -0.01614242 0.01818418
v 0.00700000 -0.01614242 0.01818418
v 0.01200000 -0.01595753 0.01836907
v 0.00700000 -0.01595753 0.01836907
v 0.01200000 -0.01574335 0.01851904
v 0.00700000 -0.01574335 0.01851904
v 0.01200000 -0.01550638 0.01862954
v 0.00700000 -0.01550638 0.01862954
v 0.01200000 -0.01525382 0.01869721
v 0.00700000 -0.01525382 0.01869721
v 0.01350000 0.01670665 0.01722000
v 0.01200000 0.01670665 0.01722000
v 0.01350000 0.01647889 0.01637000
v 0.01200000 0.01647889 0.01637000
v 0.01350000 0.01585665 0.01574776
v 0.01200000 0.01585665 0.01574776
v 0.01350000 0.01500665 0.01552000
v 0.01200000 0.01500665 0.01552000
v 0.01350000 0.01415665 0.01574776
v 0.01200000 0.01415665 0.01574776
v 0.01350000 0.01353441 0.01637000
v 0.01200000 0.01353441 0.01637000
v 0.01350000 0.01330665 0.01722000
v 0.01200000 0.01330665 0.01722000
v 0.01350000 0.01353441 0.01807000
v 0.01200000 0.01353441 0.01807000
v 0.01350000 0.01415665 0.01869224
v 0.01200000 0.01415665 0.01869224
v 0.01350000 0.01500665 0.01892000
v 0.01200000 0.01500665 0.01892000
v 0.01350000 0.01585665 0.01869224
v 0.01200000 0.01585665 0.01869224
v 0.01350000 0.01647889 0.01807000
v 0.01200000 0.01647889 0.01807000
v 0.01350000 -0.01329335 0.01722000
v 0.01200000 -0.01329335 0.01722000
v 0.01350000 -0.01352111 0.01637000
v 0.01200000 -0.01352111 0.01637000
v 0.01350000 -0.01414335 0.01574776
v 0.01200000 -0.01414335 0.01574776
v 0.01350000 -0.01499335 0.01552000
v 0.01200000 -0.01499335 0.01552000
v 0.01350000 -0.01584335 0.01574776
v 0.01200000 -0.01584335 0.01574776
v 0.01350000 -0.01646559 0.01637000
v 0.01200000 -0.01646559 0.01637000
v 0.01350000 -0.01669335 0.01722000
v 0.01200000 -0.01669335 0.01722000
v 0.01350000 -0.01646559 0.01807000
v 0.01200000 -0.01646559 0.01807000
v 0.01350000 -0.01584335 0.01869224
v 0.01200000 -0.01584335 0.01869224
v 0.01350000 -0.01499335 0.01892000
v 0.01200000 -0.01499335 0.01892000
v 0.01350000 -0.01414335 0.01869224
v 0.01200000 -0.01414335 0.01869224
v 0.01350000 -0.01352111 0.01807000
v 0.01200000 -0.01352111 0.01807000
v 0.01350000 0.00620665 0.01322000
v 0.01200000 0.00620665 0.01322000
v 0.01350000 0.00597889 0.01237000
v 0.01200000 0.00597889 0.01237000
v 0.01350000 0.00535665 0.01174776
v 0.01200000 0.00535665 0.01174776
v 0.01350000 0.00450665 0.01152000
v 0.01200000 0.00450665 0.01152000
v 0.01350000 0.00365665 0.01174776
v 0.01200000 0.00365665 0.01174776
v 0.01350000 0.00303441 0.01237000
v 0.01200000 0.00303441 0.01237000
v 0.01350000 0.00280665 0.01322000
v 0.01200000 0.00280665 0.01322000
v 0.01350000 0.00303441 0.01407000
v 0.01200000 0.00303441 0.01407000
v 0.01350000 0.00365665 0.01469224
v 0.01200000 0.00365665 0.01469224
v 0.01350000 0.00450665 0.01492000
v 0.01200000 0.00450665 0.01492000
v 0.01350000 0.00535665 0.01469224
v 0.01200000 0.00535665 0.01469224
v 0.01350000 0.00597889 0.01407000
v 0.01200000 0.00597889 0.01407000
v 0.01350000 -0.00279335 0.01322000
v 0.01200000 -0.00279335 0.01322000
v 0.01350000 -0.00302111 0.01237000
v 0.01200000 -0.00302111 0.01237000
v 0.01350000 -0.00364335 0.01174776
v 0.01200000 -0.00364335 0.01174776
v 0.01350000 -0.00449335 0.01152000
v 0.01200000 -0.00449335 0.01152000
v 0.01350000 -0.00534335 0.01174776
v 0.01200000 -0.00534335 0.01174776
v 0.01350000 -0.00596559 0.01237000
v 0.01200000 -0.00596559 0.01237000
v 0.01350000 -0.00619335 0.01322000
v 0.01200000 -0.00619335 0.01322000
v 0.01350000 -0.00596559 0.01407000
v 0.01200000 -0.00596559 0.01407000
v 0.01350000 -0.00534335 0.01469224
v 0.01200000 -0.00534335 0.01469224
v 0.01350000 -0.00449335 0.01492000
v 0.01200000 -0.00449335 0.01492000
v 0.01350000 -0.00364335 0.01469224
v 0.01200000 -0.00364335 0.01469224
v 0.01350000 -0.00302111 0.01407000
v 0.01200000 -0.00302111 0.01407000
v 0.01350000 -0.00279335 0.02122000
v 0.01200000 -0.00279335 0.02122000
v 0.01350000 -0.00302111 0.02037000
v 0.01200000 -0.00302111 0.02037000
v 0.01350000 -0.00364335 0.01974776
v 0.01200000 -0.00364335 0.01974776
v 0.01350000 -0.00449335 0.01952000
v 0.01200000 -0.00449335 0.01952000
v 0.01350000 -0.00534335 0.01974776
v 0.01200000 -0.00534335 0.01974776
v 0.01350000 -0.00596559 0.02037000
v 0.01200000 -0.00596559 0.02037000
v 0.01350000 -0.00619335 0.02122000
v 0.01200000 -0.00619335 0.02122000
v 0.01350000 -0.00596559 0.02207000
v 0.01200000 -0.00596559 0.02207000
v 0.01350000 -0.00534335 0.02269224
v 0.01200000 -0.00534335 0.02269224
v 0.01350000 -0.00449335 0.02292000
v 0.01200000 -0.00449335 0.02292000
v 0.01350000 -0.00364335 0.02269224
v 0.01200000 -0.00364335 0.02269224
v 0.01350000 -0.00302111 0.02207000
v 0.01200000 -0.00302111 0.02207000
v 0.01350000 0.00620665 0.02122000
v 0.01200000 0.00620665 0.02122000
v 0.01350000 0.00597889 0.02037000
v 0.01200000 0.00597889 0.02037000
v 0.01350000 0.00535665 0.01974776
v 0.01200000 0.00535665 0.01974776
v 0.01350000 0.00450665 0.01952000
v 0.01200000 0.00450665 0.01952000
v 0.01350000 0.00365665 0.01974776
v 0.01200000 0.00365665 0.01974776
v 0.01350000 0.00303441 0.02037000
v 0.01200000 0.00303441 0.02037000
v 0.01350000 0.00280665 0.02122000
v 0.01200000 0.00280665 0.02122000
v 0.01637339 -0.02833696 0.02440188
v 0.01645319 -0.02863670 0.02468728
v 0.01702834 -0.02829280 0.02416850
v 0.01717362 -0.02858813 0.02445390
v 0.01765115 -0.02810999 0.02394657
v 0.01785872 -0.02838702 0.02423196
v 0.07978099 -0.00229350 0.00382000
v 0.08086957 -0.00220445 0.00382000
v 0.01765115 -0.02810999 0.00382000
v 0.01432344 -0.02740424 0.00382000
v 0.01365628 -0.02629529 0.00382000
v 0.01402296 -0.02703218 0.02495033
v 0.01350000 -0.02533964 0.00382000
v 0.01350000 -0.02533964 0.01522000
v 0.01365658 -0.02629534 0.02498626
v 0.01350000 -0.02533964 0.01922000
v 0.01350000 -0.02533964 0.02395882
v 0.01358542 -0.02605058 0.02499172
v 0.01350000 -0.02533964 0.02499765
v 0.01667339 -0.02833462 0.00382000
v 0.01539566 -0.02812898 0.00382000
v 0.01534875 -0.02811006 0.02471052
v 0.01444483 -0.02752510 0.02489287
v 0.01529952 -0.02838711 0.02500319
v 0.01428165 -0.02774364 0.02518987
v 0.01331397 -0.02612168 0.02529105
v 0.01380664 -0.02720143 0.02524869
v 0.01321779 -0.02533964 0.02529712
v 0.01368501 0.02637635 0.02498393
v 0.01366577 0.02632307 0.00382000
v 0.01433835 0.02741984 0.00382000
v 0.01561207 0.02820521 0.02464176
v 0.01540849 0.02813403 0.00382000
v 0.01667939 0.02833427 0.00382000
v 0.01637339 0.02833696 0.02440188
v 0.01765115 0.02810999 0.00382000
v 0.01765115 0.02810999 0.02394657
v 0.01350000 0.02533964 0.02499765
v 0.01350000 0.02533964 0.02395882
v 0.01350000 0.02533964 0.00382000
v 0.01350000 0.02533964 0.01522000
v 0.01350000 0.02533964 0.01922000
v 0.01541048 0.02813464 0.02469496
v 0.01466225 0.02771082 0.02485646
v 0.01424461 0.02731790 0.02492232
v 0.01785872 0.02838702 0.02423196
v 0.01645319 0.02863670 0.02468728
v 0.01559596 0.02849177 0.02493282
v 0.01342611 0.02648000 0.02528308
v 0.01321779 0.02533964 0.02529712
v 0.01405622 0.02751572 0.02522001
v 0.01452645 0.02794793 0.02515261
v 0.01350000 -0.02101649 0.02499765
v 0.01350000 -0.00974335 0.02499765
v 0.01350000 0.00000665 0.02499765
v 0.01350000 0.00975665 0.02499765
v 0.01350000 0.00975665 0.01522000
v 0.01350000 -0.00974335 0.02395882
v 0.01350000 -0.02101649 0.02395882
v 0.01350000 -0.02101649 0.01922000
v 0.01350000 0.00000665 0.02395882
v 0.01350000 0.00975665 0.02395882
v 0.01350000 0.00975665 0.01922000
v 0.01350000 0.00597889 0.02207000
v 0.01350000 0.00000665 0.01922000
v 0.01350000 0.00303441 0.02207000
v 0.01350000 0.00365665 0.02269224
v 0.01350000 0.00450665 0.02292000
v 0.01350000 0.00535665 0.02269224
v 0.01350000 -0.00974335 0.01922000
v 0.01350000 0.00000665 0.01522000
v 0.01350000 -0.00974335 0.01522000
v 0.01350000 -0.02101649 0.01522000
v 0.01350000 0.00975665 0.00382000
v 0.01350000 0.00000665 0.00382000
v 0.01350000 -0.00974335 0.00382000
v 0.01350000 -0.02101649 0.00382000
v 0.01200000 0.00303441 0.02207000
v 0.01200000 0.00365665 0.02269224
v 0.01200000 0.00450665 0.02292000
v 0.01200000 0.00535665 0.02269224
v 0.01200000 0.00597889 0.02207000
v 0.01200000 -0.00974335 0.01522000
v 0.01200000 -0.02800000 0.00428795
v 0.01200000 -0.02873205 0.00502000
v 0.01200000 -0.02700000 0.00402000
v 0.01200000 -0.02900000 0.00602000
v 0.01200000 -0.00974335 0.00402000
v 0.01200000 0.02900000 0.00602000
v 0.01200000 0.02873205 0.00502000
v 0.01200000 0.02285332 0.00777000
v 0.01200000 0.02800000 0.00428795
v 0.01200000 0.02700000 0.00402000
v 0.01200000 0.02285332 0.02382000
v 0.01200000 0.02700000 0.02382000
v 0.01200000 0.02900000 0.01922000
v 0.01200000 0.02800000 0.02355205
v 0.01200000 0.02873205 0.02282000
v 0.01200000 0.02900000 0.02182000
v 0.01200000 -0.00974335 0.02382000
v 0.01200000 -0.00974335 0.01922000
v 0.01200000 -0.02700000 0.02382000
v 0.01200000 -0.02900000 0.01922000
v 0.01200000 -0.02841421 0.02323421
v 0.01200000 -0.02776537 0.02366776
v 0.01200000 -0.02884776 0.02258537
v 0.01200000 -0.02900000 0.02182000
v 0.01200000 0.00000665 0.02382000
v 0.01200000 0.00000665 0.01922000
v 0.01200000 0.00975665 0.02382000
v 0.01200000 0.00975665 0.01922000
v 0.01200000 -0.02900000 0.01522000
v 0.01200000 0.00000665 0.01522000
v 0.01200000 0.02285332 0.01922000
v 0.01200000 0.02285332 0.01522000
v 0.01200000 0.00975665 0.01522000
v 0.01200000 -0.00974335 0.00777000
v 0.01200000 -0.02900000 0.00777000
v 0.01200000 0.00000665 0.00777000
v 0.01200000 0.00975665 0.00777000
v 0.01200000 0.02900000 0.01522000
v 0.01200000 0.02900000 0.00777000
v 0.01200000 0.02285332 0.00402000
v 0.01200000 0.00975665 0.00402000
v 0.01200000 0.00000665 0.00402000
v 0.00800000 0.02900000 0.02182000
v 0.00800000 0.02873205 0.02282000
v 0.00800000 0.02800000 0.02355205
v 0.00800000 0.02700000 0.02382000
v 0.00800000 0.02900000 0.00602000
v 0.00800000 0.02700000 0.00402000
v 0.00800000 0.02800000 0.00428795
v 0.00800000 0.02873205 0.00502000
v 0.00800000 -0.02700000 0.00402000
v 0.00800000 -0.02900000 0.00602000
v 0.00800000 -0.02873205 0.00502000
v 0.00800000 -0.02800000 0.00428795
v 0.00800000 -0.02900000 0.02182000
v 0.00800000 -0.02700000 0.02382000
v 0.00800000 -0.02800000 0.02355205
v 0.00800000 -0.02841421 0.02323421
v 0.00800000 -0.02873205 0.02282000
v 0.00750000 -0.02700000 0.02432000
v 0.00750000 0.02700000 0.02432000
v 0.00750000 0.02825000 0.02398506
v 0.00750000 0.02916506 0.02307000
v 0.00750000 0.02950000 0.02182000
v 0.00750000 0.02950000 0.00602000
v 0.00750000 0.02916506 0.00477000
v 0.00750000 0.02825000 0.00385494
v 0.00750000 0.02700000 0.00352000
v 0.00750000 -0.02700000 0.00352000
v 0.00750000 -0.02825000 0.00385494
v 0.00750000 -0.02916506 0.00477000
v 0.00750000 -0.02950000 0.00602000
v 0.00750000 -0.02950000 0.02182000
v 0.00750000 -0.02825000 0.02398506
v 0.00750000 -0.02916506 0.02307000
v 0.01428824 -0.02930684 0.00306323
v 0.01233254 -0.02950000 0.00309737
v 0.01616838 0.02873482 0.00303042
v 0.01002580 -0.02950000 0.00313764
v 0.00872696 0.02875000 0.00316031
v 0.00927591 0.02929904 0.00315072
v 0.00852603 0.02800000 0.00316381
v 0.01002580 0.02950000 0.00313764
v 0.00852603 -0.02800000 0.00316381
v 0.01233254 0.02950000 0.00309737
v 0.01428824 0.02930684 0.00306323
v 0.07460330 0.00445552 0.00201043
v 0.07460330 -0.00445552 0.00201043
v 0.01616838 -0.02873482 0.00303042
v 0.00927591 -0.02929904 0.00315072
v 0.00872696 -0.02875000 0.00316031
v 0.07541642 -0.00363731 0.00199624
v 0.07509165 -0.00412772 0.00200191
v 0.07552771 -0.00307030 0.00199430
v 0.07552771 0.00307030 0.00199430
v 0.07541239 0.00364710 0.00199631
v 0.07508416 0.00413521 0.00200204
v 0.00850508 0.02800000 0.00196400
v 0.00819989 0.02800000 0.00166928
v 0.00870601 0.02875000 0.00196049
v 0.00844101 0.02890000 0.00166507
v 0.00925497 0.02929904 0.00195091
v 0.00909976 0.02955885 0.00165357
v 0.01000485 0.02950000 0.00193782
v 0.00999962 0.02980000 0.00163786
v 0.01231160 0.02950000 0.00189755
v 0.01230637 0.02980000 0.00159760
v 0.01426729 0.02930684 0.00186342
v 0.01432073 0.02960104 0.00156244
v 0.01614743 0.02873482 0.00183060
v 0.01625727 0.02901186 0.00152864
v 0.07458236 0.00445552 0.00081061
v 0.07469220 0.00473256 0.00050865
v 0.07506322 0.00413521 0.00080222
v 0.07526923 0.00434819 0.00049858
v 0.07539144 0.00364710 0.00079649
v 0.07566310 0.00376246 0.00049170
v 0.07550676 0.00307030 0.00079448
v 0.07580148 0.00307030 0.00048929
v 0.07550676 -0.00307030 0.00079448
v 0.07580148 -0.00307030 0.00048929
v 0.07539414 -0.00364058 0.00079644
v 0.07566634 -0.00375463 0.00049165
v 0.07506572 -0.00413272 0.00080218
v 0.07527223 -0.00434520 0.00049853
v 0.07458236 -0.00445552 0.00081061
v 0.07469220 -0.00473256 0.00050865
v 0.01614743 -0.02873482 0.00183060
v 0.01625727 -0.02901186 0.00152864
v 0.01426729 -0.02930684 0.00186342
v 0.01432073 -0.02960104 0.00156244
v 0.01231160 -0.02950000 0.00189755
v 0.01230637 -0.02980000 0.00159760
v 0.01000485 -0.02950000 0.00193782
v 0.00999962 -0.02980000 0.00163786
v 0.00925497 -0.02929904 0.00195091
v 0.00909976 -0.02955885 0.00165357
v 0.00870601 -0.02875000 0.00196049
v 0.00844101 -0.02890000 0.00166507
v 0.00850508 -0.02800000 0.00196400
v 0.00819989 -0.02800000 0.00166928
v 0.00799127 0.03020000 0.00167292
v 0.00799127 -0.03020000 0.00167292
v 0.08507150 0.00085100 0.00032748
v 0.01249997 0.03020000 0.00159422
v 0.01622178 -0.02945757 0.00152926
v 0.08507150 -0.00085100 0.00032748
v 0.08519477 0.00066631 0.00032533
v 0.08519477 -0.00066631 0.00032533
v 0.08519367 -0.00068703 0.00032535
v 0.01622178 0.02945757 0.00152926
v 0.01439974 0.03001227 0.00156106
v 0.01249997 -0.03020000 0.00159422
v 0.01439533 -0.03001315 0.00156114
v 0.08517512 -0.00075277 0.00032567
v 0.08513247 -0.00081133 0.00032642
v 0.08518153 0.00073785 0.00032556
v 0.08514377 0.00079972 0.00032622
v 0.08509015 0.00084207 0.00032715
v 0.08519185 -0.00112804 0.00062743
v 0.08534427 -0.00102888 0.00062637
v 0.08545088 -0.00088247 0.00062563
v 0.08549726 -0.00071811 0.00062530
v 0.08550000 -0.00066631 0.00062528
v 0.01634212 -0.02973461 0.00182921
v 0.01250520 -0.03050000 0.00189417
v 0.01445919 -0.03030737 0.00186109
v 0.00800000 -0.03050000 0.00197281
v 0.00784564 -0.03034564 0.00182112
v 0.00750000 -0.03000000 0.00217284
v 0.00750000 0.03000000 0.00217284
v 0.00784564 0.03034564 0.00182112
v 0.00800000 0.03050000 0.00197281
v 0.01250520 0.03050000 0.00189417
v 0.01634212 0.02973461 0.00182921
v 0.01446373 0.03030646 0.00186101
v 0.08519185 0.00112804 0.00062743
v 0.08550000 0.00066631 0.00062528
v 0.08546690 0.00084516 0.00062551
v 0.08537252 0.00099985 0.00062617
v 0.08523846 0.00110573 0.00062711
v 0.08550000 0.00066631 0.00210184
v 0.08550000 -0.00066631 0.00210184
v 0.08519185 -0.00112804 0.00214176
v 0.08531787 -0.00105216 0.00212543
v 0.08547866 -0.00081065 0.00210460
v 0.08546524 -0.00084944 0.00210634
v 0.08541641 -0.00094313 0.00211266
v 0.01634212 -0.02973461 0.02444438
v 0.01647584 -0.02967905 0.02440188
v 0.01250520 -0.03050000 0.02501987
v 0.01436765 -0.03032520 0.02488244
v 0.01610976 -0.02982769 0.02451232
v 0.00800000 -0.03050000 0.02502000
v 0.01244688 -0.03050000 0.02502000
v 0.00750000 -0.03000000 0.02482000
v 0.00785000 -0.03035000 0.02517000
v 0.00750000 0.03000000 0.02482000
v 0.00785000 0.03035000 0.02517000
v 0.00800000 0.03050000 0.02502000
v 0.01250520 0.03050000 0.02501987
v 0.01244688 0.03050000 0.02502000
v 0.01631631 0.02945757 0.02473078
v 0.01634212 0.02973461 0.02444438
v 0.01450221 0.03029873 0.02486237
v 0.01448945 0.03000476 0.02515864
v 0.01273752 0.03049728 0.02501681
v 0.01273725 0.03019736 0.02531674
v 0.01250658 0.03020000 0.02531986
v 0.08519185 0.00112804 0.00214176
v 0.01647584 0.02967905 0.02440188
v 0.08531778 0.00105224 0.00212545
v 0.08534504 0.00102815 0.00212191
v 0.08541633 0.00094326 0.00211268
v 0.08547863 0.00081074 0.00210460
v 0.08516919 0.00085100 0.00242716
v 0.08521952 0.00082070 0.00241086
v 0.08529245 0.00066631 0.00238723
v 0.08528390 0.00072409 0.00239000
v 0.08525901 0.00077707 0.00239807
v 0.08529245 -0.00066631 0.00238723
v 0.08528391 -0.00072406 0.00239000
v 0.08516919 -0.00085100 0.00242716
v 0.08521956 -0.00082066 0.00241085
v 0.08525904 -0.00077702 0.00239806
v 0.01645319 -0.02940201 0.02468728
v 0.01631631 -0.02945757 0.02473078
v 0.01250658 -0.03020000 0.02531986
v 0.01435584 -0.03003044 0.02517919
v 0.01608555 -0.02954788 0.02480034
v 0.01244688 -0.03020000 0.02532000
v 0.01244688 0.03020000 0.02532000
v 0.00800000 0.03020000 0.02532000
v 0.00800000 -0.03020000 0.02532000
v 0.01645319 0.02940201 0.02468728
v 0.08086957 0.00220445 0.00382000
v 0.07978099 0.00229350 0.00382000
v 0.01197621 -0.02919335 0.00310357
v 0.01052572 -0.02919335 0.00312889
v 0.01194130 -0.02919335 0.00110388
v 0.01049082 -0.02919335 0.00112920
v 0.01583584 -0.02842033 0.00103590
v 0.01587074 -0.02842033 0.00303559
v 0.01396146 -0.02899823 0.00306892
v 0.01392655 -0.02899823 0.00106923
v 0.07413031 -0.00433000 0.00001837
v 0.07416522 -0.00433000 0.00201806
v 0.07468242 -0.00396162 0.00000873
v 0.07471732 -0.00396162 0.00200842
v 0.07505138 -0.00340985 0.00000229
v 0.07508629 -0.00340985 0.00200198
v 0.07518096 -0.00275883 0.00000003
v 0.07521587 -0.00275883 0.00199972
v 0.07518096 0.00277214 0.00000003
v 0.07521587 0.00277214 0.00199972
v 0.07413031 0.00434331 0.00001837
v 0.07416522 0.00434331 0.00201806
v 0.07471732 0.00397493 0.00200842
v 0.07468241 0.00397492 0.00000873
v 0.07508629 0.00342316 0.00200198
v 0.07505139 0.00342316 0.00000229
v 0.01587075 0.02843363 0.00303559
v 0.01583585 0.02843363 0.00103590
v 0.01392656 0.02901153 0.00106923
v 0.01396146 0.02901153 0.00306892
v 0.01194131 0.02920665 0.00110388
v 0.01197621 0.02920665 0.00310358
v 0.01049082 0.02920665 0.00112920
v 0.01052572 0.02920665 0.00312889
v 0.00879108 0.02750665 0.00115887
v 0.00882598 0.02750665 0.00315856
v 0.00895537 0.02815721 0.00315630
v 0.00892046 0.02815721 0.00115661
v 0.00932382 0.02870873 0.00314987
v 0.00928892 0.02870873 0.00115017
v 0.00987526 0.02907724 0.00314025
v 0.00984036 0.02907724 0.00114055
v 0.00879108 -0.02749335 0.00115886
v 0.00882598 -0.02749335 0.00315856
v 0.00932383 -0.02869543 0.00314987
v 0.00987526 -0.02906395 0.00314025
v 0.00895537 -0.02814391 0.00315630
v 0.00984035 -0.02906395 0.00114055
v 0.00928892 -0.02869543 0.00115018
v 0.00892046 -0.02814391 0.00115661
v 0.01080000 -0.02156034 0.02047000
v 0.01080000 -0.02242636 0.02047000
v 0.01180000 -0.02156034 0.02047000
v 0.01180000 -0.02242636 0.02047000
v 0.01080000 -0.02112733 0.02122000
v 0.01180000 -0.02112733 0.02122000
v 0.01080000 -0.02156034 0.02197000
v 0.01180000 -0.02156034 0.02197000
v 0.01080000 -0.02242636 0.02197000
v 0.01180000 -0.02242636 0.02197000
v 0.01080000 -0.02285938 0.02122000
v 0.01180000 -0.02285938 0.02122000
v 0.00480000 -0.02142860 0.02071967
v 0.00480000 -0.02255810 0.02172033
v 0.00480000 -0.02242196 0.02184094
v 0.00480000 -0.02156475 0.02059906
v 0.00480000 -0.02172580 0.02051453
v 0.00480000 -0.02190241 0.02047100
v 0.00480000 -0.02226090 0.02192547
v 0.00480000 -0.02208430 0.02196900
v 0.00480000 -0.02190241 0.02196900
v 0.00480000 -0.02208430 0.02047100
v 0.00480000 -0.02226090 0.02051453
v 0.00480000 -0.02242196 0.02059906
v 0.00480000 -0.02172580 0.02192547
v 0.00480000 -0.02156475 0.02184094
v 0.00480000 -0.02142860 0.02172033
v 0.00480000 -0.02255810 0.02071967
v 0.00480000 -0.02266143 0.02086937
v 0.00480000 -0.02272593 0.02103944
v 0.00480000 -0.02126078 0.02140056
v 0.00480000 -0.02123885 0.02122000
v 0.00480000 -0.02126078 0.02103944
v 0.00480000 -0.02132528 0.02157063
v 0.00480000 -0.02132528 0.02086937
v 0.00480000 -0.02274785 0.02122000
v 0.00480000 -0.02272593 0.02140056
v 0.00480000 -0.02266143 0.02157063
v 0.00504550 -0.02299335 0.02122000
v 0.00504550 -0.02296429 0.02145931
v 0.00504550 -0.02287881 0.02168472
v 0.00504550 -0.02274186 0.02188312
v 0.00504550 -0.02256142 0.02204298
v 0.00504550 -0.02234796 0.02215502
v 0.00504550 -0.02211389 0.02221271
v 0.00504550 -0.02187281 0.02221271
v 0.00504550 -0.02163875 0.02215502
v 0.00504550 -0.02142529 0.02204298
v 0.00504550 -0.02124484 0.02188312
v 0.00504550 -0.02110790 0.02168472
v 0.00504550 -0.02102241 0.02145931
v 0.00504550 -0.02099335 0.02122000
v 0.00504550 -0.02102241 0.02098068
v 0.00504550 -0.02110790 0.02075528
v 0.00504550 -0.02124484 0.02055688
v 0.00504550 -0.02142529 0.02039702
v 0.00504550 -0.02163875 0.02028498
v 0.00504550 -0.02187281 0.02022729
v 0.00504550 -0.02211389 0.02022729
v 0.00504550 -0.02234796 0.02028498
v 0.00504550 -0.02256142 0.02039702
v 0.00504550 -0.02274186 0.02055688
v 0.00504550 -0.02287881 0.02075528
v 0.00504550 -0.02296429 0.02098068
v 0.00980000 -0.02099335 0.02122000
v 0.00980000 -0.02102241 0.02098068
v 0.00980000 -0.02110790 0.02075528
v 0.00980000 -0.02124484 0.02055688
v 0.00980000 -0.02142529 0.02039702
v 0.00980000 -0.02163875 0.02028498
v 0.00980000 -0.02187281 0.02022729
v 0.00980000 -0.02211389 0.02022729
v 0.00980000 -0.02234796 0.02028498
v 0.00980000 -0.02256142 0.02039702
v 0.00980000 -0.02274186 0.02055688
v 0.00980000 -0.02287881 0.02075528
v 0.00980000 -0.02296429 0.02098068
v 0.00980000 -0.02299335 0.02122000
v 0.00980000 -0.02296429 0.02145931
v 0.00980000 -0.02287881 0.02168472
v 0.00980000 -0.02274186 0.02188312
v 0.00980000 -0.02256142 0.02204298
v 0.00980000 -0.02234796 0.02215502
v 0.00980000 -0.02211389 0.02221271
v 0.00980000 -0.02187281 0.02221271
v 0.00980000 -0.02163875 0.02215502
v 0.00980000 -0.02142529 0.02204298
v 0.00980000 -0.02124484 0.02188312
v 0.00980000 -0.02110790 0.02168472
v 0.00980000 -0.02102241 0.02145931
v 0.00980000 -0.02020794 0.02186984
v 0.00980000 -0.02012222 0.02154993
v 0.00980000 -0.02009335 0.02122000
v 0.00980000 -0.02199335 0.02312000
v 0.00980000 -0.02166342 0.02309114
v 0.00980000 -0.02134351 0.02300542
v 0.00980000 -0.02104335 0.02286545
v 0.00980000 -0.02077205 0.02267548
v 0.00980000 -0.02053787 0.02244130
v 0.00980000 -0.02034790 0.02217000
v 0.00980000 -0.02321465 0.02267548
v 0.00980000 -0.02294335 0.02286545
v 0.00980000 -0.02264319 0.02300542
v 0.00980000 -0.02232328 0.02309114
v 0.00980000 -0.02377877 0.02057016
v 0.00980000 -0.02386449 0.02089007
v 0.00980000 -0.02389335 0.02122000
v 0.00980000 -0.02077205 0.01976452
v 0.00980000 -0.02104335 0.01957455
v 0.00980000 -0.02134351 0.01943458
v 0.00980000 -0.02386449 0.02154993
v 0.00980000 -0.02377877 0.02186984
v 0.00980000 -0.02363880 0.02217000
v 0.00980000 -0.02344884 0.02244130
v 0.00980000 -0.02012222 0.02089007
v 0.00980000 -0.02020794 0.02057016
v 0.00980000 -0.02034790 0.02027000
v 0.00980000 -0.02053787 0.01999870
v 0.00980000 -0.02321465 0.01976452
v 0.00980000 -0.02344884 0.01999870
v 0.00980000 -0.02363880 0.02027000
v 0.00980000 -0.02166342 0.01934887
v 0.00980000 -0.02199335 0.01932000
v 0.00980000 -0.02232328 0.01934887
v 0.00980000 -0.02264319 0.01943458
v 0.00980000 -0.02294335 0.01957455
v 0.01180000 -0.02369335 0.02122000
v 0.01160000 -0.02389335 0.02122000
v 0.01160000 -0.02386449 0.02089007
v 0.01180000 -0.02366752 0.02092480
v 0.01160000 -0.02377877 0.02057016
v 0.01180000 -0.02359083 0.02063857
v 0.01160000 -0.02363880 0.02027000
v 0.01180000 -0.02346559 0.02037000
v 0.01160000 -0.02344884 0.01999870
v 0.01180000 -0.02329563 0.02012726
v 0.01160000 -0.02321465 0.01976452
v 0.01180000 -0.02308609 0.01991772
v 0.01160000 -0.02294335 0.01957455
v 0.01180000 -0.02284335 0.01974776
v 0.01160000 -0.02264319 0.01943458
v 0.01180000 -0.02257479 0.01962252
v 0.01160000 -0.02232328 0.01934887
v 0.01180000 -0.02228855 0.01954583
v 0.01160000 -0.02199335 0.01932000
v 0.01180000 -0.02199335 0.01952000
v 0.01160000 -0.02166342 0.01934887
v 0.01180000 -0.02169815 0.01954583
v 0.01160000 -0.02134351 0.01943458
v 0.01180000 -0.02141192 0.01962252
v 0.01160000 -0.02104335 0.01957455
v 0.01180000 -0.02114335 0.01974776
v 0.01160000 -0.02077205 0.01976452
v 0.01180000 -0.02090061 0.01991772
v 0.01160000 -0.02053787 0.01999870
v 0.01180000 -0.02069108 0.02012726
v 0.01160000 -0.02034790 0.02027000
v 0.01180000 -0.02052111 0.02037000
v 0.01160000 -0.02020794 0.02057016
v 0.01180000 -0.02039587 0.02063857
v 0.01160000 -0.02012222 0.02089007
v 0.01180000 -0.02031918 0.02092480
v 0.01160000 -0.02009335 0.02122000
v 0.01180000 -0.02029335 0.02122000
v 0.01160000 -0.02386449 0.02154993
v 0.01160000 -0.02377877 0.02186984
v 0.01160000 -0.02363880 0.02217000
v 0.01160000 -0.02344884 0.02244130
v 0.01160000 -0.02321465 0.02267548
v 0.01160000 -0.02294335 0.02286545
v 0.01160000 -0.02264319 0.02300542
v 0.01160000 -0.02232328 0.02309114
v 0.01160000 -0.02199335 0.02312000
v 0.01160000 -0.02166342 0.02309114
v 0.01160000 -0.02134351 0.02300542
v 0.01160000 -0.02104335 0.02286545
v 0.01160000 -0.02077205 0.02267548
v 0.01160000 -0.02053787 0.02244130
v 0.01160000 -0.02034790 0.02217000
v 0.01160000 -0.02020794 0.02186984
v 0.01160000 -0.02012222 0.02154993
v 0.01180000 -0.02031918 0.02151520
v 0.01180000 -0.02039587 0.02180143
v 0.01180000 -0.02052111 0.02207000
v 0.01180000 -0.02069108 0.02231274
v 0.01180000 -0.02090061 0.02252228
v 0.01180000 -0.02114335 0.02269224
v 0.01180000 -0.02141192 0.02281748
v 0.01180000 -0.02169815 0.02289417
v 0.01180000 -0.02199335 0.02292000
v 0.01180000 -0.02228855 0.02289417
v 0.01180000 -0.02257479 0.02281748
v 0.01180000 -0.02284335 0.02269224
v 0.01180000 -0.02308609 0.02252228
v 0.01180000 -0.02329563 0.02231274
v 0.01180000 -0.02346559 0.02207000
v 0.01180000 -0.02359083 0.02180143
v 0.01180000 -0.02366752 0.02151520
v 0.01080000 -0.02156034 0.01247000
v 0.01080000 -0.02242636 0.01247000
v 0.01180000 -0.02156034 0.01247000
v 0.01180000 -0.02242636 0.01247000
v 0.01080000 -0.02112733 0.01322000
v 0.01180000 -0.02112733 0.01322000
v 0.01080000 -0.02156034 0.01397000
v 0.01180000 -0.02156034 0.01397000
v 0.01080000 -0.02242636 0.01397000
v 0.01180000 -0.02242636 0.01397000
v 0.01080000 -0.02285938 0.01322000
v 0.01180000 -0.02285938 0.01322000
v 0.00480000 -0.02142860 0.01271967
v 0.00480000 -0.02255810 0.01372033
v 0.00480000 -0.02242196 0.01384094
v 0.00480000 -0.02156475 0.01259906
v 0.00480000 -0.02172580 0.01251453
v 0.00480000 -0.02190241 0.01247100
v 0.00480000 -0.02226090 0.01392547
v 0.00480000 -0.02208430 0.01396900
v 0.00480000 -0.02190241 0.01396900
v 0.00480000 -0.02208430 0.01247100
v 0.00480000 -0.02226090 0.01251453
v 0.00480000 -0.02242196 0.01259906
v 0.00480000 -0.02172580 0.01392547
v 0.00480000 -0.02156475 0.01384094
v 0.00480000 -0.02142860 0.01372033
v 0.00480000 -0.02255810 0.01271967
v 0.00480000 -0.02266143 0.01286937
v 0.00480000 -0.02272593 0.01303944
v 0.00480000 -0.02126078 0.01340056
v 0.00480000 -0.02123885 0.01322000
v 0.00480000 -0.02126078 0.01303944
v 0.00480000 -0.02132528 0.01357063
v 0.00480000 -0.02132528 0.01286937
v 0.00480000 -0.02274785 0.01322000
v 0.00480000 -0.02272593 0.01340056
v 0.00480000 -0.02266143 0.01357063
v 0.00504550 -0.02299335 0.01322000
v 0.00504550 -0.02296429 0.01345932
v 0.00504550 -0.02287881 0.01368472
v 0.00504550 -0.02274186 0.01388312
v 0.00504550 -0.02256142 0.01404298
v 0.00504550 -0.02234796 0.01415502
v 0.00504550 -0.02211389 0.01421271
v 0.00504550 -0.02187281 0.01421271
v 0.00504550 -0.02163875 0.01415502
v 0.00504550 -0.02142529 0.01404298
v 0.00504550 -0.02124484 0.01388312
v 0.00504550 -0.02110790 0.01368472
v 0.00504550 -0.02102241 0.01345932
v 0.00504550 -0.02099335 0.01322000
v 0.00504550 -0.02102241 0.01298068
v 0.00504550 -0.02110790 0.01275528
v 0.00504550 -0.02124484 0.01255688
v 0.00504550 -0.02142529 0.01239702
v 0.00504550 -0.02163875 0.01228498
v 0.00504550 -0.02187281 0.01222729
v 0.00504550 -0.02211389 0.01222729
v 0.00504550 -0.02234796 0.01228498
v 0.00504550 -0.02256142 0.01239702
v 0.00504550 -0.02274186 0.01255688
v 0.00504550 -0.02287881 0.01275528
v 0.00504550 -0.02296429 0.01298068
v 0.00980000 -0.02099335 0.01322000
v 0.00980000 -0.02102241 0.01298068
v 0.00980000 -0.02110790 0.01275528
v 0.00980000 -0.02124484 0.01255688
v 0.00980000 -0.02142529 0.01239702
v 0.00980000 -0.02163875 0.01228498
v 0.00980000 -0.02187281 0.01222729
v 0.00980000 -0.02211389 0.01222729
v 0.00980000 -0.02234796 0.01228498
v 0.00980000 -0.02256142 0.01239702
v 0.00980000 -0.02274186 0.01255688
v 0.00980000 -0.02287881 0.01275528
v 0.00980000 -0.02296429 0.01298068
v 0.00980000 -0.02299335 0.01322000
v 0.00980000 -0.02296429 0.01345932
v 0.00980000 -0.02287881 0.01368472
v 0.00980000 -0.02274186 0.01388312
v 0.00980000 -0.02256142 0.01404298
v 0.00980000 -0.02234796 0.01415502
v 0.00980000 -0.02211389 0.01421271
v 0.00980000 -0.02187281 0.01421271
v 0.00980000 -0.02163875 0.01415502
v 0.00980000 -0.02142529 0.01404298
v 0.00980000 -0.02124484 0.01388312
v 0.00980000 -0.02110790 0.01368472
v 0.00980000 -0.02102241 0.01345932
v 0.00980000 -0.02020794 0.01386984
v 0.00980000 -0.02012222 0.01354993
v 0.00980000 -0.02009335 0.01322000
v 0.00980000 -0.02199335 0.01512000
v 0.00980000 -0.02166342 0.01509114
v 0.00980000 -0.02134351 0.01500542
v 0.00980000 -0.02104335 0.01486545
v 0.00980000 -0.02077205 0.01467548
v 0.00980000 -0.02053787 0.01444130
v 0.00980000 -0.02034790 0.01417000
v 0.00980000 -0.02321465 0.01467548
v 0.00980000 -0.02294335 0.01486545
v 0.00980000 -0.02264319 0.01500542
v 0.00980000 -0.02232328 0.01509114
v 0.00980000 -0.02377877 0.01257016
v 0.00980000 -0.02386449 0.01289007
v 0.00980000 -0.02389335 0.01322000
v 0.00980000 -0.02077205 0.01176452
v 0.00980000 -0.02104335 0.01157455
v 0.00980000 -0.02134351 0.01143458
v 0.00980000 -0.02386449 0.01354993
v 0.00980000 -0.02377877 0.01386984
v 0.00980000 -0.02363880 0.01417000
v 0.00980000 -0.02344884 0.01444130
v 0.00980000 -0.02012222 0.01289007
v 0.00980000 -0.02020794 0.01257016
v 0.00980000 -0.02034790 0.01227000
v 0.00980000 -0.02053787 0.01199870
v 0.00980000 -0.02321465 0.01176452
v 0.00980000 -0.02344884 0.01199870
v 0.00980000 -0.02363880 0.01227000
v 0.00980000 -0.02166342 0.01134886
v 0.00980000 -0.02199335 0.01132000
v 0.00980000 -0.02232328 0.01134886
v 0.00980000 -0.02264319 0.01143458
v 0.00980000 -0.02294335 0.01157455
v 0.01180000 -0.02369335 0.01322000
v 0.01160000 -0.02389335 0.01322000
v 0.01160000 -0.02386449 0.01289007
v 0.01180000 -0.02366752 0.01292480
v 0.01160000 -0.02377877 0.01257016
v 0.01180000 -0.02359083 0.01263857
v 0.01160000 -0.02363880 0.01227000
v 0.01180000 -0.02346559 0.01237000
v 0.01160000 -0.02344884 0.01199870
v 0.01180000 -0.02329563 0.01212726
v 0.01160000 -0.02321465 0.01176452
v 0.01180000 -0.02308609 0.01191772
v 0.01160000 -0.02294335 0.01157455
v 0.01180000 -0.02284335 0.01174776
v 0.01160000 -0.02264319 0.01143458
v 0.01180000 -0.02257479 0.01162252
v 0.01160000 -0.02232328 0.01134886
v 0.01180000 -0.02228855 0.01154583
v 0.01160000 -0.02199335 0.01132000
v 0.01180000 -0.02199335 0.01152000
v 0.01160000 -0.02166342 0.01134886
v 0.01180000 -0.02169815 0.01154583
v 0.01160000 -0.02134351 0.01143458
v 0.01180000 -0.02141192 0.01162252
v 0.01160000 -0.02104335 0.01157455
v 0.01180000 -0.02114335 0.01174776
v 0.01160000 -0.02077205 0.01176452
v 0.01180000 -0.02090061 0.01191772
v 0.01160000 -0.02053787 0.01199870
v 0.01180000 -0.02069108 0.01212726
v 0.01160000 -0.02034790 0.01227000
v 0.01180000 -0.02052111 0.01237000
v 0.01160000 -0.02020794 0.01257016
v 0.01180000 -0.02039587 0.01263857
v 0.01160000 -0.02012222 0.01289007
v 0.01180000 -0.02031918 0.01292480
v 0.01160000 -0.02009335 0.01322000
v 0.01180000 -0.02029335 0.01322000
v 0.01160000 -0.02386449 0.01354993
v 0.01160000 -0.02377877 0.01386984
v 0.01160000 -0.02363880 0.01417000
v 0.01160000 -0.02344884 0.01444130
v 0.01160000 -0.02321465 0.01467548
v 0.01160000 -0.02294335 0.01486545
v 0.01160000 -0.02264319 0.01500542
v 0.01160000 -0.02232328 0.01509114
v 0.01160000 -0.02199335 0.01512000
v 0.01160000 -0.02166342 0.01509114
v 0.01160000 -0.02134351 0.01500542
v 0.01160000 -0.02104335 0.01486545
v 0.01160000 -0.02077205 0.01467548
v 0.01160000 -0.02053787 0.01444130
v 0.01160000 -0.02034790 0.01417000
v 0.01160000 -0.02020794 0.01386984
v 0.01160000 -0.02012222 0.01354993
v 0.01180000 -0.02031918 0.01351520
v 0.01180000 -0.02039587 0.01380143
v 0.01180000 -0.02052111 0.01407000
v 0.01180000 -0.02069108 0.01431274
v 0.01180000 -0.02090061 0.01452228
v 0.01180000 -0.02114335 0.01469224
v 0.01180000 -0.02141192 0.01481748
v 0.01180000 -0.02169815 0.01489417
v 0.01180000 -0.02199335 0.01492000
v 0.01180000 -0.02228855 0.01489417
v 0.01180000 -0.02257479 0.01481748
v 0.01180000 -0.02284335 0.01469224
v 0.01180000 -0.02308609 0.01452228
v 0.01180000 -0.02329563 0.01431274
v 0.01180000 -0.02346559 0.01407000
v 0.01180000 -0.02359083 0.01380143
v 0.01180000 -0.02366752 0.01351520
v 0.01080000 -0.00956034 0.01247000
v 0.01080000 -0.01042636 0.01247000
v 0.01180000 -0.00956034 0.01247000
v 0.01180000 -0.01042636 0.01247000
v 0.01080000 -0.00912733 0.01322000
v 0.01180000 -0.00912733 0.01322000
v 0.01080000 -0.00956034 0.01397000
v 0.01180000 -0.00956034 0.01397000
v 0.01080000 -0.01042636 0.01397000
v 0.01180000 -0.01042636 0.01397000
v 0.01080000 -0.01085938 0.01322000
v 0.01180000 -0.01085938 0.01322000
v 0.00480000 -0.00942860 0.01271967
v 0.00480000 -0.01055810 0.01372033
v 0.00480000 -0.01042196 0.01384094
v 0.00480000 -0.00956475 0.01259906
v 0.00480000 -0.00972580 0.01251453
v 0.00480000 -0.00990241 0.01247100
v 0.00480000 -0.01026090 0.01392547
v 0.00480000 -0.01008430 0.01396900
v 0.00480000 -0.00990241 0.01396900
v 0.00480000 -0.01008430 0.01247100
v 0.00480000 -0.01026090 0.01251453
v 0.00480000 -0.01042196 0.01259906
v 0.00480000 -0.00972580 0.01392547
v 0.00480000 -0.00956475 0.01384094
v 0.00480000 -0.00942860 0.01372033
v 0.00480000 -0.01055810 0.01271967
v 0.00480000 -0.01066143 0.01286937
v 0.00480000 -0.01072593 0.01303944
v 0.00480000 -0.00926078 0.01340056
v 0.00480000 -0.00923885 0.01322000
v 0.00480000 -0.00926078 0.01303944
v 0.00480000 -0.00932527 0.01357063
v 0.00480000 -0.00932527 0.01286937
v 0.00480000 -0.01074785 0.01322000
v 0.00480000 -0.01072593 0.01340056
v 0.00480000 -0.01066143 0.01357063
v 0.00504550 -0.01099335 0.01322000
v 0.00504550 -0.01096429 0.01345932
v 0.00504550 -0.01087881 0.01368472
v 0.00504550 -0.01074186 0.01388312
v 0.00504550 -0.01056142 0.01404298
v 0.00504550 -0.01034796 0.01415502
v 0.00504550 -0.01011389 0.01421271
v 0.00504550 -0.00987281 0.01421271
v 0.00504550 -0.00963875 0.01415502
v 0.00504550 -0.00942529 0.01404298
v 0.00504550 -0.00924484 0.01388312
v 0.00504550 -0.00910790 0.01368472
v 0.00504550 -0.00902241 0.01345932
v 0.00504550 -0.00899335 0.01322000
v 0.00504550 -0.00902241 0.01298068
v 0.00504550 -0.00910790 0.01275528
v 0.00504550 -0.00924484 0.01255688
v 0.00504550 -0.00942529 0.01239702
v 0.00504550 -0.00963875 0.01228498
v 0.00504550 -0.00987281 0.01222729
v 0.00504550 -0.01011389 0.01222729
v 0.00504550 -0.01034796 0.01228498
v 0.00504550 -0.01056142 0.01239702
v 0.00504550 -0.01074186 0.01255688
v 0.00504550 -0.01087881 0.01275528
v 0.00504550 -0.01096429 0.01298068
v 0.00980000 -0.00899335 0.01322000
v 0.00980000 -0.00902241 0.01298068
v 0.00980000 -0.00910790 0.01275528
v 0.00980000 -0.00924484 0.01255688
v 0.00980000 -0.00942529 0.01239702
v 0.00980000 -0.00963875 0.01228498
v 0.00980000 -0.00987281 0.01222729
v 0.00980000 -0.01011389 0.01222729
v 0.00980000 -0.01034796 0.01228498
v 0.00980000 -0.01056142 0.01239702
v 0.00980000 -0.01074186 0.01255688
v 0.00980000 -0.01087881 0.01275528
v 0.00980000 -0.01096429 0.01298068
v 0.00980000 -0.01099335 0.01322000
v 0.00980000 -0.01096429 0.01345932
v 0.00980000 -0.01087881 0.01368472
v 0.00980000 -0.01074186 0.01388312
v 0.00980000 -0.01056142 0.01404298
v 0.00980000 -0.01034796 0.01415502
v 0.00980000 -0.01011389 0.01421271
v 0.00980000 -0.00987281 0.01421271
v 0.00980000 -0.00963875 0.01415502
v 0.00980000 -0.00942529 0.01404298
v 0.00980000 -0.00924484 0.01388312
v 0.00980000 -0.00910790 0.01368472
v 0.00980000 -0.00902241 0.01345932
v 0.00980000 -0.00820793 0.01386984
v 0.00980000 -0.00812222 0.01354993
v 0.00980000 -0.00809335 0.01322000
v 0.00980000 -0.00999335 0.01512000
v 0.00980000 -0.00966342 0.01509114
v 0.00980000 -0.00934351 0.01500542
v 0.00980000 -0.00904335 0.01486545
v 0.00980000 -0.00877205 0.01467548
v 0.00980000 -0.00853787 0.01444130
v 0.00980000 -0.00834790 0.01417000
v 0.00980000 -0.01121465 0.01467548
v 0.00980000 -0.01094335 0.01486545
v 0.00980000 -0.01064319 0.01500542
v 0.00980000 -0.01032328 0.01509114
v 0.00980000 -0.01177877 0.01257016
v 0.00980000 -0.01186449 0.01289007
v 0.00980000 -0.01189335 0.01322000
v 0.00980000 -0.00877205 0.01176452
v 0.00980000 -0.00904335 0.01157455
v 0.00980000 -0.00934351 0.01143458
v 0.00980000 -0.01186449 0.01354993
v 0.00980000 -0.01177877 0.01386984
v 0.00980000 -0.01163880 0.01417000
v 0.00980000 -0.01144884 0.01444130
v 0.00980000 -0.00812222 0.01289007
v 0.00980000 -0.00820793 0.01257016
v 0.00980000 -0.00834790 0.01227000
v 0.00980000 -0.00853787 0.01199870
v 0.00980000 -0.01121465 0.01176452
v 0.00980000 -0.01144884 0.01199870
v 0.00980000 -0.01163880 0.01227000
v 0.00980000 -0.00966342 0.01134886
v 0.00980000 -0.00999335 0.01132000
v 0.00980000 -0.01032328 0.01134886
v 0.00980000 -0.01064319 0.01143458
v 0.00980000 -0.01094335 0.01157455
v 0.01180000 -0.01169335 0.01322000
v 0.01160000 -0.01189335 0.01322000
v 0.01160000 -0.01186449 0.01289007
v 0.01180000 -0.01166752 0.01292480
v 0.01160000 -0.01177877 0.01257016
v 0.01180000 -0.01159083 0.01263857
v 0.01160000 -0.01163880 0.01227000
v 0.01180000 -0.01146559 0.01237000
v 0.01160000 -0.01144884 0.01199870
v 0.01180000 -0.01129563 0.01212726
v 0.01160000 -0.01121465 0.01176452
v 0.01180000 -0.01108609 0.01191772
v 0.01160000 -0.01094335 0.01157455
v 0.01180000 -0.01084335 0.01174776
v 0.01160000 -0.01064319 0.01143458
v 0.01180000 -0.01057479 0.01162252
v 0.01160000 -0.01032328 0.01134886
v 0.01180000 -0.01028855 0.01154583
v 0.01160000 -0.00999335 0.01132000
v 0.01180000 -0.00999335 0.01152000
v 0.01160000 -0.00966342 0.01134886
v 0.01180000 -0.00969815 0.01154583
v 0.01160000 -0.00934351 0.01143458
v 0.01180000 -0.00941192 0.01162252
v 0.01160000 -0.00904335 0.01157455
v 0.01180000 -0.00914335 0.01174776
v 0.01160000 -0.00877205 0.01176452
v 0.01180000 -0.00890061 0.01191772
v 0.01160000 -0.00853787 0.01199870
v 0.01180000 -0.00869108 0.01212726
v 0.01160000 -0.00834790 0.01227000
v 0.01180000 -0.00852111 0.01237000
v 0.01160000 -0.00820793 0.01257016
v 0.01180000 -0.00839587 0.01263857
v 0.01160000 -0.00812222 0.01289007
v 0.01180000 -0.00831918 0.01292480
v 0.01160000 -0.00809335 0.01322000
v 0.01180000 -0.00829335 0.01322000
v 0.01160000 -0.01186449 0.01354993
v 0.01160000 -0.01177877 0.01386984
v 0.01160000 -0.01163880 0.01417000
v 0.01160000 -0.01144884 0.01444130
v 0.01160000 -0.01121465 0.01467548
v 0.01160000 -0.01094335 0.01486545
v 0.01160000 -0.01064319 0.01500542
v 0.01160000 -0.01032328 0.01509114
v 0.01160000 -0.00999335 0.01512000
v 0.01160000 -0.00966342 0.01509114
v 0.01160000 -0.00934351 0.01500542
v 0.01160000 -0.00904335 0.01486545
v 0.01160000 -0.00877205 0.01467548
v 0.01160000 -0.00853787 0.01444130
v 0.01160000 -0.00834790 0.01417000
v 0.01160000 -0.00820793 0.01386984
v 0.01160000 -0.00812222 0.01354993
v 0.01180000 -0.00831918 0.01351520
v 0.01180000 -0.00839587 0.01380143
v 0.01180000 -0.00852111 0.01407000
v 0.01180000 -0.00869108 0.01431274
v 0.01180000 -0.00890061 0.01452228
v 0.01180000 -0.00914335 0.01469224
v 0.01180000 -0.00941192 0.01481748
v 0.01180000 -0.00969815 0.01489417
v 0.01180000 -0.00999335 0.01492000
v 0.01180000 -0.01028855 0.01489417
v 0.01180000 -0.01057479 0.01481748
v 0.01180000 -0.01084335 0.01469224
v 0.01180000 -0.01108609 0.01452228
v 0.01180000 -0.01129563 0.01431274
v 0.01180000 -0.01146559 0.01407000
v 0.01180000 -0.01159083 0.01380143
v 0.01180000 -0.01166752 0.01351520
v 0.00051931 0.02200665 0.01322000
v 0.00100000 0.02160665 0.01391282
v 0.00100000 0.02131383 0.01362000
v 0.00100000 0.02200665 0.01402000
v 0.00100000 0.02131383 0.01282000
v 0.00100000 0.02160665 0.01252718
v 0.00100000 0.02120665 0.01322000
v 0.00100000 0.02240665 0.01252718
v 0.00100000 0.02269947 0.01282000
v 0.00100000 0.02200665 0.01242000
v 0.00100000 0.02269947 0.01362000
v 0.00100000 0.02240665 0.01391282
v 0.00100000 0.02280665 0.01322000
v 0.00051931 0.02200665 0.02122000
v 0.00100000 0.02160665 0.02191282
v 0.00100000 0.02131383 0.02162000
v 0.00100000 0.02200665 0.02202000
v 0.00100000 0.02131383 0.02082000
v 0.00100000 0.02160665 0.02052718
v 0.00100000 0.02120665 0.02122000
v 0.00100000 0.02240665 0.02052718
v 0.00100000 0.02269947 0.02082000
v 0.00100000 0.02200665 0.02042000
v 0.00100000 0.02269947 0.02162000
v 0.00100000 0.02240665 0.02191282
v 0.00100000 0.02280665 0.02122000
v 0.00051931 0.01000665 0.01322000
v 0.00100000 0.00960665 0.01391282
v 0.00100000 0.00931383 0.01362000
v 0.00100000 0.01000665 0.01402000
v 0.00100000 0.00931383 0.01282000
v 0.00100000 0.00960665 0.01252718
v 0.00100000 0.00920665 0.01322000
v 0.00100000 0.01040665 0.01252718
v 0.00100000 0.01069947 0.01282000
v 0.00100000 0.01000665 0.01242000
v 0.00100000 0.01069947 0.01362000
v 0.00100000 0.01040665 0.01391282
v 0.00100000 0.01080665 0.01322000
v 0.00051931 0.01000665 0.02122000
v 0.00100000 0.00960665 0.02191282
v 0.00100000 0.00931383 0.02162000
v 0.00100000 0.01000665 0.02202000
v 0.00100000 0.00931383 0.02082000
v 0.00100000 0.00960665 0.02052718
v 0.00100000 0.00920665 0.02122000
v 0.00100000 0.01040665 0.02052718
v 0.00100000 0.01069947 0.02082000
v 0.00100000 0.01000665 0.02042000
v 0.00100000 0.01069947 0.02162000
v 0.00100000 0.01040665 0.02191282
v 0.00100000 0.01080665 0.02122000
v 0.00700000 0.02200665 0.01242000
v 0.00700000 0.02160665 0.01252718
v 0.00700000 0.02131383 0.01282000
v 0.00700000 0.02120665 0.01322000
v 0.00700000 0.02131383 0.01362000
v 0.00700000 0.02160665 0.01391282
v 0.00700000 0.02200665 0.01402000
v 0.00700000 0.02240665 0.01391282
v 0.00700000 0.02269947 0.01362000
v 0.00700000 0.02280665 0.01322000
v 0.00700000 0.02269947 0.01282000
v 0.00700000 0.02240665 0.01252718
v 0.00700000 0.02200665 0.02042000
v 0.00700000 0.02160665 0.02052718
v 0.00700000 0.02131383 0.02082000
v 0.00700000 0.02120665 0.02122000
v 0.00700000 0.02131383 0.02162000
v 0.00700000 0.02160665 0.02191282
v 0.00700000 0.02200665 0.02202000
v 0.00700000 0.02240665 0.02191282
v 0.00700000 0.02269947 0.02162000
v 0.00700000 0.02280665 0.02122000
v 0.00700000 0.02269947 0.02082000
v 0.00700000 0.02240665 0.02052718
v 0.00685000 0.01900665 0.02397000
v 0.00685000 0.01900665 0.01047000
v 0.00700000 0.01900665 0.02397000
v 0.00700000 0.01900665 0.01047000
v 0.00700000 0.00770665 0.02397000
v 0.00680000 0.00750665 0.02397000
v 0.00700000 0.00770665 0.01047000
v 0.00680000 0.00750665 0.01047000
v 0.00685000 0.01300665 0.02397000
v 0.00700000 0.01300665 0.02397000
v 0.00685000 0.01300665 0.01047000
v 0.00700000 0.01300665 0.01047000
v 0.00700000 0.01000665 0.01242000
v 0.00700000 0.00960665 0.01252718
v 0.00700000 0.00931383 0.01282000
v 0.00700000 0.00920665 0.01322000
v 0.00700000 0.00931383 0.01362000
v 0.00700000 0.00960665 0.01391282
v 0.00700000 0.01000665 0.01402000
v 0.00700000 0.01040665 0.01391282
v 0.00700000 0.01069947 0.01362000
v 0.00700000 0.01080665 0.01322000
v 0.00700000 0.01069947 0.01282000
v 0.00700000 0.01040665 0.01252718
v 0.00700000 0.01000665 0.02042000
v 0.00700000 0.00960665 0.02052718
v 0.00700000 0.00931383 0.02082000
v 0.00700000 0.00920665 0.02122000
v 0.00700000 0.00931383 0.02162000
v 0.00700000 0.00960665 0.02191282
v 0.00700000 0.01000665 0.02202000
v 0.00700000 0.01040665 0.02191282
v 0.00700000 0.01069947 0.02162000
v 0.00700000 0.01080665 0.02122000
v 0.00700000 0.01069947 0.02082000
v 0.00700000 0.01040665 0.02052718
v 0.00290000 0.00750665 0.02397000
v 0.00290000 0.00750665 0.01047000
v 0.00294019 0.00765665 0.02397000
v 0.00294019 0.00765665 0.01047000
v 0.00305000 0.00776646 0.02397000
v 0.00305000 0.00776646 0.01047000
v 0.00320000 0.00780665 0.02397000
v 0.00320000 0.00780665 0.01047000
v 0.00335000 0.00776646 0.02397000
v 0.00335000 0.00776646 0.01047000
v 0.00345981 0.00765665 0.02397000
v 0.00345981 0.00765665 0.01047000
v 0.00350000 0.00750665 0.02397000
v 0.00350000 0.00750665 0.01047000
v 0.00680000 0.02450665 0.02397000
v 0.00700000 0.02430665 0.02397000
v 0.00680000 0.02450665 0.01047000
v 0.00700000 0.02430665 0.01047000
v 0.00070000 0.00750665 0.02397000
v 0.00070000 0.00750665 0.01047000
v 0.00650000 0.02420665 0.02847000
v 0.00670000 0.02400665 0.02847000
v 0.00650000 0.02420665 0.02397000
v 0.00670000 0.02400665 0.02397000
v 0.00670000 0.00800665 0.02397000
v 0.00650000 0.00780665 0.02397000
v 0.00070000 0.02420665 0.02397000
v 0.00050000 0.02450665 0.02397000
v 0.00050000 0.02400665 0.02397000
v 0.00070000 0.00780665 0.02397000
v 0.00050000 0.00800665 0.02397000
v 0.00050000 0.00770665 0.02397000
v 0.00650000 0.00780665 0.02847000
v 0.00670000 0.00800665 0.02847000
v 0.00450000 0.01865015 0.02827000
v 0.00555065 0.01842725 0.02827000
v 0.00450000 0.01879214 0.02827000
v 0.00555065 0.01856884 0.02827000
v 0.00450000 0.02044446 0.02827000
v 0.00555065 0.02022116 0.02827000
v 0.00450000 0.02058605 0.02827000
v 0.00555065 0.02036315 0.02827000
v 0.00550000 0.01600665 0.02310948
v 0.00580000 0.01548703 0.02347000
v 0.00601962 0.01570665 0.02347000
v 0.00550000 0.01540665 0.02347000
v 0.00601962 0.01630665 0.02347000
v 0.00580000 0.01652626 0.02347000
v 0.00610000 0.01600665 0.02347000
v 0.00520000 0.01652626 0.02347000
v 0.00498038 0.01630665 0.02347000
v 0.00550000 0.01660665 0.02347000
v 0.00498038 0.01570665 0.02347000
v 0.00520000 0.01548703 0.02347000
v 0.00490000 0.01600665 0.02347000
v 0.00499300 0.02087201 0.02827000
v 0.00450000 0.02097672 0.02827000
v 0.00450000 0.02083473 0.02827000
v 0.00511357 0.02139198 0.02827000
v 0.00555065 0.02129957 0.02827000
v 0.00555065 0.02144116 0.02827000
v 0.00555065 0.02061183 0.02827000
v 0.00555065 0.02075422 0.02827000
v 0.00511357 0.02084623 0.02827000
v 0.00450000 0.02166446 0.02827000
v 0.00450000 0.02152286 0.02827000
v 0.00499300 0.02141736 0.02827000
v 0.00489290 0.01917939 0.02827000
v 0.00479191 0.01922208 0.02827000
v 0.00450000 0.01922961 0.02827000
v 0.00481824 0.01984639 0.02827000
v 0.00468601 0.01991219 0.02827000
v 0.00450000 0.01988245 0.02827000
v 0.00472429 0.01925152 0.02827000
v 0.00467689 0.01927086 0.02827000
v 0.00450000 0.01939619 0.02827000
v 0.00496087 0.01914949 0.02827000
v 0.00555065 0.01869457 0.02827000
v 0.00555065 0.01885084 0.02827000
v 0.00450000 0.02003752 0.02827000
v 0.00473767 0.01991780 0.02827000
v 0.00476375 0.01992013 0.02827000
v 0.00478879 0.01992097 0.02827000
v 0.00482840 0.01992330 0.02827000
v 0.00503068 0.01993202 0.02827000
v 0.00555065 0.02009345 0.02827000
v 0.00555065 0.01995384 0.02827000
v 0.00481833 0.01927999 0.02827000
v 0.00482164 0.01928020 0.02827000
v 0.00513697 0.01942475 0.02827000
v 0.00493628 0.01928633 0.02827000
v 0.00534599 0.01943823 0.02827000
v 0.00555065 0.01931250 0.02827000
v 0.00555065 0.01945727 0.02827000
v 0.00525516 0.01947963 0.02827000
v 0.00524969 0.01961921 0.02827000
v 0.00518813 0.01951359 0.02827000
v 0.00494818 0.01978012 0.02827000
v 0.00484417 0.01983336 0.02827000
v 0.00508073 0.01783228 0.02827000
v 0.00515601 0.01786603 0.02827000
v 0.00510881 0.01797114 0.02827000
v 0.00537693 0.01808338 0.02827000
v 0.00555065 0.01804491 0.02827000
v 0.00555065 0.01817857 0.02827000
v 0.00450000 0.01840147 0.02827000
v 0.00450000 0.01825988 0.02827000
v 0.00513975 0.01813097 0.02827000
v 0.00527217 0.01809900 0.02827000
v 0.00525447 0.01803692 0.02827000
v 0.00479792 0.01771675 0.02827000
v 0.00485180 0.01773634 0.02827000
v 0.00498892 0.01779232 0.02827000
v 0.00476707 0.01770634 0.02827000
v 0.00450000 0.01771730 0.02827000
v 0.00465825 0.01767248 0.02827000
v 0.00450000 0.01757214 0.02827000
v 0.00509887 0.01758310 0.02827000
v 0.00555065 0.01734884 0.02827000
v 0.00555065 0.01749123 0.02827000
v 0.00670000 0.02400665 0.00597000
v 0.00650000 0.02420665 0.00597000
v 0.00670000 0.02400665 0.01047000
v 0.00650000 0.02420665 0.01047000
v 0.00050000 0.02400665 0.02847000
v 0.00070000 0.02420665 0.02847000
v 0.00050000 0.02450665 0.01047000
v 0.00070000 0.02420665 0.00597000
v 0.00050000 0.02400665 0.00597000
v 0.00070000 0.02420665 0.01047000
v 0.00050000 0.02400665 0.01047000
v 0.00160000 0.01950665 0.00597000
v 0.00160000 0.01950665 0.02847000
v 0.00050000 0.01950665 0.00597000
v 0.00050000 0.01950665 0.02847000
v 0.00050000 0.00770665 0.01047000
v 0.00050000 0.00800665 0.02847000
v 0.00070000 0.00780665 0.02847000
v 0.00050000 0.01250665 0.00597000
v 0.00050000 0.01250665 0.02847000
v 0.00160000 0.01250665 0.00597000
v 0.00160000 0.01250665 0.02847000
v 0.00650000 0.00780665 0.00597000
v 0.00670000 0.00800665 0.00597000
v 0.00650000 0.00780665 0.01047000
v 0.00670000 0.00800665 0.01047000
v 0.00050000 0.00800665 0.01047000
v 0.00070000 0.00780665 0.01047000
v 0.00050000 0.00800665 0.00597000
v 0.00070000 0.00780665 0.00597000
v 0.00561570 0.01268774 0.00617000
v 0.00561570 0.01253985 0.00617000
v 0.00450000 0.01268774 0.00617000
v 0.00475912 0.01253985 0.00617000
v 0.00450000 0.01182863 0.00617000
v 0.00450000 0.01197694 0.00617000
v 0.00561570 0.01182863 0.00617000
v 0.00535573 0.01197694 0.00617000
v 0.00561570 0.01198621 0.00617000
v 0.00450000 0.01252974 0.00617000
v 0.00450000 0.00929093 0.00617000
v 0.00450000 0.00943924 0.00617000
v 0.00561570 0.00929093 0.00617000
v 0.00544801 0.00943924 0.00617000
v 0.00450000 0.01021913 0.00617000
v 0.00450000 0.01036744 0.00617000
v 0.00544801 0.01021913 0.00617000
v 0.00561570 0.01036744 0.00617000
v 0.00561570 0.01016225 0.00617000
v 0.00530709 0.01005617 0.00617000
v 0.00511147 0.00998896 0.00617000
v 0.00450000 0.00989807 0.00617000
v 0.00466516 0.00983909 0.00617000
v 0.00450000 0.00975861 0.00617000
v 0.00473295 0.00981681 0.00617000
v 0.00482948 0.00978473 0.00617000
v 0.00561570 0.00951634 0.00617000
v 0.00550000 0.01600665 0.01133052
v 0.00580000 0.01652626 0.01097000
v 0.00601962 0.01630665 0.01097000
v 0.00550000 0.01660665 0.01097000
v 0.00601962 0.01570665 0.01097000
v 0.00580000 0.01548703 0.01097000
v 0.00610000 0.01600665 0.01097000
v 0.00520000 0.01548703 0.01097000
v 0.00498038 0.01570665 0.01097000
v 0.00550000 0.01540665 0.01097000
v 0.00498038 0.01630665 0.01097000
v 0.00520000 0.01652626 0.01097000
v 0.00490000 0.01600665 0.01097000
v 0.00507260 0.01113764 0.00617000
v 0.00494409 0.01113764 0.00617000
v 0.00507260 0.01160153 0.00617000
v 0.00494409 0.01145365 0.00617000
v 0.00465547 0.01160153 0.00617000
v 0.00505785 0.01072263 0.00617000
v 0.00508915 0.01057571 0.00617000
v 0.00480868 0.01077306 0.00617000
v 0.00477926 0.01063053 0.00617000
v 0.00468509 0.01087603 0.00617000
v 0.00461203 0.01075327 0.00617000
v 0.00461359 0.01105837 0.00617000
v 0.00450079 0.01097251 0.00617000
v 0.00460870 0.01112964 0.00617000
v 0.00449713 0.01129255 0.00617000
v 0.00461734 0.01122402 0.00617000
v 0.00472836 0.01145365 0.00617000
v 0.00468555 0.01139598 0.00617000
v 0.00464620 0.01131587 0.00617000
v 0.00546940 0.01151340 0.00617000
v 0.00556938 0.01140267 0.00617000
v 0.00544353 0.01134131 0.00617000
v 0.00526809 0.01144817 0.00617000
v 0.00530391 0.01158426 0.00617000
v 0.00534278 0.01142036 0.00617000
v 0.00540039 0.01138623 0.00617000
v 0.00534109 0.01079536 0.00617000
v 0.00539407 0.01083513 0.00617000
v 0.00540722 0.01067069 0.00617000
v 0.00556640 0.01083681 0.00617000
v 0.00563550 0.01113006 0.00617000
v 0.00549920 0.01120816 0.00617000
v 0.00547750 0.01128090 0.00617000
v 0.00517440 0.01073327 0.00617000
v 0.00519361 0.01073719 0.00617000
v 0.00528368 0.01076476 0.00617000
v 0.00543953 0.01088753 0.00617000
v 0.00547581 0.01095352 0.00617000
v 0.00561786 0.01097411 0.00617000
v 0.00549883 0.01103373 0.00617000
v 0.00550699 0.01112753 0.00617000
v 0.00560601 0.01359656 0.00617000
v 0.00560601 0.01288534 0.00617000
v 0.00546781 0.01288534 0.00617000
v 0.00450000 0.01305346 0.00617000
v 0.00450000 0.01319166 0.00617000
v 0.00464441 0.01306641 0.00617000
v 0.00470064 0.01307598 0.00617000
v 0.00546781 0.01341876 0.00617000
v 0.00536042 0.01349539 0.00617000
v 0.00549351 0.01359656 0.00617000
v 0.00481727 0.01310149 0.00617000
v 0.00486320 0.01325800 0.00617000
v 0.00517508 0.01323426 0.00617000
v 0.00519099 0.01339516 0.00617000
v 0.00528447 0.01344774 0.00617000
v 0.00461061 0.01459562 0.00617000
v 0.00485434 0.01472237 0.00617000
v 0.00489100 0.01457406 0.00617000
v 0.00476771 0.01453024 0.00617000
v 0.00467949 0.01445861 0.00617000
v 0.00450612 0.01443127 0.00617000
v 0.00462577 0.01436381 0.00617000
v 0.00448020 0.01426438 0.00617000
v 0.00460870 0.01425005 0.00617000
v 0.00448744 0.01415730 0.00617000
v 0.00462103 0.01415241 0.00617000
v 0.00449816 0.01410227 0.00617000
v 0.00455309 0.01397365 0.00617000
v 0.00527441 0.01454456 0.00617000
v 0.00530896 0.01469245 0.00617000
v 0.00541818 0.01446903 0.00617000
v 0.00546383 0.01461909 0.00617000
v 0.00548704 0.01437077 0.00617000
v 0.00558805 0.01447481 0.00617000
v 0.00550699 0.01425384 0.00617000
v 0.00563531 0.01424764 0.00617000
v 0.00546485 0.01407641 0.00617000
v 0.00556766 0.01399514 0.00617000
v 0.00536660 0.01396891 0.00617000
v 0.00552447 0.01393211 0.00617000
v 0.00527989 0.01392647 0.00617000
v 0.00532863 0.01379152 0.00617000
v 0.00494910 0.01390080 0.00617000
v 0.00498205 0.01374857 0.00617000
v 0.00477267 0.01395554 0.00617000
v 0.00470159 0.01383496 0.00617000
v 0.00466969 0.01404732 0.00617000
v 0.00466053 0.01406171 0.00617000
v 0.00300000 0.01250665 0.02847000
v 0.00300000 0.01250665 0.00597000
v 0.00290622 0.01285665 0.00597000
v 0.00290622 0.01285665 0.02847000
v 0.00265000 0.01311287 0.00597000
v 0.00265000 0.01311287 0.02847000
v 0.00230000 0.01320665 0.00597000
v 0.00230000 0.01320665 0.02847000
v 0.00195000 0.01311287 0.00597000
v 0.00195000 0.01311287 0.02847000
v 0.00169378 0.01285665 0.00597000
v 0.00169378 0.01285665 0.02847000
v 0.00670000 0.02293555 0.02847000
v 0.00670000 0.02059894 0.02847000
v 0.00670000 0.01944279 0.02847000
v 0.00670000 0.01856091 0.02847000
v 0.00670000 0.01697774 0.02847000
v 0.00670000 0.01841436 0.02847000
v 0.00470000 0.02420665 0.02847000
v 0.00582532 0.02420665 0.02847000
v 0.00470000 0.00780665 0.02847000
v 0.00582532 0.00780665 0.02847000
v 0.00450000 0.01865015 0.02847000
v 0.00450000 0.01879214 0.02847000
v 0.00555065 0.01856884 0.02847000
v 0.00555065 0.01856091 0.02847000
v 0.00555065 0.01842725 0.02847000
v 0.00492063 0.01856091 0.02847000
v 0.00450000 0.02044446 0.02847000
v 0.00450000 0.02058605 0.02847000
v 0.00555065 0.02036315 0.02847000
v 0.00555065 0.02022116 0.02847000
v 0.00550000 0.01660665 0.02847000
v 0.00580000 0.01652626 0.02847000
v 0.00601962 0.01630665 0.02847000
v 0.00610000 0.01600665 0.02847000
v 0.00601962 0.01570665 0.02847000
v 0.00580000 0.01548703 0.02847000
v 0.00550000 0.01540665 0.02847000
v 0.00520000 0.01548703 0.02847000
v 0.00498038 0.01570665 0.02847000
v 0.00490000 0.01600665 0.02847000
v 0.00498038 0.01630665 0.02847000
v 0.00520000 0.01652626 0.02847000
v 0.00450000 0.02152286 0.02847000
v 0.00450000 0.02166446 0.02847000
v 0.00555065 0.02144116 0.02847000
v 0.00555065 0.02129957 0.02847000
v 0.00511357 0.02139198 0.02847000
v 0.00511357 0.02084623 0.02847000
v 0.00555065 0.02075422 0.02847000
v 0.00555065 0.02061183 0.02847000
v 0.00450000 0.02083473 0.02847000
v 0.00450000 0.02097672 0.02847000
v 0.00499300 0.02087201 0.02847000
v 0.00499300 0.02141736 0.02847000
v 0.00534599 0.01943823 0.02847000
v 0.00513697 0.01942475 0.02847000
v 0.00518813 0.01951359 0.02847000
v 0.00525516 0.01947963 0.02847000
v 0.00450000 0.01988245 0.02847000
v 0.00450000 0.02003752 0.02847000
v 0.00555065 0.02009345 0.02847000
v 0.00555065 0.01995384 0.02847000
v 0.00503068 0.01993202 0.02847000
v 0.00482840 0.01992330 0.02847000
v 0.00476375 0.01992013 0.02847000
v 0.00478879 0.01992097 0.02847000
v 0.00468601 0.01991219 0.02847000
v 0.00473767 0.01991780 0.02847000
v 0.00494818 0.01978012 0.02847000
v 0.00484417 0.01983336 0.02847000
v 0.00481824 0.01984639 0.02847000
v 0.00555065 0.01945727 0.02847000
v 0.00524969 0.01961921 0.02847000
v 0.00555065 0.01944279 0.02847000
v 0.00555065 0.01931250 0.02847000
v 0.00493628 0.01928633 0.02847000
v 0.00467689 0.01927086 0.02847000
v 0.00481833 0.01927999 0.02847000
v 0.00482164 0.01928020 0.02847000
v 0.00479191 0.01922208 0.02847000
v 0.00472429 0.01925152 0.02847000
v 0.00496087 0.01914949 0.02847000
v 0.00489290 0.01917939 0.02847000
v 0.00555065 0.01885084 0.02847000
v 0.00555065 0.01869457 0.02847000
v 0.00470000 0.01912776 0.02847000
v 0.00450000 0.01922961 0.02847000
v 0.00450000 0.01939619 0.02847000
v 0.00485180 0.01773634 0.02847000
v 0.00498892 0.01779232 0.02847000
v 0.00515601 0.01786603 0.02847000
v 0.00508073 0.01783228 0.02847000
v 0.00465825 0.01767248 0.02847000
v 0.00476707 0.01770634 0.02847000
v 0.00479792 0.01771675 0.02847000
v 0.00555065 0.01749123 0.02847000
v 0.00509887 0.01758310 0.02847000
v 0.00555065 0.01734884 0.02847000
v 0.00450000 0.01757214 0.02847000
v 0.00450000 0.01771730 0.02847000
v 0.00510881 0.01797114 0.02847000
v 0.00537693 0.01808338 0.02847000
v 0.00525447 0.01803692 0.02847000
v 0.00513975 0.01813097 0.02847000
v 0.00527217 0.01809900 0.02847000
v 0.00450000 0.01825988 0.02847000
v 0.00450000 0.01840147 0.02847000
v 0.00555065 0.01817857 0.02847000
v 0.00555065 0.01804491 0.02847000
v 0.00670000 0.01047062 0.00597000
v 0.00670000 0.01171508 0.00597000
v 0.00670000 0.01278654 0.00597000
v 0.00670000 0.01366890 0.00597000
v 0.00670000 0.01506451 0.00597000
v 0.00670000 0.02040665 0.00597000
v 0.00586914 0.02420665 0.00597000
v 0.00562560 0.02420665 0.00597000
v 0.00447940 0.02420665 0.00597000
v 0.00470000 0.02420665 0.00597000
v 0.00050000 0.02059894 0.02847000
v 0.00050000 0.02293555 0.02847000
v 0.00050000 0.02040665 0.00597000
v 0.00169378 0.01915665 0.00597000
v 0.00169378 0.01915665 0.02847000
v 0.00195000 0.01890043 0.00597000
v 0.00195000 0.01890043 0.02847000
v 0.00230000 0.01880665 0.00597000
v 0.00230000 0.01880665 0.02847000
v 0.00265000 0.01890043 0.00597000
v 0.00265000 0.01890043 0.02847000
v 0.00290622 0.01915665 0.00597000
v 0.00290622 0.01915665 0.02847000
v 0.00300000 0.01950665 0.00597000
v 0.00300000 0.01950665 0.02847000
v 0.00050000 0.01171508 0.00597000
v 0.00050000 0.01047062 0.00597000
v 0.00447940 0.00780665 0.00597000
v 0.00470000 0.00780665 0.00597000
v 0.00562560 0.00780665 0.00597000
v 0.00586914 0.00780665 0.00597000
v 0.00535573 0.01197694 0.00597000
v 0.00470000 0.01197694 0.00597000
v 0.00450000 0.01197694 0.00597000
v 0.00470000 0.01240054 0.00597000
v 0.00450000 0.01252974 0.00597000
v 0.00450000 0.01268774 0.00597000
v 0.00561570 0.01268774 0.00597000
v 0.00470000 0.01268774 0.00597000
v 0.00561570 0.01253985 0.00597000
v 0.00475912 0.01253985 0.00597000
v 0.00561570 0.01198621 0.00597000
v 0.00561570 0.01182863 0.00597000
v 0.00470000 0.01182863 0.00597000
v 0.00450000 0.01182863 0.00597000
v 0.00544801 0.00943924 0.00597000
v 0.00470000 0.00943924 0.00597000
v 0.00450000 0.00943924 0.00597000
v 0.00470000 0.00969123 0.00597000
v 0.00450000 0.00975861 0.00597000
v 0.00450000 0.00989807 0.00597000
v 0.00544801 0.01021913 0.00597000
v 0.00470000 0.00996581 0.00597000
v 0.00470000 0.01021913 0.00597000
v 0.00450000 0.01021913 0.00597000
v 0.00450000 0.01036744 0.00597000
v 0.00561570 0.01036744 0.00597000
v 0.00470000 0.01036744 0.00597000
v 0.00561570 0.01016225 0.00597000
v 0.00530709 0.01005617 0.00597000
v 0.00511147 0.00998896 0.00597000
v 0.00466516 0.00983909 0.00597000
v 0.00473295 0.00981681 0.00597000
v 0.00482948 0.00978473 0.00597000
v 0.00561570 0.00951634 0.00597000
v 0.00561570 0.00929093 0.00597000
v 0.00470000 0.00929093 0.00597000
v 0.00450000 0.00929093 0.00597000
v 0.00550000 0.01540665 0.00597000
v 0.00580000 0.01548703 0.00597000
v 0.00601962 0.01570665 0.00597000
v 0.00610000 0.01600665 0.00597000
v 0.00601962 0.01630665 0.00597000
v 0.00580000 0.01652626 0.00597000
v 0.00550000 0.01660665 0.00597000
v 0.00520000 0.01652626 0.00597000
v 0.00498038 0.01630665 0.00597000
v 0.00490000 0.01600665 0.00597000
v 0.00498038 0.01570665 0.00597000
v 0.00520000 0.01548703 0.00597000
v 0.00505785 0.01072263 0.00597000
v 0.00517440 0.01073327 0.00597000
v 0.00528368 0.01076476 0.00597000
v 0.00519361 0.01073719 0.00597000
v 0.00534109 0.01079536 0.00597000
v 0.00539407 0.01083513 0.00597000
v 0.00543953 0.01088753 0.00597000
v 0.00547581 0.01095352 0.00597000
v 0.00549883 0.01103373 0.00597000
v 0.00550699 0.01112753 0.00597000
v 0.00549920 0.01120817 0.00597000
v 0.00549920 0.01120817 0.00617000
v 0.00547750 0.01128090 0.00597000
v 0.00544353 0.01134131 0.00597000
v 0.00540039 0.01138623 0.00597000
v 0.00534278 0.01142036 0.00597000
v 0.00526809 0.01144817 0.00597000
v 0.00530391 0.01158426 0.00597000
v 0.00546940 0.01151340 0.00597000
v 0.00556938 0.01140267 0.00597000
v 0.00563550 0.01113006 0.00597000
v 0.00561786 0.01097411 0.00597000
v 0.00556640 0.01083681 0.00597000
v 0.00540722 0.01067069 0.00597000
v 0.00508915 0.01057571 0.00597000
v 0.00477926 0.01063053 0.00597000
v 0.00461203 0.01075327 0.00597000
v 0.00450079 0.01097251 0.00597000
v 0.00449713 0.01129255 0.00597000
v 0.00465547 0.01160153 0.00597000
v 0.00507260 0.01160153 0.00597000
v 0.00470000 0.01160153 0.00597000
v 0.00507260 0.01113764 0.00597000
v 0.00494409 0.01113764 0.00597000
v 0.00494409 0.01145365 0.00597000
v 0.00472836 0.01145365 0.00597000
v 0.00468555 0.01139598 0.00597000
v 0.00464620 0.01131587 0.00597000
v 0.00461734 0.01122402 0.00597000
v 0.00460870 0.01112964 0.00597000
v 0.00461359 0.01105837 0.00597000
v 0.00468509 0.01087603 0.00597000
v 0.00480868 0.01077306 0.00597000
v 0.00450000 0.01305346 0.00597000
v 0.00481727 0.01310149 0.00597000
v 0.00470064 0.01307598 0.00597000
v 0.00464441 0.01306641 0.00597000
v 0.00450000 0.01319166 0.00597000
v 0.00486320 0.01325800 0.00597000
v 0.00519099 0.01339516 0.00597000
v 0.00549351 0.01359656 0.00597000
v 0.00528447 0.01344774 0.00597000
v 0.00536042 0.01349539 0.00597000
v 0.00560601 0.01359656 0.00597000
v 0.00560601 0.01288534 0.00597000
v 0.00546781 0.01288534 0.00597000
v 0.00546781 0.01341876 0.00597000
v 0.00517508 0.01323426 0.00597000
v 0.00448020 0.01426438 0.00597000
v 0.00450612 0.01443127 0.00597000
v 0.00461061 0.01459562 0.00597000
v 0.00485434 0.01472237 0.00597000
v 0.00489100 0.01457406 0.00597000
v 0.00476771 0.01453024 0.00597000
v 0.00467949 0.01445861 0.00597000
v 0.00462577 0.01436381 0.00597000
v 0.00460870 0.01425005 0.00597000
v 0.00462103 0.01415241 0.00597000
v 0.00466053 0.01406171 0.00597000
v 0.00466969 0.01404732 0.00597000
v 0.00477267 0.01395554 0.00597000
v 0.00494910 0.01390080 0.00597000
v 0.00527989 0.01392647 0.00597000
v 0.00536660 0.01396891 0.00597000
v 0.00546485 0.01407641 0.00597000
v 0.00550699 0.01425384 0.00597000
v 0.00548704 0.01437077 0.00597000
v 0.00541818 0.01446903 0.00597000
v 0.00527441 0.01454456 0.00597000
v 0.00530896 0.01469245 0.00597000
v 0.00546383 0.01461909 0.00597000
v 0.00558805 0.01447481 0.00597000
v 0.00563531 0.01424764 0.00597000
v 0.00556766 0.01399514 0.00597000
v 0.00552447 0.01393211 0.00597000
v 0.00532863 0.01379152 0.00597000
v 0.00498205 0.01374857 0.00597000
v 0.00470159 0.01383496 0.00597000
v 0.00455309 0.01397365 0.00597000
v 0.00449816 0.01410227 0.00597000
v 0.00448744 0.01415730 0.00597000
v 0.00380000 0.01250665 0.00597000
v 0.00380000 0.01250665 0.02847000
v 0.00470000 0.01697774 0.02847000
v 0.00380000 0.01697774 0.02847000
v 0.00380000 0.01841436 0.02847000
v 0.00470000 0.01841436 0.02847000
v 0.00470000 0.01856091 0.02847000
v 0.00380000 0.01856091 0.02847000
v 0.00380000 0.01950665 0.02847000
v 0.00380000 0.01944279 0.02847000
v 0.00470000 0.01944279 0.02847000
v 0.00470000 0.02293555 0.02847000
v 0.00582532 0.01944279 0.02847000
v 0.00582532 0.01856091 0.02847000
v 0.00582532 0.01841436 0.02847000
v 0.00470000 0.02059894 0.02847000
v 0.00582532 0.02059894 0.02847000
v 0.00582532 0.01697774 0.02847000
v 0.00582532 0.02293555 0.02847000
v 0.00380000 0.01950665 0.00597000
v 0.00470000 0.01506451 0.00597000
v 0.00562560 0.02040665 0.00597000
v 0.00586914 0.02040665 0.00597000
v 0.00470000 0.01047062 0.00597000
v 0.00447940 0.02040665 0.00597000
v 0.00380000 0.01506451 0.00597000
v 0.00447940 0.01506451 0.00597000
v 0.00380000 0.01366890 0.00597000
v 0.00447940 0.01366890 0.00597000
v 0.00380000 0.01278654 0.00597000
v 0.00447940 0.01278654 0.00597000
v 0.00447940 0.01171508 0.00597000
v 0.00470000 0.01171508 0.00597000
v 0.00562560 0.01171508 0.00597000
v 0.00562560 0.01278654 0.00597000
v 0.00470000 0.01278654 0.00597000
v 0.00447940 0.01047062 0.00597000
v 0.00562560 0.01047062 0.00597000
v 0.00470000 0.02040665 0.00597000
v 0.00549920 0.01120816 0.00597000
v 0.00470000 0.01366890 0.00597000
v 0.00562560 0.01366890 0.00597000
v 0.00562560 0.01506451 0.00597000
v 0.00586914 0.01506451 0.00597000
v 0.00586914 0.01366890 0.00597000
v 0.00586914 0.01047062 0.00597000
v 0.00586914 0.01278654 0.00597000
v 0.00586914 0.01171508 0.00597000
v 0.01080000 0.02243966 0.02047000
v 0.01080000 0.02157364 0.02047000
v 0.01180000 0.02243966 0.02047000
v 0.01180000 0.02157364 0.02047000
v 0.01080000 0.02287267 0.02122000
v 0.01180000 0.02287267 0.02122000
v 0.01080000 0.02243966 0.02197000
v 0.01180000 0.02243966 0.02197000
v 0.01080000 0.02157364 0.02197000
v 0.01180000 0.02157364 0.02197000
v 0.01080000 0.02114062 0.02122000
v 0.01180000 0.02114062 0.02122000
v 0.00480000 0.02257140 0.02071967
v 0.00480000 0.02144190 0.02172033
v 0.00480000 0.02157804 0.02184094
v 0.00480000 0.02243525 0.02059906
v 0.00480000 0.02227420 0.02051453
v 0.00480000 0.02209759 0.02047100
v 0.00480000 0.02173910 0.02192547
v 0.00480000 0.02191570 0.02196900
v 0.00480000 0.02209759 0.02196900
v 0.00480000 0.02191570 0.02047100
v 0.00480000 0.02173910 0.02051453
v 0.00480000 0.02157804 0.02059906
v 0.00480000 0.02227420 0.02192547
v 0.00480000 0.02243525 0.02184094
v 0.00480000 0.02257140 0.02172033
v 0.00480000 0.02144190 0.02071967
v 0.00480000 0.02133857 0.02086937
v 0.00480000 0.02127407 0.02103944
v 0.00480000 0.02273922 0.02140056
v 0.00480000 0.02276115 0.02122000
v 0.00480000 0.02273922 0.02103944
v 0.00480000 0.02267472 0.02157063
v 0.00480000 0.02267472 0.02086937
v 0.00480000 0.02125215 0.02122000
v 0.00480000 0.02127407 0.02140056
v 0.00480000 0.02133857 0.02157063
v 0.00504550 0.02100665 0.02122000
v 0.00504550 0.02103571 0.02145931
v 0.00504550 0.02112119 0.02168472
v 0.00504550 0.02125814 0.02188312
v 0.00504550 0.02143858 0.02204298
v 0.00504550 0.02165204 0.02215502
v 0.00504550 0.02188611 0.02221271
v 0.00504550 0.02212719 0.02221271
v 0.00504550 0.02236125 0.02215502
v 0.00504550 0.02257471 0.02204298
v 0.00504550 0.02275516 0.02188312
v 0.00504550 0.02289210 0.02168472
v 0.00504550 0.02297759 0.02145931
v 0.00504550 0.02300665 0.02122000
v 0.00504550 0.02297759 0.02098068
v 0.00504550 0.02289210 0.02075528
v 0.00504550 0.02275516 0.02055688
v 0.00504550 0.02257471 0.02039702
v 0.00504550 0.02236125 0.02028498
v 0.00504550 0.02212719 0.02022729
v 0.00504550 0.02188611 0.02022729
v 0.00504550 0.02165204 0.02028498
v 0.00504550 0.02143858 0.02039702
v 0.00504550 0.02125814 0.02055688
v 0.00504550 0.02112119 0.02075528
v 0.00504550 0.02103571 0.02098068
v 0.00980000 0.02300665 0.02122000
v 0.00980000 0.02297759 0.02098068
v 0.00980000 0.02289210 0.02075528
v 0.00980000 0.02275516 0.02055688
v 0.00980000 0.02257471 0.02039702
v 0.00980000 0.02236125 0.02028498
v 0.00980000 0.02212719 0.02022729
v 0.00980000 0.02188611 0.02022729
v 0.00980000 0.02165204 0.02028498
v 0.00980000 0.02143858 0.02039702
v 0.00980000 0.02125814 0.02055688
v 0.00980000 0.02112119 0.02075528
v 0.00980000 0.02103571 0.02098068
v 0.00980000 0.02100665 0.02122000
v 0.00980000 0.02103571 0.02145931
v 0.00980000 0.02112119 0.02168472
v 0.00980000 0.02125814 0.02188312
v 0.00980000 0.02143858 0.02204298
v 0.00980000 0.02165204 0.02215502
v 0.00980000 0.02188611 0.02221271
v 0.00980000 0.02212719 0.02221271
v 0.00980000 0.02236125 0.02215502
v 0.00980000 0.02257471 0.02204298
v 0.00980000 0.02275516 0.02188312
v 0.00980000 0.02289210 0.02168472
v 0.00980000 0.02297759 0.02145931
v 0.00980000 0.02379206 0.02186984
v 0.00980000 0.02387778 0.02154993
v 0.00980000 0.02390665 0.02122000
v 0.00980000 0.02200665 0.02312000
v 0.00980000 0.02233658 0.02309114
v 0.00980000 0.02265649 0.02300542
v 0.00980000 0.02295665 0.02286545
v 0.00980000 0.02322794 0.02267548
v 0.00980000 0.02346213 0.02244130
v 0.00980000 0.02365210 0.02217000
v 0.00980000 0.02078535 0.02267548
v 0.00980000 0.02105665 0.02286545
v 0.00980000 0.02135681 0.02300542
v 0.00980000 0.02167672 0.02309114
v 0.00980000 0.02022123 0.02057016
v 0.00980000 0.02013551 0.02089007
v 0.00980000 0.02010665 0.02122000
v 0.00980000 0.02322794 0.01976452
v 0.00980000 0.02295665 0.01957455
v 0.00980000 0.02265649 0.01943458
v 0.00980000 0.02013551 0.02154993
v 0.00980000 0.02022123 0.02186984
v 0.00980000 0.02036120 0.02217000
v 0.00980000 0.02055116 0.02244130
v 0.00980000 0.02387778 0.02089007
v 0.00980000 0.02379206 0.02057016
v 0.00980000 0.02365210 0.02027000
v 0.00980000 0.02346213 0.01999870
v 0.00980000 0.02078535 0.01976452
v 0.00980000 0.02055116 0.01999870
v 0.00980000 0.02036120 0.02027000
v 0.00980000 0.02233658 0.01934887
v 0.00980000 0.02200665 0.01932000
v 0.00980000 0.02167672 0.01934887
v 0.00980000 0.02135681 0.01943458
v 0.00980000 0.02105665 0.01957455
v 0.01180000 0.02030665 0.02122000
v 0.01160000 0.02010665 0.02122000
v 0.01160000 0.02013551 0.02089007
v 0.01180000 0.02033248 0.02092480
v 0.01160000 0.02022123 0.02057016
v 0.01180000 0.02040917 0.02063857
v 0.01160000 0.02036120 0.02027000
v 0.01180000 0.02053441 0.02037000
v 0.01160000 0.02055116 0.01999870
v 0.01180000 0.02070437 0.02012726
v 0.01160000 0.02078535 0.01976452
v 0.01180000 0.02091391 0.01991772
v 0.01160000 0.02105665 0.01957455
v 0.01180000 0.02115665 0.01974776
v 0.01160000 0.02135681 0.01943458
v 0.01180000 0.02142521 0.01962252
v 0.01160000 0.02167672 0.01934887
v 0.01180000 0.02171145 0.01954583
v 0.01160000 0.02200665 0.01932000
v 0.01180000 0.02200665 0.01952000
v 0.01160000 0.02233658 0.01934887
v 0.01180000 0.02230185 0.01954583
v 0.01160000 0.02265649 0.01943458
v 0.01180000 0.02258808 0.01962252
v 0.01160000 0.02295665 0.01957455
v 0.01180000 0.02285665 0.01974776
v 0.01160000 0.02322794 0.01976452
v 0.01180000 0.02309939 0.01991772
v 0.01160000 0.02346213 0.01999870
v 0.01180000 0.02330892 0.02012726
v 0.01160000 0.02365210 0.02027000
v 0.01180000 0.02347889 0.02037000
v 0.01160000 0.02379206 0.02057016
v 0.01180000 0.02360413 0.02063857
v 0.01160000 0.02387778 0.02089007
v 0.01180000 0.02368082 0.02092480
v 0.01160000 0.02390665 0.02122000
v 0.01180000 0.02370665 0.02122000
v 0.01160000 0.02013551 0.02154993
v 0.01160000 0.02022123 0.02186984
v 0.01160000 0.02036120 0.02217000
v 0.01160000 0.02055116 0.02244130
v 0.01160000 0.02078535 0.02267548
v 0.01160000 0.02105665 0.02286545
v 0.01160000 0.02135681 0.02300542
v 0.01160000 0.02167672 0.02309114
v 0.01160000 0.02200665 0.02312000
v 0.01160000 0.02233658 0.02309114
v 0.01160000 0.02265649 0.02300542
v 0.01160000 0.02295665 0.02286545
v 0.01160000 0.02322794 0.02267548
v 0.01160000 0.02346213 0.02244130
v 0.01160000 0.02365210 0.02217000
v 0.01160000 0.02379206 0.02186984
v 0.01160000 0.02387778 0.02154993
v 0.01180000 0.02368082 0.02151520
v 0.01180000 0.02360413 0.02180143
v 0.01180000 0.02347889 0.02207000
v 0.01180000 0.02330892 0.02231274
v 0.01180000 0.02309939 0.02252228
v 0.01180000 0.02285665 0.02269224
v 0.01180000 0.02258808 0.02281748
v 0.01180000 0.02230185 0.02289417
v 0.01180000 0.02200665 0.02292000
v 0.01180000 0.02171145 0.02289417
v 0.01180000 0.02142521 0.02281748
v 0.01180000 0.02115665 0.02269224
v 0.01180000 0.02091391 0.02252228
v 0.01180000 0.02070437 0.02231274
v 0.01180000 0.02053441 0.02207000
v 0.01180000 0.02040917 0.02180143
v 0.01180000 0.02033248 0.02151520
v 0.01500000 -0.00521504 0.01197000
v 0.01500000 -0.00377166 0.01197000
v 0.01500000 -0.00593673 0.01322000
v 0.01500000 -0.00304998 0.01322000
v 0.01500000 -0.00521504 0.01447000
v 0.01500000 -0.00377166 0.01447000
v 0.01590000 -0.00377166 0.01197000
v 0.01590000 -0.00304998 0.01322000
v 0.01590000 -0.00377166 0.01447000
v 0.01590000 -0.00521504 0.01447000
v 0.01590000 -0.00593673 0.01322000
v 0.01590000 -0.00521504 0.01197000
v 0.01595000 -0.00303451 0.01322000
v 0.01598660 -0.00374280 0.01192000
v 0.01598660 -0.00299224 0.01322000
v 0.01600000 -0.00371393 0.01187000
v 0.01600000 -0.00293451 0.01322000
v 0.01592588 -0.00304604 0.01322000
v 0.01592588 -0.00376970 0.01196659
v 0.01595000 -0.00376393 0.01195660
v 0.01592588 -0.00376970 0.01447341
v 0.01595000 -0.00376393 0.01448340
v 0.01598660 -0.00374280 0.01452000
v 0.01600000 -0.00371393 0.01457000
v 0.01592588 -0.00521701 0.01447341
v 0.01595000 -0.00522277 0.01448340
v 0.01598660 -0.00524391 0.01452000
v 0.01600000 -0.00527277 0.01457000
v 0.01592588 -0.00594066 0.01322000
v 0.01595000 -0.00595220 0.01322000
v 0.01598660 -0.00599446 0.01322000
v 0.01600000 -0.00605220 0.01322000
v 0.01592588 -0.00521701 0.01196659
v 0.01595000 -0.00522277 0.01195660
v 0.01598660 -0.00524391 0.01192000
v 0.01600000 -0.00527277 0.01187000
v 0.01600000 -0.00712566 0.01382081
v 0.01600000 -0.00718087 0.01347926
v 0.01600000 -0.00719196 0.01313346
v 0.01600000 -0.00715874 0.01278908
v 0.01600000 -0.00624357 0.01527590
v 0.01600000 -0.00649210 0.01503521
v 0.01600000 -0.00182796 0.01278908
v 0.01600000 -0.00179474 0.01313346
v 0.01600000 -0.00708175 0.01245178
v 0.01600000 -0.00696227 0.01212708
v 0.01600000 -0.00680224 0.01182034
v 0.01600000 -0.00660430 0.01153658
v 0.01600000 -0.00637169 0.01128046
v 0.01600000 -0.00190495 0.01245178
v 0.01600000 -0.00670782 0.01476471
v 0.01600000 -0.00688717 0.01446885
v 0.01600000 -0.00702722 0.01415249
v 0.01600000 -0.00274313 0.01527590
v 0.01600000 -0.00302041 0.01548284
v 0.01600000 -0.00332187 0.01565262
v 0.01600000 -0.00364256 0.01578245
v 0.01600000 -0.00449335 0.01592000
v 0.01600000 -0.00432036 0.01591445
v 0.01600000 -0.00397722 0.01587021
v 0.01600000 -0.00466634 0.01591445
v 0.01600000 -0.00500948 0.01587021
v 0.01600000 -0.00534414 0.01578245
v 0.01600000 -0.00566484 0.01565262
v 0.01600000 -0.00596630 0.01548284
v 0.01600000 -0.00180583 0.01347926
v 0.01600000 -0.00186105 0.01382081
v 0.01600000 -0.00195949 0.01415249
v 0.01600000 -0.00261501 0.01128046
v 0.01600000 -0.00287845 0.01105618
v 0.01600000 -0.00316841 0.01086744
v 0.01600000 -0.00414808 0.01054217
v 0.01600000 -0.00380848 0.01060830
v 0.01600000 -0.00348013 0.01071732
v 0.01600000 -0.00209953 0.01446885
v 0.01600000 -0.00227889 0.01476471
v 0.01600000 -0.00249460 0.01503521
v 0.01600000 -0.00610825 0.01105618
v 0.01600000 -0.00581829 0.01086744
v 0.01600000 -0.00550657 0.01071732
v 0.01600000 -0.00517822 0.01060830
v 0.01600000 -0.00483862 0.01054217
v 0.01600000 -0.00449335 0.01052000
v 0.01600000 -0.00238241 0.01153658
v 0.01600000 -0.00218447 0.01182034
v 0.01600000 -0.00202444 0.01212708
v 0.01599382 -0.00431814 0.01594899
v 0.01599382 -0.00397061 0.01590418
v 0.01599382 -0.00363165 0.01581530
v 0.01599382 -0.00330685 0.01568380
v 0.01599382 -0.00300153 0.01551185
v 0.01599382 -0.00272070 0.01530226
v 0.01599382 -0.00246898 0.01505848
v 0.01599382 -0.00225050 0.01478452
v 0.01599382 -0.00206885 0.01448486
v 0.01599382 -0.00192700 0.01416444
v 0.01599382 -0.00182730 0.01382851
v 0.01599382 -0.00177138 0.01348259
v 0.01599382 -0.00176014 0.01313235
v 0.01599382 -0.00179379 0.01278356
v 0.01599382 -0.00187177 0.01244193
v 0.01599382 -0.00199279 0.01211307
v 0.01599382 -0.00215487 0.01180240
v 0.01599382 -0.00235535 0.01151500
v 0.01599382 -0.00259093 0.01125559
v 0.01599382 -0.00285775 0.01102845
v 0.01599382 -0.00315143 0.01083728
v 0.01599382 -0.00346714 0.01068524
v 0.01599382 -0.00379970 0.01057482
v 0.01599382 -0.00414366 0.01050784
v 0.01599382 -0.00449335 0.01048539
v 0.01599382 -0.00484305 0.01050784
v 0.01599382 -0.00518700 0.01057482
v 0.01599382 -0.00551956 0.01068524
v 0.01599382 -0.00583527 0.01083728
v 0.01599382 -0.00612895 0.01102845
v 0.01599382 -0.00639577 0.01125559
v 0.01599382 -0.00663136 0.01151500
v 0.01599382 -0.00683183 0.01180240
v 0.01599382 -0.00699391 0.01211307
v 0.01599382 -0.00711494 0.01244193
v 0.01599382 -0.00719291 0.01278356
v 0.01599382 -0.00722656 0.01313235
v 0.01599382 -0.00721533 0.01348259
v 0.01599382 -0.00715940 0.01382851
v 0.01599382 -0.00705970 0.01416444
v 0.01599382 -0.00691786 0.01448486
v 0.01599382 -0.00673620 0.01478452
v 0.01599382 -0.00651772 0.01505848
v 0.01599382 -0.00626600 0.01530226
v 0.01599382 -0.00598518 0.01551185
v 0.01599382 -0.00567985 0.01568380
v 0.01599382 -0.00535505 0.01581530
v 0.01599382 -0.00501610 0.01590418
v 0.01599382 -0.00466856 0.01594899
v 0.01590000 -0.00729335 0.01322000
v 0.01593461 -0.00728574 0.01313045
v 0.01590000 -0.00728041 0.01348886
v 0.01593461 -0.00727426 0.01348827
v 0.01590000 -0.00724835 0.01371996
v 0.01593461 -0.00721712 0.01384168
v 0.01590000 -0.00722315 0.01384306
v 0.01593461 -0.00711526 0.01418489
v 0.01593461 -0.00697035 0.01451225
v 0.01590000 -0.00711481 0.01420385
v 0.01590000 -0.00712106 0.01418702
v 0.01593461 -0.00678476 0.01481839
v 0.01590000 -0.00689701 0.01465612
v 0.01590000 -0.00697583 0.01451511
v 0.01590000 -0.00623912 0.01540913
v 0.01590000 -0.00630839 0.01535205
v 0.01593461 -0.00630438 0.01534734
v 0.01590000 -0.00656613 0.01510244
v 0.01593461 -0.00656155 0.01509829
v 0.01590000 -0.00660195 0.01506223
v 0.01590000 -0.00678983 0.01482193
v 0.01590000 -0.00602085 0.01556665
v 0.01593461 -0.00601748 0.01556147
v 0.01590000 -0.00582018 0.01568567
v 0.01593461 -0.00570554 0.01573714
v 0.01590000 -0.00570823 0.01574271
v 0.01593461 -0.00537371 0.01587149
v 0.01590000 -0.00537565 0.01587736
v 0.01590000 -0.00535860 0.01588296
v 0.01593461 -0.00502741 0.01596230
v 0.01590000 -0.00502860 0.01596837
v 0.01590000 -0.00486920 0.01599466
v 0.01593461 -0.00467235 0.01600808
v 0.01590000 -0.00467275 0.01601425
v 0.01590000 -0.00436773 0.01601718
v 0.01593461 -0.00431435 0.01600808
v 0.01590000 -0.00431395 0.01601425
v 0.01593461 -0.00395929 0.01596230
v 0.01590000 -0.00395811 0.01596837
v 0.01593461 -0.00296923 0.01556147
v 0.01590000 -0.00327848 0.01574271
v 0.01593461 -0.00328116 0.01573714
v 0.01590000 -0.00339288 0.01579468
v 0.01593461 -0.00361300 0.01587149
v 0.01590000 -0.00361105 0.01587736
v 0.01590000 -0.00387029 0.01594980
v 0.01593461 -0.00268232 0.01534734
v 0.01590000 -0.00295084 0.01555680
v 0.01590000 -0.00296585 0.01556665
v 0.01593461 -0.00242515 0.01509829
v 0.01590000 -0.00255838 0.01524383
v 0.01590000 -0.00267831 0.01535205
v 0.01590000 -0.00197064 0.01443487
v 0.01590000 -0.00201087 0.01451511
v 0.01593461 -0.00201635 0.01451225
v 0.01590000 -0.00219687 0.01482193
v 0.01593461 -0.00220194 0.01481839
v 0.01590000 -0.00222810 0.01486580
v 0.01590000 -0.00242057 0.01510244
v 0.01590000 -0.00186564 0.01418702
v 0.01593461 -0.00187144 0.01418489
v 0.01590000 -0.00179426 0.01396490
v 0.01593461 -0.00176958 0.01384168
v 0.01590000 -0.00176355 0.01384306
v 0.01593461 -0.00171244 0.01348827
v 0.01590000 -0.00170629 0.01348886
v 0.01590000 -0.00170462 0.01347099
v 0.01593461 -0.00170097 0.01313045
v 0.01590000 -0.00169479 0.01313026
v 0.01590000 -0.00170462 0.01296901
v 0.01593461 -0.00173534 0.01277411
v 0.01590000 -0.00172924 0.01277312
v 0.01590000 -0.00179426 0.01247510
v 0.01593461 -0.00181501 0.01242508
v 0.01590000 -0.00180908 0.01242332
v 0.01593461 -0.00193865 0.01208911
v 0.01590000 -0.00193300 0.01208661
v 0.01593461 -0.00254974 0.01121306
v 0.01590000 -0.00230422 0.01147423
v 0.01593461 -0.00230906 0.01147808
v 0.01590000 -0.00222810 0.01157420
v 0.01593461 -0.00210424 0.01177171
v 0.01590000 -0.00209895 0.01176850
v 0.01590000 -0.00197064 0.01200513
v 0.01593461 -0.00282234 0.01098100
v 0.01590000 -0.00255838 0.01119617
v 0.01590000 -0.00254544 0.01120862
v 0.01593461 -0.00312238 0.01078569
v 0.01590000 -0.00295084 0.01088319
v 0.01590000 -0.00281864 0.01097604
v 0.01590000 -0.00387029 0.01049020
v 0.01590000 -0.00378312 0.01051157
v 0.01593461 -0.00378469 0.01051755
v 0.01590000 -0.00344260 0.01062463
v 0.01593461 -0.00344492 0.01063036
v 0.01590000 -0.00339288 0.01064532
v 0.01590000 -0.00311934 0.01078031
v 0.01590000 -0.00413530 0.01044299
v 0.01593461 -0.00413609 0.01044912
v 0.01590000 -0.00436773 0.01042282
v 0.01593461 -0.00449335 0.01042618
v 0.01590000 -0.00449335 0.01042000
v 0.01593461 -0.00485062 0.01044912
v 0.01590000 -0.00485141 0.01044299
v 0.01590000 -0.00486920 0.01044534
v 0.01593461 -0.00520202 0.01051755
v 0.01590000 -0.00520358 0.01051157
v 0.01590000 -0.00535860 0.01055704
v 0.01593461 -0.00554178 0.01063036
v 0.01590000 -0.00554410 0.01062463
v 0.01590000 -0.00582018 0.01075433
v 0.01593461 -0.00586433 0.01078569
v 0.01590000 -0.00586736 0.01078031
v 0.01593461 -0.00616436 0.01098100
v 0.01590000 -0.00616806 0.01097604
v 0.01593461 -0.00688247 0.01177171
v 0.01590000 -0.00668248 0.01147423
v 0.01593461 -0.00667765 0.01147808
v 0.01590000 -0.00660195 0.01137777
v 0.01593461 -0.00643696 0.01121306
v 0.01590000 -0.00644126 0.01120862
v 0.01590000 -0.00623912 0.01103087
v 0.01593461 -0.00704805 0.01208911
v 0.01590000 -0.00689701 0.01178388
v 0.01590000 -0.00688775 0.01176850
v 0.01593461 -0.00717170 0.01242508
v 0.01590000 -0.00711481 0.01223615
v 0.01590000 -0.00705371 0.01208661
v 0.01590000 -0.00729191 0.01313026
v 0.01590000 -0.00725746 0.01277312
v 0.01593461 -0.00725136 0.01277411
v 0.01590000 -0.00724835 0.01272004
v 0.01590000 -0.00717762 0.01242332
v 0.01597071 -0.00449335 0.01044929
v 0.01597071 -0.00413904 0.01047204
v 0.01597071 -0.00379055 0.01053991
v 0.01597071 -0.00345359 0.01065178
v 0.01597071 -0.00313371 0.01080583
v 0.01597071 -0.00283616 0.01099951
v 0.01597071 -0.00256582 0.01122966
v 0.01597071 -0.00232712 0.01149249
v 0.01597071 -0.00212400 0.01178368
v 0.01597071 -0.00195978 0.01209846
v 0.01597071 -0.00183716 0.01243166
v 0.01597071 -0.00175816 0.01277780
v 0.01597071 -0.00172406 0.01313119
v 0.01597071 -0.00173544 0.01348605
v 0.01597071 -0.00179211 0.01383654
v 0.01597071 -0.00189313 0.01417691
v 0.01597071 -0.00203684 0.01450156
v 0.01597071 -0.00222089 0.01480517
v 0.01597071 -0.00244225 0.01508275
v 0.01597071 -0.00269730 0.01532975
v 0.01597071 -0.00298183 0.01554210
v 0.01597071 -0.00329118 0.01571632
v 0.01597071 -0.00362028 0.01584956
v 0.01597071 -0.00396371 0.01593962
v 0.01597071 -0.00431583 0.01598502
v 0.01597071 -0.00467087 0.01598502
v 0.01597071 -0.00502300 0.01593962
v 0.01597071 -0.00536643 0.01584956
v 0.01597071 -0.00569552 0.01571632
v 0.01597071 -0.00600487 0.01554210
v 0.01597071 -0.00628940 0.01532975
v 0.01597071 -0.00654445 0.01508275
v 0.01597071 -0.00676581 0.01480517
v 0.01597071 -0.00694986 0.01450156
v 0.01597071 -0.00709358 0.01417691
v 0.01597071 -0.00719459 0.01383654
v 0.01597071 -0.00725126 0.01348605
v 0.01597071 -0.00726264 0.01313119
v 0.01597071 -0.00722855 0.01277780
v 0.01597071 -0.00714954 0.01243166
v 0.01597071 -0.00702692 0.01209846
v 0.01597071 -0.00686270 0.01178368
v 0.01597071 -0.00665958 0.01149249
v 0.01597071 -0.00642089 0.01122966
v 0.01597071 -0.00615054 0.01099951
v 0.01597071 -0.00585299 0.01080583
v 0.01597071 -0.00553311 0.01065178
v 0.01597071 -0.00519615 0.01053991
v 0.01597071 -0.00484766 0.01047204
v 0.01350000 -0.00724835 0.01371996
v 0.01350000 -0.00729335 0.01322000
v 0.01350000 -0.00711481 0.01420385
v 0.01350000 -0.00689701 0.01465612
v 0.01350000 -0.00660195 0.01506223
v 0.01350000 -0.00623912 0.01540913
v 0.01350000 -0.00582018 0.01568567
v 0.01350000 -0.00535860 0.01588296
v 0.01350000 -0.00486920 0.01599466
v 0.01350000 -0.00436773 0.01601718
v 0.01350000 -0.00387029 0.01594980
v 0.01350000 -0.00339288 0.01579468
v 0.01350000 -0.00295084 0.01555680
v 0.01350000 -0.00255838 0.01524383
v 0.01350000 -0.00222810 0.01486580
v 0.01350000 -0.00197064 0.01443487
v 0.01350000 -0.00179426 0.01396490
v 0.01350000 -0.00170462 0.01347099
v 0.01350000 -0.00170462 0.01296901
v 0.01350000 -0.00179426 0.01247510
v 0.01350000 -0.00197064 0.01200513
v 0.01350000 -0.00222810 0.01157420
v 0.01350000 -0.00255838 0.01119617
v 0.01350000 -0.00295084 0.01088319
v 0.01350000 -0.00339288 0.01064532
v 0.01350000 -0.00387029 0.01049020
v 0.01350000 -0.00436773 0.01042282
v 0.01350000 -0.00486920 0.01044534
v 0.01350000 -0.00535860 0.01055704
v 0.01350000 -0.00582018 0.01075433
v 0.01350000 -0.00623912 0.01103087
v 0.01350000 -0.00660195 0.01137777
v 0.01350000 -0.00689701 0.01178388
v 0.01350000 -0.00711481 0.01223615
v 0.01350000 -0.00724835 0.01272004
v 0.00750000 -0.00599335 0.01322000
v 0.00750000 -0.00594976 0.01357897
v 0.00750000 -0.00449335 0.01322000
v 0.00750000 -0.00594976 0.01286103
v 0.00750000 -0.00534545 0.01198552
v 0.00750000 -0.00561612 0.01222532
v 0.00750000 -0.00582154 0.01252292
v 0.00750000 -0.00431255 0.01173094
v 0.00750000 -0.00467416 0.01173094
v 0.00750000 -0.00502526 0.01181748
v 0.00750000 -0.00337058 0.01222532
v 0.00750000 -0.00364125 0.01198552
v 0.00750000 -0.00396144 0.01181748
v 0.00750000 -0.00299335 0.01322000
v 0.00750000 -0.00303694 0.01286103
v 0.00750000 -0.00316517 0.01252292
v 0.00750000 -0.00337058 0.01421468
v 0.00750000 -0.00316517 0.01391708
v 0.00750000 -0.00303694 0.01357897
v 0.00750000 -0.00431255 0.01470906
v 0.00750000 -0.00396144 0.01462252
v 0.00750000 -0.00364125 0.01445448
v 0.00750000 -0.00534545 0.01445448
v 0.00750000 -0.00502526 0.01462252
v 0.00750000 -0.00467416 0.01470906
v 0.00750000 -0.00582154 0.01391708
v 0.00750000 -0.00561612 0.01421468
v 0.01350000 -0.00337058 0.01421468
v 0.01350000 -0.00316517 0.01391708
v 0.01350000 -0.00303694 0.01357897
v 0.01350000 -0.00431255 0.01470906
v 0.01350000 -0.00396144 0.01462252
v 0.01350000 -0.00364125 0.01445448
v 0.01350000 -0.00502526 0.01181748
v 0.01350000 -0.00534545 0.01198552
v 0.01350000 -0.00561612 0.01222532
v 0.01350000 -0.00582154 0.01252292
v 0.01350000 -0.00534545 0.01445448
v 0.01350000 -0.00502526 0.01462252
v 0.01350000 -0.00467416 0.01470906
v 0.01350000 -0.00594976 0.01357897
v 0.01350000 -0.00582154 0.01391708
v 0.01350000 -0.00561612 0.01421468
v 0.01350000 -0.00594976 0.01286103
v 0.01350000 -0.00599335 0.01322000
v 0.01350000 -0.00396144 0.01181748
v 0.01350000 -0.00431255 0.01173094
v 0.01350000 -0.00467416 0.01173094
v 0.01350000 -0.00316517 0.01252292
v 0.01350000 -0.00337058 0.01222532
v 0.01350000 -0.00364125 0.01198552
v 0.01350000 -0.00299335 0.01322000
v 0.01350000 -0.00303694 0.01286103
v 0.01080000 0.01043966 0.01247000
v 0.01080000 0.00957364 0.01247000
v 0.01180000 0.01043966 0.01247000
v 0.01180000 0.00957364 0.01247000
v 0.01080000 0.01087267 0.01322000
v 0.01180000 0.01087267 0.01322000
v 0.01080000 0.01043966 0.01397000
v 0.01180000 0.01043966 0.01397000
v 0.01080000 0.00957364 0.01397000
v 0.01180000 0.00957364 0.01397000
v 0.01080000 0.00914062 0.01322000
v 0.01180000 0.00914062 0.01322000
v 0.00480000 0.01057140 0.01271967
v 0.00480000 0.00944190 0.01372033
v 0.00480000 0.00957804 0.01384094
v 0.00480000 0.01043525 0.01259906
v 0.00480000 0.01027420 0.01251453
v 0.00480000 0.01009759 0.01247100
v 0.00480000 0.00973910 0.01392547
v 0.00480000 0.00991570 0.01396900
v 0.00480000 0.01009759 0.01396900
v 0.00480000 0.00991570 0.01247100
v 0.00480000 0.00973910 0.01251453
v 0.00480000 0.00957804 0.01259906
v 0.00480000 0.01027420 0.01392547
v 0.00480000 0.01043525 0.01384094
v 0.00480000 0.01057140 0.01372033
v 0.00480000 0.00944190 0.01271967
v 0.00480000 0.00933857 0.01286937
v 0.00480000 0.00927407 0.01303944
v 0.00480000 0.01073922 0.01340056
v 0.00480000 0.01076115 0.01322000
v 0.00480000 0.01073922 0.01303944
v 0.00480000 0.01067473 0.01357063
v 0.00480000 0.01067473 0.01286937
v 0.00480000 0.00925215 0.01322000
v 0.00480000 0.00927407 0.01340056
v 0.00480000 0.00933857 0.01357063
v 0.00504550 0.00900665 0.01322000
v 0.00504550 0.00903571 0.01345932
v 0.00504550 0.00912119 0.01368472
v 0.00504550 0.00925814 0.01388312
v 0.00504550 0.00943858 0.01404298
v 0.00504550 0.00965204 0.01415502
v 0.00504550 0.00988611 0.01421271
v 0.00504550 0.01012719 0.01421271
v 0.00504550 0.01036125 0.01415502
v 0.00504550 0.01057471 0.01404298
v 0.00504550 0.01075516 0.01388312
v 0.00504550 0.01089211 0.01368472
v 0.00504550 0.01097759 0.01345932
v 0.00504550 0.01100665 0.01322000
v 0.00504550 0.01097759 0.01298068
v 0.00504550 0.01089211 0.01275528
v 0.00504550 0.01075516 0.01255688
v 0.00504550 0.01057471 0.01239702
v 0.00504550 0.01036125 0.01228498
v 0.00504550 0.01012719 0.01222729
v 0.00504550 0.00988611 0.01222729
v 0.00504550 0.00965204 0.01228498
v 0.00504550 0.00943858 0.01239702
v 0.00504550 0.00925814 0.01255688
v 0.00504550 0.00912119 0.01275528
v 0.00504550 0.00903571 0.01298068
v 0.00980000 0.01100665 0.01322000
v 0.00980000 0.01097759 0.01298068
v 0.00980000 0.01089211 0.01275528
v 0.00980000 0.01075516 0.01255688
v 0.00980000 0.01057471 0.01239702
v 0.00980000 0.01036125 0.01228498
v 0.00980000 0.01012719 0.01222729
v 0.00980000 0.00988611 0.01222729
v 0.00980000 0.00965204 0.01228498
v 0.00980000 0.00943858 0.01239702
v 0.00980000 0.00925814 0.01255688
v 0.00980000 0.00912119 0.01275528
v 0.00980000 0.00903571 0.01298068
v 0.00980000 0.00900665 0.01322000
v 0.00980000 0.00903571 0.01345932
v 0.00980000 0.00912119 0.01368472
v 0.00980000 0.00925814 0.01388312
v 0.00980000 0.00943858 0.01404298
v 0.00980000 0.00965204 0.01415502
v 0.00980000 0.00988611 0.01421271
v 0.00980000 0.01012719 0.01421271
v 0.00980000 0.01036125 0.01415502
v 0.00980000 0.01057471 0.01404298
v 0.00980000 0.01075516 0.01388312
v 0.00980000 0.01089211 0.01368472
v 0.00980000 0.01097759 0.01345932
v 0.00980000 0.01179206 0.01386984
v 0.00980000 0.01187778 0.01354993
v 0.00980000 0.01190665 0.01322000
v 0.00980000 0.01000665 0.01512000
v 0.00980000 0.01033658 0.01509114
v 0.00980000 0.01065649 0.01500542
v 0.00980000 0.01095665 0.01486545
v 0.00980000 0.01122794 0.01467548
v 0.00980000 0.01146213 0.01444130
v 0.00980000 0.01165210 0.01417000
v 0.00980000 0.00878535 0.01467548
v 0.00980000 0.00905665 0.01486545
v 0.00980000 0.00935681 0.01500542
v 0.00980000 0.00967672 0.01509114
v 0.00980000 0.00822123 0.01257016
v 0.00980000 0.00813551 0.01289007
v 0.00980000 0.00810665 0.01322000
v 0.00980000 0.01122794 0.01176452
v 0.00980000 0.01095665 0.01157455
v 0.00980000 0.01065649 0.01143458
v 0.00980000 0.00813551 0.01354993
v 0.00980000 0.00822123 0.01386984
v 0.00980000 0.00836120 0.01417000
v 0.00980000 0.00855116 0.01444130
v 0.00980000 0.01187778 0.01289007
v 0.00980000 0.01179206 0.01257016
v 0.00980000 0.01165210 0.01227000
v 0.00980000 0.01146213 0.01199870
v 0.00980000 0.00878535 0.01176452
v 0.00980000 0.00855116 0.01199870
v 0.00980000 0.00836120 0.01227000
v 0.00980000 0.01033658 0.01134886
v 0.00980000 0.01000665 0.01132000
v 0.00980000 0.00967672 0.01134886
v 0.00980000 0.00935681 0.01143458
v 0.00980000 0.00905665 0.01157455
v 0.01180000 0.00830665 0.01322000
v 0.01160000 0.00810665 0.01322000
v 0.01160000 0.00813551 0.01289007
v 0.01180000 0.00833248 0.01292480
v 0.01160000 0.00822123 0.01257016
v 0.01180000 0.00840917 0.01263857
v 0.01160000 0.00836120 0.01227000
v 0.01180000 0.00853441 0.01237000
v 0.01160000 0.00855116 0.01199870
v 0.01180000 0.00870437 0.01212726
v 0.01160000 0.00878535 0.01176452
v 0.01180000 0.00891391 0.01191772
v 0.01160000 0.00905665 0.01157455
v 0.01180000 0.00915665 0.01174776
v 0.01160000 0.00935681 0.01143458
v 0.01180000 0.00942521 0.01162252
v 0.01160000 0.00967672 0.01134886
v 0.01180000 0.00971145 0.01154583
v 0.01160000 0.01000665 0.01132000
v 0.01180000 0.01000665 0.01152000
v 0.01160000 0.01033658 0.01134886
v 0.01180000 0.01030185 0.01154583
v 0.01160000 0.01065649 0.01143458
v 0.01180000 0.01058808 0.01162252
v 0.01160000 0.01095665 0.01157455
v 0.01180000 0.01085665 0.01174776
v 0.01160000 0.01122794 0.01176452
v 0.01180000 0.01109939 0.01191772
v 0.01160000 0.01146213 0.01199870
v 0.01180000 0.01130892 0.01212726
v 0.01160000 0.01165210 0.01227000
v 0.01180000 0.01147889 0.01237000
v 0.01160000 0.01179206 0.01257016
v 0.01180000 0.01160413 0.01263857
v 0.01160000 0.01187778 0.01289007
v 0.01180000 0.01168082 0.01292480
v 0.01160000 0.01190665 0.01322000
v 0.01180000 0.01170665 0.01322000
v 0.01160000 0.00813551 0.01354993
v 0.01160000 0.00822123 0.01386984
v 0.01160000 0.00836120 0.01417000
v 0.01160000 0.00855116 0.01444130
v 0.01160000 0.00878535 0.01467548
v 0.01160000 0.00905665 0.01486545
v 0.01160000 0.00935681 0.01500542
v 0.01160000 0.00967672 0.01509114
v 0.01160000 0.01000665 0.01512000
v 0.01160000 0.01033658 0.01509114
v 0.01160000 0.01065649 0.01500542
v 0.01160000 0.01095665 0.01486545
v 0.01160000 0.01122794 0.01467548
v 0.01160000 0.01146213 0.01444130
v 0.01160000 0.01165210 0.01417000
v 0.01160000 0.01179206 0.01386984
v 0.01160000 0.01187778 0.01354993
v 0.01180000 0.01168082 0.01351520
v 0.01180000 0.01160413 0.01380143
v 0.01180000 0.01147889 0.01407000
v 0.01180000 0.01130892 0.01431274
v 0.01180000 0.01109939 0.01452228
v 0.01180000 0.01085665 0.01469224
v 0.01180000 0.01058808 0.01481748
v 0.01180000 0.01030185 0.01489417
v 0.01180000 0.01000665 0.01492000
v 0.01180000 0.00971145 0.01489417
v 0.01180000 0.00942521 0.01481748
v 0.01180000 0.00915665 0.01469224
v 0.01180000 0.00891391 0.01452228
v 0.01180000 0.00870437 0.01431274
v 0.01180000 0.00853441 0.01407000
v 0.01180000 0.00840917 0.01380143
v 0.01180000 0.00833248 0.01351520
v 0.00051931 -0.00999335 0.01322000
v 0.00100000 -0.01039335 0.01391282
v 0.00100000 -0.01068617 0.01362000
v 0.00100000 -0.00999335 0.01402000
v 0.00100000 -0.01068617 0.01282000
v 0.00100000 -0.01039335 0.01252718
v 0.00100000 -0.01079335 0.01322000
v 0.00100000 -0.00959335 0.01252718
v 0.00100000 -0.00930053 0.01282000
v 0.00100000 -0.00999335 0.01242000
v 0.00100000 -0.00930053 0.01362000
v 0.00100000 -0.00959335 0.01391282
v 0.00100000 -0.00919335 0.01322000
v 0.00051931 -0.00999335 0.02122000
v 0.00100000 -0.01039335 0.02191282
v 0.00100000 -0.01068617 0.02162000
v 0.00100000 -0.00999335 0.02202000
v 0.00100000 -0.01068617 0.02082000
v 0.00100000 -0.01039335 0.02052718
v 0.00100000 -0.01079335 0.02122000
v 0.00100000 -0.00959335 0.02052718
v 0.00100000 -0.00930053 0.02082000
v 0.00100000 -0.00999335 0.02042000
v 0.00100000 -0.00930053 0.02162000
v 0.00100000 -0.00959335 0.02191282
v 0.00100000 -0.00919335 0.02122000
v 0.00051931 -0.02199335 0.01322000
v 0.00100000 -0.02239335 0.01391282
v 0.00100000 -0.02268617 0.01362000
v 0.00100000 -0.02199335 0.01402000
v 0.00100000 -0.02268617 0.01282000
v 0.00100000 -0.02239335 0.01252718
v 0.00100000 -0.02279335 0.01322000
v 0.00100000 -0.02159335 0.01252718
v 0.00100000 -0.02130053 0.01282000
v 0.00100000 -0.02199335 0.01242000
v 0.00100000 -0.02130053 0.01362000
v 0.00100000 -0.02159335 0.01391282
v 0.00100000 -0.02119335 0.01322000
v 0.00051931 -0.02199335 0.02122000
v 0.00100000 -0.02239335 0.02191282
v 0.00100000 -0.02268617 0.02162000
v 0.00100000 -0.02199335 0.02202000
v 0.00100000 -0.02268617 0.02082000
v 0.00100000 -0.02239335 0.02052718
v 0.00100000 -0.02279335 0.02122000
v 0.00100000 -0.02159335 0.02052718
v 0.00100000 -0.02130053 0.02082000
v 0.00100000 -0.02199335 0.02042000
v 0.00100000 -0.02130053 0.02162000
v 0.00100000 -0.02159335 0.02191282
v 0.00100000 -0.02119335 0.02122000
v 0.00700000 -0.00999335 0.01242000
v 0.00700000 -0.01039335 0.01252718
v 0.00700000 -0.01068617 0.01282000
v 0.00700000 -0.01079335 0.01322000
v 0.00700000 -0.01068617 0.01362000
v 0.00700000 -0.01039335 0.01391282
v 0.00700000 -0.00999335 0.01402000
v 0.00700000 -0.00959335 0.01391282
v 0.00700000 -0.00930053 0.01362000
v 0.00700000 -0.00919335 0.01322000
v 0.00700000 -0.00930053 0.01282000
v 0.00700000 -0.00959335 0.01252718
v 0.00700000 -0.00999335 0.02042000
v 0.00700000 -0.01039335 0.02052718
v 0.00700000 -0.01068617 0.02082000
v 0.00700000 -0.01079335 0.02122000
v 0.00700000 -0.01068617 0.02162000
v 0.00700000 -0.01039335 0.02191282
v 0.00700000 -0.00999335 0.02202000
v 0.00700000 -0.00959335 0.02191282
v 0.00700000 -0.00930053 0.02162000
v 0.00700000 -0.00919335 0.02122000
v 0.00700000 -0.00930053 0.02082000
v 0.00700000 -0.00959335 0.02052718
v 0.00685000 -0.01299335 0.02397000
v 0.00685000 -0.01299335 0.01047000
v 0.00700000 -0.01299335 0.02397000
v 0.00700000 -0.01299335 0.01047000
v 0.00700000 -0.02429335 0.02397000
v 0.00680000 -0.02449335 0.02397000
v 0.00700000 -0.02429335 0.01047000
v 0.00680000 -0.02449335 0.01047000
v 0.00685000 -0.01899335 0.02397000
v 0.00700000 -0.01899335 0.02397000
v 0.00685000 -0.01899335 0.01047000
v 0.00700000 -0.01899335 0.01047000
v 0.00700000 -0.02199335 0.01242000
v 0.00700000 -0.02239335 0.01252718
v 0.00700000 -0.02268617 0.01282000
v 0.00700000 -0.02279335 0.01322000
v 0.00700000 -0.02268617 0.01362000
v 0.00700000 -0.02239335 0.01391282
v 0.00700000 -0.02199335 0.01402000
v 0.00700000 -0.02159335 0.01391282
v 0.00700000 -0.02130053 0.01362000
v 0.00700000 -0.02119335 0.01322000
v 0.00700000 -0.02130053 0.01282000
v 0.00700000 -0.02159335 0.01252718
v 0.00700000 -0.02199335 0.02042000
v 0.00700000 -0.02239335 0.02052718
v 0.00700000 -0.02268617 0.02082000
v 0.00700000 -0.02279335 0.02122000
v 0.00700000 -0.02268617 0.02162000
v 0.00700000 -0.02239335 0.02191282
v 0.00700000 -0.02199335 0.02202000
v 0.00700000 -0.02159335 0.02191282
v 0.00700000 -0.02130053 0.02162000
v 0.00700000 -0.02119335 0.02122000
v 0.00700000 -0.02130053 0.02082000
v 0.00700000 -0.02159335 0.02052718
v 0.00290000 -0.02449335 0.02397000
v 0.00290000 -0.02449335 0.01047000
v 0.00294019 -0.02434335 0.02397000
v 0.00294019 -0.02434335 0.01047000
v 0.00305000 -0.02423354 0.02397000
v 0.00305000 -0.02423354 0.01047000
v 0.00320000 -0.02419335 0.02397000
v 0.00320000 -0.02419335 0.01047000
v 0.00335000 -0.02423354 0.02397000
v 0.00335000 -0.02423354 0.01047000
v 0.00345981 -0.02434335 0.02397000
v 0.00345981 -0.02434335 0.01047000
v 0.00350000 -0.02449335 0.02397000
v 0.00350000 -0.02449335 0.01047000
v 0.00680000 -0.00749335 0.02397000
v 0.00700000 -0.00769335 0.02397000
v 0.00680000 -0.00749335 0.01047000
v 0.00700000 -0.00769335 0.01047000
v 0.00070000 -0.02449335 0.02397000
v 0.00070000 -0.02449335 0.01047000
v 0.00650000 -0.00779335 0.02847000
v 0.00670000 -0.00799335 0.02847000
v 0.00650000 -0.00779335 0.02397000
v 0.00670000 -0.00799335 0.02397000
v 0.00670000 -0.02399335 0.02397000
v 0.00650000 -0.02419335 0.02397000
v 0.00070000 -0.00779335 0.02397000
v 0.00050000 -0.00749335 0.02397000
v 0.00050000 -0.00799335 0.02397000
v 0.00070000 -0.02419335 0.02397000
v 0.00050000 -0.02399335 0.02397000
v 0.00050000 -0.02429335 0.02397000
v 0.00650000 -0.02419335 0.02847000
v 0.00670000 -0.02399335 0.02847000
v 0.00450000 -0.01334985 0.02827000
v 0.00555065 -0.01357275 0.02827000
v 0.00450000 -0.01320786 0.02827000
v 0.00555065 -0.01343116 0.02827000
v 0.00450000 -0.01155554 0.02827000
v 0.00555065 -0.01177884 0.02827000
v 0.00450000 -0.01141395 0.02827000
v 0.00555065 -0.01163685 0.02827000
v 0.00550000 -0.01599335 0.02310948
v 0.00580000 -0.01651297 0.02347000
v 0.00601962 -0.01629335 0.02347000
v 0.00550000 -0.01659335 0.02347000
v 0.00601962 -0.01569335 0.02347000
v 0.00580000 -0.01547374 0.02347000
v 0.00610000 -0.01599335 0.02347000
v 0.00520000 -0.01547374 0.02347000
v 0.00498038 -0.01569335 0.02347000
v 0.00550000 -0.01539335 0.02347000
v 0.00498038 -0.01629335 0.02347000
v 0.00520000 -0.01651297 0.02347000
v 0.00490000 -0.01599335 0.02347000
v 0.00499300 -0.01112799 0.02827000
v 0.00450000 -0.01102328 0.02827000
v 0.00450000 -0.01116527 0.02827000
v 0.00511357 -0.01060802 0.02827000
v 0.00555065 -0.01070043 0.02827000
v 0.00555065 -0.01055884 0.02827000
v 0.00555065 -0.01138817 0.02827000
v 0.00555065 -0.01124578 0.02827000
v 0.00511357 -0.01115377 0.02827000
v 0.00450000 -0.01033554 0.02827000
v 0.00450000 -0.01047713 0.02827000
v 0.00499300 -0.01058264 0.02827000
v 0.00489290 -0.01282061 0.02827000
v 0.00479191 -0.01277793 0.02827000
v 0.00450000 -0.01277039 0.02827000
v 0.00481824 -0.01215361 0.02827000
v 0.00468601 -0.01208781 0.02827000
v 0.00450000 -0.01211755 0.02827000
v 0.00472429 -0.01274848 0.02827000
v 0.00467689 -0.01272914 0.02827000
v 0.00450000 -0.01260381 0.02827000
v 0.00496087 -0.01285051 0.02827000
v 0.00555065 -0.01330543 0.02827000
v 0.00555065 -0.01314916 0.02827000
v 0.00450000 -0.01196248 0.02827000
v 0.00473767 -0.01208221 0.02827000
v 0.00476375 -0.01207987 0.02827000
v 0.00478879 -0.01207903 0.02827000
v 0.00482840 -0.01207670 0.02827000
v 0.00503068 -0.01206798 0.02827000
v 0.00555065 -0.01190655 0.02827000
v 0.00555065 -0.01204616 0.02827000
v 0.00481833 -0.01272001 0.02827000
v 0.00482164 -0.01271981 0.02827000
v 0.00513697 -0.01257525 0.02827000
v 0.00493628 -0.01271367 0.02827000
v 0.00534599 -0.01256177 0.02827000
v 0.00555065 -0.01268750 0.02827000
v 0.00555065 -0.01254273 0.02827000
v 0.00525516 -0.01252037 0.02827000
v 0.00524969 -0.01238079 0.02827000
v 0.00518813 -0.01248641 0.02827000
v 0.00494818 -0.01221988 0.02827000
v 0.00484417 -0.01216664 0.02827000
v 0.00508073 -0.01416772 0.02827000
v 0.00515601 -0.01413397 0.02827000
v 0.00510881 -0.01402886 0.02827000
v 0.00537693 -0.01391662 0.02827000
v 0.00555065 -0.01395509 0.02827000
v 0.00555065 -0.01382143 0.02827000
v 0.00450000 -0.01359853 0.02827000
v 0.00450000 -0.01374013 0.02827000
v 0.00513975 -0.01386903 0.02827000
v 0.00527217 -0.01390100 0.02827000
v 0.00525447 -0.01396308 0.02827000
v 0.00479792 -0.01428325 0.02827000
v 0.00485180 -0.01426366 0.02827000
v 0.00498892 -0.01420768 0.02827000
v 0.00476707 -0.01429366 0.02827000
v 0.00450000 -0.01428270 0.02827000
v 0.00465825 -0.01432752 0.02827000
v 0.00450000 -0.01442786 0.02827000
v 0.00509887 -0.01441690 0.02827000
v 0.00555065 -0.01465116 0.02827000
v 0.00555065 -0.01450877 0.02827000
v 0.00670000 -0.00799335 0.00597000
v 0.00650000 -0.00779335 0.00597000
v 0.00670000 -0.00799335 0.01047000
v 0.00650000 -0.00779335 0.01047000
v 0.00050000 -0.00799335 0.02847000
v 0.00070000 -0.00779335 0.02847000
v 0.00050000 -0.00749335 0.01047000
v 0.00070000 -0.00779335 0.00597000
v 0.00050000 -0.00799335 0.00597000
v 0.00070000 -0.00779335 0.01047000
v 0.00050000 -0.00799335 0.01047000
v 0.00160000 -0.01249335 0.00597000
v 0.00160000 -0.01249335 0.02847000
v 0.00050000 -0.01249335 0.00597000
v 0.00050000 -0.01249335 0.02847000
v 0.00050000 -0.02429335 0.01047000
v 0.00050000 -0.02399335 0.02847000
v 0.00070000 -0.02419335 0.02847000
v 0.00050000 -0.01949335 0.00597000
v 0.00050000 -0.01949335 0.02847000
v 0.00160000 -0.01949335 0.00597000
v 0.00160000 -0.01949335 0.02847000
v 0.00650000 -0.02419335 0.00597000
v 0.00670000 -0.02399335 0.00597000
v 0.00650000 -0.02419335 0.01047000
v 0.00670000 -0.02399335 0.01047000
v 0.00050000 -0.02399335 0.01047000
v 0.00070000 -0.02419335 0.01047000
v 0.00050000 -0.02399335 0.00597000
v 0.00070000 -0.02419335 0.00597000
v 0.00561570 -0.01931226 0.00617000
v 0.00561570 -0.01946015 0.00617000
v 0.00450000 -0.01931226 0.00617000
v 0.00475912 -0.01946015 0.00617000
v 0.00450000 -0.02017136 0.00617000
v 0.00450000 -0.02002306 0.00617000
v 0.00561570 -0.02017136 0.00617000
v 0.00535573 -0.02002306 0.00617000
v 0.00561570 -0.02001379 0.00617000
v 0.00450000 -0.01947026 0.00617000
v 0.00450000 -0.02270907 0.00617000
v 0.00450000 -0.02256076 0.00617000
v 0.00561570 -0.02270907 0.00617000
v 0.00544801 -0.02256076 0.00617000
v 0.00450000 -0.02178087 0.00617000
v 0.00450000 -0.02163256 0.00617000
v 0.00544801 -0.02178087 0.00617000
v 0.00561570 -0.02163256 0.00617000
v 0.00561570 -0.02183775 0.00617000
v 0.00530709 -0.02194383 0.00617000
v 0.00511147 -0.02201104 0.00617000
v 0.00450000 -0.02210193 0.00617000
v 0.00466516 -0.02216091 0.00617000
v 0.00450000 -0.02224139 0.00617000
v 0.00473295 -0.02218319 0.00617000
v 0.00482948 -0.02221527 0.00617000
v 0.00561570 -0.02248366 0.00617000
v 0.00550000 -0.01599335 0.01133052
v 0.00580000 -0.01547374 0.01097000
v 0.00601962 -0.01569335 0.01097000
v 0.00550000 -0.01539335 0.01097000
v 0.00601962 -0.01629335 0.01097000
v 0.00580000 -0.01651297 0.01097000
v 0.00610000 -0.01599335 0.01097000
v 0.00520000 -0.01651297 0.01097000
v 0.00498038 -0.01629335 0.01097000
v 0.00550000 -0.01659335 0.01097000
v 0.00498038 -0.01569335 0.01097000
v 0.00520000 -0.01547374 0.01097000
v 0.00490000 -0.01599335 0.01097000
v 0.00507260 -0.02086236 0.00617000
v 0.00494409 -0.02086236 0.00617000
v 0.00507260 -0.02039847 0.00617000
v 0.00494409 -0.02054635 0.00617000
v 0.00465547 -0.02039847 0.00617000
v 0.00505785 -0.02127737 0.00617000
v 0.00508915 -0.02142429 0.00617000
v 0.00480868 -0.02122694 0.00617000
v 0.00477926 -0.02136947 0.00617000
v 0.00468509 -0.02112397 0.00617000
v 0.00461203 -0.02124673 0.00617000
v 0.00461359 -0.02094163 0.00617000
v 0.00450079 -0.02102749 0.00617000
v 0.00460870 -0.02087036 0.00617000
v 0.00449713 -0.02070745 0.00617000
v 0.00461734 -0.02077598 0.00617000
v 0.00472836 -0.02054635 0.00617000
v 0.00468555 -0.02060403 0.00617000
v 0.00464620 -0.02068413 0.00617000
v 0.00546940 -0.02048660 0.00617000
v 0.00556938 -0.02059733 0.00617000
v 0.00544353 -0.02065869 0.00617000
v 0.00526809 -0.02055183 0.00617000
v 0.00530391 -0.02041574 0.00617000
v 0.00534278 -0.02057964 0.00617000
v 0.00540039 -0.02061377 0.00617000
v 0.00534109 -0.02120464 0.00617000
v 0.00539407 -0.02116488 0.00617000
v 0.00540722 -0.02132931 0.00617000
v 0.00556640 -0.02116319 0.00617000
v 0.00563550 -0.02086994 0.00617000
v 0.00549920 -0.02079184 0.00617000
v 0.00547750 -0.02071910 0.00617000
v 0.00517440 -0.02126673 0.00617000
v 0.00519361 -0.02126281 0.00617000
v 0.00528368 -0.02123524 0.00617000
v 0.00543953 -0.02111247 0.00617000
v 0.00547581 -0.02104648 0.00617000
v 0.00561786 -0.02102589 0.00617000
v 0.00549883 -0.02096627 0.00617000
v 0.00550699 -0.02087247 0.00617000
v 0.00560601 -0.01840344 0.00617000
v 0.00560601 -0.01911466 0.00617000
v 0.00546781 -0.01911466 0.00617000
v 0.00450000 -0.01894654 0.00617000
v 0.00450000 -0.01880834 0.00617000
v 0.00464441 -0.01893359 0.00617000
v 0.00470064 -0.01892402 0.00617000
v 0.00546781 -0.01858125 0.00617000
v 0.00536042 -0.01850461 0.00617000
v 0.00549351 -0.01840344 0.00617000
v 0.00481727 -0.01889851 0.00617000
v 0.00486320 -0.01874200 0.00617000
v 0.00517508 -0.01876574 0.00617000
v 0.00519099 -0.01860484 0.00617000
v 0.00528447 -0.01855226 0.00617000
v 0.00461061 -0.01740438 0.00617000
v 0.00485434 -0.01727763 0.00617000
v 0.00489100 -0.01742594 0.00617000
v 0.00476771 -0.01746976 0.00617000
v 0.00467949 -0.01754139 0.00617000
v 0.00450612 -0.01756873 0.00617000
v 0.00462577 -0.01763619 0.00617000
v 0.00448020 -0.01773562 0.00617000
v 0.00460870 -0.01774995 0.00617000
v 0.00448744 -0.01784270 0.00617000
v 0.00462103 -0.01784759 0.00617000
v 0.00449816 -0.01789773 0.00617000
v 0.00455309 -0.01802635 0.00617000
v 0.00527441 -0.01745544 0.00617000
v 0.00530896 -0.01730755 0.00617000
v 0.00541818 -0.01753097 0.00617000
v 0.00546383 -0.01738091 0.00617000
v 0.00548704 -0.01762923 0.00617000
v 0.00558805 -0.01752519 0.00617000
v 0.00550699 -0.01774616 0.00617000
v 0.00563531 -0.01775236 0.00617000
v 0.00546485 -0.01792359 0.00617000
v 0.00556766 -0.01800486 0.00617000
v 0.00536660 -0.01803109 0.00617000
v 0.00552447 -0.01806789 0.00617000
v 0.00527989 -0.01807353 0.00617000
v 0.00532863 -0.01820848 0.00617000
v 0.00494910 -0.01809920 0.00617000
v 0.00498205 -0.01825143 0.00617000
v 0.00477267 -0.01804446 0.00617000
v 0.00470159 -0.01816504 0.00617000
v 0.00466969 -0.01795268 0.00617000
v 0.00466053 -0.01793829 0.00617000
v 0.00300000 -0.01949335 0.02847000
v 0.00300000 -0.01949335 0.00597000
v 0.00290622 -0.01914335 0.00597000
v 0.00290622 -0.01914335 0.02847000
v 0.00265000 -0.01888713 0.00597000
v 0.00265000 -0.01888713 0.02847000
v 0.00230000 -0.01879335 0.00597000
v 0.00230000 -0.01879335 0.02847000
v 0.00195000 -0.01888713 0.00597000
v 0.00195000 -0.01888713 0.02847000
v 0.00169378 -0.01914335 0.00597000
v 0.00169378 -0.01914335 0.02847000
v 0.00670000 -0.00906445 0.02847000
v 0.00670000 -0.01140106 0.02847000
v 0.00670000 -0.01255721 0.02847000
v 0.00670000 -0.01343909 0.02847000
v 0.00670000 -0.01502226 0.02847000
v 0.00670000 -0.01358564 0.02847000
v 0.00470000 -0.00779335 0.02847000
v 0.00582532 -0.00779335 0.02847000
v 0.00470000 -0.02419335 0.02847000
v 0.00582532 -0.02419335 0.02847000
v 0.00450000 -0.01334985 0.02847000
v 0.00450000 -0.01320786 0.02847000
v 0.00555065 -0.01343116 0.02847000
v 0.00555065 -0.01343909 0.02847000
v 0.00555065 -0.01357275 0.02847000
v 0.00492063 -0.01343909 0.02847000
v 0.00450000 -0.01155554 0.02847000
v 0.00450000 -0.01141395 0.02847000
v 0.00555065 -0.01163685 0.02847000
v 0.00555065 -0.01177884 0.02847000
v 0.00550000 -0.01539335 0.02847000
v 0.00580000 -0.01547374 0.02847000
v 0.00601962 -0.01569335 0.02847000
v 0.00610000 -0.01599335 0.02847000
v 0.00601962 -0.01629335 0.02847000
v 0.00580000 -0.01651297 0.02847000
v 0.00550000 -0.01659335 0.02847000
v 0.00520000 -0.01651297 0.02847000
v 0.00498038 -0.01629335 0.02847000
v 0.00490000 -0.01599335 0.02847000
v 0.00498038 -0.01569335 0.02847000
v 0.00520000 -0.01547374 0.02847000
v 0.00450000 -0.01047713 0.02847000
v 0.00450000 -0.01033554 0.02847000
v 0.00555065 -0.01055884 0.02847000
v 0.00555065 -0.01070043 0.02847000
v 0.00511357 -0.01060802 0.02847000
v 0.00511357 -0.01115377 0.02847000
v 0.00555065 -0.01124578 0.02847000
v 0.00555065 -0.01138817 0.02847000
v 0.00450000 -0.01116527 0.02847000
v 0.00450000 -0.01102328 0.02847000
v 0.00499300 -0.01112799 0.02847000
v 0.00499300 -0.01058264 0.02847000
v 0.00534599 -0.01256177 0.02847000
v 0.00513697 -0.01257525 0.02847000
v 0.00518813 -0.01248641 0.02847000
v 0.00525516 -0.01252037 0.02847000
v 0.00450000 -0.01211755 0.02847000
v 0.00450000 -0.01196248 0.02847000
v 0.00555065 -0.01190655 0.02847000
v 0.00555065 -0.01204616 0.02847000
v 0.00503068 -0.01206798 0.02847000
v 0.00482840 -0.01207670 0.02847000
v 0.00476375 -0.01207987 0.02847000
v 0.00478879 -0.01207903 0.02847000
v 0.00468601 -0.01208781 0.02847000
v 0.00473767 -0.01208221 0.02847000
v 0.00494818 -0.01221988 0.02847000
v 0.00484417 -0.01216664 0.02847000
v 0.00481824 -0.01215361 0.02847000
v 0.00555065 -0.01254273 0.02847000
v 0.00524969 -0.01238079 0.02847000
v 0.00555065 -0.01255721 0.02847000
v 0.00555065 -0.01268750 0.02847000
v 0.00493628 -0.01271367 0.02847000
v 0.00467689 -0.01272914 0.02847000
v 0.00481833 -0.01272001 0.02847000
v 0.00482164 -0.01271981 0.02847000
v 0.00479191 -0.01277793 0.02847000
v 0.00472429 -0.01274848 0.02847000
v 0.00496087 -0.01285051 0.02847000
v 0.00489290 -0.01282061 0.02847000
v 0.00555065 -0.01314916 0.02847000
v 0.00555065 -0.01330543 0.02847000
v 0.00470000 -0.01287224 0.02847000
v 0.00450000 -0.01277039 0.02847000
v 0.00450000 -0.01260381 0.02847000
v 0.00485180 -0.01426366 0.02847000
v 0.00498892 -0.01420768 0.02847000
v 0.00515601 -0.01413397 0.02847000
v 0.00508073 -0.01416772 0.02847000
v 0.00465825 -0.01432752 0.02847000
v 0.00476707 -0.01429366 0.02847000
v 0.00479792 -0.01428325 0.02847000
v 0.00555065 -0.01450877 0.02847000
v 0.00509887 -0.01441690 0.02847000
v 0.00555065 -0.01465116 0.02847000
v 0.00450000 -0.01442786 0.02847000
v 0.00450000 -0.01428270 0.02847000
v 0.00510881 -0.01402886 0.02847000
v 0.00537693 -0.01391662 0.02847000
v 0.00525447 -0.01396308 0.02847000
v 0.00513975 -0.01386903 0.02847000
v 0.00527217 -0.01390100 0.02847000
v 0.00450000 -0.01374013 0.02847000
v 0.00450000 -0.01359853 0.02847000
v 0.00555065 -0.01382143 0.02847000
v 0.00555065 -0.01395509 0.02847000
v 0.00670000 -0.02152938 0.00597000
v 0.00670000 -0.02028492 0.00597000
v 0.00670000 -0.01921346 0.00597000
v 0.00670000 -0.01833110 0.00597000
v 0.00670000 -0.01693549 0.00597000
v 0.00670000 -0.01159335 0.00597000
v 0.00586914 -0.00779335 0.00597000
v 0.00562560 -0.00779335 0.00597000
v 0.00447940 -0.00779335 0.00597000
v 0.00470000 -0.00779335 0.00597000
v 0.00050000 -0.01140106 0.02847000
v 0.00050000 -0.00906445 0.02847000
v 0.00050000 -0.01159335 0.00597000
v 0.00169378 -0.01284335 0.00597000
v 0.00169378 -0.01284335 0.02847000
v 0.00195000 -0.01309957 0.00597000
v 0.00195000 -0.01309957 0.02847000
v 0.00230000 -0.01319335 0.00597000
v 0.00230000 -0.01319335 0.02847000
v 0.00265000 -0.01309957 0.00597000
v 0.00265000 -0.01309957 0.02847000
v 0.00290622 -0.01284335 0.00597000
v 0.00290622 -0.01284335 0.02847000
v 0.00300000 -0.01249335 0.00597000
v 0.00300000 -0.01249335 0.02847000
v 0.00050000 -0.02028492 0.00597000
v 0.00050000 -0.02152938 0.00597000
v 0.00447940 -0.02419335 0.00597000
v 0.00470000 -0.02419335 0.00597000
v 0.00562560 -0.02419335 0.00597000
v 0.00586914 -0.02419335 0.00597000
v 0.00535573 -0.02002306 0.00597000
v 0.00470000 -0.02002306 0.00597000
v 0.00450000 -0.02002306 0.00597000
v 0.00470000 -0.01959946 0.00597000
v 0.00450000 -0.01947026 0.00597000
v 0.00450000 -0.01931226 0.00597000
v 0.00561570 -0.01931226 0.00597000
v 0.00470000 -0.01931226 0.00597000
v 0.00561570 -0.01946015 0.00597000
v 0.00475912 -0.01946015 0.00597000
v 0.00561570 -0.02001379 0.00597000
v 0.00561570 -0.02017136 0.00597000
v 0.00470000 -0.02017136 0.00597000
v 0.00450000 -0.02017136 0.00597000
v 0.00544801 -0.02256076 0.00597000
v 0.00470000 -0.02256076 0.00597000
v 0.00450000 -0.02256076 0.00597000
v 0.00470000 -0.02230876 0.00597000
v 0.00450000 -0.02224139 0.00597000
v 0.00450000 -0.02210193 0.00597000
v 0.00544801 -0.02178087 0.00597000
v 0.00470000 -0.02203419 0.00597000
v 0.00470000 -0.02178087 0.00597000
v 0.00450000 -0.02178087 0.00597000
v 0.00450000 -0.02163256 0.00597000
v 0.00561570 -0.02163256 0.00597000
v 0.00470000 -0.02163256 0.00597000
v 0.00561570 -0.02183775 0.00597000
v 0.00530709 -0.02194383 0.00597000
v 0.00511147 -0.02201104 0.00597000
v 0.00466516 -0.02216091 0.00597000
v 0.00473295 -0.02218319 0.00597000
v 0.00482948 -0.02221527 0.00597000
v 0.00561570 -0.02248366 0.00597000
v 0.00561570 -0.02270907 0.00597000
v 0.00470000 -0.02270907 0.00597000
v 0.00450000 -0.02270907 0.00597000
v 0.00550000 -0.01659335 0.00597000
v 0.00580000 -0.01651297 0.00597000
v 0.00601962 -0.01629335 0.00597000
v 0.00610000 -0.01599335 0.00597000
v 0.00601962 -0.01569335 0.00597000
v 0.00580000 -0.01547374 0.00597000
v 0.00550000 -0.01539335 0.00597000
v 0.00520000 -0.01547374 0.00597000
v 0.00498038 -0.01569335 0.00597000
v 0.00490000 -0.01599335 0.00597000
v 0.00498038 -0.01629335 0.00597000
v 0.00520000 -0.01651297 0.00597000
v 0.00505785 -0.02127737 0.00597000
v 0.00517440 -0.02126673 0.00597000
v 0.00528368 -0.02123524 0.00597000
v 0.00519361 -0.02126281 0.00597000
v 0.00534109 -0.02120464 0.00597000
v 0.00539407 -0.02116488 0.00597000
v 0.00543953 -0.02111247 0.00597000
v 0.00547581 -0.02104648 0.00597000
v 0.00549883 -0.02096627 0.00597000
v 0.00550699 -0.02087247 0.00597000
v 0.00549920 -0.02079183 0.00597000
v 0.00549920 -0.02079183 0.00617000
v 0.00547750 -0.02071910 0.00597000
v 0.00544353 -0.02065869 0.00597000
v 0.00540039 -0.02061377 0.00597000
v 0.00534278 -0.02057964 0.00597000
v 0.00526809 -0.02055183 0.00597000
v 0.00530391 -0.02041574 0.00597000
v 0.00546940 -0.02048660 0.00597000
v 0.00556938 -0.02059733 0.00597000
v 0.00563550 -0.02086994 0.00597000
v 0.00561786 -0.02102589 0.00597000
v 0.00556640 -0.02116319 0.00597000
v 0.00540722 -0.02132931 0.00597000
v 0.00508915 -0.02142429 0.00597000
v 0.00477926 -0.02136947 0.00597000
v 0.00461203 -0.02124673 0.00597000
v 0.00450079 -0.02102749 0.00597000
v 0.00449713 -0.02070745 0.00597000
v 0.00465547 -0.02039847 0.00597000
v 0.00507260 -0.02039847 0.00597000
v 0.00470000 -0.02039847 0.00597000
v 0.00507260 -0.02086236 0.00597000
v 0.00494409 -0.02086236 0.00597000
v 0.00494409 -0.02054635 0.00597000
v 0.00472836 -0.02054635 0.00597000
v 0.00468555 -0.02060403 0.00597000
v 0.00464620 -0.02068413 0.00597000
v 0.00461734 -0.02077598 0.00597000
v 0.00460870 -0.02087036 0.00597000
v 0.00461359 -0.02094163 0.00597000
v 0.00468509 -0.02112397 0.00597000
v 0.00480868 -0.02122694 0.00597000
v 0.00450000 -0.01894654 0.00597000
v 0.00481727 -0.01889851 0.00597000
v 0.00470064 -0.01892402 0.00597000
v 0.00464441 -0.01893359 0.00597000
v 0.00450000 -0.01880834 0.00597000
v 0.00486320 -0.01874200 0.00597000
v 0.00519099 -0.01860484 0.00597000
v 0.00549351 -0.01840344 0.00597000
v 0.00528447 -0.01855226 0.00597000
v 0.00536042 -0.01850461 0.00597000
v 0.00560601 -0.01840344 0.00597000
v 0.00560601 -0.01911466 0.00597000
v 0.00546781 -0.01911466 0.00597000
v 0.00546781 -0.01858125 0.00597000
v 0.00517508 -0.01876574 0.00597000
v 0.00448020 -0.01773562 0.00597000
v 0.00450612 -0.01756873 0.00597000
v 0.00461061 -0.01740438 0.00597000
v 0.00485434 -0.01727763 0.00597000
v 0.00489100 -0.01742594 0.00597000
v 0.00476771 -0.01746976 0.00597000
v 0.00467949 -0.01754139 0.00597000
v 0.00462577 -0.01763619 0.00597000
v 0.00460870 -0.01774995 0.00597000
v 0.00462103 -0.01784759 0.00597000
v 0.00466053 -0.01793829 0.00597000
v 0.00466969 -0.01795268 0.00597000
v 0.00477267 -0.01804446 0.00597000
v 0.00494910 -0.01809920 0.00597000
v 0.00527989 -0.01807353 0.00597000
v 0.00536660 -0.01803109 0.00597000
v 0.00546485 -0.01792359 0.00597000
v 0.00550699 -0.01774616 0.00597000
v 0.00548704 -0.01762923 0.00597000
v 0.00541818 -0.01753097 0.00597000
v 0.00527441 -0.01745544 0.00597000
v 0.00530896 -0.01730755 0.00597000
v 0.00546383 -0.01738091 0.00597000
v 0.00558805 -0.01752519 0.00597000
v 0.00563531 -0.01775236 0.00597000
v 0.00556766 -0.01800486 0.00597000
v 0.00552447 -0.01806789 0.00597000
v 0.00532863 -0.01820848 0.00597000
v 0.00498205 -0.01825143 0.00597000
v 0.00470159 -0.01816504 0.00597000
v 0.00455309 -0.01802635 0.00597000
v 0.00449816 -0.01789773 0.00597000
v 0.00448744 -0.01784270 0.00597000
v 0.00380000 -0.01949335 0.00597000
v 0.00380000 -0.01949335 0.02847000
v 0.00470000 -0.01502226 0.02847000
v 0.00380000 -0.01502226 0.02847000
v 0.00380000 -0.01358564 0.02847000
v 0.00470000 -0.01358564 0.02847000
v 0.00470000 -0.01343909 0.02847000
v 0.00380000 -0.01343909 0.02847000
v 0.00380000 -0.01249335 0.02847000
v 0.00380000 -0.01255721 0.02847000
v 0.00470000 -0.01255721 0.02847000
v 0.00470000 -0.00906445 0.02847000
v 0.00582532 -0.01255721 0.02847000
v 0.00582532 -0.01343909 0.02847000
v 0.00582532 -0.01358564 0.02847000
v 0.00470000 -0.01140106 0.02847000
v 0.00582532 -0.01140106 0.02847000
v 0.00582532 -0.01502226 0.02847000
v 0.00582532 -0.00906445 0.02847000
v 0.00380000 -0.01249335 0.00597000
v 0.00470000 -0.01693549 0.00597000
v 0.00562560 -0.01159335 0.00597000
v 0.00586914 -0.01159335 0.00597000
v 0.00470000 -0.02152938 0.00597000
v 0.00447940 -0.01159335 0.00597000
v 0.00380000 -0.01693549 0.00597000
v 0.00447940 -0.01693549 0.00597000
v 0.00380000 -0.01833110 0.00597000
v 0.00447940 -0.01833110 0.00597000
v 0.00380000 -0.01921346 0.00597000
v 0.00447940 -0.01921346 0.00597000
v 0.00447940 -0.02028492 0.00597000
v 0.00470000 -0.02028492 0.00597000
v 0.00562560 -0.02028492 0.00597000
v 0.00562560 -0.01921346 0.00597000
v 0.00470000 -0.01921346 0.00597000
v 0.00447940 -0.02152938 0.00597000
v 0.00562560 -0.02152938 0.00597000
v 0.00470000 -0.01159335 0.00597000
v 0.00549920 -0.02079184 0.00597000
v 0.00470000 -0.01833110 0.00597000
v 0.00562560 -0.01833110 0.00597000
v 0.00562560 -0.01693549 0.00597000
v 0.00586914 -0.01693549 0.00597000
v 0.00586914 -0.01833110 0.00597000
v 0.00586914 -0.02152938 0.00597000
v 0.00586914 -0.01921346 0.00597000
v 0.00586914 -0.02028492 0.00597000
v 0.01080000 0.02243966 0.01247000
v 0.01080000 0.02157364 0.01247000
v 0.01180000 0.02243966 0.01247000
v 0.01180000 0.02157364 0.01247000
v 0.01080000 0.02287267 0.01322000
v 0.01180000 0.02287267 0.01322000
v 0.01080000 0.02243966 0.01397000
v 0.01180000 0.02243966 0.01397000
v 0.01080000 0.02157364 0.01397000
v 0.01180000 0.02157364 0.01397000
v 0.01080000 0.02114062 0.01322000
v 0.01180000 0.02114062 0.01322000
v 0.00480000 0.02257140 0.01271967
v 0.00480000 0.02144190 0.01372033
v 0.00480000 0.02157804 0.01384094
v 0.00480000 0.02243525 0.01259906
v 0.00480000 0.02227420 0.01251453
v 0.00480000 0.02209759 0.01247100
v 0.00480000 0.02173910 0.01392547
v 0.00480000 0.02191570 0.01396900
v 0.00480000 0.02209759 0.01396900
v 0.00480000 0.02191570 0.01247100
v 0.00480000 0.02173910 0.01251453
v 0.00480000 0.02157804 0.01259906
v 0.00480000 0.02227420 0.01392547
v 0.00480000 0.02243525 0.01384094
v 0.00480000 0.02257140 0.01372033
v 0.00480000 0.02144190 0.01271967
v 0.00480000 0.02133857 0.01286937
v 0.00480000 0.02127407 0.01303944
v 0.00480000 0.02273922 0.01340056
v 0.00480000 0.02276115 0.01322000
v 0.00480000 0.02273922 0.01303944
v 0.00480000 0.02267472 0.01357063
v 0.00480000 0.02267472 0.01286937
v 0.00480000 0.02125215 0.01322000
v 0.00480000 0.02127407 0.01340056
v 0.00480000 0.02133857 0.01357063
v 0.00504550 0.02100665 0.01322000
v 0.00504550 0.02103571 0.01345932
v 0.00504550 0.02112119 0.01368472
v 0.00504550 0.02125814 0.01388312
v 0.00504550 0.02143858 0.01404298
v 0.00504550 0.02165204 0.01415502
v 0.00504550 0.02188611 0.01421271
v 0.00504550 0.02212719 0.01421271
v 0.00504550 0.02236125 0.01415502
v 0.00504550 0.02257471 0.01404298
v 0.00504550 0.02275516 0.01388312
v 0.00504550 0.02289210 0.01368472
v 0.00504550 0.02297759 0.01345932
v 0.00504550 0.02300665 0.01322000
v 0.00504550 0.02297759 0.01298068
v 0.00504550 0.02289210 0.01275528
v 0.00504550 0.02275516 0.01255688
v 0.00504550 0.02257471 0.01239702
v 0.00504550 0.02236125 0.01228498
v 0.00504550 0.02212719 0.01222729
v 0.00504550 0.02188611 0.01222729
v 0.00504550 0.02165204 0.01228498
v 0.00504550 0.02143858 0.01239702
v 0.00504550 0.02125814 0.01255688
v 0.00504550 0.02112119 0.01275528
v 0.00504550 0.02103571 0.01298068
v 0.00980000 0.02300665 0.01322000
v 0.00980000 0.02297759 0.01298068
v 0.00980000 0.02289210 0.01275528
v 0.00980000 0.02275516 0.01255688
v 0.00980000 0.02257471 0.01239702
v 0.00980000 0.02236125 0.01228498
v 0.00980000 0.02212719 0.01222729
v 0.00980000 0.02188611 0.01222729
v 0.00980000 0.02165204 0.01228498
v 0.00980000 0.02143858 0.01239702
v 0.00980000 0.02125814 0.01255688
v 0.00980000 0.02112119 0.01275528
v 0.00980000 0.02103571 0.01298068
v 0.00980000 0.02100665 0.01322000
v 0.00980000 0.02103571 0.01345932
v 0.00980000 0.02112119 0.01368472
v 0.00980000 0.02125814 0.01388312
v 0.00980000 0.02143858 0.01404298
v 0.00980000 0.02165204 0.01415502
v 0.00980000 0.02188611 0.01421271
v 0.00980000 0.02212719 0.01421271
v 0.00980000 0.02236125 0.01415502
v 0.00980000 0.02257471 0.01404298
v 0.00980000 0.02275516 0.01388312
v 0.00980000 0.02289210 0.01368472
v 0.00980000 0.02297759 0.01345932
v 0.00980000 0.02379206 0.01386984
v 0.00980000 0.02387778 0.01354993
v 0.00980000 0.02390665 0.01322000
v 0.00980000 0.02200665 0.01512000
v 0.00980000 0.02233658 0.01509114
v 0.00980000 0.02265649 0.01500542
v 0.00980000 0.02295665 0.01486545
v 0.00980000 0.02322794 0.01467548
v 0.00980000 0.02346213 0.01444130
v 0.00980000 0.02365210 0.01417000
v 0.00980000 0.02078535 0.01467548
v 0.00980000 0.02105665 0.01486545
v 0.00980000 0.02135681 0.01500542
v 0.00980000 0.02167672 0.01509114
v 0.00980000 0.02022123 0.01257016
v 0.00980000 0.02013551 0.01289007
v 0.00980000 0.02010665 0.01322000
v 0.00980000 0.02322794 0.01176452
v 0.00980000 0.02295665 0.01157455
v 0.00980000 0.02265649 0.01143458
v 0.00980000 0.02013551 0.01354993
v 0.00980000 0.02022123 0.01386984
v 0.00980000 0.02036120 0.01417000
v 0.00980000 0.02055116 0.01444130
v 0.00980000 0.02387778 0.01289007
v 0.00980000 0.02379206 0.01257016
v 0.00980000 0.02365210 0.01227000
v 0.00980000 0.02346213 0.01199870
v 0.00980000 0.02078535 0.01176452
v 0.00980000 0.02055116 0.01199870
v 0.00980000 0.02036120 0.01227000
v 0.00980000 0.02233658 0.01134886
v 0.00980000 0.02200665 0.01132000
v 0.00980000 0.02167672 0.01134886
v 0.00980000 0.02135681 0.01143458
v 0.00980000 0.02105665 0.01157455
v 0.01180000 0.02030665 0.01322000
v 0.01160000 0.02010665 0.01322000
v 0.01160000 0.02013551 0.01289007
v 0.01180000 0.02033248 0.01292480
v 0.01160000 0.02022123 0.01257016
v 0.01180000 0.02040917 0.01263857
v 0.01160000 0.02036120 0.01227000
v 0.01180000 0.02053441 0.01237000
v 0.01160000 0.02055116 0.01199870
v 0.01180000 0.02070437 0.01212726
v 0.01160000 0.02078535 0.01176452
v 0.01180000 0.02091391 0.01191772
v 0.01160000 0.02105665 0.01157455
v 0.01180000 0.02115665 0.01174776
v 0.01160000 0.02135681 0.01143458
v 0.01180000 0.02142521 0.01162252
v 0.01160000 0.02167672 0.01134886
v 0.01180000 0.02171145 0.01154583
v 0.01160000 0.02200665 0.01132000
v 0.01180000 0.02200665 0.01152000
v 0.01160000 0.02233658 0.01134886
v 0.01180000 0.02230185 0.01154583
v 0.01160000 0.02265649 0.01143458
v 0.01180000 0.02258808 0.01162252
v 0.01160000 0.02295665 0.01157455
v 0.01180000 0.02285665 0.01174776
v 0.01160000 0.02322794 0.01176452
v 0.01180000 0.02309939 0.01191772
v 0.01160000 0.02346213 0.01199870
v 0.01180000 0.02330892 0.01212726
v 0.01160000 0.02365210 0.01227000
v 0.01180000 0.02347889 0.01237000
v 0.01160000 0.02379206 0.01257016
v 0.01180000 0.02360413 0.01263857
v 0.01160000 0.02387778 0.01289007
v 0.01180000 0.02368082 0.01292480
v 0.01160000 0.02390665 0.01322000
v 0.01180000 0.02370665 0.01322000
v 0.01160000 0.02013551 0.01354993
v 0.01160000 0.02022123 0.01386984
v 0.01160000 0.02036120 0.01417000
v 0.01160000 0.02055116 0.01444130
v 0.01160000 0.02078535 0.01467548
v 0.01160000 0.02105665 0.01486545
v 0.01160000 0.02135681 0.01500542
v 0.01160000 0.02167672 0.01509114
v 0.01160000 0.02200665 0.01512000
v 0.01160000 0.02233658 0.01509114
v 0.01160000 0.02265649 0.01500542
v 0.01160000 0.02295665 0.01486545
v 0.01160000 0.02322794 0.01467548
v 0.01160000 0.02346213 0.01444130
v 0.01160000 0.02365210 0.01417000
v 0.01160000 0.02379206 0.01386984
v 0.01160000 0.02387778 0.01354993
v 0.01180000 0.02368082 0.01351520
v 0.01180000 0.02360413 0.01380143
v 0.01180000 0.02347889 0.01407000
v 0.01180000 0.02330892 0.01431274
v 0.01180000 0.02309939 0.01452228
v 0.01180000 0.02285665 0.01469224
v 0.01180000 0.02258808 0.01481748
v 0.01180000 0.02230185 0.01489417
v 0.01180000 0.02200665 0.01492000
v 0.01180000 0.02171145 0.01489417
v 0.01180000 0.02142521 0.01481748
v 0.01180000 0.02115665 0.01469224
v 0.01180000 0.02091391 0.01452228
v 0.01180000 0.02070437 0.01431274
v 0.01180000 0.02053441 0.01407000
v 0.01180000 0.02040917 0.01380143
v 0.01180000 0.02033248 0.01351520
v 0.01500000 0.00378496 0.01197000
v 0.01500000 0.00522834 0.01197000
v 0.01500000 0.00306327 0.01322000
v 0.01500000 0.00595002 0.01322000
v 0.01500000 0.00378496 0.01447000
v 0.01500000 0.00522834 0.01447000
v 0.01590000 0.00522834 0.01197000
v 0.01590000 0.00595002 0.01322000
v 0.01590000 0.00522834 0.01447000
v 0.01590000 0.00378496 0.01447000
v 0.01590000 0.00306327 0.01322000
v 0.01590000 0.00378496 0.01197000
v 0.01595000 0.00596549 0.01322000
v 0.01598660 0.00525720 0.01192000
v 0.01598660 0.00600776 0.01322000
v 0.01600000 0.00528607 0.01187000
v 0.01600000 0.00606549 0.01322000
v 0.01592588 0.00595396 0.01322000
v 0.01592588 0.00523030 0.01196659
v 0.01595000 0.00523607 0.01195660
v 0.01592588 0.00523030 0.01447341
v 0.01595000 0.00523607 0.01448340
v 0.01598660 0.00525720 0.01452000
v 0.01600000 0.00528607 0.01457000
v 0.01592588 0.00378299 0.01447341
v 0.01595000 0.00377723 0.01448340
v 0.01598660 0.00375609 0.01452000
v 0.01600000 0.00372723 0.01457000
v 0.01592588 0.00305934 0.01322000
v 0.01595000 0.00304780 0.01322000
v 0.01598660 0.00300554 0.01322000
v 0.01600000 0.00294780 0.01322000
v 0.01592588 0.00378299 0.01196659
v 0.01595000 0.00377723 0.01195660
v 0.01598660 0.00375609 0.01192000
v 0.01600000 0.00372723 0.01187000
v 0.01600000 0.00187434 0.01382081
v 0.01600000 0.00181913 0.01347926
v 0.01600000 0.00180804 0.01313346
v 0.01600000 0.00184126 0.01278908
v 0.01600000 0.00275643 0.01527590
v 0.01600000 0.00250790 0.01503521
v 0.01600000 0.00717204 0.01278908
v 0.01600000 0.00720526 0.01313346
v 0.01600000 0.00191825 0.01245178
v 0.01600000 0.00203773 0.01212708
v 0.01600000 0.00219776 0.01182034
v 0.01600000 0.00239570 0.01153658
v 0.01600000 0.00262831 0.01128046
v 0.01600000 0.00709505 0.01245178
v 0.01600000 0.00229218 0.01476471
v 0.01600000 0.00211283 0.01446885
v 0.01600000 0.00197278 0.01415249
v 0.01600000 0.00625687 0.01527590
v 0.01600000 0.00597959 0.01548284
v 0.01600000 0.00567813 0.01565262
v 0.01600000 0.00535744 0.01578245
v 0.01600000 0.00450665 0.01592000
v 0.01600000 0.00467964 0.01591445
v 0.01600000 0.00502278 0.01587021
v 0.01600000 0.00433366 0.01591445
v 0.01600000 0.00399052 0.01587021
v 0.01600000 0.00365586 0.01578245
v 0.01600000 0.00333516 0.01565262
v 0.01600000 0.00303370 0.01548284
v 0.01600000 0.00719417 0.01347926
v 0.01600000 0.00713895 0.01382081
v 0.01600000 0.00704051 0.01415249
v 0.01600000 0.00638499 0.01128046
v 0.01600000 0.00612155 0.01105618
v 0.01600000 0.00583159 0.01086744
v 0.01600000 0.00485192 0.01054217
v 0.01600000 0.00519152 0.01060830
v 0.01600000 0.00551987 0.01071732
v 0.01600000 0.00690047 0.01446885
v 0.01600000 0.00672111 0.01476471
v 0.01600000 0.00650540 0.01503521
v 0.01600000 0.00289175 0.01105618
v 0.01600000 0.00318171 0.01086744
v 0.01600000 0.00349343 0.01071732
v 0.01600000 0.00382178 0.01060830
v 0.01600000 0.00416138 0.01054217
v 0.01600000 0.00450665 0.01052000
v 0.01600000 0.00661759 0.01153658
v 0.01600000 0.00681553 0.01182034
v 0.01600000 0.00697556 0.01212708
v 0.01599382 0.00468186 0.01594899
v 0.01599382 0.00502939 0.01590418
v 0.01599382 0.00536835 0.01581530
v 0.01599382 0.00569315 0.01568380
v 0.01599382 0.00599848 0.01551185
v 0.01599382 0.00627930 0.01530226
v 0.01599382 0.00653102 0.01505848
v 0.01599382 0.00674950 0.01478452
v 0.01599382 0.00693115 0.01448486
v 0.01599382 0.00707300 0.01416444
v 0.01599382 0.00717270 0.01382851
v 0.01599382 0.00722862 0.01348259
v 0.01599382 0.00723986 0.01313235
v 0.01599382 0.00720621 0.01278356
v 0.01599382 0.00712823 0.01244193
v 0.01599382 0.00700721 0.01211307
v 0.01599382 0.00684513 0.01180240
v 0.01599382 0.00664465 0.01151500
v 0.01599382 0.00640907 0.01125559
v 0.01599382 0.00614225 0.01102845
v 0.01599382 0.00584857 0.01083728
v 0.01599382 0.00553286 0.01068524
v 0.01599382 0.00520030 0.01057482
v 0.01599382 0.00485634 0.01050784
v 0.01599382 0.00450665 0.01048539
v 0.01599382 0.00415695 0.01050784
v 0.01599382 0.00381300 0.01057482
v 0.01599382 0.00348044 0.01068524
v 0.01599382 0.00316473 0.01083728
v 0.01599382 0.00287105 0.01102845
v 0.01599382 0.00260423 0.01125559
v 0.01599382 0.00236864 0.01151500
v 0.01599382 0.00216817 0.01180240
v 0.01599382 0.00200609 0.01211307
v 0.01599382 0.00188506 0.01244193
v 0.01599382 0.00180709 0.01278356
v 0.01599382 0.00177344 0.01313235
v 0.01599382 0.00178467 0.01348259
v 0.01599382 0.00184060 0.01382851
v 0.01599382 0.00194030 0.01416444
v 0.01599382 0.00208214 0.01448486
v 0.01599382 0.00226380 0.01478452
v 0.01599382 0.00248228 0.01505848
v 0.01599382 0.00273400 0.01530226
v 0.01599382 0.00301482 0.01551185
v 0.01599382 0.00332015 0.01568380
v 0.01599382 0.00364495 0.01581530
v 0.01599382 0.00398390 0.01590418
v 0.01599382 0.00433144 0.01594899
v 0.01590000 0.00170665 0.01322000
v 0.01593461 0.00171426 0.01313045
v 0.01590000 0.00171959 0.01348886
v 0.01593461 0.00172574 0.01348827
v 0.01590000 0.00175165 0.01371996
v 0.01593461 0.00178288 0.01384168
v 0.01590000 0.00177685 0.01384306
v 0.01593461 0.00188474 0.01418489
v 0.01593461 0.00202965 0.01451225
v 0.01590000 0.00188519 0.01420385
v 0.01590000 0.00187894 0.01418702
v 0.01593461 0.00221524 0.01481839
v 0.01590000 0.00210299 0.01465612
v 0.01590000 0.00202417 0.01451511
v 0.01590000 0.00276088 0.01540913
v 0.01590000 0.00269161 0.01535205
v 0.01593461 0.00269562 0.01534734
v 0.01590000 0.00243387 0.01510244
v 0.01593461 0.00243845 0.01509829
v 0.01590000 0.00239805 0.01506223
v 0.01590000 0.00221017 0.01482193
v 0.01590000 0.00297915 0.01556665
v 0.01593461 0.00298252 0.01556147
v 0.01590000 0.00317982 0.01568567
v 0.01593461 0.00329446 0.01573714
v 0.01590000 0.00329177 0.01574271
v 0.01593461 0.00362629 0.01587149
v 0.01590000 0.00362435 0.01587736
v 0.01590000 0.00364140 0.01588296
v 0.01593461 0.00397259 0.01596230
v 0.01590000 0.00397140 0.01596837
v 0.01590000 0.00413080 0.01599466
v 0.01593461 0.00432765 0.01600808
v 0.01590000 0.00432725 0.01601425
v 0.01590000 0.00463227 0.01601718
v 0.01593461 0.00468565 0.01600808
v 0.01590000 0.00468605 0.01601425
v 0.01593461 0.00504071 0.01596230
v 0.01590000 0.00504189 0.01596837
v 0.01593461 0.00603077 0.01556147
v 0.01590000 0.00572152 0.01574271
v 0.01593461 0.00571884 0.01573714
v 0.01590000 0.00560712 0.01579468
v 0.01593461 0.00538700 0.01587149
v 0.01590000 0.00538895 0.01587736
v 0.01590000 0.00512971 0.01594980
v 0.01593461 0.00631768 0.01534734
v 0.01590000 0.00604916 0.01555680
v 0.01590000 0.00603415 0.01556665
v 0.01593461 0.00657485 0.01509829
v 0.01590000 0.00644162 0.01524383
v 0.01590000 0.00632169 0.01535205
v 0.01590000 0.00702936 0.01443487
v 0.01590000 0.00698913 0.01451511
v 0.01593461 0.00698365 0.01451225
v 0.01590000 0.00680313 0.01482193
v 0.01593461 0.00679806 0.01481839
v 0.01590000 0.00677190 0.01486580
v 0.01590000 0.00657943 0.01510244
v 0.01590000 0.00713436 0.01418702
v 0.01593461 0.00712856 0.01418489
v 0.01590000 0.00720574 0.01396490
v 0.01593461 0.00723042 0.01384168
v 0.01590000 0.00723645 0.01384306
v 0.01593461 0.00728756 0.01348827
v 0.01590000 0.00729371 0.01348886
v 0.01590000 0.00729538 0.01347099
v 0.01593461 0.00729903 0.01313045
v 0.01590000 0.00730521 0.01313026
v 0.01590000 0.00729538 0.01296901
v 0.01593461 0.00726466 0.01277411
v 0.01590000 0.00727076 0.01277312
v 0.01590000 0.00720574 0.01247510
v 0.01593461 0.00718499 0.01242508
v 0.01590000 0.00719092 0.01242332
v 0.01593461 0.00706135 0.01208911
v 0.01590000 0.00706700 0.01208661
v 0.01593461 0.00645026 0.01121306
v 0.01590000 0.00669578 0.01147423
v 0.01593461 0.00669094 0.01147808
v 0.01590000 0.00677190 0.01157420
v 0.01593461 0.00689576 0.01177171
v 0.01590000 0.00690105 0.01176850
v 0.01590000 0.00702936 0.01200513
v 0.01593461 0.00617766 0.01098100
v 0.01590000 0.00644162 0.01119617
v 0.01590000 0.00645456 0.01120862
v 0.01593461 0.00587762 0.01078569
v 0.01590000 0.00604916 0.01088319
v 0.01590000 0.00618136 0.01097604
v 0.01590000 0.00512971 0.01049020
v 0.01590000 0.00521688 0.01051157
v 0.01593461 0.00521531 0.01051755
v 0.01590000 0.00555740 0.01062463
v 0.01593461 0.00555508 0.01063036
v 0.01590000 0.00560712 0.01064532
v 0.01590000 0.00588066 0.01078031
v 0.01590000 0.00486470 0.01044299
v 0.01593461 0.00486391 0.01044912
v 0.01590000 0.00463227 0.01042282
v 0.01593461 0.00450665 0.01042618
v 0.01590000 0.00450665 0.01042000
v 0.01593461 0.00414938 0.01044912
v 0.01590000 0.00414859 0.01044299
v 0.01590000 0.00413080 0.01044534
v 0.01593461 0.00379798 0.01051755
v 0.01590000 0.00379642 0.01051157
v 0.01590000 0.00364140 0.01055704
v 0.01593461 0.00345822 0.01063036
v 0.01590000 0.00345590 0.01062463
v 0.01590000 0.00317982 0.01075433
v 0.01593461 0.00313567 0.01078569
v 0.01590000 0.00313264 0.01078031
v 0.01593461 0.00283564 0.01098100
v 0.01590000 0.00283194 0.01097604
v 0.01593461 0.00211753 0.01177171
v 0.01590000 0.00231752 0.01147423
v 0.01593461 0.00232235 0.01147808
v 0.01590000 0.00239805 0.01137777
v 0.01593461 0.00256304 0.01121306
v 0.01590000 0.00255874 0.01120862
v 0.01590000 0.00276088 0.01103087
v 0.01593461 0.00195195 0.01208911
v 0.01590000 0.00210299 0.01178388
v 0.01590000 0.00211225 0.01176850
v 0.01593461 0.00182830 0.01242508
v 0.01590000 0.00188519 0.01223615
v 0.01590000 0.00194629 0.01208661
v 0.01590000 0.00170809 0.01313026
v 0.01590000 0.00174254 0.01277312
v 0.01593461 0.00174864 0.01277411
v 0.01590000 0.00175165 0.01272004
v 0.01590000 0.00182238 0.01242332
v 0.01597071 0.00450665 0.01044929
v 0.01597071 0.00486096 0.01047204
v 0.01597071 0.00520945 0.01053991
v 0.01597071 0.00554640 0.01065178
v 0.01597071 0.00586628 0.01080583
v 0.01597071 0.00616384 0.01099951
v 0.01597071 0.00643418 0.01122966
v 0.01597071 0.00667288 0.01149249
v 0.01597071 0.00687600 0.01178368
v 0.01597071 0.00704022 0.01209846
v 0.01597071 0.00716284 0.01243166
v 0.01597071 0.00724184 0.01277780
v 0.01597071 0.00727594 0.01313119
v 0.01597071 0.00726456 0.01348605
v 0.01597071 0.00720789 0.01383654
v 0.01597071 0.00710687 0.01417691
v 0.01597071 0.00696316 0.01450156
v 0.01597071 0.00677911 0.01480517
v 0.01597071 0.00655774 0.01508275
v 0.01597071 0.00630270 0.01532975
v 0.01597071 0.00601817 0.01554210
v 0.01597071 0.00570882 0.01571632
v 0.01597071 0.00537972 0.01584956
v 0.01597071 0.00503629 0.01593962
v 0.01597071 0.00468417 0.01598502
v 0.01597071 0.00432913 0.01598502
v 0.01597071 0.00397700 0.01593962
v 0.01597071 0.00363358 0.01584956
v 0.01597071 0.00330448 0.01571632
v 0.01597071 0.00299513 0.01554210
v 0.01597071 0.00271060 0.01532975
v 0.01597071 0.00245555 0.01508275
v 0.01597071 0.00223419 0.01480517
v 0.01597071 0.00205014 0.01450156
v 0.01597071 0.00190642 0.01417691
v 0.01597071 0.00180541 0.01383654
v 0.01597071 0.00174874 0.01348605
v 0.01597071 0.00173736 0.01313119
v 0.01597071 0.00177145 0.01277780
v 0.01597071 0.00185046 0.01243166
v 0.01597071 0.00197308 0.01209846
v 0.01597071 0.00213730 0.01178368
v 0.01597071 0.00234042 0.01149249
v 0.01597071 0.00257911 0.01122966
v 0.01597071 0.00284946 0.01099951
v 0.01597071 0.00314701 0.01080583
v 0.01597071 0.00346689 0.01065178
v 0.01597071 0.00380385 0.01053991
v 0.01597071 0.00415234 0.01047204
v 0.01350000 0.00175165 0.01371996
v 0.01350000 0.00170665 0.01322000
v 0.01350000 0.00188519 0.01420385
v 0.01350000 0.00210299 0.01465612
v 0.01350000 0.00239805 0.01506223
v 0.01350000 0.00276088 0.01540913
v 0.01350000 0.00317982 0.01568567
v 0.01350000 0.00364140 0.01588296
v 0.01350000 0.00413080 0.01599466
v 0.01350000 0.00463227 0.01601718
v 0.01350000 0.00512971 0.01594980
v 0.01350000 0.00560712 0.01579468
v 0.01350000 0.00604916 0.01555680
v 0.01350000 0.00644162 0.01524383
v 0.01350000 0.00677190 0.01486580
v 0.01350000 0.00702936 0.01443487
v 0.01350000 0.00720574 0.01396490
v 0.01350000 0.00729538 0.01347099
v 0.01350000 0.00729538 0.01296901
v 0.01350000 0.00720574 0.01247510
v 0.01350000 0.00702936 0.01200513
v 0.01350000 0.00677190 0.01157420
v 0.01350000 0.00644162 0.01119617
v 0.01350000 0.00604916 0.01088319
v 0.01350000 0.00560712 0.01064532
v 0.01350000 0.00512971 0.01049020
v 0.01350000 0.00463227 0.01042282
v 0.01350000 0.00413080 0.01044534
v 0.01350000 0.00364140 0.01055704
v 0.01350000 0.00317982 0.01075433
v 0.01350000 0.00276088 0.01103087
v 0.01350000 0.00239805 0.01137777
v 0.01350000 0.00210299 0.01178388
v 0.01350000 0.00188519 0.01223615
v 0.01350000 0.00175165 0.01272004
v 0.00750000 0.00300665 0.01322000
v 0.00750000 0.00305024 0.01357897
v 0.00750000 0.00450665 0.01322000
v 0.00750000 0.00305024 0.01286103
v 0.00750000 0.00365455 0.01198552
v 0.00750000 0.00338388 0.01222532
v 0.00750000 0.00317846 0.01252292
v 0.00750000 0.00468745 0.01173094
v 0.00750000 0.00432584 0.01173094
v 0.00750000 0.00397474 0.01181748
v 0.00750000 0.00562942 0.01222532
v 0.00750000 0.00535875 0.01198552
v 0.00750000 0.00503856 0.01181748
v 0.00750000 0.00600665 0.01322000
v 0.00750000 0.00596306 0.01286103
v 0.00750000 0.00583483 0.01252292
v 0.00750000 0.00562942 0.01421468
v 0.00750000 0.00583483 0.01391708
v 0.00750000 0.00596306 0.01357897
v 0.00750000 0.00468745 0.01470906
v 0.00750000 0.00503856 0.01462252
v 0.00750000 0.00535875 0.01445448
v 0.00750000 0.00365455 0.01445448
v 0.00750000 0.00397474 0.01462252
v 0.00750000 0.00432584 0.01470906
v 0.00750000 0.00317846 0.01391708
v 0.00750000 0.00338388 0.01421468
v 0.01350000 0.00562942 0.01421468
v 0.01350000 0.00583483 0.01391708
v 0.01350000 0.00596306 0.01357897
v 0.01350000 0.00468745 0.01470906
v 0.01350000 0.00503856 0.01462252
v 0.01350000 0.00535875 0.01445448
v 0.01350000 0.00397474 0.01181748
v 0.01350000 0.00365455 0.01198552
v 0.01350000 0.00338388 0.01222532
v 0.01350000 0.00317846 0.01252292
v 0.01350000 0.00365455 0.01445448
v 0.01350000 0.00397474 0.01462252
v 0.01350000 0.00432584 0.01470906
v 0.01350000 0.00305024 0.01357897
v 0.01350000 0.00317846 0.01391708
v 0.01350000 0.00338388 0.01421468
v 0.01350000 0.00305024 0.01286103
v 0.01350000 0.00300665 0.01322000
v 0.01350000 0.00503856 0.01181748
v 0.01350000 0.00468745 0.01173094
v 0.01350000 0.00432584 0.01173094
v 0.01350000 0.00583483 0.01252292
v 0.01350000 0.00562942 0.01222532
v 0.01350000 0.00535875 0.01198552
v 0.01350000 0.00600665 0.01322000
v 0.01350000 0.00596306 0.01286103
v 0.01500000 0.01428496 0.01597000
v 0.01500000 0.01572834 0.01597000
v 0.01500000 0.01356327 0.01722000
v 0.01500000 0.01645003 0.01722000
v 0.01500000 0.01428496 0.01847000
v 0.01500000 0.01572834 0.01847000
v 0.01590000 0.01572834 0.01597000
v 0.01590000 0.01645003 0.01722000
v 0.01590000 0.01572834 0.01847000
v 0.01590000 0.01428496 0.01847000
v 0.01590000 0.01356327 0.01722000
v 0.01590000 0.01428496 0.01597000
v 0.01595000 0.01646549 0.01722000
v 0.01598660 0.01575720 0.01592000
v 0.01598660 0.01650776 0.01722000
v 0.01600000 0.01578607 0.01587000
v 0.01600000 0.01656549 0.01722000
v 0.01592588 0.01645396 0.01722000
v 0.01592588 0.01573030 0.01596659
v 0.01595000 0.01573607 0.01595660
v 0.01592588 0.01573030 0.01847341
v 0.01595000 0.01573607 0.01848340
v 0.01598660 0.01575720 0.01852000
v 0.01600000 0.01578607 0.01857000
v 0.01592588 0.01428299 0.01847341
v 0.01595000 0.01427723 0.01848340
v 0.01598660 0.01425609 0.01852000
v 0.01600000 0.01422723 0.01857000
v 0.01592588 0.01355934 0.01722000
v 0.01595000 0.01354780 0.01722000
v 0.01598660 0.01350554 0.01722000
v 0.01600000 0.01344780 0.01722000
v 0.01592588 0.01428299 0.01596659
v 0.01595000 0.01427723 0.01595660
v 0.01598660 0.01425609 0.01592000
v 0.01600000 0.01422723 0.01587000
v 0.01600000 0.01237434 0.01782081
v 0.01600000 0.01231913 0.01747926
v 0.01600000 0.01230804 0.01713346
v 0.01600000 0.01234126 0.01678908
v 0.01600000 0.01325643 0.01927590
v 0.01600000 0.01300790 0.01903521
v 0.01600000 0.01767204 0.01678908
v 0.01600000 0.01770526 0.01713346
v 0.01600000 0.01241825 0.01645178
v 0.01600000 0.01253773 0.01612709
v 0.01600000 0.01269776 0.01582034
v 0.01600000 0.01289570 0.01553658
v 0.01600000 0.01312831 0.01528046
v 0.01600000 0.01759505 0.01645178
v 0.01600000 0.01279218 0.01876472
v 0.01600000 0.01261283 0.01846885
v 0.01600000 0.01247278 0.01815249
v 0.01600000 0.01675687 0.01927590
v 0.01600000 0.01647959 0.01948284
v 0.01600000 0.01617813 0.01965262
v 0.01600000 0.01585744 0.01978245
v 0.01600000 0.01500665 0.01992000
v 0.01600000 0.01517964 0.01991445
v 0.01600000 0.01552278 0.01987021
v 0.01600000 0.01483366 0.01991445
v 0.01600000 0.01449052 0.01987021
v 0.01600000 0.01415586 0.01978245
v 0.01600000 0.01383516 0.01965262
v 0.01600000 0.01353370 0.01948284
v 0.01600000 0.01769417 0.01747926
v 0.01600000 0.01763895 0.01782081
v 0.01600000 0.01754051 0.01815249
v 0.01600000 0.01688499 0.01528046
v 0.01600000 0.01662155 0.01505618
v 0.01600000 0.01633159 0.01486744
v 0.01600000 0.01535192 0.01454217
v 0.01600000 0.01569152 0.01460830
v 0.01600000 0.01601987 0.01471732
v 0.01600000 0.01740047 0.01846885
v 0.01600000 0.01722111 0.01876472
v 0.01600000 0.01700540 0.01903521
v 0.01600000 0.01339175 0.01505618
v 0.01600000 0.01368171 0.01486744
v 0.01600000 0.01399343 0.01471732
v 0.01600000 0.01432178 0.01460830
v 0.01600000 0.01466138 0.01454217
v 0.01600000 0.01500665 0.01452000
v 0.01600000 0.01711759 0.01553658
v 0.01600000 0.01731553 0.01582034
v 0.01600000 0.01747556 0.01612709
v 0.01599382 0.01518186 0.01994899
v 0.01599382 0.01552939 0.01990418
v 0.01599382 0.01586835 0.01981530
v 0.01599382 0.01619315 0.01968380
v 0.01599382 0.01649847 0.01951184
v 0.01599382 0.01677930 0.01930226
v 0.01599382 0.01703102 0.01905848
v 0.01599382 0.01724950 0.01878452
v 0.01599382 0.01743115 0.01848486
v 0.01599382 0.01757300 0.01816444
v 0.01599382 0.01767270 0.01782851
v 0.01599382 0.01772862 0.01748259
v 0.01599382 0.01773985 0.01713235
v 0.01599382 0.01770621 0.01678356
v 0.01599382 0.01762823 0.01644193
v 0.01599382 0.01750721 0.01611307
v 0.01599382 0.01734513 0.01580240
v 0.01599382 0.01714465 0.01551500
v 0.01599382 0.01690907 0.01525559
v 0.01599382 0.01664225 0.01502845
v 0.01599382 0.01634857 0.01483728
v 0.01599382 0.01603286 0.01468524
v 0.01599382 0.01570030 0.01457482
v 0.01599382 0.01535634 0.01450784
v 0.01599382 0.01500665 0.01448539
v 0.01599382 0.01465695 0.01450784
v 0.01599382 0.01431300 0.01457482
v 0.01599382 0.01398044 0.01468524
v 0.01599382 0.01366473 0.01483728
v 0.01599382 0.01337105 0.01502845
v 0.01599382 0.01310423 0.01525559
v 0.01599382 0.01286864 0.01551500
v 0.01599382 0.01266817 0.01580240
v 0.01599382 0.01250609 0.01611307
v 0.01599382 0.01238506 0.01644193
v 0.01599382 0.01230709 0.01678356
v 0.01599382 0.01227344 0.01713235
v 0.01599382 0.01228467 0.01748259
v 0.01599382 0.01234060 0.01782851
v 0.01599382 0.01244030 0.01816444
v 0.01599382 0.01258214 0.01848486
v 0.01599382 0.01276380 0.01878452
v 0.01599382 0.01298228 0.01905848
v 0.01599382 0.01323400 0.01930226
v 0.01599382 0.01351482 0.01951184
v 0.01599382 0.01382015 0.01968380
v 0.01599382 0.01414495 0.01981530
v 0.01599382 0.01448390 0.01990418
v 0.01599382 0.01483144 0.01994899
v 0.01590000 0.01220665 0.01722000
v 0.01593461 0.01221426 0.01713045
v 0.01590000 0.01221959 0.01748887
v 0.01593461 0.01222574 0.01748827
v 0.01590000 0.01225165 0.01771996
v 0.01593461 0.01228288 0.01784168
v 0.01590000 0.01227685 0.01784306
v 0.01593461 0.01238474 0.01818489
v 0.01593461 0.01252965 0.01851225
v 0.01590000 0.01238519 0.01820385
v 0.01590000 0.01237894 0.01818702
v 0.01593461 0.01271524 0.01881839
v 0.01590000 0.01260299 0.01865612
v 0.01590000 0.01252417 0.01851511
v 0.01590000 0.01326088 0.01940913
v 0.01590000 0.01319161 0.01935205
v 0.01593461 0.01319562 0.01934734
v 0.01590000 0.01293387 0.01910244
v 0.01593461 0.01293845 0.01909829
v 0.01590000 0.01289805 0.01906223
v 0.01590000 0.01271017 0.01882193
v 0.01590000 0.01347915 0.01956665
v 0.01593461 0.01348252 0.01956147
v 0.01590000 0.01367982 0.01968567
v 0.01593461 0.01379446 0.01973714
v 0.01590000 0.01379177 0.01974271
v 0.01593461 0.01412629 0.01987149
v 0.01590000 0.01412435 0.01987736
v 0.01590000 0.01414140 0.01988296
v 0.01593461 0.01447259 0.01996230
v 0.01590000 0.01447140 0.01996837
v 0.01590000 0.01463080 0.01999466
v 0.01593461 0.01482765 0.02000808
v 0.01590000 0.01482725 0.02001425
v 0.01590000 0.01513227 0.02001718
v 0.01593461 0.01518565 0.02000808
v 0.01590000 0.01518605 0.02001425
v 0.01593461 0.01554071 0.01996230
v 0.01590000 0.01554189 0.01996837
v 0.01593461 0.01653077 0.01956147
v 0.01590000 0.01622152 0.01974271
v 0.01593461 0.01621884 0.01973714
v 0.01590000 0.01610712 0.01979468
v 0.01593461 0.01588700 0.01987149
v 0.01590000 0.01588895 0.01987736
v 0.01590000 0.01562971 0.01994980
v 0.01593461 0.01681768 0.01934734
v 0.01590000 0.01654916 0.01955681
v 0.01590000 0.01653415 0.01956665
v 0.01593461 0.01707485 0.01909829
v 0.01590000 0.01694162 0.01924383
v 0.01590000 0.01682169 0.01935205
v 0.01590000 0.01752936 0.01843487
v 0.01590000 0.01748913 0.01851511
v 0.01593461 0.01748365 0.01851225
v 0.01590000 0.01730313 0.01882193
v 0.01593461 0.01729806 0.01881839
v 0.01590000 0.01727190 0.01886580
v 0.01590000 0.01707943 0.01910244
v 0.01590000 0.01763436 0.01818702
v 0.01593461 0.01762856 0.01818489
v 0.01590000 0.01770574 0.01796490
v 0.01593461 0.01773042 0.01784168
v 0.01590000 0.01773645 0.01784306
v 0.01593461 0.01778756 0.01748827
v 0.01590000 0.01779371 0.01748887
v 0.01590000 0.01779538 0.01747099
v 0.01593461 0.01779903 0.01713045
v 0.01590000 0.01780521 0.01713026
v 0.01590000 0.01779538 0.01696901
v 0.01593461 0.01776466 0.01677411
v 0.01590000 0.01777076 0.01677312
v 0.01590000 0.01770574 0.01647510
v 0.01593461 0.01768499 0.01642508
v 0.01590000 0.01769092 0.01642332
v 0.01593461 0.01756135 0.01608911
v 0.01590000 0.01756700 0.01608661
v 0.01593461 0.01695026 0.01521306
v 0.01590000 0.01719578 0.01547423
v 0.01593461 0.01719094 0.01547808
v 0.01590000 0.01727190 0.01557420
v 0.01593461 0.01739576 0.01577171
v 0.01590000 0.01740105 0.01576850
v 0.01590000 0.01752936 0.01600512
v 0.01593461 0.01667766 0.01498100
v 0.01590000 0.01694162 0.01519617
v 0.01590000 0.01695456 0.01520862
v 0.01593461 0.01637762 0.01478569
v 0.01590000 0.01654916 0.01488320
v 0.01590000 0.01668136 0.01497604
v 0.01590000 0.01562971 0.01449020
v 0.01590000 0.01571688 0.01451157
v 0.01593461 0.01571531 0.01451755
v 0.01590000 0.01605740 0.01462463
v 0.01593461 0.01605508 0.01463036
v 0.01590000 0.01610712 0.01464532
v 0.01590000 0.01638066 0.01478031
v 0.01590000 0.01536470 0.01444299
v 0.01593461 0.01536391 0.01444912
v 0.01590000 0.01513227 0.01442282
v 0.01593461 0.01500665 0.01442618
v 0.01590000 0.01500665 0.01442000
v 0.01593461 0.01464938 0.01444912
v 0.01590000 0.01464859 0.01444299
v 0.01590000 0.01463080 0.01444534
v 0.01593461 0.01429798 0.01451755
v 0.01590000 0.01429642 0.01451157
v 0.01590000 0.01414140 0.01455704
v 0.01593461 0.01395822 0.01463036
v 0.01590000 0.01395590 0.01462463
v 0.01590000 0.01367982 0.01475433
v 0.01593461 0.01363567 0.01478569
v 0.01590000 0.01363264 0.01478031
v 0.01593461 0.01333564 0.01498100
v 0.01590000 0.01333194 0.01497604
v 0.01593461 0.01261753 0.01577171
v 0.01590000 0.01281752 0.01547423
v 0.01593461 0.01282235 0.01547808
v 0.01590000 0.01289805 0.01537777
v 0.01593461 0.01306304 0.01521306
v 0.01590000 0.01305874 0.01520862
v 0.01590000 0.01326088 0.01503087
v 0.01593461 0.01245194 0.01608911
v 0.01590000 0.01260299 0.01578388
v 0.01590000 0.01261225 0.01576850
v 0.01593461 0.01232830 0.01642508
v 0.01590000 0.01238519 0.01623615
v 0.01590000 0.01244629 0.01608661
v 0.01590000 0.01220809 0.01713026
v 0.01590000 0.01224254 0.01677312
v 0.01593461 0.01224864 0.01677411
v 0.01590000 0.01225165 0.01672004
v 0.01590000 0.01232238 0.01642332
v 0.01597071 0.01500665 0.01444929
v 0.01597071 0.01536096 0.01447204
v 0.01597071 0.01570945 0.01453991
v 0.01597071 0.01604640 0.01465178
v 0.01597071 0.01636628 0.01480583
v 0.01597071 0.01666384 0.01499951
v 0.01597071 0.01693418 0.01522966
v 0.01597071 0.01717288 0.01549249
v 0.01597071 0.01737600 0.01578368
v 0.01597071 0.01754022 0.01609846
v 0.01597071 0.01766284 0.01643166
v 0.01597071 0.01774184 0.01677779
v 0.01597071 0.01777594 0.01713119
v 0.01597071 0.01776456 0.01748605
v 0.01597071 0.01770789 0.01783654
v 0.01597071 0.01760687 0.01817691
v 0.01597071 0.01746316 0.01850156
v 0.01597071 0.01727911 0.01880517
v 0.01597071 0.01705774 0.01908275
v 0.01597071 0.01680270 0.01932975
v 0.01597071 0.01651817 0.01954210
v 0.01597071 0.01620881 0.01971632
v 0.01597071 0.01587972 0.01984956
v 0.01597071 0.01553629 0.01993962
v 0.01597071 0.01518417 0.01998502
v 0.01597071 0.01482913 0.01998502
v 0.01597071 0.01447700 0.01993962
v 0.01597071 0.01413358 0.01984956
v 0.01597071 0.01380448 0.01971632
v 0.01597071 0.01349513 0.01954210
v 0.01597071 0.01321060 0.01932975
v 0.01597071 0.01295555 0.01908275
v 0.01597071 0.01273419 0.01880517
v 0.01597071 0.01255014 0.01850156
v 0.01597071 0.01240642 0.01817691
v 0.01597071 0.01230541 0.01783654
v 0.01597071 0.01224874 0.01748605
v 0.01597071 0.01223736 0.01713119
v 0.01597071 0.01227145 0.01677779
v 0.01597071 0.01235046 0.01643166
v 0.01597071 0.01247308 0.01609846
v 0.01597071 0.01263730 0.01578368
v 0.01597071 0.01284042 0.01549249
v 0.01597071 0.01307911 0.01522966
v 0.01597071 0.01334946 0.01499951
v 0.01597071 0.01364701 0.01480583
v 0.01597071 0.01396689 0.01465178
v 0.01597071 0.01430385 0.01453991
v 0.01597071 0.01465234 0.01447204
v 0.01350000 0.01225165 0.01771996
v 0.01350000 0.01220665 0.01722000
v 0.01350000 0.01238519 0.01820385
v 0.01350000 0.01260299 0.01865612
v 0.01350000 0.01289805 0.01906223
v 0.01350000 0.01326088 0.01940913
v 0.01350000 0.01367982 0.01968567
v 0.01350000 0.01414140 0.01988296
v 0.01350000 0.01463080 0.01999466
v 0.01350000 0.01513227 0.02001718
v 0.01350000 0.01562971 0.01994980
v 0.01350000 0.01610712 0.01979468
v 0.01350000 0.01654916 0.01955681
v 0.01350000 0.01694162 0.01924383
v 0.01350000 0.01727190 0.01886580
v 0.01350000 0.01752936 0.01843487
v 0.01350000 0.01770574 0.01796490
v 0.01350000 0.01779538 0.01747099
v 0.01350000 0.01779538 0.01696901
v 0.01350000 0.01770574 0.01647510
v 0.01350000 0.01752936 0.01600512
v 0.01350000 0.01727190 0.01557420
v 0.01350000 0.01694162 0.01519617
v 0.01350000 0.01654916 0.01488320
v 0.01350000 0.01610712 0.01464532
v 0.01350000 0.01562971 0.01449020
v 0.01350000 0.01513227 0.01442282
v 0.01350000 0.01463080 0.01444534
v 0.01350000 0.01414140 0.01455704
v 0.01350000 0.01367982 0.01475433
v 0.01350000 0.01326088 0.01503087
v 0.01350000 0.01289805 0.01537777
v 0.01350000 0.01260299 0.01578388
v 0.01350000 0.01238519 0.01623615
v 0.01350000 0.01225165 0.01672004
v 0.00750000 0.01350665 0.01722000
v 0.00750000 0.01355024 0.01757897
v 0.00750000 0.01500665 0.01722000
v 0.00750000 0.01355024 0.01686103
v 0.00750000 0.01415455 0.01598552
v 0.00750000 0.01388388 0.01622532
v 0.00750000 0.01367847 0.01652292
v 0.00750000 0.01518745 0.01573094
v 0.00750000 0.01482584 0.01573094
v 0.00750000 0.01447474 0.01581748
v 0.00750000 0.01612942 0.01622532
v 0.00750000 0.01585875 0.01598552
v 0.00750000 0.01553856 0.01581748
v 0.00750000 0.01650665 0.01722000
v 0.00750000 0.01646306 0.01686103
v 0.00750000 0.01633483 0.01652292
v 0.00750000 0.01612942 0.01821468
v 0.00750000 0.01633483 0.01791709
v 0.00750000 0.01646306 0.01757897
v 0.00750000 0.01518745 0.01870906
v 0.00750000 0.01553856 0.01862253
v 0.00750000 0.01585875 0.01845448
v 0.00750000 0.01415455 0.01845448
v 0.00750000 0.01447474 0.01862253
v 0.00750000 0.01482584 0.01870906
v 0.00750000 0.01367847 0.01791709
v 0.00750000 0.01388388 0.01821468
v 0.01350000 0.01612942 0.01821468
v 0.01350000 0.01633483 0.01791709
v 0.01350000 0.01646306 0.01757897
v 0.01350000 0.01518745 0.01870906
v 0.01350000 0.01553856 0.01862253
v 0.01350000 0.01585875 0.01845448
v 0.01350000 0.01447474 0.01581748
v 0.01350000 0.01415455 0.01598552
v 0.01350000 0.01388388 0.01622532
v 0.01350000 0.01367847 0.01652292
v 0.01350000 0.01415455 0.01845448
v 0.01350000 0.01447474 0.01862253
v 0.01350000 0.01482584 0.01870906
v 0.01350000 0.01355024 0.01757897
v 0.01350000 0.01367847 0.01791709
v 0.01350000 0.01388388 0.01821468
v 0.01350000 0.01355024 0.01686103
v 0.01350000 0.01350665 0.01722000
v 0.01350000 0.01553856 0.01581748
v 0.01350000 0.01518745 0.01573094
v 0.01350000 0.01482584 0.01573094
v 0.01350000 0.01633483 0.01652292
v 0.01350000 0.01612942 0.01622532
v 0.01350000 0.01585875 0.01598552
v 0.01350000 0.01650665 0.01722000
v 0.01350000 0.01646306 0.01686103
v 0.01500000 -0.01571504 0.01597000
v 0.01500000 -0.01427166 0.01597000
v 0.01500000 -0.01643673 0.01722000
v 0.01500000 -0.01354998 0.01722000
v 0.01500000 -0.01571504 0.01847000
v 0.01500000 -0.01427166 0.01847000
v 0.01590000 -0.01427166 0.01597000
v 0.01590000 -0.01354998 0.01722000
v 0.01590000 -0.01427166 0.01847000
v 0.01590000 -0.01571504 0.01847000
v 0.01590000 -0.01643673 0.01722000
v 0.01590000 -0.01571504 0.01597000
v 0.01595000 -0.01353451 0.01722000
v 0.01598660 -0.01424280 0.01592000
v 0.01598660 -0.01349224 0.01722000
v 0.01600000 -0.01421393 0.01587000
v 0.01600000 -0.01343451 0.01722000
v 0.01592588 -0.01354604 0.01722000
v 0.01592588 -0.01426970 0.01596659
v 0.01595000 -0.01426393 0.01595660
v 0.01592588 -0.01426970 0.01847341
v 0.01595000 -0.01426393 0.01848340
v 0.01598660 -0.01424280 0.01852000
v 0.01600000 -0.01421393 0.01857000
v 0.01592588 -0.01571701 0.01847341
v 0.01595000 -0.01572277 0.01848340
v 0.01598660 -0.01574391 0.01852000
v 0.01600000 -0.01577277 0.01857000
v 0.01592588 -0.01644066 0.01722000
v 0.01595000 -0.01645220 0.01722000
v 0.01598660 -0.01649446 0.01722000
v 0.01600000 -0.01655220 0.01722000
v 0.01592588 -0.01571701 0.01596659
v 0.01595000 -0.01572277 0.01595660
v 0.01598660 -0.01574391 0.01592000
v 0.01600000 -0.01577277 0.01587000
v 0.01600000 -0.01762566 0.01782081
v 0.01600000 -0.01768087 0.01747926
v 0.01600000 -0.01769196 0.01713346
v 0.01600000 -0.01765874 0.01678908
v 0.01600000 -0.01674357 0.01927590
v 0.01600000 -0.01699210 0.01903521
v 0.01600000 -0.01232796 0.01678908
v 0.01600000 -0.01229474 0.01713346
v 0.01600000 -0.01758176 0.01645178
v 0.01600000 -0.01746226 0.01612709
v 0.01600000 -0.01730224 0.01582034
v 0.01600000 -0.01710430 0.01553658
v 0.01600000 -0.01687169 0.01528046
v 0.01600000 -0.01240495 0.01645178
v 0.01600000 -0.01720782 0.01876472
v 0.01600000 -0.01738717 0.01846885
v 0.01600000 -0.01752722 0.01815249
v 0.01600000 -0.01324313 0.01927590
v 0.01600000 -0.01352041 0.01948284
v 0.01600000 -0.01382187 0.01965262
v 0.01600000 -0.01414256 0.01978245
v 0.01600000 -0.01499335 0.01992000
v 0.01600000 -0.01482036 0.01991445
v 0.01600000 -0.01447722 0.01987021
v 0.01600000 -0.01516634 0.01991445
v 0.01600000 -0.01550948 0.01987021
v 0.01600000 -0.01584414 0.01978245
v 0.01600000 -0.01616484 0.01965262
v 0.01600000 -0.01646630 0.01948284
v 0.01600000 -0.01230583 0.01747926
v 0.01600000 -0.01236105 0.01782081
v 0.01600000 -0.01245949 0.01815249
v 0.01600000 -0.01311501 0.01528046
v 0.01600000 -0.01337845 0.01505618
v 0.01600000 -0.01366841 0.01486744
v 0.01600000 -0.01464808 0.01454217
v 0.01600000 -0.01430848 0.01460830
v 0.01600000 -0.01398013 0.01471732
v 0.01600000 -0.01259953 0.01846885
v 0.01600000 -0.01277889 0.01876472
v 0.01600000 -0.01299460 0.01903521
v 0.01600000 -0.01660825 0.01505618
v 0.01600000 -0.01631829 0.01486744
v 0.01600000 -0.01600657 0.01471732
v 0.01600000 -0.01567822 0.01460830
v 0.01600000 -0.01533862 0.01454217
v 0.01600000 -0.01499335 0.01452000
v 0.01600000 -0.01288241 0.01553658
v 0.01600000 -0.01268447 0.01582034
v 0.01600000 -0.01252444 0.01612709
v 0.01599382 -0.01481814 0.01994899
v 0.01599382 -0.01447061 0.01990418
v 0.01599382 -0.01413165 0.01981530
v 0.01599382 -0.01380685 0.01968380
v 0.01599382 -0.01350152 0.01951184
v 0.01599382 -0.01322070 0.01930226
v 0.01599382 -0.01296898 0.01905848
v 0.01599382 -0.01275050 0.01878452
v 0.01599382 -0.01256885 0.01848486
v 0.01599382 -0.01242700 0.01816444
v 0.01599382 -0.01232730 0.01782851
v 0.01599382 -0.01227138 0.01748259
v 0.01599382 -0.01226014 0.01713235
v 0.01599382 -0.01229379 0.01678356
v 0.01599382 -0.01237177 0.01644193
v 0.01599382 -0.01249279 0.01611307
v 0.01599382 -0.01265487 0.01580240
v 0.01599382 -0.01285535 0.01551500
v 0.01599382 -0.01309093 0.01525559
v 0.01599382 -0.01335775 0.01502845
v 0.01599382 -0.01365143 0.01483728
v 0.01599382 -0.01396714 0.01468524
v 0.01599382 -0.01429970 0.01457482
v 0.01599382 -0.01464366 0.01450784
v 0.01599382 -0.01499335 0.01448539
v 0.01599382 -0.01534305 0.01450784
v 0.01599382 -0.01568700 0.01457482
v 0.01599382 -0.01601956 0.01468524
v 0.01599382 -0.01633527 0.01483728
v 0.01599382 -0.01662895 0.01502845
v 0.01599382 -0.01689577 0.01525559
v 0.01599382 -0.01713136 0.01551500
v 0.01599382 -0.01733183 0.01580240
v 0.01599382 -0.01749391 0.01611307
v 0.01599382 -0.01761494 0.01644193
v 0.01599382 -0.01769291 0.01678356
v 0.01599382 -0.01772656 0.01713235
v 0.01599382 -0.01771533 0.01748259
v 0.01599382 -0.01765940 0.01782851
v 0.01599382 -0.01755970 0.01816444
v 0.01599382 -0.01741786 0.01848486
v 0.01599382 -0.01723620 0.01878452
v 0.01599382 -0.01701772 0.01905848
v 0.01599382 -0.01676600 0.01930226
v 0.01599382 -0.01648518 0.01951184
v 0.01599382 -0.01617985 0.01968380
v 0.01599382 -0.01585505 0.01981530
v 0.01599382 -0.01551610 0.01990418
v 0.01599382 -0.01516856 0.01994899
v 0.01590000 -0.01779335 0.01722000
v 0.01593461 -0.01778574 0.01713045
v 0.01590000 -0.01778041 0.01748887
v 0.01593461 -0.01777426 0.01748827
v 0.01590000 -0.01774835 0.01771996
v 0.01593461 -0.01771712 0.01784168
v 0.01590000 -0.01772315 0.01784306
v 0.01593461 -0.01761526 0.01818489
v 0.01593461 -0.01747035 0.01851225
v 0.01590000 -0.01761481 0.01820385
v 0.01590000 -0.01762106 0.01818702
v 0.01593461 -0.01728476 0.01881839
v 0.01590000 -0.01739701 0.01865612
v 0.01590000 -0.01747583 0.01851511
v 0.01590000 -0.01673912 0.01940913
v 0.01590000 -0.01680839 0.01935205
v 0.01593461 -0.01680438 0.01934734
v 0.01590000 -0.01706613 0.01910244
v 0.01593461 -0.01706155 0.01909829
v 0.01590000 -0.01710195 0.01906223
v 0.01590000 -0.01728983 0.01882193
v 0.01590000 -0.01652085 0.01956665
v 0.01593461 -0.01651748 0.01956147
v 0.01590000 -0.01632018 0.01968567
v 0.01593461 -0.01620554 0.01973714
v 0.01590000 -0.01620823 0.01974271
v 0.01593461 -0.01587371 0.01987149
v 0.01590000 -0.01587565 0.01987736
v 0.01590000 -0.01585860 0.01988296
v 0.01593461 -0.01552741 0.01996230
v 0.01590000 -0.01552860 0.01996837
v 0.01590000 -0.01536920 0.01999466
v 0.01593461 -0.01517235 0.02000808
v 0.01590000 -0.01517275 0.02001425
v 0.01590000 -0.01486773 0.02001718
v 0.01593461 -0.01481435 0.02000808
v 0.01590000 -0.01481395 0.02001425
v 0.01593461 -0.01445929 0.01996230
v 0.01590000 -0.01445811 0.01996837
v 0.01593461 -0.01346923 0.01956147
v 0.01590000 -0.01377848 0.01974271
v 0.01593461 -0.01378116 0.01973714
v 0.01590000 -0.01389288 0.01979468
v 0.01593461 -0.01411300 0.01987149
v 0.01590000 -0.01411105 0.01987736
v 0.01590000 -0.01437029 0.01994980
v 0.01593461 -0.01318232 0.01934734
v 0.01590000 -0.01345084 0.01955681
v 0.01590000 -0.01346585 0.01956665
v 0.01593461 -0.01292515 0.01909829
v 0.01590000 -0.01305838 0.01924383
v 0.01590000 -0.01317831 0.01935205
v 0.01590000 -0.01247064 0.01843487
v 0.01590000 -0.01251087 0.01851511
v 0.01593461 -0.01251635 0.01851225
v 0.01590000 -0.01269687 0.01882193
v 0.01593461 -0.01270194 0.01881839
v 0.01590000 -0.01272810 0.01886580
v 0.01590000 -0.01292057 0.01910244
v 0.01590000 -0.01236564 0.01818702
v 0.01593461 -0.01237144 0.01818489
v 0.01590000 -0.01229426 0.01796490
v 0.01593461 -0.01226958 0.01784168
v 0.01590000 -0.01226355 0.01784306
v 0.01593461 -0.01221244 0.01748827
v 0.01590000 -0.01220629 0.01748887
v 0.01590000 -0.01220462 0.01747099
v 0.01593461 -0.01220097 0.01713045
v 0.01590000 -0.01219479 0.01713026
v 0.01590000 -0.01220462 0.01696901
v 0.01593461 -0.01223534 0.01677411
v 0.01590000 -0.01222924 0.01677312
v 0.01590000 -0.01229426 0.01647510
v 0.01593461 -0.01231501 0.01642508
v 0.01590000 -0.01230908 0.01642332
v 0.01593461 -0.01243865 0.01608911
v 0.01590000 -0.01243300 0.01608661
v 0.01593461 -0.01304974 0.01521306
v 0.01590000 -0.01280422 0.01547423
v 0.01593461 -0.01280906 0.01547808
v 0.01590000 -0.01272810 0.01557420
v 0.01593461 -0.01260424 0.01577171
v 0.01590000 -0.01259895 0.01576850
v 0.01590000 -0.01247064 0.01600512
v 0.01593461 -0.01332234 0.01498100
v 0.01590000 -0.01305838 0.01519617
v 0.01590000 -0.01304544 0.01520862
v 0.01593461 -0.01362238 0.01478569
v 0.01590000 -0.01345084 0.01488320
v 0.01590000 -0.01331864 0.01497604
v 0.01590000 -0.01437029 0.01449020
v 0.01590000 -0.01428312 0.01451157
v 0.01593461 -0.01428469 0.01451755
v 0.01590000 -0.01394260 0.01462463
v 0.01593461 -0.01394492 0.01463036
v 0.01590000 -0.01389288 0.01464532
v 0.01590000 -0.01361934 0.01478031
v 0.01590000 -0.01463530 0.01444299
v 0.01593461 -0.01463609 0.01444912
v 0.01590000 -0.01486773 0.01442282
v 0.01593461 -0.01499335 0.01442618
v 0.01590000 -0.01499335 0.01442000
v 0.01593461 -0.01535062 0.01444912
v 0.01590000 -0.01535141 0.01444299
v 0.01590000 -0.01536920 0.01444534
v 0.01593461 -0.01570202 0.01451755
v 0.01590000 -0.01570358 0.01451157
v 0.01590000 -0.01585860 0.01455704
v 0.01593461 -0.01604178 0.01463036
v 0.01590000 -0.01604410 0.01462463
v 0.01590000 -0.01632018 0.01475433
v 0.01593461 -0.01636433 0.01478569
v 0.01590000 -0.01636736 0.01478031
v 0.01593461 -0.01666436 0.01498100
v 0.01590000 -0.01666806 0.01497604
v 0.01593461 -0.01738247 0.01577171
v 0.01590000 -0.01718248 0.01547423
v 0.01593461 -0.01717765 0.01547808
v 0.01590000 -0.01710195 0.01537777
v 0.01593461 -0.01693696 0.01521306
v 0.01590000 -0.01694126 0.01520862
v 0.01590000 -0.01673912 0.01503087
v 0.01593461 -0.01754805 0.01608911
v 0.01590000 -0.01739701 0.01578388
v 0.01590000 -0.01738775 0.01576850
v 0.01593461 -0.01767169 0.01642508
v 0.01590000 -0.01761481 0.01623615
v 0.01590000 -0.01755371 0.01608661
v 0.01590000 -0.01779191 0.01713026
v 0.01590000 -0.01775746 0.01677312
v 0.01593461 -0.01775136 0.01677411
v 0.01590000 -0.01774835 0.01672004
v 0.01590000 -0.01767762 0.01642332
v 0.01597071 -0.01499335 0.01444929
v 0.01597071 -0.01463904 0.01447204
v 0.01597071 -0.01429055 0.01453991
v 0.01597071 -0.01395359 0.01465178
v 0.01597071 -0.01363371 0.01480583
v 0.01597071 -0.01333616 0.01499951
v 0.01597071 -0.01306582 0.01522966
v 0.01597071 -0.01282712 0.01549249
v 0.01597071 -0.01262400 0.01578368
v 0.01597071 -0.01245978 0.01609846
v 0.01597071 -0.01233716 0.01643166
v 0.01597071 -0.01225816 0.01677779
v 0.01597071 -0.01222406 0.01713119
v 0.01597071 -0.01223544 0.01748605
v 0.01597071 -0.01229211 0.01783654
v 0.01597071 -0.01239313 0.01817691
v 0.01597071 -0.01253684 0.01850156
v 0.01597071 -0.01272089 0.01880517
v 0.01597071 -0.01294226 0.01908275
v 0.01597071 -0.01319730 0.01932975
v 0.01597071 -0.01348183 0.01954210
v 0.01597071 -0.01379118 0.01971632
v 0.01597071 -0.01412028 0.01984956
v 0.01597071 -0.01446371 0.01993962
v 0.01597071 -0.01481583 0.01998502
v 0.01597071 -0.01517087 0.01998502
v 0.01597071 -0.01552300 0.01993962
v 0.01597071 -0.01586642 0.01984956
v 0.01597071 -0.01619552 0.01971632
v 0.01597071 -0.01650487 0.01954210
v 0.01597071 -0.01678940 0.01932975
v 0.01597071 -0.01704445 0.01908275
v 0.01597071 -0.01726581 0.01880517
v 0.01597071 -0.01744986 0.01850156
v 0.01597071 -0.01759358 0.01817691
v 0.01597071 -0.01769459 0.01783654
v 0.01597071 -0.01775126 0.01748605
v 0.01597071 -0.01776264 0.01713119
v 0.01597071 -0.01772855 0.01677779
v 0.01597071 -0.01764954 0.01643166
v 0.01597071 -0.01752692 0.01609846
v 0.01597071 -0.01736270 0.01578368
v 0.01597071 -0.01715958 0.01549249
v 0.01597071 -0.01692089 0.01522966
v 0.01597071 -0.01665054 0.01499951
v 0.01597071 -0.01635299 0.01480583
v 0.01597071 -0.01603311 0.01465178
v 0.01597071 -0.01569615 0.01453991
v 0.01597071 -0.01534766 0.01447204
v 0.01350000 -0.01774835 0.01771996
v 0.01350000 -0.01779335 0.01722000
v 0.01350000 -0.01761481 0.01820385
v 0.01350000 -0.01739701 0.01865612
v 0.01350000 -0.01710195 0.01906223
v 0.01350000 -0.01673912 0.01940913
v 0.01350000 -0.01632018 0.01968567
v 0.01350000 -0.01585860 0.01988296
v 0.01350000 -0.01536920 0.01999466
v 0.01350000 -0.01486773 0.02001718
v 0.01350000 -0.01437029 0.01994980
v 0.01350000 -0.01389288 0.01979468
v 0.01350000 -0.01345084 0.01955681
v 0.01350000 -0.01305838 0.01924383
v 0.01350000 -0.01272810 0.01886580
v 0.01350000 -0.01247064 0.01843487
v 0.01350000 -0.01229426 0.01796490
v 0.01350000 -0.01220462 0.01747099
v 0.01350000 -0.01220462 0.01696901
v 0.01350000 -0.01229426 0.01647510
v 0.01350000 -0.01247064 0.01600512
v 0.01350000 -0.01272810 0.01557420
v 0.01350000 -0.01305838 0.01519617
v 0.01350000 -0.01345084 0.01488320
v 0.01350000 -0.01389288 0.01464532
v 0.01350000 -0.01437029 0.01449020
v 0.01350000 -0.01486773 0.01442282
v 0.01350000 -0.01536920 0.01444534
v 0.01350000 -0.01585860 0.01455704
v 0.01350000 -0.01632018 0.01475433
v 0.01350000 -0.01673912 0.01503087
v 0.01350000 -0.01710195 0.01537777
v 0.01350000 -0.01739701 0.01578388
v 0.01350000 -0.01761481 0.01623615
v 0.01350000 -0.01774835 0.01672004
v 0.00750000 -0.01649335 0.01722000
v 0.00750000 -0.01644976 0.01757897
v 0.00750000 -0.01499335 0.01722000
v 0.00750000 -0.01644976 0.01686103
v 0.00750000 -0.01584545 0.01598552
v 0.00750000 -0.01611612 0.01622532
v 0.00750000 -0.01632154 0.01652292
v 0.00750000 -0.01481255 0.01573094
v 0.00750000 -0.01517416 0.01573094
v 0.00750000 -0.01552526 0.01581748
v 0.00750000 -0.01387058 0.01622532
v 0.00750000 -0.01414125 0.01598552
v 0.00750000 -0.01446144 0.01581748
v 0.00750000 -0.01349335 0.01722000
v 0.00750000 -0.01353694 0.01686103
v 0.00750000 -0.01366517 0.01652292
v 0.00750000 -0.01387058 0.01821468
v 0.00750000 -0.01366517 0.01791709
v 0.00750000 -0.01353694 0.01757897
v 0.00750000 -0.01481255 0.01870906
v 0.00750000 -0.01446144 0.01862253
v 0.00750000 -0.01414125 0.01845448
v 0.00750000 -0.01584545 0.01845448
v 0.00750000 -0.01552526 0.01862253
v 0.00750000 -0.01517416 0.01870906
v 0.00750000 -0.01632154 0.01791709
v 0.00750000 -0.01611612 0.01821468
v 0.01350000 -0.01387058 0.01821468
v 0.01350000 -0.01366517 0.01791709
v 0.01350000 -0.01353694 0.01757897
v 0.01350000 -0.01481255 0.01870906
v 0.01350000 -0.01446144 0.01862253
v 0.01350000 -0.01414125 0.01845448
v 0.01350000 -0.01552526 0.01581748
v 0.01350000 -0.01584545 0.01598552
v 0.01350000 -0.01611612 0.01622532
v 0.01350000 -0.01632154 0.01652292
v 0.01350000 -0.01584545 0.01845448
v 0.01350000 -0.01552526 0.01862253
v 0.01350000 -0.01517416 0.01870906
v 0.01350000 -0.01644976 0.01757897
v 0.01350000 -0.01632154 0.01791709
v 0.01350000 -0.01611612 0.01821468
v 0.01350000 -0.01644976 0.01686103
v 0.01350000 -0.01649335 0.01722000
v 0.01350000 -0.01446144 0.01581748
v 0.01350000 -0.01481255 0.01573094
v 0.01350000 -0.01517416 0.01573094
v 0.01350000 -0.01366517 0.01652292
v 0.01350000 -0.01387058 0.01622532
v 0.01350000 -0.01414125 0.01598552
v 0.01350000 -0.01349335 0.01722000
v 0.01350000 -0.01353694 0.01686103
v 0.01080000 -0.00956034 0.02047000
v 0.01080000 -0.01042636 0.02047000
v 0.01180000 -0.00956034 0.02047000
v 0.01180000 -0.01042636 0.02047000
v 0.01080000 -0.00912733 0.02122000
v 0.01180000 -0.00912733 0.02122000
v 0.01080000 -0.00956034 0.02197000
v 0.01180000 -0.00956034 0.02197000
v 0.01080000 -0.01042636 0.02197000
v 0.01180000 -0.01042636 0.02197000
v 0.01080000 -0.01085938 0.02122000
v 0.01180000 -0.01085938 0.02122000
v 0.00480000 -0.00942860 0.02071967
v 0.00480000 -0.01055810 0.02172033
v 0.00480000 -0.01042196 0.02184094
v 0.00480000 -0.00956475 0.02059906
v 0.00480000 -0.00972580 0.02051453
v 0.00480000 -0.00990241 0.02047100
v 0.00480000 -0.01026090 0.02192547
v 0.00480000 -0.01008430 0.02196900
v 0.00480000 -0.00990241 0.02196900
v 0.00480000 -0.01008430 0.02047100
v 0.00480000 -0.01026090 0.02051453
v 0.00480000 -0.01042196 0.02059906
v 0.00480000 -0.00972580 0.02192547
v 0.00480000 -0.00956475 0.02184094
v 0.00480000 -0.00942860 0.02172033
v 0.00480000 -0.01055810 0.02071967
v 0.00480000 -0.01066143 0.02086937
v 0.00480000 -0.01072593 0.02103944
v 0.00480000 -0.00926078 0.02140056
v 0.00480000 -0.00923885 0.02122000
v 0.00480000 -0.00926078 0.02103944
v 0.00480000 -0.00932527 0.02157063
v 0.00480000 -0.00932527 0.02086937
v 0.00480000 -0.01074785 0.02122000
v 0.00480000 -0.01072593 0.02140056
v 0.00480000 -0.01066143 0.02157063
v 0.00504550 -0.01099335 0.02122000
v 0.00504550 -0.01096429 0.02145931
v 0.00504550 -0.01087881 0.02168472
v 0.00504550 -0.01074186 0.02188312
v 0.00504550 -0.01056142 0.02204298
v 0.00504550 -0.01034796 0.02215502
v 0.00504550 -0.01011389 0.02221271
v 0.00504550 -0.00987281 0.02221271
v 0.00504550 -0.00963875 0.02215502
v 0.00504550 -0.00942529 0.02204298
v 0.00504550 -0.00924484 0.02188312
v 0.00504550 -0.00910790 0.02168472
v 0.00504550 -0.00902241 0.02145931
v 0.00504550 -0.00899335 0.02122000
v 0.00504550 -0.00902241 0.02098068
v 0.00504550 -0.00910790 0.02075528
v 0.00504550 -0.00924484 0.02055688
v 0.00504550 -0.00942529 0.02039702
v 0.00504550 -0.00963875 0.02028498
v 0.00504550 -0.00987281 0.02022729
v 0.00504550 -0.01011389 0.02022729
v 0.00504550 -0.01034796 0.02028498
v 0.00504550 -0.01056142 0.02039702
v 0.00504550 -0.01074186 0.02055688
v 0.00504550 -0.01087881 0.02075528
v 0.00504550 -0.01096429 0.02098068
v 0.00980000 -0.00899335 0.02122000
v 0.00980000 -0.00902241 0.02098068
v 0.00980000 -0.00910790 0.02075528
v 0.00980000 -0.00924484 0.02055688
v 0.00980000 -0.00942529 0.02039702
v 0.00980000 -0.00963875 0.02028498
v 0.00980000 -0.00987281 0.02022729
v 0.00980000 -0.01011389 0.02022729
v 0.00980000 -0.01034796 0.02028498
v 0.00980000 -0.01056142 0.02039702
v 0.00980000 -0.01074186 0.02055688
v 0.00980000 -0.01087881 0.02075528
v 0.00980000 -0.01096429 0.02098068
v 0.00980000 -0.01099335 0.02122000
v 0.00980000 -0.01096429 0.02145931
v 0.00980000 -0.01087881 0.02168472
v 0.00980000 -0.01074186 0.02188312
v 0.00980000 -0.01056142 0.02204298
v 0.00980000 -0.01034796 0.02215502
v 0.00980000 -0.01011389 0.02221271
v 0.00980000 -0.00987281 0.02221271
v 0.00980000 -0.00963875 0.02215502
v 0.00980000 -0.00942529 0.02204298
v 0.00980000 -0.00924484 0.02188312
v 0.00980000 -0.00910790 0.02168472
v 0.00980000 -0.00902241 0.02145931
v 0.00980000 -0.00820793 0.02186984
v 0.00980000 -0.00812222 0.02154993
v 0.00980000 -0.00809335 0.02122000
v 0.00980000 -0.00999335 0.02312000
v 0.00980000 -0.00966342 0.02309114
v 0.00980000 -0.00934351 0.02300542
v 0.00980000 -0.00904335 0.02286545
v 0.00980000 -0.00877205 0.02267548
v 0.00980000 -0.00853787 0.02244130
v 0.00980000 -0.00834790 0.02217000
v 0.00980000 -0.01121465 0.02267548
v 0.00980000 -0.01094335 0.02286545
v 0.00980000 -0.01064319 0.02300542
v 0.00980000 -0.01032328 0.02309114
v 0.00980000 -0.01177877 0.02057016
v 0.00980000 -0.01186449 0.02089007
v 0.00980000 -0.01189335 0.02122000
v 0.00980000 -0.00877205 0.01976452
v 0.00980000 -0.00904335 0.01957455
v 0.00980000 -0.00934351 0.01943458
v 0.00980000 -0.01186449 0.02154993
v 0.00980000 -0.01177877 0.02186984
v 0.00980000 -0.01163880 0.02217000
v 0.00980000 -0.01144884 0.02244130
v 0.00980000 -0.00812222 0.02089007
v 0.00980000 -0.00820793 0.02057016
v 0.00980000 -0.00834790 0.02027000
v 0.00980000 -0.00853787 0.01999870
v 0.00980000 -0.01121465 0.01976452
v 0.00980000 -0.01144884 0.01999870
v 0.00980000 -0.01163880 0.02027000
v 0.00980000 -0.00966342 0.01934887
v 0.00980000 -0.00999335 0.01932000
v 0.00980000 -0.01032328 0.01934887
v 0.00980000 -0.01064319 0.01943458
v 0.00980000 -0.01094335 0.01957455
v 0.01180000 -0.01169335 0.02122000
v 0.01160000 -0.01189335 0.02122000
v 0.01160000 -0.01186449 0.02089007
v 0.01180000 -0.01166752 0.02092480
v 0.01160000 -0.01177877 0.02057016
v 0.01180000 -0.01159083 0.02063857
v 0.01160000 -0.01163880 0.02027000
v 0.01180000 -0.01146559 0.02037000
v 0.01160000 -0.01144884 0.01999870
v 0.01180000 -0.01129563 0.02012726
v 0.01160000 -0.01121465 0.01976452
v 0.01180000 -0.01108609 0.01991772
v 0.01160000 -0.01094335 0.01957455
v 0.01180000 -0.01084335 0.01974776
v 0.01160000 -0.01064319 0.01943458
v 0.01180000 -0.01057479 0.01962252
v 0.01160000 -0.01032328 0.01934887
v 0.01180000 -0.01028855 0.01954583
v 0.01160000 -0.00999335 0.01932000
v 0.01180000 -0.00999335 0.01952000
v 0.01160000 -0.00966342 0.01934887
v 0.01180000 -0.00969815 0.01954583
v 0.01160000 -0.00934351 0.01943458
v 0.01180000 -0.00941192 0.01962252
v 0.01160000 -0.00904335 0.01957455
v 0.01180000 -0.00914335 0.01974776
v 0.01160000 -0.00877205 0.01976452
v 0.01180000 -0.00890061 0.01991772
v 0.01160000 -0.00853787 0.01999870
v 0.01180000 -0.00869108 0.02012726
v 0.01160000 -0.00834790 0.02027000
v 0.01180000 -0.00852111 0.02037000
v 0.01160000 -0.00820793 0.02057016
v 0.01180000 -0.00839587 0.02063857
v 0.01160000 -0.00812222 0.02089007
v 0.01180000 -0.00831918 0.02092480
v 0.01160000 -0.00809335 0.02122000
v 0.01180000 -0.00829335 0.02122000
v 0.01160000 -0.01186449 0.02154993
v 0.01160000 -0.01177877 0.02186984
v 0.01160000 -0.01163880 0.02217000
v 0.01160000 -0.01144884 0.02244130
v 0.01160000 -0.01121465 0.02267548
v 0.01160000 -0.01094335 0.02286545
v 0.01160000 -0.01064319 0.02300542
v 0.01160000 -0.01032328 0.02309114
v 0.01160000 -0.00999335 0.02312000
v 0.01160000 -0.00966342 0.02309114
v 0.01160000 -0.00934351 0.02300542
v 0.01160000 -0.00904335 0.02286545
v 0.01160000 -0.00877205 0.02267548
v 0.01160000 -0.00853787 0.02244130
v 0.01160000 -0.00834790 0.02217000
v 0.01160000 -0.00820793 0.02186984
v 0.01160000 -0.00812222 0.02154993
v 0.01180000 -0.00831918 0.02151520
v 0.01180000 -0.00839587 0.02180143
v 0.01180000 -0.00852111 0.02207000
v 0.01180000 -0.00869108 0.02231274
v 0.01180000 -0.00890061 0.02252228
v 0.01180000 -0.00914335 0.02269224
v 0.01180000 -0.00941192 0.02281748
v 0.01180000 -0.00969815 0.02289417
v 0.01180000 -0.00999335 0.02292000
v 0.01180000 -0.01028855 0.02289417
v 0.01180000 -0.01057479 0.02281748
v 0.01180000 -0.01084335 0.02269224
v 0.01180000 -0.01108609 0.02252228
v 0.01180000 -0.01129563 0.02231274
v 0.01180000 -0.01146559 0.02207000
v 0.01180000 -0.01159083 0.02180143
v 0.01180000 -0.01166752 0.02151520
v 0.01500000 0.00378496 0.01997000
v 0.01500000 0.00522834 0.01997000
v 0.01500000 0.00306327 0.02122000
v 0.01500000 0.00595002 0.02122000
v 0.01500000 0.00378496 0.02247000
v 0.01500000 0.00522834 0.02247000
v 0.01590000 0.00522834 0.01997000
v 0.01590000 0.00595002 0.02122000
v 0.01590000 0.00522834 0.02247000
v 0.01590000 0.00378496 0.02247000
v 0.01590000 0.00306327 0.02122000
v 0.01590000 0.00378496 0.01997000
v 0.01595000 0.00596549 0.02122000
v 0.01598660 0.00525720 0.01992000
v 0.01598660 0.00600776 0.02122000
v 0.01600000 0.00528607 0.01987000
v 0.01600000 0.00606549 0.02122000
v 0.01592588 0.00595396 0.02122000
v 0.01592588 0.00523030 0.01996659
v 0.01595000 0.00523607 0.01995660
v 0.01592588 0.00523030 0.02247341
v 0.01595000 0.00523607 0.02248340
v 0.01598660 0.00525720 0.02252000
v 0.01600000 0.00528607 0.02257000
v 0.01592588 0.00378299 0.02247341
v 0.01595000 0.00377723 0.02248340
v 0.01598660 0.00375609 0.02252000
v 0.01600000 0.00372723 0.02257000
v 0.01592588 0.00305934 0.02122000
v 0.01595000 0.00304780 0.02122000
v 0.01598660 0.00300554 0.02122000
v 0.01600000 0.00294780 0.02122000
v 0.01592588 0.00378299 0.01996659
v 0.01595000 0.00377723 0.01995660
v 0.01598660 0.00375609 0.01992000
v 0.01600000 0.00372723 0.01987000
v 0.01600000 0.00187434 0.02182081
v 0.01600000 0.00181913 0.02147926
v 0.01600000 0.00180804 0.02113346
v 0.01600000 0.00184126 0.02078908
v 0.01600000 0.00275643 0.02327590
v 0.01600000 0.00250790 0.02303521
v 0.01600000 0.00717204 0.02078908
v 0.01600000 0.00720526 0.02113346
v 0.01600000 0.00191825 0.02045177
v 0.01600000 0.00203773 0.02012708
v 0.01600000 0.00219776 0.01982034
v 0.01600000 0.00239570 0.01953658
v 0.01600000 0.00262831 0.01928046
v 0.01600000 0.00709505 0.02045177
v 0.01600000 0.00229218 0.02276471
v 0.01600000 0.00211283 0.02246885
v 0.01600000 0.00197278 0.02215249
v 0.01600000 0.00625687 0.02327590
v 0.01600000 0.00597959 0.02348284
v 0.01600000 0.00567813 0.02365262
v 0.01600000 0.00535744 0.02378245
v 0.01600000 0.00450665 0.02392000
v 0.01600000 0.00467964 0.02391445
v 0.01600000 0.00502278 0.02387021
v 0.01600000 0.00433366 0.02391445
v 0.01600000 0.00399052 0.02387021
v 0.01600000 0.00365586 0.02378245
v 0.01600000 0.00333516 0.02365262
v 0.01600000 0.00303370 0.02348284
v 0.01600000 0.00719417 0.02147926
v 0.01600000 0.00713895 0.02182081
v 0.01600000 0.00704051 0.02215249
v 0.01600000 0.00638499 0.01928046
v 0.01600000 0.00612155 0.01905618
v 0.01600000 0.00583159 0.01886744
v 0.01600000 0.00485192 0.01854217
v 0.01600000 0.00519152 0.01860830
v 0.01600000 0.00551987 0.01871732
v 0.01600000 0.00690047 0.02246885
v 0.01600000 0.00672111 0.02276471
v 0.01600000 0.00650540 0.02303521
v 0.01600000 0.00289175 0.01905618
v 0.01600000 0.00318171 0.01886744
v 0.01600000 0.00349343 0.01871732
v 0.01600000 0.00382178 0.01860830
v 0.01600000 0.00416138 0.01854217
v 0.01600000 0.00450665 0.01852000
v 0.01600000 0.00661759 0.01953658
v 0.01600000 0.00681553 0.01982034
v 0.01600000 0.00697556 0.02012708
v 0.01599382 0.00468186 0.02394899
v 0.01599382 0.00502939 0.02390418
v 0.01599382 0.00536835 0.02381530
v 0.01599382 0.00569315 0.02368380
v 0.01599382 0.00599848 0.02351185
v 0.01599382 0.00627930 0.02330226
v 0.01599382 0.00653102 0.02305848
v 0.01599382 0.00674950 0.02278452
v 0.01599382 0.00693115 0.02248486
v 0.01599382 0.00707300 0.02216444
v 0.01599382 0.00717270 0.02182851
v 0.01599382 0.00722862 0.02148258
v 0.01599382 0.00723986 0.02113235
v 0.01599382 0.00720621 0.02078356
v 0.01599382 0.00712823 0.02044193
v 0.01599382 0.00700721 0.02011308
v 0.01599382 0.00684513 0.01980240
v 0.01599382 0.00664465 0.01951500
v 0.01599382 0.00640907 0.01925559
v 0.01599382 0.00614225 0.01902845
v 0.01599382 0.00584857 0.01883728
v 0.01599382 0.00553286 0.01868524
v 0.01599382 0.00520030 0.01857482
v 0.01599382 0.00485634 0.01850784
v 0.01599382 0.00450665 0.01848539
v 0.01599382 0.00415695 0.01850784
v 0.01599382 0.00381300 0.01857482
v 0.01599382 0.00348044 0.01868524
v 0.01599382 0.00316473 0.01883728
v 0.01599382 0.00287105 0.01902845
v 0.01599382 0.00260423 0.01925559
v 0.01599382 0.00236864 0.01951500
v 0.01599382 0.00216817 0.01980240
v 0.01599382 0.00200609 0.02011308
v 0.01599382 0.00188506 0.02044193
v 0.01599382 0.00180709 0.02078356
v 0.01599382 0.00177344 0.02113235
v 0.01599382 0.00178467 0.02148258
v 0.01599382 0.00184060 0.02182851
v 0.01599382 0.00194030 0.02216444
v 0.01599382 0.00208214 0.02248486
v 0.01599382 0.00226380 0.02278452
v 0.01599382 0.00248228 0.02305848
v 0.01599382 0.00273400 0.02330226
v 0.01599382 0.00301482 0.02351185
v 0.01599382 0.00332015 0.02368380
v 0.01599382 0.00364495 0.02381530
v 0.01599382 0.00398390 0.02390418
v 0.01599382 0.00433144 0.02394899
v 0.01590000 0.00170665 0.02122000
v 0.01593461 0.00171426 0.02113045
v 0.01590000 0.00171959 0.02148886
v 0.01593461 0.00172574 0.02148827
v 0.01590000 0.00175165 0.02171996
v 0.01593461 0.00178288 0.02184168
v 0.01590000 0.00177685 0.02184306
v 0.01593461 0.00188474 0.02218489
v 0.01593461 0.00202965 0.02251225
v 0.01590000 0.00188519 0.02220385
v 0.01590000 0.00187894 0.02218702
v 0.01593461 0.00221524 0.02281839
v 0.01590000 0.00210299 0.02265612
v 0.01590000 0.00202417 0.02251511
v 0.01590000 0.00276088 0.02340913
v 0.01590000 0.00269161 0.02335205
v 0.01593461 0.00269562 0.02334734
v 0.01590000 0.00243387 0.02310244
v 0.01593461 0.00243845 0.02309829
v 0.01590000 0.00239805 0.02306223
v 0.01590000 0.00221017 0.02282193
v 0.01590000 0.00297915 0.02356665
v 0.01593461 0.00298252 0.02356147
v 0.01590000 0.00317982 0.02368567
v 0.01593461 0.00329446 0.02373714
v 0.01590000 0.00329177 0.02374271
v 0.01593461 0.00362629 0.02387149
v 0.01590000 0.00362435 0.02387736
v 0.01590000 0.00364140 0.02388296
v 0.01593461 0.00397259 0.02396230
v 0.01590000 0.00397140 0.02396837
v 0.01590000 0.00413080 0.02399466
v 0.01593461 0.00432765 0.02400808
v 0.01590000 0.00432725 0.02401425
v 0.01590000 0.00463227 0.02401718
v 0.01593461 0.00468565 0.02400808
v 0.01590000 0.00468605 0.02401425
v 0.01593461 0.00504071 0.02396230
v 0.01590000 0.00504189 0.02396837
v 0.01593461 0.00603077 0.02356147
v 0.01590000 0.00572152 0.02374271
v 0.01593461 0.00571884 0.02373714
v 0.01590000 0.00560712 0.02379468
v 0.01593461 0.00538700 0.02387149
v 0.01590000 0.00538895 0.02387736
v 0.01590000 0.00512971 0.02394980
v 0.01593461 0.00631768 0.02334734
v 0.01590000 0.00604916 0.02355681
v 0.01590000 0.00603415 0.02356665
v 0.01593461 0.00657485 0.02309829
v 0.01590000 0.00644162 0.02324383
v 0.01590000 0.00632169 0.02335205
v 0.01590000 0.00702936 0.02243488
v 0.01590000 0.00698913 0.02251511
v 0.01593461 0.00698365 0.02251225
v 0.01590000 0.00680313 0.02282193
v 0.01593461 0.00679806 0.02281839
v 0.01590000 0.00677190 0.02286580
v 0.01590000 0.00657943 0.02310244
v 0.01590000 0.00713436 0.02218702
v 0.01593461 0.00712856 0.02218489
v 0.01590000 0.00720574 0.02196490
v 0.01593461 0.00723042 0.02184168
v 0.01590000 0.00723645 0.02184306
v 0.01593461 0.00728756 0.02148827
v 0.01590000 0.00729371 0.02148886
v 0.01590000 0.00729538 0.02147099
v 0.01593461 0.00729903 0.02113045
v 0.01590000 0.00730521 0.02113026
v 0.01590000 0.00729538 0.02096901
v 0.01593461 0.00726466 0.02077411
v 0.01590000 0.00727076 0.02077312
v 0.01590000 0.00720574 0.02047510
v 0.01593461 0.00718499 0.02042508
v 0.01590000 0.00719092 0.02042332
v 0.01593461 0.00706135 0.02008911
v 0.01590000 0.00706700 0.02008661
v 0.01593461 0.00645026 0.01921306
v 0.01590000 0.00669578 0.01947423
v 0.01593461 0.00669094 0.01947808
v 0.01590000 0.00677190 0.01957420
v 0.01593461 0.00689576 0.01977170
v 0.01590000 0.00690105 0.01976850
v 0.01590000 0.00702936 0.02000513
v 0.01593461 0.00617766 0.01898099
v 0.01590000 0.00644162 0.01919618
v 0.01590000 0.00645456 0.01920862
v 0.01593461 0.00587762 0.01878569
v 0.01590000 0.00604916 0.01888319
v 0.01590000 0.00618136 0.01897604
v 0.01590000 0.00512971 0.01849020
v 0.01590000 0.00521688 0.01851157
v 0.01593461 0.00521531 0.01851755
v 0.01590000 0.00555740 0.01862463
v 0.01593461 0.00555508 0.01863036
v 0.01590000 0.00560712 0.01864532
v 0.01590000 0.00588066 0.01878031
v 0.01590000 0.00486470 0.01844299
v 0.01593461 0.00486391 0.01844912
v 0.01590000 0.00463227 0.01842282
v 0.01593461 0.00450665 0.01842618
v 0.01590000 0.00450665 0.01842000
v 0.01593461 0.00414938 0.01844912
v 0.01590000 0.00414859 0.01844299
v 0.01590000 0.00413080 0.01844534
v 0.01593461 0.00379798 0.01851755
v 0.01590000 0.00379642 0.01851157
v 0.01590000 0.00364140 0.01855704
v 0.01593461 0.00345822 0.01863036
v 0.01590000 0.00345590 0.01862463
v 0.01590000 0.00317982 0.01875433
v 0.01593461 0.00313567 0.01878569
v 0.01590000 0.00313264 0.01878031
v 0.01593461 0.00283564 0.01898099
v 0.01590000 0.00283194 0.01897604
v 0.01593461 0.00211753 0.01977170
v 0.01590000 0.00231752 0.01947423
v 0.01593461 0.00232235 0.01947808
v 0.01590000 0.00239805 0.01937777
v 0.01593461 0.00256304 0.01921306
v 0.01590000 0.00255874 0.01920862
v 0.01590000 0.00276088 0.01903087
v 0.01593461 0.00195195 0.02008911
v 0.01590000 0.00210299 0.01978388
v 0.01590000 0.00211225 0.01976850
v 0.01593461 0.00182830 0.02042508
v 0.01590000 0.00188519 0.02023615
v 0.01590000 0.00194629 0.02008661
v 0.01590000 0.00170809 0.02113026
v 0.01590000 0.00174254 0.02077312
v 0.01593461 0.00174864 0.02077411
v 0.01590000 0.00175165 0.02072004
v 0.01590000 0.00182238 0.02042332
v 0.01597071 0.00450665 0.01844929
v 0.01597071 0.00486096 0.01847204
v 0.01597071 0.00520945 0.01853991
v 0.01597071 0.00554640 0.01865178
v 0.01597071 0.00586628 0.01880583
v 0.01597071 0.00616384 0.01899952
v 0.01597071 0.00643418 0.01922966
v 0.01597071 0.00667288 0.01949249
v 0.01597071 0.00687600 0.01978368
v 0.01597071 0.00704022 0.02009846
v 0.01597071 0.00716284 0.02043166
v 0.01597071 0.00724184 0.02077780
v 0.01597071 0.00727594 0.02113120
v 0.01597071 0.00726456 0.02148605
v 0.01597071 0.00720789 0.02183654
v 0.01597071 0.00710687 0.02217691
v 0.01597071 0.00696316 0.02250156
v 0.01597071 0.00677911 0.02280517
v 0.01597071 0.00655774 0.02308275
v 0.01597071 0.00630270 0.02332975
v 0.01597071 0.00601817 0.02354210
v 0.01597071 0.00570882 0.02371632
v 0.01597071 0.00537972 0.02384956
v 0.01597071 0.00503629 0.02393962
v 0.01597071 0.00468417 0.02398502
v 0.01597071 0.00432913 0.02398502
v 0.01597071 0.00397700 0.02393962
v 0.01597071 0.00363358 0.02384956
v 0.01597071 0.00330448 0.02371632
v 0.01597071 0.00299513 0.02354210
v 0.01597071 0.00271060 0.02332975
v 0.01597071 0.00245555 0.02308275
v 0.01597071 0.00223419 0.02280517
v 0.01597071 0.00205014 0.02250156
v 0.01597071 0.00190642 0.02217691
v 0.01597071 0.00180541 0.02183654
v 0.01597071 0.00174874 0.02148605
v 0.01597071 0.00173736 0.02113120
v 0.01597071 0.00177145 0.02077780
v 0.01597071 0.00185046 0.02043166
v 0.01597071 0.00197308 0.02009846
v 0.01597071 0.00213730 0.01978368
v 0.01597071 0.00234042 0.01949249
v 0.01597071 0.00257911 0.01922966
v 0.01597071 0.00284946 0.01899952
v 0.01597071 0.00314701 0.01880583
v 0.01597071 0.00346689 0.01865178
v 0.01597071 0.00380385 0.01853991
v 0.01597071 0.00415234 0.01847204
v 0.01350000 0.00175165 0.02171996
v 0.01350000 0.00170665 0.02122000
v 0.01350000 0.00188519 0.02220385
v 0.01350000 0.00210299 0.02265612
v 0.01350000 0.00239805 0.02306223
v 0.01350000 0.00276088 0.02340913
v 0.01350000 0.00317982 0.02368567
v 0.01350000 0.00364140 0.02388296
v 0.01350000 0.00413080 0.02399466
v 0.01350000 0.00463227 0.02401718
v 0.01350000 0.00512971 0.02394980
v 0.01350000 0.00560712 0.02379468
v 0.01350000 0.00604916 0.02355681
v 0.01350000 0.00644162 0.02324383
v 0.01350000 0.00677190 0.02286580
v 0.01350000 0.00702936 0.02243488
v 0.01350000 0.00720574 0.02196490
v 0.01350000 0.00729538 0.02147099
v 0.01350000 0.00729538 0.02096901
v 0.01350000 0.00720574 0.02047510
v 0.01350000 0.00702936 0.02000513
v 0.01350000 0.00677190 0.01957420
v 0.01350000 0.00644162 0.01919618
v 0.01350000 0.00604916 0.01888319
v 0.01350000 0.00560712 0.01864532
v 0.01350000 0.00512971 0.01849020
v 0.01350000 0.00463227 0.01842282
v 0.01350000 0.00413080 0.01844534
v 0.01350000 0.00364140 0.01855704
v 0.01350000 0.00317982 0.01875433
v 0.01350000 0.00276088 0.01903087
v 0.01350000 0.00239805 0.01937777
v 0.01350000 0.00210299 0.01978388
v 0.01350000 0.00188519 0.02023615
v 0.01350000 0.00175165 0.02072004
v 0.00750000 0.00300665 0.02122000
v 0.00750000 0.00305024 0.02157897
v 0.00750000 0.00450665 0.02122000
v 0.00750000 0.00305024 0.02086103
v 0.00750000 0.00365455 0.01998552
v 0.00750000 0.00338388 0.02022532
v 0.00750000 0.00317846 0.02052291
v 0.00750000 0.00468745 0.01973094
v 0.00750000 0.00432584 0.01973094
v 0.00750000 0.00397474 0.01981748
v 0.00750000 0.00562942 0.02022532
v 0.00750000 0.00535875 0.01998552
v 0.00750000 0.00503856 0.01981748
v 0.00750000 0.00600665 0.02122000
v 0.00750000 0.00596306 0.02086103
v 0.00750000 0.00583483 0.02052291
v 0.00750000 0.00562942 0.02221468
v 0.00750000 0.00583483 0.02191708
v 0.00750000 0.00596306 0.02157897
v 0.00750000 0.00468745 0.02270906
v 0.00750000 0.00503856 0.02262252
v 0.00750000 0.00535875 0.02245448
v 0.00750000 0.00365455 0.02245448
v 0.00750000 0.00397474 0.02262252
v 0.00750000 0.00432584 0.02270906
v 0.00750000 0.00317846 0.02191708
v 0.00750000 0.00338388 0.02221468
v 0.01350000 0.00562942 0.02221468
v 0.01350000 0.00583483 0.02191708
v 0.01350000 0.00596306 0.02157897
v 0.01350000 0.00468745 0.02270906
v 0.01350000 0.00503856 0.02262252
v 0.01350000 0.00535875 0.02245448
v 0.01350000 0.00397474 0.01981748
v 0.01350000 0.00365455 0.01998552
v 0.01350000 0.00338388 0.02022532
v 0.01350000 0.00317846 0.02052291
v 0.01350000 0.00365455 0.02245448
v 0.01350000 0.00397474 0.02262252
v 0.01350000 0.00432584 0.02270906
v 0.01350000 0.00305024 0.02157897
v 0.01350000 0.00317846 0.02191708
v 0.01350000 0.00338388 0.02221468
v 0.01350000 0.00305024 0.02086103
v 0.01350000 0.00300665 0.02122000
v 0.01350000 0.00503856 0.01981748
v 0.01350000 0.00468745 0.01973094
v 0.01350000 0.00432584 0.01973094
v 0.01350000 0.00583483 0.02052291
v 0.01350000 0.00562942 0.02022532
v 0.01350000 0.00535875 0.01998552
v 0.01350000 0.00600665 0.02122000
v 0.01350000 0.00596306 0.02086103
v 0.01080000 0.01043966 0.02047000
v 0.01080000 0.00957364 0.02047000
v 0.01180000 0.01043966 0.02047000
v 0.01180000 0.00957364 0.02047000
v 0.01080000 0.01087267 0.02122000
v 0.01180000 0.01087267 0.02122000
v 0.01080000 0.01043966 0.02197000
v 0.01180000 0.01043966 0.02197000
v 0.01080000 0.00957364 0.02197000
v 0.01180000 0.00957364 0.02197000
v 0.01080000 0.00914062 0.02122000
v 0.01180000 0.00914062 0.02122000
v 0.00480000 0.01057140 0.02071967
v 0.00480000 0.00944190 0.02172033
v 0.00480000 0.00957804 0.02184094
v 0.00480000 0.01043525 0.02059906
v 0.00480000 0.01027420 0.02051453
v 0.00480000 0.01009759 0.02047100
v 0.00480000 0.00973910 0.02192547
v 0.00480000 0.00991570 0.02196900
v 0.00480000 0.01009759 0.02196900
v 0.00480000 0.00991570 0.02047100
v 0.00480000 0.00973910 0.02051453
v 0.00480000 0.00957804 0.02059906
v 0.00480000 0.01027420 0.02192547
v 0.00480000 0.01043525 0.02184094
v 0.00480000 0.01057140 0.02172033
v 0.00480000 0.00944190 0.02071967
v 0.00480000 0.00933857 0.02086937
v 0.00480000 0.00927407 0.02103944
v 0.00480000 0.01073922 0.02140056
v 0.00480000 0.01076115 0.02122000
v 0.00480000 0.01073922 0.02103944
v 0.00480000 0.01067473 0.02157063
v 0.00480000 0.01067473 0.02086937
v 0.00480000 0.00925215 0.02122000
v 0.00480000 0.00927407 0.02140056
v 0.00480000 0.00933857 0.02157063
v 0.00504550 0.00900665 0.02122000
v 0.00504550 0.00903571 0.02145931
v 0.00504550 0.00912119 0.02168472
v 0.00504550 0.00925814 0.02188312
v 0.00504550 0.00943858 0.02204298
v 0.00504550 0.00965204 0.02215502
v 0.00504550 0.00988611 0.02221271
v 0.00504550 0.01012719 0.02221271
v 0.00504550 0.01036125 0.02215502
v 0.00504550 0.01057471 0.02204298
v 0.00504550 0.01075516 0.02188312
v 0.00504550 0.01089211 0.02168472
v 0.00504550 0.01097759 0.02145931
v 0.00504550 0.01100665 0.02122000
v 0.00504550 0.01097759 0.02098068
v 0.00504550 0.01089211 0.02075528
v 0.00504550 0.01075516 0.02055688
v 0.00504550 0.01057471 0.02039702
v 0.00504550 0.01036125 0.02028498
v 0.00504550 0.01012719 0.02022729
v 0.00504550 0.00988611 0.02022729
v 0.00504550 0.00965204 0.02028498
v 0.00504550 0.00943858 0.02039702
v 0.00504550 0.00925814 0.02055688
v 0.00504550 0.00912119 0.02075528
v 0.00504550 0.00903571 0.02098068
v 0.00980000 0.01100665 0.02122000
v 0.00980000 0.01097759 0.02098068
v 0.00980000 0.01089211 0.02075528
v 0.00980000 0.01075516 0.02055688
v 0.00980000 0.01057471 0.02039702
v 0.00980000 0.01036125 0.02028498
v 0.00980000 0.01012719 0.02022729
v 0.00980000 0.00988611 0.02022729
v 0.00980000 0.00965204 0.02028498
v 0.00980000 0.00943858 0.02039702
v 0.00980000 0.00925814 0.02055688
v 0.00980000 0.00912119 0.02075528
v 0.00980000 0.00903571 0.02098068
v 0.00980000 0.00900665 0.02122000
v 0.00980000 0.00903571 0.02145931
v 0.00980000 0.00912119 0.02168472
v 0.00980000 0.00925814 0.02188312
v 0.00980000 0.00943858 0.02204298
v 0.00980000 0.00965204 0.02215502
v 0.00980000 0.00988611 0.02221271
v 0.00980000 0.01012719 0.02221271
v 0.00980000 0.01036125 0.02215502
v 0.00980000 0.01057471 0.02204298
v 0.00980000 0.01075516 0.02188312
v 0.00980000 0.01089211 0.02168472
v 0.00980000 0.01097759 0.02145931
v 0.00980000 0.01179206 0.02186984
v 0.00980000 0.01187778 0.02154993
v 0.00980000 0.01190665 0.02122000
v 0.00980000 0.01000665 0.02312000
v 0.00980000 0.01033658 0.02309114
v 0.00980000 0.01065649 0.02300542
v 0.00980000 0.01095665 0.02286545
v 0.00980000 0.01122794 0.02267548
v 0.00980000 0.01146213 0.02244130
v 0.00980000 0.01165210 0.02217000
v 0.00980000 0.00878535 0.02267548
v 0.00980000 0.00905665 0.02286545
v 0.00980000 0.00935681 0.02300542
v 0.00980000 0.00967672 0.02309114
v 0.00980000 0.00822123 0.02057016
v 0.00980000 0.00813551 0.02089007
v 0.00980000 0.00810665 0.02122000
v 0.00980000 0.01122794 0.01976452
v 0.00980000 0.01095665 0.01957455
v 0.00980000 0.01065649 0.01943458
v 0.00980000 0.00813551 0.02154993
v 0.00980000 0.00822123 0.02186984
v 0.00980000 0.00836120 0.02217000
v 0.00980000 0.00855116 0.02244130
v 0.00980000 0.01187778 0.02089007
v 0.00980000 0.01179206 0.02057016
v 0.00980000 0.01165210 0.02027000
v 0.00980000 0.01146213 0.01999870
v 0.00980000 0.00878535 0.01976452
v 0.00980000 0.00855116 0.01999870
v 0.00980000 0.00836120 0.02027000
v 0.00980000 0.01033658 0.01934887
v 0.00980000 0.01000665 0.01932000
v 0.00980000 0.00967672 0.01934887
v 0.00980000 0.00935681 0.01943458
v 0.00980000 0.00905665 0.01957455
v 0.01180000 0.00830665 0.02122000
v 0.01160000 0.00810665 0.02122000
v 0.01160000 0.00813551 0.02089007
v 0.01180000 0.00833248 0.02092480
v 0.01160000 0.00822123 0.02057016
v 0.01180000 0.00840917 0.02063857
v 0.01160000 0.00836120 0.02027000
v 0.01180000 0.00853441 0.02037000
v 0.01160000 0.00855116 0.01999870
v 0.01180000 0.00870437 0.02012726
v 0.01160000 0.00878535 0.01976452
v 0.01180000 0.00891391 0.01991772
v 0.01160000 0.00905665 0.01957455
v 0.01180000 0.00915665 0.01974776
v 0.01160000 0.00935681 0.01943458
v 0.01180000 0.00942521 0.01962252
v 0.01160000 0.00967672 0.01934887
v 0.01180000 0.00971145 0.01954583
v 0.01160000 0.01000665 0.01932000
v 0.01180000 0.01000665 0.01952000
v 0.01160000 0.01033658 0.01934887
v 0.01180000 0.01030185 0.01954583
v 0.01160000 0.01065649 0.01943458
v 0.01180000 0.01058808 0.01962252
v 0.01160000 0.01095665 0.01957455
v 0.01180000 0.01085665 0.01974776
v 0.01160000 0.01122794 0.01976452
v 0.01180000 0.01109939 0.01991772
v 0.01160000 0.01146213 0.01999870
v 0.01180000 0.01130892 0.02012726
v 0.01160000 0.01165210 0.02027000
v 0.01180000 0.01147889 0.02037000
v 0.01160000 0.01179206 0.02057016
v 0.01180000 0.01160413 0.02063857
v 0.01160000 0.01187778 0.02089007
v 0.01180000 0.01168082 0.02092480
v 0.01160000 0.01190665 0.02122000
v 0.01180000 0.01170665 0.02122000
v 0.01160000 0.00813551 0.02154993
v 0.01160000 0.00822123 0.02186984
v 0.01160000 0.00836120 0.02217000
v 0.01160000 0.00855116 0.02244130
v 0.01160000 0.00878535 0.02267548
v 0.01160000 0.00905665 0.02286545
v 0.01160000 0.00935681 0.02300542
v 0.01160000 0.00967672 0.02309114
v 0.01160000 0.01000665 0.02312000
v 0.01160000 0.01033658 0.02309114
v 0.01160000 0.01065649 0.02300542
v 0.01160000 0.01095665 0.02286545
v 0.01160000 0.01122794 0.02267548
v 0.01160000 0.01146213 0.02244130
v 0.01160000 0.01165210 0.02217000
v 0.01160000 0.01179206 0.02186984
v 0.01160000 0.01187778 0.02154993
v 0.01180000 0.01168082 0.02151520
v 0.01180000 0.01160413 0.02180143
v 0.01180000 0.01147889 0.02207000
v 0.01180000 0.01130892 0.02231274
v 0.01180000 0.01109939 0.02252228
v 0.01180000 0.01085665 0.02269224
v 0.01180000 0.01058808 0.02281748
v 0.01180000 0.01030185 0.02289417
v 0.01180000 0.01000665 0.02292000
v 0.01180000 0.00971145 0.02289417
v 0.01180000 0.00942521 0.02281748
v 0.01180000 0.00915665 0.02269224
v 0.01180000 0.00891391 0.02252228
v 0.01180000 0.00870437 0.02231274
v 0.01180000 0.00853441 0.02207000
v 0.01180000 0.00840917 0.02180143
v 0.01180000 0.00833248 0.02151520
v 0.01500000 -0.00521504 0.01997000
v 0.01500000 -0.00377166 0.01997000
v 0.01500000 -0.00593673 0.02122000
v 0.01500000 -0.00304998 0.02122000
v 0.01500000 -0.00521504 0.02247000
v 0.01500000 -0.00377166 0.02247000
v 0.01590000 -0.00377166 0.01997000
v 0.01590000 -0.00304998 0.02122000
v 0.01590000 -0.00377166 0.02247000
v 0.01590000 -0.00521504 0.02247000
v 0.01590000 -0.00593673 0.02122000
v 0.01590000 -0.00521504 0.01997000
v 0.01595000 -0.00303451 0.02122000
v 0.01598660 -0.00374280 0.01992000
v 0.01598660 -0.00299224 0.02122000
v 0.01600000 -0.00371393 0.01987000
v 0.01600000 -0.00293451 0.02122000
v 0.01592588 -0.00304604 0.02122000
v 0.01592588 -0.00376970 0.01996659
v 0.01595000 -0.00376393 0.01995660
v 0.01592588 -0.00376970 0.02247341
v 0.01595000 -0.00376393 0.02248340
v 0.01598660 -0.00374280 0.02252000
v 0.01600000 -0.00371393 0.02257000
v 0.01592588 -0.00521701 0.02247341
v 0.01595000 -0.00522277 0.02248340
v 0.01598660 -0.00524391 0.02252000
v 0.01600000 -0.00527277 0.02257000
v 0.01592588 -0.00594066 0.02122000
v 0.01595000 -0.00595220 0.02122000
v 0.01598660 -0.00599446 0.02122000
v 0.01600000 -0.00605220 0.02122000
v 0.01592588 -0.00521701 0.01996659
v 0.01595000 -0.00522277 0.01995660
v 0.01598660 -0.00524391 0.01992000
v 0.01600000 -0.00527277 0.01987000
v 0.01600000 -0.00712566 0.02182081
v 0.01600000 -0.00718087 0.02147926
v 0.01600000 -0.00719196 0.02113346
v 0.01600000 -0.00715874 0.02078908
v 0.01600000 -0.00624357 0.02327590
v 0.01600000 -0.00649210 0.02303521
v 0.01600000 -0.00182796 0.02078908
v 0.01600000 -0.00179474 0.02113346
v 0.01600000 -0.00708175 0.02045177
v 0.01600000 -0.00696227 0.02012708
v 0.01600000 -0.00680224 0.01982034
v 0.01600000 -0.00660430 0.01953658
v 0.01600000 -0.00637169 0.01928046
v 0.01600000 -0.00190495 0.02045177
v 0.01600000 -0.00670782 0.02276471
v 0.01600000 -0.00688717 0.02246885
v 0.01600000 -0.00702722 0.02215249
v 0.01600000 -0.00274313 0.02327590
v 0.01600000 -0.00302041 0.02348284
v 0.01600000 -0.00332187 0.02365262
v 0.01600000 -0.00364256 0.02378245
v 0.01600000 -0.00449335 0.02392000
v 0.01600000 -0.00432036 0.02391445
v 0.01600000 -0.00397722 0.02387021
v 0.01600000 -0.00466634 0.02391445
v 0.01600000 -0.00500948 0.02387021
v 0.01600000 -0.00534414 0.02378245
v 0.01600000 -0.00566484 0.02365262
v 0.01600000 -0.00596630 0.02348284
v 0.01600000 -0.00180583 0.02147926
v 0.01600000 -0.00186105 0.02182081
v 0.01600000 -0.00195949 0.02215249
v 0.01600000 -0.00261501 0.01928046
v 0.01600000 -0.00287845 0.01905618
v 0.01600000 -0.00316841 0.01886744
v 0.01600000 -0.00414808 0.01854217
v 0.01600000 -0.00380848 0.01860830
v 0.01600000 -0.00348013 0.01871732
v 0.01600000 -0.00209953 0.02246885
v 0.01600000 -0.00227889 0.02276471
v 0.01600000 -0.00249460 0.02303521
v 0.01600000 -0.00610825 0.01905618
v 0.01600000 -0.00581829 0.01886744
v 0.01600000 -0.00550657 0.01871732
v 0.01600000 -0.00517822 0.01860830
v 0.01600000 -0.00483862 0.01854217
v 0.01600000 -0.00449335 0.01852000
v 0.01600000 -0.00238241 0.01953658
v 0.01600000 -0.00218447 0.01982034
v 0.01600000 -0.00202444 0.02012708
v 0.01599382 -0.00431814 0.02394899
v 0.01599382 -0.00397061 0.02390418
v 0.01599382 -0.00363165 0.02381530
v 0.01599382 -0.00330685 0.02368380
v 0.01599382 -0.00300153 0.02351185
v 0.01599382 -0.00272070 0.02330226
v 0.01599382 -0.00246898 0.02305848
v 0.01599382 -0.00225050 0.02278452
v 0.01599382 -0.00206885 0.02248486
v 0.01599382 -0.00192700 0.02216444
v 0.01599382 -0.00182730 0.02182851
v 0.01599382 -0.00177138 0.02148258
v 0.01599382 -0.00176014 0.02113235
v 0.01599382 -0.00179379 0.02078356
v 0.01599382 -0.00187177 0.02044193
v 0.01599382 -0.00199279 0.02011308
v 0.01599382 -0.00215487 0.01980240
v 0.01599382 -0.00235535 0.01951500
v 0.01599382 -0.00259093 0.01925559
v 0.01599382 -0.00285775 0.01902845
v 0.01599382 -0.00315143 0.01883728
v 0.01599382 -0.00346714 0.01868524
v 0.01599382 -0.00379970 0.01857482
v 0.01599382 -0.00414366 0.01850784
v 0.01599382 -0.00449335 0.01848539
v 0.01599382 -0.00484305 0.01850784
v 0.01599382 -0.00518700 0.01857482
v 0.01599382 -0.00551956 0.01868524
v 0.01599382 -0.00583527 0.01883728
v 0.01599382 -0.00612895 0.01902845
v 0.01599382 -0.00639577 0.01925559
v 0.01599382 -0.00663136 0.01951500
v 0.01599382 -0.00683183 0.01980240
v 0.01599382 -0.00699391 0.02011308
v 0.01599382 -0.00711494 0.02044193
v 0.01599382 -0.00719291 0.02078356
v 0.01599382 -0.00722656 0.02113235
v 0.01599382 -0.00721533 0.02148258
v 0.01599382 -0.00715940 0.02182851
v 0.01599382 -0.00705970 0.02216444
v 0.01599382 -0.00691786 0.02248486
v 0.01599382 -0.00673620 0.02278452
v 0.01599382 -0.00651772 0.02305848
v 0.01599382 -0.00626600 0.02330226
v 0.01599382 -0.00598518 0.02351185
v 0.01599382 -0.00567985 0.02368380
v 0.01599382 -0.00535505 0.02381530
v 0.01599382 -0.00501610 0.02390418
v 0.01599382 -0.00466856 0.02394899
v 0.01590000 -0.00729335 0.02122000
v 0.01593461 -0.00728574 0.02113045
v 0.01590000 -0.00728041 0.02148886
v 0.01593461 -0.00727426 0.02148827
v 0.01590000 -0.00724835 0.02171996
v 0.01593461 -0.00721712 0.02184168
v 0.01590000 -0.00722315 0.02184306
v 0.01593461 -0.00711526 0.02218489
v 0.01593461 -0.00697035 0.02251225
v 0.01590000 -0.00711481 0.02220385
v 0.01590000 -0.00712106 0.02218702
v 0.01593461 -0.00678476 0.02281839
v 0.01590000 -0.00689701 0.02265612
v 0.01590000 -0.00697583 0.02251511
v 0.01590000 -0.00623912 0.02340913
v 0.01590000 -0.00630839 0.02335205
v 0.01593461 -0.00630438 0.02334734
v 0.01590000 -0.00656613 0.02310244
v 0.01593461 -0.00656155 0.02309829
v 0.01590000 -0.00660195 0.02306223
v 0.01590000 -0.00678983 0.02282193
v 0.01590000 -0.00602085 0.02356665
v 0.01593461 -0.00601748 0.02356147
v 0.01590000 -0.00582018 0.02368567
v 0.01593461 -0.00570554 0.02373714
v 0.01590000 -0.00570823 0.02374271
v 0.01593461 -0.00537371 0.02387149
v 0.01590000 -0.00537565 0.02387736
v 0.01590000 -0.00535860 0.02388296
v 0.01593461 -0.00502741 0.02396230
v 0.01590000 -0.00502860 0.02396837
v 0.01590000 -0.00486920 0.02399466
v 0.01593461 -0.00467235 0.02400808
v 0.01590000 -0.00467275 0.02401425
v 0.01590000 -0.00436773 0.02401718
v 0.01593461 -0.00431435 0.02400808
v 0.01590000 -0.00431395 0.02401425
v 0.01593461 -0.00395929 0.02396230
v 0.01590000 -0.00395811 0.02396837
v 0.01593461 -0.00296923 0.02356147
v 0.01590000 -0.00327848 0.02374271
v 0.01593461 -0.00328116 0.02373714
v 0.01590000 -0.00339288 0.02379468
v 0.01593461 -0.00361300 0.02387149
v 0.01590000 -0.00361105 0.02387736
v 0.01590000 -0.00387029 0.02394980
v 0.01593461 -0.00268232 0.02334734
v 0.01590000 -0.00295084 0.02355681
v 0.01590000 -0.00296585 0.02356665
v 0.01593461 -0.00242515 0.02309829
v 0.01590000 -0.00255838 0.02324383
v 0.01590000 -0.00267831 0.02335205
v 0.01590000 -0.00197064 0.02243488
v 0.01590000 -0.00201087 0.02251511
v 0.01593461 -0.00201635 0.02251225
v 0.01590000 -0.00219687 0.02282193
v 0.01593461 -0.00220194 0.02281839
v 0.01590000 -0.00222810 0.02286580
v 0.01590000 -0.00242057 0.02310244
v 0.01590000 -0.00186564 0.02218702
v 0.01593461 -0.00187144 0.02218489
v 0.01590000 -0.00179426 0.02196490
v 0.01593461 -0.00176958 0.02184168
v 0.01590000 -0.00176355 0.02184306
v 0.01593461 -0.00171244 0.02148827
v 0.01590000 -0.00170629 0.02148886
v 0.01590000 -0.00170462 0.02147099
v 0.01593461 -0.00170097 0.02113045
v 0.01590000 -0.00169479 0.02113026
v 0.01590000 -0.00170462 0.02096901
v 0.01593461 -0.00173534 0.02077411
v 0.01590000 -0.00172924 0.02077312
v 0.01590000 -0.00179426 0.02047510
v 0.01593461 -0.00181501 0.02042508
v 0.01590000 -0.00180908 0.02042332
v 0.01593461 -0.00193865 0.02008911
v 0.01590000 -0.00193300 0.02008661
v 0.01593461 -0.00254974 0.01921306
v 0.01590000 -0.00230422 0.01947423
v 0.01593461 -0.00230906 0.01947808
v 0.01590000 -0.00222810 0.01957420
v 0.01593461 -0.00210424 0.01977170
v 0.01590000 -0.00209895 0.01976850
v 0.01590000 -0.00197064 0.02000513
v 0.01593461 -0.00282234 0.01898099
v 0.01590000 -0.00255838 0.01919618
v 0.01590000 -0.00254544 0.01920862
v 0.01593461 -0.00312238 0.01878569
v 0.01590000 -0.00295084 0.01888319
v 0.01590000 -0.00281864 0.01897604
v 0.01590000 -0.00387029 0.01849020
v 0.01590000 -0.00378312 0.01851157
v 0.01593461 -0.00378469 0.01851755
v 0.01590000 -0.00344260 0.01862463
v 0.01593461 -0.00344492 0.01863036
v 0.01590000 -0.00339288 0.01864532
v 0.01590000 -0.00311934 0.01878031
v 0.01590000 -0.00413530 0.01844299
v 0.01593461 -0.00413609 0.01844912
v 0.01590000 -0.00436773 0.01842282
v 0.01593461 -0.00449335 0.01842618
v 0.01590000 -0.00449335 0.01842000
v 0.01593461 -0.00485062 0.01844912
v 0.01590000 -0.00485141 0.01844299
v 0.01590000 -0.00486920 0.01844534
v 0.01593461 -0.00520202 0.01851755
v 0.01590000 -0.00520358 0.01851157
v 0.01590000 -0.00535860 0.01855704
v 0.01593461 -0.00554178 0.01863036
v 0.01590000 -0.00554410 0.01862463
v 0.01590000 -0.00582018 0.01875433
v 0.01593461 -0.00586433 0.01878569
v 0.01590000 -0.00586736 0.01878031
v 0.01593461 -0.00616436 0.01898099
v 0.01590000 -0.00616806 0.01897604
v 0.01593461 -0.00688247 0.01977170
v 0.01590000 -0.00668248 0.01947423
v 0.01593461 -0.00667765 0.01947808
v 0.01590000 -0.00660195 0.01937777
v 0.01593461 -0.00643696 0.01921306
v 0.01590000 -0.00644126 0.01920862
v 0.01590000 -0.00623912 0.01903087
v 0.01593461 -0.00704805 0.02008911
v 0.01590000 -0.00689701 0.01978388
v 0.01590000 -0.00688775 0.01976850
v 0.01593461 -0.00717170 0.02042508
v 0.01590000 -0.00711481 0.02023615
v 0.01590000 -0.00705371 0.02008661
v 0.01590000 -0.00729191 0.02113026
v 0.01590000 -0.00725746 0.02077312
v 0.01593461 -0.00725136 0.02077411
v 0.01590000 -0.00724835 0.02072004
v 0.01590000 -0.00717762 0.02042332
v 0.01597071 -0.00449335 0.01844929
v 0.01597071 -0.00413904 0.01847204
v 0.01597071 -0.00379055 0.01853991
v 0.01597071 -0.00345359 0.01865178
v 0.01597071 -0.00313371 0.01880583
v 0.01597071 -0.00283616 0.01899952
v 0.01597071 -0.00256582 0.01922966
v 0.01597071 -0.00232712 0.01949249
v 0.01597071 -0.00212400 0.01978368
v 0.01597071 -0.00195978 0.02009846
v 0.01597071 -0.00183716 0.02043166
v 0.01597071 -0.00175816 0.02077780
v 0.01597071 -0.00172406 0.02113120
v 0.01597071 -0.00173544 0.02148605
v 0.01597071 -0.00179211 0.02183654
v 0.01597071 -0.00189313 0.02217691
v 0.01597071 -0.00203684 0.02250156
v 0.01597071 -0.00222089 0.02280517
v 0.01597071 -0.00244225 0.02308275
v 0.01597071 -0.00269730 0.02332975
v 0.01597071 -0.00298183 0.02354210
v 0.01597071 -0.00329118 0.02371632
v 0.01597071 -0.00362028 0.02384956
v 0.01597071 -0.00396371 0.02393962
v 0.01597071 -0.00431583 0.02398502
v 0.01597071 -0.00467087 0.02398502
v 0.01597071 -0.00502300 0.02393962
v 0.01597071 -0.00536643 0.02384956
v 0.01597071 -0.00569552 0.02371632
v 0.01597071 -0.00600487 0.02354210
v 0.01597071 -0.00628940 0.02332975
v 0.01597071 -0.00654445 0.02308275
v 0.01597071 -0.00676581 0.02280517
v 0.01597071 -0.00694986 0.02250156
v 0.01597071 -0.00709358 0.02217691
v 0.01597071 -0.00719459 0.02183654
v 0.01597071 -0.00725126 0.02148605
v 0.01597071 -0.00726264 0.02113120
v 0.01597071 -0.00722855 0.02077780
v 0.01597071 -0.00714954 0.02043166
v 0.01597071 -0.00702692 0.02009846
v 0.01597071 -0.00686270 0.01978368
v 0.01597071 -0.00665958 0.01949249
v 0.01597071 -0.00642089 0.01922966
v 0.01597071 -0.00615054 0.01899952
v 0.01597071 -0.00585299 0.01880583
v 0.01597071 -0.00553311 0.01865178
v 0.01597071 -0.00519615 0.01853991
v 0.01597071 -0.00484766 0.01847204
v 0.01350000 -0.00724835 0.02171996
v 0.01350000 -0.00729335 0.02122000
v 0.01350000 -0.00711481 0.02220385
v 0.01350000 -0.00689701 0.02265612
v 0.01350000 -0.00660195 0.02306223
v 0.01350000 -0.00623912 0.02340913
v 0.01350000 -0.00582018 0.02368567
v 0.01350000 -0.00535860 0.02388296
v 0.01350000 -0.00486920 0.02399466
v 0.01350000 -0.00436773 0.02401718
v 0.01350000 -0.00387029 0.02394980
v 0.01350000 -0.00339288 0.02379468
v 0.01350000 -0.00295084 0.02355681
v 0.01350000 -0.00255838 0.02324383
v 0.01350000 -0.00222810 0.02286580
v 0.01350000 -0.00197064 0.02243488
v 0.01350000 -0.00179426 0.02196490
v 0.01350000 -0.00170462 0.02147099
v 0.01350000 -0.00170462 0.02096901
v 0.01350000 -0.00179426 0.02047510
v 0.01350000 -0.00197064 0.02000513
v 0.01350000 -0.00222810 0.01957420
v 0.01350000 -0.00255838 0.01919618
v 0.01350000 -0.00295084 0.01888319
v 0.01350000 -0.00339288 0.01864532
v 0.01350000 -0.00387029 0.01849020
v 0.01350000 -0.00436773 0.01842282
v 0.01350000 -0.00486920 0.01844534
v 0.01350000 -0.00535860 0.01855704
v 0.01350000 -0.00582018 0.01875433
v 0.01350000 -0.00623912 0.01903087
v 0.01350000 -0.00660195 0.01937777
v 0.01350000 -0.00689701 0.01978388
v 0.01350000 -0.00711481 0.02023615
v 0.01350000 -0.00724835 0.02072004
v 0.00750000 -0.00599335 0.02122000
v 0.00750000 -0.00594976 0.02157897
v 0.00750000 -0.00449335 0.02122000
v 0.00750000 -0.00594976 0.02086103
v 0.00750000 -0.00534545 0.01998552
v 0.00750000 -0.00561612 0.02022532
v 0.00750000 -0.00582154 0.02052291
v 0.00750000 -0.00431255 0.01973094
v 0.00750000 -0.00467416 0.01973094
v 0.00750000 -0.00502526 0.01981748
v 0.00750000 -0.00337058 0.02022532
v 0.00750000 -0.00364125 0.01998552
v 0.00750000 -0.00396144 0.01981748
v 0.00750000 -0.00299335 0.02122000
v 0.00750000 -0.00303694 0.02086103
v 0.00750000 -0.00316517 0.02052291
v 0.00750000 -0.00337058 0.02221468
v 0.00750000 -0.00316517 0.02191708
v 0.00750000 -0.00303694 0.02157897
v 0.00750000 -0.00431255 0.02270906
v 0.00750000 -0.00396144 0.02262252
v 0.00750000 -0.00364125 0.02245448
v 0.00750000 -0.00534545 0.02245448
v 0.00750000 -0.00502526 0.02262252
v 0.00750000 -0.00467416 0.02270906
v 0.00750000 -0.00582154 0.02191708
v 0.00750000 -0.00561612 0.02221468
v 0.01350000 -0.00337058 0.02221468
v 0.01350000 -0.00316517 0.02191708
v 0.01350000 -0.00303694 0.02157897
v 0.01350000 -0.00431255 0.02270906
v 0.01350000 -0.00396144 0.02262252
v 0.01350000 -0.00364125 0.02245448
v 0.01350000 -0.00502526 0.01981748
v 0.01350000 -0.00534545 0.01998552
v 0.01350000 -0.00561612 0.02022532
v 0.01350000 -0.00582154 0.02052291
v 0.01350000 -0.00534545 0.02245448
v 0.01350000 -0.00502526 0.02262252
v 0.01350000 -0.00467416 0.02270906
v 0.01350000 -0.00594976 0.02157897
v 0.01350000 -0.00582154 0.02191708
v 0.01350000 -0.00561612 0.02221468
v 0.01350000 -0.00594976 0.02086103
v 0.01350000 -0.00599335 0.02122000
v 0.01350000 -0.00396144 0.01981748
v 0.01350000 -0.00431255 0.01973094
v 0.01350000 -0.00467416 0.01973094
v 0.01350000 -0.00316517 0.02052291
v 0.01350000 -0.00337058 0.02022532
v 0.01350000 -0.00364125 0.01998552
v 0.01350000 -0.00299335 0.02122000
v 0.01350000 -0.00303694 0.02086103
f 1 2 3
f 1 3 4
f 4 3 5
f 4 5 6
f 6 5 7
f 6 7 8
f 8 7 9
f 8 9 10
f 10 9 11
f 10 11 12
f 12 11 13
f 12 13 14
f 14 13 15
f 14 15 16
f 16 15 17
f 16 17 18
f 18 17 19
f 18 19 20
f 20 19 21
f 20 21 22
f 22 21 23
f 22 23 24
f 24 23 25
f 24 25 26
f 26 25 27
f 26 27 28
f 28 27 29
f 28 29 30
f 30 29 31
f 30 31 32
f 32 31 33
f 32 33 34
f 34 33 35
f 34 35 36
f 36 35 37
f 36 37 38
f 38 37 39
f 38 39 40
f 40 39 2
f 40 2 1
f 41 2 42
f 42 2 39
f 42 39 43
f 44 15 45
f 45 15 13
f 45 13 46
f 46 13 11
f 46 11 47
f 11 9 47
f 47 9 7
f 47 7 48
f 48 7 5
f 48 5 41
f 41 5 3
f 41 3 2
f 49 21 50
f 50 21 19
f 50 19 44
f 44 19 17
f 44 17 15
f 39 37 43
f 43 37 35
f 43 35 51
f 51 35 33
f 51 33 52
f 52 33 31
f 52 31 53
f 31 29 53
f 53 29 27
f 53 27 54
f 54 27 25
f 54 25 49
f 49 25 23
f 49 23 21
f 55 52 56
f 56 52 53
f 56 53 57
f 57 53 54
f 57 54 58
f 58 54 49
f 58 49 59
f 59 49 50
f 59 50 60
f 60 50 44
f 60 44 61
f 61 44 45
f 61 45 62
f 62 45 46
f 62 46 63
f 63 46 47
f 63 47 64
f 64 47 48
f 64 48 65
f 65 48 41
f 65 41 66
f 66 41 42
f 66 42 67
f 67 42 43
f 67 43 68
f 68 43 51
f 68 51 55
f 55 51 52
f 61 69 60
f 60 69 70
f 60 70 59
f 68 71 67
f 67 71 72
f 67 72 66
f 70 73 59
f 59 73 74
f 59 74 58
f 58 74 75
f 58 75 57
f 63 76 62
f 62 76 77
f 62 77 61
f 61 77 78
f 61 78 69
f 56 79 55
f 55 79 80
f 55 80 68
f 68 80 81
f 68 81 71
f 64 82 63
f 63 82 83
f 63 83 76
f 72 84 66
f 66 84 85
f 66 85 65
f 65 85 86
f 65 86 64
f 64 86 87
f 64 87 82
f 75 88 57
f 57 88 89
f 57 89 56
f 56 89 90
f 56 90 79
f 74 91 75
f 75 91 92
f 75 92 88
f 88 92 93
f 88 93 89
f 89 93 94
f 89 94 90
f 90 94 95
f 90 95 79
f 79 95 96
f 79 96 80
f 80 96 97
f 80 97 81
f 81 97 98
f 81 98 71
f 71 98 99
f 71 99 72
f 72 99 100
f 72 100 84
f 84 100 101
f 84 101 85
f 85 101 102
f 85 102 86
f 86 102 103
f 86 103 87
f 87 103 104
f 87 104 82
f 82 104 105
f 82 105 83
f 83 105 106
f 83 106 76
f 76 106 107
f 76 107 77
f 77 107 108
f 77 108 78
f 78 108 109
f 78 109 69
f 69 109 110
f 69 110 70
f 70 110 111
f 70 111 73
f 73 111 112
f 73 112 74
f 74 112 91
f 113 114 115
f 113 116 117
f 118 116 113
f 115 118 113
f 113 119 120
f 121 119 113
f 117 121 113
f 113 120 122
f 113 123 124
f 125 123 113
f 122 125 113
f 113 126 114
f 127 126 113
f 124 127 113
f 120 128 122
f 122 128 129
f 122 129 125
f 125 129 130
f 125 130 123
f 123 130 131
f 123 131 124
f 124 131 132
f 124 132 127
f 127 132 133
f 127 133 126
f 126 133 134
f 126 134 114
f 114 134 135
f 114 135 115
f 115 135 136
f 115 136 118
f 118 136 137
f 118 137 116
f 116 137 138
f 116 138 117
f 117 138 139
f 117 139 121
f 121 139 140
f 121 140 119
f 119 140 141
f 119 141 120
f 120 141 128
f 142 143 144
f 142 145 146
f 147 145 142
f 144 147 142
f 142 148 149
f 150 148 142
f 146 150 142
f 142 149 151
f 142 152 153
f 154 152 142
f 151 154 142
f 142 155 143
f 156 155 142
f 153 156 142
f 149 157 151
f 151 157 158
f 151 158 154
f 154 158 159
f 154 159 152
f 152 159 160
f 152 160 153
f 153 160 161
f 153 161 156
f 156 161 162
f 156 162 155
f 155 162 163
f 155 163 143
f 143 163 164
f 143 164 144
f 144 164 165
f 144 165 147
f 147 165 166
f 147 166 145
f 145 166 167
f 145 167 146
f 146 167 168
f 146 168 150
f 150 168 169
f 150 169 148
f 148 169 170
f 148 170 149
f 149 170 157
f 171 172 173
f 171 174 175
f 176 174 171
f 173 176 171
f 171 177 178
f 179 177 171
f 175 179 171
f 171 178 180
f 171 181 182
f 183 181 171
f 180 183 171
f 171 184 172
f 185 184 171
f 182 185 171
f 178 186 180
f 180 186 187
f 180 187 183
f 183 187 188
f 183 188 181
f 181 188 189
f 181 189 182
f 182 189 190
f 182 190 185
f 185 190 191
f 185 191 184
f 184 191 192
f 184 192 172
f 172 192 193
f 172 193 173
f 173 193 194
f 173 194 176
f 176 194 195
f 176 195 174
f 174 195 196
f 174 196 175
f 175 196 197
f 175 197 179
f 179 197 198
f 179 198 177
f 177 198 199
f 177 199 178
f 178 199 186
f 200 201 202
f 200 203 204
f 205 203 200
f 202 205 200
f 200 206 207
f 208 206 200
f 204 208 200
f 200 207 209
f 200 210 211
f 212 210 200
f 209 212 200
f 200 213 201
f 214 213 200
f 211 214 200
f 207 215 209
f 209 215 216
f 209 216 212
f 212 216 217
f 212 217 210
f 210 217 218
f 210 218 211
f 211 218 219
f 211 219 214
f 214 219 220
f 214 220 213
f 213 220 221
f 213 221 201
f 201 221 222
f 201 222 202
f 202 222 223
f 202 223 205
f 205 223 224
f 205 224 203
f 203 224 225
f 203 225 204
f 204 225 226
f 204 226 208
f 208 226 227
f 208 227 206
f 206 227 228
f 206 228 207
f 207 228 215
f 229 230 231
f 231 230 232
f 231 232 233
f 233 232 234
f 233 234 235
f 235 234 236
f 235 236 237
f 237 236 238
f 237 238 239
f 239 238 240
f 239 240 241
f 241 240 242
f 241 242 243
f 243 242 244
f 243 244 245
f 245 244 246
f 245 246 247
f 247 246 248
f 247 248 249
f 249 248 250
f 249 250 251
f 251 250 252
f 251 252 253
f 253 252 254
f 253 254 255
f 255 254 256
f 255 256 229
f 229 256 230
f 257 258 259
f 259 258 260
f 259 260 261
f 261 260 262
f 261 262 263
f 263 262 264
f 263 264 265
f 265 264 266
f 265 266 267
f 267 266 268
f 267 268 269
f 269 268 270
f 269 270 271
f 271 270 272
f 271 272 273
f 273 272 274
f 273 274 275
f 275 274 276
f 275 276 277
f 277 276 278
f 277 278 279
f 279 278 280
f 279 280 281
f 281 280 282
f 281 282 283
f 283 282 284
f 283 284 285
f 285 284 286
f 285 286 287
f 287 286 288
f 287 288 289
f 289 288 290
f 289 290 291
f 291 290 292
f 291 292 257
f 257 292 258
f 293 261 294
f 294 261 263
f 294 263 295
f 295 263 265
f 295 265 296
f 296 265 267
f 296 267 297
f 298 289 299
f 299 289 291
f 299 291 300
f 300 291 257
f 300 257 293
f 293 257 259
f 293 259 261
f 301 279 302
f 302 279 281
f 302 281 303
f 303 281 283
f 303 283 304
f 304 283 285
f 304 285 298
f 298 285 287
f 298 287 289
f 267 269 297
f 297 269 271
f 297 271 305
f 305 271 273
f 305 273 306
f 306 273 275
f 306 275 301
f 301 275 277
f 301 277 279
f 307 300 308
f 308 300 293
f 308 293 309
f 309 293 294
f 309 294 310
f 310 294 295
f 310 295 311
f 311 295 296
f 311 296 312
f 312 296 297
f 312 297 313
f 313 297 305
f 313 305 314
f 314 305 306
f 314 306 315
f 315 306 301
f 315 301 316
f 316 301 302
f 316 302 317
f 317 302 303
f 317 303 318
f 318 303 304
f 318 304 319
f 319 304 298
f 319 298 320
f 320 298 299
f 320 299 307
f 307 299 300
f 321 322 323
f 323 322 324
f 323 324 325
f 325 324 326
f 325 326 327
f 327 326 328
f 327 328 329
f 329 328 330
f 329 330 331
f 331 330 332
f 331 332 333
f 333 332 334
f 333 334 335
f 335 334 336
f 335 336 337
f 337 336 338
f 337 338 339
f 339 338 340
f 339 340 341
f 341 340 342
f 341 342 343
f 343 342 344
f 343 344 345
f 345 344 346
f 345 346 347
f 347 346 348
f 347 348 349
f 349 348 350
f 349 350 351
f 351 350 352
f 351 352 353
f 353 352 354
f 353 354 355
f 355 354 356
f 355 356 321
f 321 356 322
f 357 325 358
f 358 325 327
f 358 327 359
f 359 327 329
f 359 329 360
f 360 329 331
f 360 331 361
f 362 353 363
f 363 353 355
f 363 355 364
f 364 355 321
f 364 321 357
f 357 321 323
f 357 323 325
f 365 343 366
f 366 343 345
f 366 345 367
f 367 345 347
f 367 347 368
f 368 347 349
f 368 349 362
f 362 349 351
f 362 351 353
f 331 333 361
f 361 333 335
f 361 335 369
f 369 335 337
f 369 337 370
f 370 337 339
f 370 339 365
f 365 339 341
f 365 341 343
f 371 364 372
f 372 364 357
f 372 357 373
f 373 357 358
f 373 358 374
f 374 358 359
f 374 359 375
f 375 359 360
f 375 360 376
f 376 360 361
f 376 361 377
f 377 361 369
f 377 369 378
f 378 369 370
f 378 370 379
f 379 370 365
f 379 365 380
f 380 365 366
f 380 366 381
f 381 366 367
f 381 367 382
f 382 367 368
f 382 368 383
f 383 368 362
f 383 362 384
f 384 362 363
f 384 363 371
f 371 363 364
f 385 386 387
f 387 386 388
f 387 388 389
f 389 388 390
f 389 390 391
f 391 390 392
f 391 392 393
f 393 392 394
f 393 394 395
f 395 394 396
f 395 396 397
f 397 396 398
f 397 398 399
f 399 398 400
f 399 400 401
f 401 400 402
f 401 402 403
f 403 402 404
f 403 404 405
f 405 404 406
f 405 406 407
f 407 406 408
f 407 408 409
f 409 408 410
f 409 410 411
f 411 410 412
f 411 412 413
f 413 412 414
f 413 414 415
f 415 414 416
f 415 416 417
f 417 416 418
f 417 418 419
f 419 418 420
f 419 420 385
f 385 420 386
f 421 389 422
f 422 389 391
f 422 391 423
f 423 391 393
f 423 393 424
f 424 393 395
f 424 395 425
f 426 417 427
f 427 417 419
f 427 419 428
f 428 419 385
f 428 385 421
f 421 385 387
f 421 387 389
f 429 407 430
f 430 407 409
f 430 409 431
f 431 409 411
f 431 411 432
f 432 411 413
f 432 413 426
f 426 413 415
f 426 415 417
f 395 397 425
f 425 397 399
f 425 399 433
f 433 399 401
f 433 401 434
f 434 401 403
f 434 403 429
f 429 403 405
f 429 405 407
f 435 428 436
f 436 428 421
f 436 421 437
f 437 421 422
f 437 422 438
f 438 422 423
f 438 423 439
f 439 423 424
f 439 424 440
f 440 424 425
f 440 425 441
f 441 425 433
f 441 433 442
f 442 433 434
f 442 434 443
f 443 434 429
f 443 429 444
f 444 429 430
f 444 430 445
f 445 430 431
f 445 431 446
f 446 431 432
f 446 432 447
f 447 432 426
f 447 426 448
f 448 426 427
f 448 427 435
f 435 427 428
f 449 450 451
f 451 450 452
f 451 452 453
f 453 452 454
f 453 454 455
f 455 454 456
f 455 456 457
f 457 456 458
f 457 458 459
f 459 458 460
f 459 460 461
f 461 460 462
f 461 462 463
f 463 462 464
f 463 464 465
f 465 464 466
f 465 466 467
f 467 466 468
f 467 468 469
f 469 468 470
f 469 470 471
f 471 470 472
f 471 472 473
f 473 472 474
f 473 474 475
f 475 474 476
f 475 476 477
f 477 476 478
f 477 478 479
f 479 478 480
f 479 480 481
f 481 480 482
f 481 482 483
f 483 482 484
f 483 484 449
f 449 484 450
f 485 463 486
f 486 463 465
f 486 465 487
f 487 465 467
f 487 467 488
f 489 453 490
f 490 453 455
f 490 455 491
f 491 455 457
f 491 457 492
f 492 457 459
f 492 459 485
f 485 459 461
f 485 461 463
f 493 481 494
f 494 481 483
f 494 483 495
f 495 483 449
f 495 449 489
f 489 449 451
f 489 451 453
f 467 469 488
f 488 469 471
f 488 471 496
f 496 471 473
f 496 473 497
f 497 473 475
f 497 475 498
f 498 475 477
f 498 477 493
f 493 477 479
f 493 479 481
f 499 495 500
f 500 495 489
f 500 489 501
f 501 489 490
f 501 490 502
f 502 490 491
f 502 491 503
f 503 491 492
f 503 492 504
f 504 492 485
f 504 485 505
f 505 485 486
f 505 486 506
f 506 486 487
f 506 487 507
f 507 487 488
f 507 488 508
f 508 488 496
f 508 496 509
f 509 496 497
f 509 497 510
f 510 497 498
f 510 498 511
f 511 498 493
f 511 493 512
f 512 493 494
f 512 494 499
f 499 494 495
f 513 514 515
f 515 514 516
f 515 516 517
f 517 516 518
f 517 518 519
f 519 518 520
f 519 520 521
f 521 520 522
f 521 522 523
f 523 522 524
f 523 524 525
f 525 524 526
f 525 526 527
f 527 526 528
f 527 528 529
f 529 528 530
f 529 530 531
f 531 530 532
f 531 532 533
f 533 532 534
f 533 534 535
f 535 534 536
f 535 536 537
f 537 536 538
f 537 538 539
f 539 538 540
f 539 540 513
f 513 540 514
f 541 542 543
f 543 542 544
f 543 544 545
f 545 544 546
f 545 546 547
f 547 546 548
f 547 548 549
f 549 548 550
f 549 550 551
f 551 550 552
f 551 552 553
f 553 552 554
f 553 554 555
f 555 554 556
f 555 556 557
f 557 556 558
f 557 558 559
f 559 558 560
f 559 560 561
f 561 560 562
f 561 562 563
f 563 562 564
f 563 564 565
f 565 564 566
f 565 566 567
f 567 566 568
f 567 568 569
f 569 568 570
f 569 570 571
f 571 570 572
f 571 572 573
f 573 572 574
f 573 574 575
f 575 574 576
f 575 576 541
f 541 576 542
f 577 574 578
f 578 574 572
f 578 572 579
f 579 572 570
f 579 570 580
f 580 570 568
f 580 568 581
f 568 566 581
f 581 566 564
f 581 564 582
f 582 564 562
f 582 562 583
f 583 562 560
f 583 560 584
f 585 546 586
f 586 546 544
f 586 544 587
f 587 544 542
f 587 542 577
f 577 542 576
f 577 576 574
f 560 558 584
f 584 558 556
f 584 556 588
f 588 556 554
f 588 554 589
f 589 554 552
f 589 552 590
f 590 552 550
f 590 550 585
f 585 550 548
f 585 548 546
f 587 591 586
f 586 591 592
f 586 592 585
f 585 592 593
f 585 593 590
f 590 593 594
f 590 594 589
f 589 594 595
f 589 595 588
f 588 595 596
f 588 596 584
f 584 596 597
f 584 597 583
f 583 597 598
f 583 598 582
f 582 598 599
f 582 599 581
f 581 599 600
f 581 600 580
f 580 600 601
f 580 601 579
f 579 601 602
f 579 602 578
f 578 602 603
f 578 603 577
f 577 603 604
f 577 604 587
f 587 604 591
f 605 606 607
f 607 606 608
f 607 608 609
f 609 608 610
f 609 610 611
f 611 610 612
f 611 612 613
f 613 612 614
f 613 614 615
f 615 614 616
f 615 616 617
f 617 616 618
f 617 618 619
f 619 618 620
f 619 620 621
f 621 620 622
f 621 622 623
f 623 622 624
f 623 624 625
f 625 624 626
f 625 626 627
f 627 626 628
f 627 628 629
f 629 628 630
f 629 630 631
f 631 630 632
f 631 632 633
f 633 632 634
f 633 634 635
f 635 634 636
f 635 636 637
f 637 636 638
f 637 638 639
f 639 638 640
f 639 640 605
f 605 640 606
f 641 638 642
f 642 638 636
f 642 636 643
f 643 636 634
f 643 634 644
f 644 634 632
f 644 632 645
f 632 630 645
f 645 630 628
f 645 628 646
f 646 628 626
f 646 626 647
f 647 626 624
f 647 624 648
f 649 610 650
f 650 610 608
f 650 608 651
f 651 608 606
f 651 606 641
f 641 606 640
f 641 640 638
f 624 622 648
f 648 622 620
f 648 620 652
f 652 620 618
f 652 618 653
f 653 618 616
f 653 616 654
f 654 616 614
f 654 614 649
f 649 614 612
f 649 612 610
f 651 655 650
f 650 655 656
f 650 656 649
f 649 656 657
f 649 657 654
f 654 657 658
f 654 658 653
f 653 658 659
f 653 659 652
f 652 659 660
f 652 660 648
f 648 660 661
f 648 661 647
f 647 661 662
f 647 662 646
f 646 662 663
f 646 663 645
f 645 663 664
f 645 664 644
f 644 664 665
f 644 665 643
f 643 665 666
f 643 666 642
f 642 666 667
f 642 667 641
f 641 667 668
f 641 668 651
f 651 668 655
f 669 670 671
f 671 670 672
f 671 672 673
f 673 672 674
f 673 674 675
f 675 674 676
f 675 676 677
f 677 676 678
f 677 678 679
f 679 678 680
f 679 680 681
f 681 680 682
f 681 682 683
f 683 682 684
f 683 684 685
f 685 684 686
f 685 686 687
f 687 686 688
f 687 688 689
f 689 688 690
f 689 690 691
f 691 690 692
f 691 692 693
f 693 692 694
f 693 694 695
f 695 694 696
f 695 696 697
f 697 696 698
f 697 698 699
f 699 698 700
f 699 700 701
f 701 700 702
f 701 702 703
f 703 702 704
f 703 704 669
f 669 704 670
f 705 702 706
f 706 702 700
f 706 700 707
f 707 700 698
f 707 698 708
f 708 698 696
f 708 696 709
f 710 674 711
f 711 674 672
f 711 672 712
f 712 672 670
f 712 670 705
f 705 670 704
f 705 704 702
f 713 684 714
f 714 684 682
f 714 682 715
f 715 682 680
f 715 680 716
f 716 680 678
f 716 678 710
f 710 678 676
f 710 676 674
f 696 694 709
f 709 694 692
f 709 692 717
f 717 692 690
f 717 690 718
f 718 690 688
f 718 688 713
f 713 688 686
f 713 686 684
f 712 719 711
f 711 719 720
f 711 720 710
f 710 720 721
f 710 721 716
f 716 721 722
f 716 722 715
f 715 722 723
f 715 723 714
f 714 723 724
f 714 724 713
f 713 724 725
f 713 725 718
f 718 725 726
f 718 726 717
f 717 726 727
f 717 727 709
f 709 727 728
f 709 728 708
f 708 728 729
f 708 729 707
f 707 729 730
f 707 730 706
f 706 730 731
f 706 731 705
f 705 731 732
f 705 732 712
f 712 732 719
f 733 734 735
f 735 734 736
f 735 736 737
f 737 736 738
f 737 738 739
f 739 738 740
f 739 740 741
f 741 740 742
f 741 742 743
f 743 742 744
f 743 744 745
f 745 744 746
f 745 746 747
f 747 746 748
f 747 748 749
f 749 748 750
f 749 750 751
f 751 750 752
f 751 752 753
f 753 752 754
f 753 754 755
f 755 754 756
f 755 756 757
f 757 756 758
f 757 758 759
f 759 758 760
f 759 760 761
f 761 760 762
f 761 762 763
f 763 762 764
f 763 764 765
f 765 764 766
f 765 766 767
f 767 766 768
f 767 768 733
f 733 768 734
f 769 766 770
f 770 766 764
f 770 764 771
f 771 764 762
f 771 762 772
f 772 762 760
f 772 760 773
f 760 758 773
f 773 758 756
f 773 756 774
f 774 756 754
f 774 754 775
f 775 754 752
f 775 752 776
f 777 738 778
f 778 738 736
f 778 736 779
f 779 736 734
f 779 734 769
f 769 734 768
f 769 768 766
f 752 750 776
f 776 750 748
f 776 748 780
f 780 748 746
f 780 746 781
f 781 746 744
f 781 744 782
f 782 744 742
f 782 742 777
f 777 742 740
f 777 740 738
f 779 783 778
f 778 783 784
f 778 784 777
f 777 784 785
f 777 785 782
f 782 785 786
f 782 786 781
f 781 786 787
f 781 787 780
f 780 787 788
f 780 788 776
f 776 788 789
f 776 789 775
f 775 789 790
f 775 790 774
f 774 790 791
f 774 791 773
f 773 791 792
f 773 792 772
f 772 792 793
f 772 793 771
f 771 793 794
f 771 794 770
f 770 794 795
f 770 795 769
f 769 795 796
f 769 796 779
f 779 796 783
f 797 798 799
f 799 798 800
f 799 800 801
f 802 803 804
f 802 804 805
f 805 804 806
f 805 806 807
f 807 806 808
f 807 808 809
f 809 808 798
f 809 798 797
f 810 811 812
f 810 812 813
f 813 812 814
f 813 814 815
f 815 814 816
f 815 816 817
f 817 816 818
f 817 818 819
f 819 818 820
f 819 820 821
f 822 823 824
f 822 824 825
f 825 824 826
f 825 826 827
f 827 826 828
f 827 828 829
f 829 828 830
f 829 830 831
f 831 830 832
f 831 832 833
f 833 832 834
f 834 832 835
f 834 835 810
f 810 835 811
f 788 787 836
f 531 533 835
f 603 837 604
f 604 837 820
f 604 820 591
f 591 820 592
f 602 601 537
f 820 818 592
f 592 818 816
f 592 816 593
f 593 816 814
f 593 814 594
f 594 814 812
f 594 812 595
f 595 812 811
f 595 811 596
f 596 811 835
f 596 835 597
f 537 601 535
f 535 601 600
f 535 600 533
f 533 600 599
f 533 599 835
f 835 599 598
f 835 598 597
f 602 537 603
f 603 537 539
f 603 539 837
f 837 539 513
f 837 513 515
f 515 517 837
f 837 517 519
f 837 519 838
f 838 519 521
f 838 521 523
f 523 525 838
f 838 525 527
f 838 527 835
f 835 527 529
f 835 529 531
f 725 724 838
f 838 724 723
f 838 723 837
f 837 723 722
f 837 722 721
f 804 803 837
f 800 727 838
f 838 727 726
f 838 726 725
f 721 720 837
f 837 720 719
f 837 719 804
f 804 719 732
f 804 732 806
f 806 732 731
f 806 731 808
f 808 731 798
f 731 730 798
f 798 730 729
f 798 729 800
f 800 729 728
f 800 728 727
f 836 787 838
f 838 787 786
f 838 786 785
f 796 800 783
f 783 800 838
f 783 838 784
f 784 838 785
f 836 839 840
f 796 795 800
f 800 795 794
f 800 794 801
f 801 794 793
f 801 793 841
f 841 793 792
f 841 792 842
f 842 792 791
f 842 791 840
f 840 791 790
f 840 790 836
f 836 790 789
f 836 789 788
f 668 838 655
f 655 838 835
f 655 835 656
f 656 835 657
f 823 836 664
f 668 667 838
f 838 667 666
f 838 666 836
f 836 666 665
f 836 665 664
f 664 663 823
f 823 663 662
f 823 662 824
f 824 662 661
f 824 661 826
f 826 661 660
f 657 835 658
f 658 835 832
f 658 832 659
f 659 832 830
f 659 830 660
f 660 830 828
f 660 828 826
f 799 801 841
f 799 841 843
f 843 841 842
f 843 842 844
f 844 842 840
f 844 840 845
f 845 840 839
f 845 839 846
f 847 802 848
f 848 802 849
f 846 850 851
f 851 852 846
f 846 852 853
f 846 853 845
f 845 853 854
f 845 854 844
f 809 797 855
f 855 797 799
f 855 799 854
f 854 799 843
f 854 843 844
f 807 809 805
f 805 809 855
f 805 855 802
f 802 855 856
f 802 856 849
f 857 858 859
f 857 859 860
f 860 859 861
f 860 861 862
f 862 861 863
f 862 863 864
f 864 863 865
f 864 865 866
f 867 868 869
f 867 869 870
f 870 869 871
f 870 871 872
f 872 871 873
f 872 873 874
f 874 873 875
f 874 875 876
f 857 868 858
f 858 868 867
f 877 875 873
f 866 878 864
f 864 878 862
f 873 871 877
f 877 871 869
f 877 869 879
f 879 869 868
f 879 868 880
f 881 882 857
f 857 882 883
f 857 883 868
f 868 883 884
f 868 884 880
f 885 881 886
f 886 881 857
f 886 857 878
f 878 857 860
f 878 860 862
f 878 887 888
f 878 888 886
f 886 888 889
f 886 889 885
f 885 889 890
f 885 890 881
f 881 890 891
f 881 891 882
f 892 883 893
f 893 883 882
f 893 882 891
f 883 892 894
f 883 894 884
f 884 894 895
f 884 895 880
f 880 895 896
f 880 896 879
f 879 896 897
f 879 897 877
f 898 899 900
f 803 802 847
f 847 901 803
f 803 901 902
f 803 902 837
f 837 902 903
f 837 903 820
f 820 903 904
f 820 904 821
f 877 897 875
f 875 897 847
f 875 847 876
f 876 847 905
f 900 906 898
f 898 906 907
f 898 907 897
f 897 907 908
f 897 908 847
f 847 908 909
f 847 909 901
f 900 899 910
f 900 910 911
f 911 910 912
f 911 912 913
f 913 912 914
f 913 914 915
f 915 914 916
f 915 916 917
f 917 916 918
f 917 918 919
f 919 918 920
f 920 918 921
f 920 921 922
f 922 921 923
f 316 317 924
f 380 381 925
f 377 378 926
f 925 381 924
f 924 381 382
f 924 382 383
f 383 384 924
f 924 384 371
f 924 371 921
f 926 378 925
f 925 378 379
f 925 379 380
f 371 372 921
f 921 372 373
f 921 373 923
f 923 373 374
f 923 374 927
f 927 374 375
f 927 375 928
f 928 375 376
f 928 376 929
f 929 376 377
f 929 377 930
f 930 377 926
f 888 887 925
f 893 510 511
f 500 924 499
f 499 924 893
f 499 893 512
f 512 893 511
f 510 893 509
f 509 893 891
f 509 891 508
f 504 505 925
f 925 505 506
f 925 506 888
f 888 506 507
f 888 507 889
f 889 507 508
f 889 508 890
f 890 508 891
f 500 501 924
f 924 501 502
f 924 502 925
f 925 502 503
f 925 503 504
f 895 445 446
f 234 437 438
f 441 442 893
f 250 248 924
f 898 254 252
f 438 439 234
f 234 439 440
f 234 440 236
f 236 440 441
f 236 441 238
f 238 441 893
f 238 893 240
f 250 924 252
f 442 443 893
f 893 443 444
f 893 444 892
f 892 444 445
f 892 445 894
f 894 445 895
f 898 897 896
f 446 447 895
f 895 447 448
f 895 448 896
f 896 448 435
f 896 435 898
f 898 435 436
f 898 436 437
f 234 232 437
f 437 232 230
f 437 230 898
f 898 230 256
f 898 256 254
f 248 246 924
f 924 246 244
f 924 244 893
f 893 244 242
f 893 242 240
f 252 924 898
f 898 924 317
f 898 317 318
f 312 313 921
f 921 313 314
f 921 314 924
f 924 314 315
f 924 315 316
f 318 319 898
f 898 319 320
f 898 320 899
f 899 320 307
f 899 307 910
f 910 307 308
f 910 308 912
f 912 308 309
f 312 921 311
f 311 921 918
f 311 918 310
f 310 918 916
f 310 916 309
f 309 916 914
f 309 914 912
f 922 923 927
f 922 927 931
f 931 927 928
f 931 928 932
f 932 928 929
f 932 929 933
f 933 929 930
f 933 930 934
f 934 930 926
f 934 926 935
f 133 132 936
f 937 904 903
f 922 931 938
f 346 344 939
f 939 344 940
f 940 344 342
f 940 342 935
f 935 342 340
f 935 340 934
f 934 340 338
f 934 338 933
f 933 338 336
f 933 336 932
f 932 336 334
f 932 334 931
f 334 332 931
f 931 332 330
f 931 330 938
f 938 330 328
f 938 328 326
f 354 352 941
f 941 352 350
f 941 350 939
f 939 350 348
f 939 348 346
f 326 324 938
f 938 324 322
f 938 322 941
f 941 322 356
f 941 356 354
f 917 919 938
f 938 919 920
f 938 920 922
f 292 290 942
f 942 290 288
f 942 288 286
f 284 282 941
f 274 272 938
f 282 280 941
f 941 280 278
f 941 278 938
f 938 278 276
f 938 276 274
f 272 270 938
f 938 270 268
f 938 268 917
f 917 268 266
f 917 266 915
f 266 264 915
f 915 264 262
f 915 262 913
f 913 262 260
f 292 906 258
f 258 906 900
f 258 900 260
f 260 900 911
f 260 911 913
f 563 565 943
f 943 565 937
f 937 565 567
f 937 567 569
f 569 571 937
f 937 571 573
f 937 573 904
f 904 573 575
f 904 575 821
f 821 575 541
f 821 541 819
f 819 541 543
f 819 543 817
f 817 543 545
f 817 545 815
f 815 545 547
f 815 547 813
f 813 547 549
f 813 549 810
f 810 549 551
f 810 551 834
f 834 551 553
f 834 553 555
f 555 557 834
f 834 557 559
f 834 559 943
f 943 559 561
f 943 561 563
f 829 831 615
f 635 637 943
f 627 629 944
f 944 629 631
f 944 631 943
f 943 631 633
f 943 633 635
f 615 831 613
f 613 831 833
f 613 833 611
f 611 833 834
f 611 834 609
f 637 639 943
f 943 639 605
f 943 605 834
f 834 605 607
f 834 607 609
f 615 617 829
f 829 617 619
f 829 619 827
f 827 619 621
f 627 944 625
f 625 944 945
f 625 945 623
f 623 945 822
f 623 822 621
f 621 822 825
f 621 825 827
f 472 470 946
f 946 470 468
f 946 468 947
f 947 468 466
f 947 466 948
f 948 466 464
f 949 456 454
f 482 480 950
f 950 480 478
f 478 476 936
f 936 476 474
f 936 474 472
f 464 462 948
f 948 462 460
f 948 460 949
f 949 460 458
f 949 458 456
f 454 452 949
f 949 452 450
f 949 450 950
f 950 450 484
f 950 484 482
f 420 418 951
f 951 418 416
f 416 414 951
f 951 414 412
f 951 412 950
f 950 412 410
f 398 949 400
f 400 949 402
f 396 394 952
f 952 394 392
f 952 392 390
f 410 408 950
f 950 408 406
f 950 406 949
f 949 406 404
f 949 404 402
f 420 908 386
f 386 908 907
f 386 907 388
f 755 757 953
f 953 757 759
f 953 759 954
f 759 761 954
f 954 761 763
f 954 763 765
f 737 739 955
f 955 739 741
f 955 741 956
f 956 741 743
f 765 767 954
f 954 767 733
f 954 733 955
f 955 733 735
f 955 735 737
f 743 745 956
f 956 745 747
f 956 747 957
f 753 958 751
f 751 958 957
f 751 957 749
f 749 957 747
f 903 902 669
f 669 902 703
f 671 673 959
f 959 673 675
f 675 677 959
f 959 677 679
f 959 679 955
f 955 679 681
f 955 681 683
f 954 691 693
f 695 697 960
f 960 697 699
f 960 699 701
f 683 685 955
f 955 685 687
f 955 687 954
f 954 687 689
f 954 689 691
f 961 92 91
f 961 91 962
f 91 112 962
f 962 112 111
f 962 111 110
f 110 109 962
f 962 109 108
f 962 108 963
f 963 108 107
f 107 106 963
f 963 106 105
f 963 105 104
f 104 103 963
f 963 103 102
f 963 102 964
f 102 101 964
f 964 101 100
f 964 100 965
f 965 100 99
f 99 98 965
f 965 98 97
f 965 97 966
f 966 97 96
f 96 95 966
f 966 95 94
f 966 94 961
f 961 94 93
f 961 93 92
f 420 951 908
f 908 951 962
f 908 962 909
f 909 962 963
f 909 963 901
f 901 963 960
f 901 960 902
f 902 960 701
f 902 701 703
f 292 942 906
f 906 942 952
f 906 952 907
f 907 952 390
f 907 390 388
f 955 522 520
f 516 514 959
f 955 520 959
f 959 520 518
f 959 518 516
f 669 671 903
f 903 671 959
f 903 959 937
f 937 959 514
f 514 540 937
f 937 540 538
f 937 538 943
f 943 538 536
f 536 534 943
f 943 534 532
f 943 532 530
f 528 526 955
f 955 526 524
f 955 524 522
f 227 226 960
f 217 216 963
f 963 216 215
f 963 215 960
f 960 215 228
f 960 228 227
f 221 220 964
f 964 220 219
f 964 219 963
f 963 219 218
f 963 218 217
f 693 695 954
f 954 695 960
f 954 960 225
f 225 960 226
f 225 224 954
f 954 224 223
f 954 223 964
f 964 223 222
f 964 222 221
f 163 162 950
f 950 162 161
f 950 161 951
f 951 161 160
f 951 160 159
f 159 158 951
f 951 158 157
f 951 157 962
f 962 157 170
f 962 170 169
f 163 950 164
f 164 950 961
f 164 961 165
f 169 168 962
f 962 168 167
f 962 167 961
f 961 167 166
f 961 166 165
f 231 233 952
f 249 251 941
f 941 251 942
f 941 942 284
f 284 942 286
f 243 245 941
f 941 245 247
f 941 247 249
f 251 253 942
f 942 253 255
f 942 255 952
f 952 255 229
f 952 229 231
f 233 235 952
f 952 235 949
f 952 949 396
f 396 949 398
f 235 237 949
f 949 237 239
f 949 239 241
f 191 190 965
f 965 190 189
f 965 189 964
f 964 189 188
f 195 194 953
f 953 194 193
f 953 193 965
f 965 193 192
f 965 192 191
f 188 187 964
f 964 187 186
f 964 186 954
f 954 186 199
f 199 198 954
f 954 198 197
f 954 197 953
f 953 197 196
f 953 196 195
f 478 936 950
f 950 936 132
f 950 132 131
f 137 136 966
f 966 136 135
f 966 135 936
f 936 135 134
f 936 134 133
f 131 130 950
f 950 130 129
f 950 129 961
f 961 129 128
f 961 128 141
f 141 140 961
f 961 140 139
f 961 139 966
f 966 139 138
f 966 138 137
f 530 528 943
f 943 528 955
f 943 955 944
f 944 955 956
f 944 956 945
f 945 956 957
f 472 946 936
f 936 946 967
f 936 967 966
f 966 967 968
f 966 968 965
f 965 968 958
f 965 958 953
f 953 958 753
f 953 753 755
f 241 243 949
f 949 243 941
f 949 941 948
f 948 941 939
f 948 939 947
f 947 939 940
f 887 878 866
f 935 926 940
f 940 926 925
f 940 925 947
f 947 925 946
f 946 925 887
f 946 887 967
f 967 887 866
f 967 866 968
f 846 839 850
f 850 839 866
f 850 866 969
f 969 866 865
f 968 866 958
f 958 866 839
f 958 839 957
f 957 839 836
f 957 836 945
f 945 836 823
f 945 823 822
f 970 854 853
f 970 853 971
f 971 853 852
f 971 852 972
f 972 852 851
f 972 851 973
f 973 851 850
f 973 850 969
f 970 974 854
f 854 974 855
f 855 974 975
f 855 975 856
f 856 975 976
f 856 976 849
f 849 976 977
f 849 977 848
f 848 977 905
f 848 905 847
f 24 858 22
f 22 858 867
f 36 38 970
f 876 905 10
f 969 865 30
f 4 974 1
f 1 974 970
f 1 970 40
f 40 970 38
f 30 865 28
f 28 865 863
f 28 863 861
f 10 905 8
f 8 905 977
f 8 977 976
f 16 18 867
f 867 18 20
f 867 20 22
f 24 26 858
f 858 26 28
f 858 28 859
f 859 28 861
f 4 6 974
f 974 6 8
f 974 8 975
f 975 8 976
f 870 872 874
f 36 970 34
f 34 970 971
f 34 971 972
f 30 32 969
f 969 32 34
f 969 34 973
f 973 34 972
f 867 870 16
f 16 870 874
f 16 874 14
f 14 874 876
f 14 876 12
f 12 876 10
f 978 979 980
f 981 982 983
f 984 985 986
f 986 987 984
f 984 987 988
f 984 988 989
f 988 990 989
f 989 990 991
f 989 991 992
f 993 994 995
f 995 996 993
f 993 996 997
f 993 997 998
f 999 1000 979
f 979 1000 1001
f 979 1001 980
f 991 1002 992
f 992 1002 1003
f 992 1003 1004
f 1004 1003 1005
f 1004 1005 1006
f 980 1007 978
f 978 1007 1008
f 978 1008 1009
f 1008 1010 1009
f 1009 1010 1011
f 1009 1011 1012
f 983 1013 981
f 981 1013 1014
f 981 1014 1015
f 1014 1016 1015
f 1015 1016 1017
f 1015 1017 1018
f 1017 1019 1018
f 1018 1019 1020
f 1018 1020 1021
f 1022 1023 994
f 994 1023 1024
f 994 1024 995
f 997 1025 998
f 998 1025 62
f 998 62 999
f 999 62 1026
f 999 1026 1000
f 1005 1027 1006
f 1006 1027 1028
f 1006 1028 1022
f 1022 1028 1029
f 1022 1029 1023
f 1011 1030 1012
f 1012 1030 1031
f 1012 1031 1032
f 1033 1034 1035
f 1036 1037 1038
f 1038 1039 1036
f 1036 1039 1040
f 1036 1040 1041
f 1042 1043 982
f 982 1043 1044
f 982 1044 983
f 1045 1046 985
f 985 1046 1047
f 985 1047 986
f 1048 1049 1034
f 1034 1049 1050
f 1034 1050 1035
f 1035 1051 1033
f 1033 1051 1052
f 1033 1052 1053
f 1053 1052 1054
f 1053 1054 1055
f 1020 1056 1021
f 1021 1056 1057
f 1021 1057 1058
f 1058 1057 1059
f 1058 1059 1045
f 1045 1059 1060
f 1045 1060 1046
f 1061 1062 1037
f 1037 1062 1063
f 1037 1063 1038
f 1040 1064 1041
f 1041 1064 55
f 1041 55 1042
f 1042 55 1065
f 1042 1065 1043
f 1066 1067 1068
f 1068 1069 1066
f 1066 1069 1070
f 1066 1070 1048
f 1048 1070 1071
f 1048 1071 1049
f 1054 1072 1055
f 1055 1072 1073
f 1055 1073 1061
f 1061 1073 1074
f 1061 1074 1062
f 1031 1075 1032
f 1032 1075 1076
f 1032 1076 1077
f 1077 1076 1078
f 1077 1078 1067
f 1067 1078 1079
f 1067 1079 1068
f 1041 1080 1036
f 1036 1080 1081
f 1036 1081 1037
f 1037 1081 1082
f 1037 1082 1061
f 1061 1082 1083
f 1061 1083 1055
f 1055 1083 1084
f 1055 1084 1053
f 1053 1084 1085
f 1053 1085 1033
f 1033 1085 1086
f 1033 1086 1034
f 1034 1086 1087
f 1034 1087 1048
f 1048 1087 1088
f 1048 1088 1066
f 1066 1088 1089
f 1066 1089 1067
f 1067 1089 1090
f 1067 1090 1077
f 1077 1090 1091
f 1077 1091 1032
f 1032 1091 1092
f 1032 1092 1012
f 1012 1092 1093
f 1012 1093 1009
f 1009 1093 1094
f 1009 1094 978
f 978 1094 1095
f 978 1095 979
f 979 1095 1096
f 979 1096 999
f 999 1096 1097
f 999 1097 998
f 998 1097 1098
f 998 1098 993
f 993 1098 1099
f 993 1099 994
f 994 1099 1100
f 994 1100 1022
f 1022 1100 1101
f 1022 1101 1006
f 1006 1101 1102
f 1006 1102 1004
f 1004 1102 1103
f 1004 1103 992
f 992 1103 1104
f 992 1104 989
f 989 1104 1105
f 989 1105 984
f 984 1105 1106
f 984 1106 985
f 985 1106 1107
f 985 1107 1045
f 1045 1107 1108
f 1045 1108 1058
f 1058 1108 1109
f 1058 1109 1021
f 1021 1109 1110
f 1021 1110 1018
f 1018 1110 1111
f 1018 1111 1015
f 1015 1111 1112
f 1015 1112 981
f 981 1112 1113
f 981 1113 982
f 982 1113 1114
f 982 1114 1042
f 1042 1114 1115
f 1042 1115 1041
f 1041 1115 1080
f 1116 1117 1118
f 1119 1120 1121
f 1122 1123 1124
f 1125 1126 1127
f 1128 1129 1130
f 1118 1131 1116
f 1116 1131 1132
f 1116 1132 1133
f 1134 1135 1136
f 1137 1138 1126
f 1126 1138 1139
f 1126 1139 1127
f 1121 1140 1119
f 1119 1140 1141
f 1119 1141 1142
f 1132 1143 1133
f 1133 1143 1144
f 1133 1144 1123
f 1123 1144 1145
f 1123 1145 1124
f 1124 1146 1122
f 1122 1146 1147
f 1122 1147 1135
f 1135 1147 1148
f 1135 1148 1136
f 1127 1149 1125
f 1125 1149 1150
f 1125 1150 1151
f 1150 1152 1151
f 1151 1152 1153
f 1151 1153 1154
f 1154 1153 1155
f 1154 1155 1156
f 1157 1158 1120
f 1120 1158 1159
f 1120 1159 1121
f 1141 1160 1142
f 1142 1160 1161
f 1142 1161 1129
f 1129 1161 1162
f 1129 1162 1130
f 1163 1164 1165
f 1136 1166 1134
f 1134 1166 1167
f 1134 1167 1168
f 1167 1169 1168
f 1168 1169 1170
f 1168 1170 1171
f 1171 1170 1172
f 1171 1172 1173
f 1172 1174 1173
f 1173 1174 1175
f 1173 1175 1137
f 1137 1175 1176
f 1137 1176 1138
f 1155 1177 1156
f 1156 1177 1178
f 1156 1178 1179
f 1178 1180 1179
f 1179 1180 1181
f 1179 1181 1157
f 1157 1181 1182
f 1157 1182 1158
f 1130 1183 1128
f 1128 1183 1184
f 1128 1184 1164
f 1164 1184 1185
f 1164 1185 1165
f 1165 1186 1163
f 1163 1186 1187
f 1163 1187 1188
f 1189 1190 1191
f 1187 1192 1188
f 1188 1192 1193
f 1188 1193 1194
f 1194 1193 1195
f 1194 1195 1196
f 1197 1198 1199
f 1199 1198 1200
f 1199 1200 1201
f 1202 1203 1117
f 1117 1203 1204
f 1117 1204 1118
f 1205 1206 1190
f 1190 1206 1207
f 1190 1207 1191
f 1191 1208 1189
f 1189 1208 1209
f 1189 1209 1197
f 1197 1209 1210
f 1197 1210 1198
f 1200 1211 1201
f 1201 1211 1212
f 1201 1212 1213
f 1212 1214 1213
f 1213 1214 1215
f 1213 1215 1202
f 1202 1215 1216
f 1202 1216 1203
f 1195 1217 1196
f 1196 1217 1218
f 1196 1218 1205
f 1205 1218 1219
f 1205 1219 1206
f 1119 1220 1120
f 1120 1220 1221
f 1120 1221 1157
f 1157 1221 1222
f 1157 1222 1179
f 1179 1222 1223
f 1179 1223 1156
f 1156 1223 1224
f 1156 1224 1154
f 1154 1224 1225
f 1154 1225 1151
f 1151 1225 1226
f 1151 1226 1125
f 1125 1226 1227
f 1125 1227 1126
f 1126 1227 1228
f 1126 1228 1137
f 1137 1228 1229
f 1137 1229 1173
f 1173 1229 1230
f 1173 1230 1171
f 1171 1230 1231
f 1171 1231 1168
f 1168 1231 1232
f 1168 1232 1134
f 1134 1232 1233
f 1134 1233 1135
f 1135 1233 1234
f 1135 1234 1122
f 1122 1234 1235
f 1122 1235 1123
f 1123 1235 1236
f 1123 1236 1133
f 1133 1236 1237
f 1133 1237 1116
f 1116 1237 1238
f 1116 1238 1117
f 1117 1238 1239
f 1117 1239 1202
f 1202 1239 1240
f 1202 1240 1213
f 1213 1240 1241
f 1213 1241 1201
f 1201 1241 1242
f 1201 1242 1199
f 1199 1242 1243
f 1199 1243 1197
f 1197 1243 1244
f 1197 1244 1189
f 1189 1244 1245
f 1189 1245 1190
f 1190 1245 1246
f 1190 1246 1205
f 1205 1246 1247
f 1205 1247 1196
f 1196 1247 1248
f 1196 1248 1194
f 1194 1248 1249
f 1194 1249 1188
f 1188 1249 1250
f 1188 1250 1163
f 1163 1250 1251
f 1163 1251 1164
f 1164 1251 1252
f 1164 1252 1128
f 1128 1252 1253
f 1128 1253 1129
f 1129 1253 1254
f 1129 1254 1142
f 1142 1254 1255
f 1142 1255 1119
f 1119 1255 1220
f 1256 1257 1258
f 1259 1260 1261
f 1262 1263 1264
f 1265 1266 1267
f 1268 1269 1270
f 1258 1271 1256
f 1256 1271 1272
f 1256 1272 1273
f 1274 1275 1276
f 1277 1278 1266
f 1266 1278 1279
f 1266 1279 1267
f 1261 1280 1259
f 1259 1280 1281
f 1259 1281 1282
f 1272 1283 1273
f 1273 1283 1284
f 1273 1284 1263
f 1263 1284 1285
f 1263 1285 1264
f 1264 1286 1262
f 1262 1286 1287
f 1262 1287 1275
f 1275 1287 1288
f 1275 1288 1276
f 1267 1289 1265
f 1265 1289 1290
f 1265 1290 1291
f 1290 1292 1291
f 1291 1292 1293
f 1291 1293 1294
f 1294 1293 1295
f 1294 1295 1296
f 1297 1298 1260
f 1260 1298 1299
f 1260 1299 1261
f 1281 1300 1282
f 1282 1300 1301
f 1282 1301 1269
f 1269 1301 1302
f 1269 1302 1270
f 1303 1304 1305
f 1276 1306 1274
f 1274 1306 1307
f 1274 1307 1308
f 1307 1309 1308
f 1308 1309 1310
f 1308 1310 1311
f 1311 1310 1312
f 1311 1312 1313
f 1312 1314 1313
f 1313 1314 1315
f 1313 1315 1277
f 1277 1315 1316
f 1277 1316 1278
f 1295 1317 1296
f 1296 1317 1318
f 1296 1318 1319
f 1318 1320 1319
f 1319 1320 1321
f 1319 1321 1297
f 1297 1321 1322
f 1297 1322 1298
f 1270 1323 1268
f 1268 1323 1324
f 1268 1324 1304
f 1304 1324 1325
f 1304 1325 1305
f 1305 1326 1303
f 1303 1326 1327
f 1303 1327 1328
f 1329 1330 1331
f 1327 1332 1328
f 1328 1332 1333
f 1328 1333 1334
f 1334 1333 1335
f 1334 1335 1336
f 1337 1338 1339
f 1339 1338 1340
f 1339 1340 1341
f 1342 1343 1257
f 1257 1343 1344
f 1257 1344 1258
f 1345 1346 1330
f 1330 1346 1347
f 1330 1347 1331
f 1331 1348 1329
f 1329 1348 1349
f 1329 1349 1337
f 1337 1349 1350
f 1337 1350 1338
f 1340 1351 1341
f 1341 1351 1352
f 1341 1352 1353
f 1352 1354 1353
f 1353 1354 1355
f 1353 1355 1342
f 1342 1355 1356
f 1342 1356 1343
f 1335 1357 1336
f 1336 1357 1358
f 1336 1358 1345
f 1345 1358 1359
f 1345 1359 1346
f 1259 1360 1260
f 1260 1360 1361
f 1260 1361 1297
f 1297 1361 1362
f 1297 1362 1319
f 1319 1362 1363
f 1319 1363 1296
f 1296 1363 1364
f 1296 1364 1294
f 1294 1364 1365
f 1294 1365 1291
f 1291 1365 1366
f 1291 1366 1265
f 1265 1366 1367
f 1265 1367 1266
f 1266 1367 1368
f 1266 1368 1277
f 1277 1368 1369
f 1277 1369 1313
f 1313 1369 1370
f 1313 1370 1311
f 1311 1370 1371
f 1311 1371 1308
f 1308 1371 1372
f 1308 1372 1274
f 1274 1372 1373
f 1274 1373 1275
f 1275 1373 1374
f 1275 1374 1262
f 1262 1374 1375
f 1262 1375 1263
f 1263 1375 1376
f 1263 1376 1273
f 1273 1376 1377
f 1273 1377 1256
f 1256 1377 1378
f 1256 1378 1257
f 1257 1378 1379
f 1257 1379 1342
f 1342 1379 1380
f 1342 1380 1353
f 1353 1380 1381
f 1353 1381 1341
f 1341 1381 1382
f 1341 1382 1339
f 1339 1382 1383
f 1339 1383 1337
f 1337 1383 1384
f 1337 1384 1329
f 1329 1384 1385
f 1329 1385 1330
f 1330 1385 1386
f 1330 1386 1345
f 1345 1386 1387
f 1345 1387 1336
f 1336 1387 1388
f 1336 1388 1334
f 1334 1388 1389
f 1334 1389 1328
f 1328 1389 1390
f 1328 1390 1303
f 1303 1390 1391
f 1303 1391 1304
f 1304 1391 1392
f 1304 1392 1268
f 1268 1392 1393
f 1268 1393 1269
f 1269 1393 1394
f 1269 1394 1282
f 1282 1394 1395
f 1282 1395 1259
f 1259 1395 1360
f 1396 1397 1398
f 1399 1400 1401
f 1402 1403 1404
f 1405 1406 1407
f 1408 1409 1410
f 1398 1411 1396
f 1396 1411 1412
f 1396 1412 1413
f 1414 1415 1416
f 1417 1418 1406
f 1406 1418 1419
f 1406 1419 1407
f 1401 1420 1399
f 1399 1420 1421
f 1399 1421 1422
f 1412 1423 1413
f 1413 1423 1424
f 1413 1424 1403
f 1403 1424 1425
f 1403 1425 1404
f 1404 1426 1402
f 1402 1426 1427
f 1402 1427 1415
f 1415 1427 1428
f 1415 1428 1416
f 1407 1429 1405
f 1405 1429 1430
f 1405 1430 1431
f 1430 1432 1431
f 1431 1432 1433
f 1431 1433 1434
f 1434 1433 1435
f 1434 1435 1436
f 1437 1438 1400
f 1400 1438 1439
f 1400 1439 1401
f 1421 1440 1422
f 1422 1440 1441
f 1422 1441 1409
f 1409 1441 1442
f 1409 1442 1410
f 1443 1444 1445
f 1416 1446 1414
f 1414 1446 1447
f 1414 1447 1448
f 1447 1449 1448
f 1448 1449 1450
f 1448 1450 1451
f 1451 1450 1452
f 1451 1452 1453
f 1452 1454 1453
f 1453 1454 1455
f 1453 1455 1417
f 1417 1455 1456
f 1417 1456 1418
f 1435 1457 1436
f 1436 1457 1458
f 1436 1458 1459
f 1458 1460 1459
f 1459 1460 1461
f 1459 1461 1437
f 1437 1461 1462
f 1437 1462 1438
f 1410 1463 1408
f 1408 1463 1464
f 1408 1464 1444
f 1444 1464 1465
f 1444 1465 1445
f 1445 1466 1443
f 1443 1466 1467
f 1443 1467 1468
f 1469 1470 1471
f 1467 1472 1468
f 1468 1472 1473
f 1468 1473 1474
f 1474 1473 1475
f 1474 1475 1476
f 1477 1478 1479
f 1479 1478 1480
f 1479 1480 1481
f 1482 1483 1397
f 1397 1483 1484
f 1397 1484 1398
f 1485 1486 1470
f 1470 1486 1487
f 1470 1487 1471
f 1471 1488 1469
f 1469 1488 1489
f 1469 1489 1477
f 1477 1489 1490
f 1477 1490 1478
f 1480 1491 1481
f 1481 1491 1492
f 1481 1492 1493
f 1492 1494 1493
f 1493 1494 1495
f 1493 1495 1482
f 1482 1495 1496
f 1482 1496 1483
f 1475 1497 1476
f 1476 1497 1498
f 1476 1498 1485
f 1485 1498 1499
f 1485 1499 1486
f 1399 1500 1400
f 1400 1500 1501
f 1400 1501 1437
f 1437 1501 1502
f 1437 1502 1459
f 1459 1502 1503
f 1459 1503 1436
f 1436 1503 1504
f 1436 1504 1434
f 1434 1504 1505
f 1434 1505 1431
f 1431 1505 1506
f 1431 1506 1405
f 1405 1506 1507
f 1405 1507 1406
f 1406 1507 1508
f 1406 1508 1417
f 1417 1508 1509
f 1417 1509 1453
f 1453 1509 1510
f 1453 1510 1451
f 1451 1510 1511
f 1451 1511 1448
f 1448 1511 1512
f 1448 1512 1414
f 1414 1512 1513
f 1414 1513 1415
f 1415 1513 1514
f 1415 1514 1402
f 1402 1514 1515
f 1402 1515 1403
f 1403 1515 1516
f 1403 1516 1413
f 1413 1516 1517
f 1413 1517 1396
f 1396 1517 1518
f 1396 1518 1397
f 1397 1518 1519
f 1397 1519 1482
f 1482 1519 1520
f 1482 1520 1493
f 1493 1520 1521
f 1493 1521 1481
f 1481 1521 1522
f 1481 1522 1479
f 1479 1522 1523
f 1479 1523 1477
f 1477 1523 1524
f 1477 1524 1469
f 1469 1524 1525
f 1469 1525 1470
f 1470 1525 1526
f 1470 1526 1485
f 1485 1526 1527
f 1485 1527 1476
f 1476 1527 1528
f 1476 1528 1474
f 1474 1528 1529
f 1474 1529 1468
f 1468 1529 1530
f 1468 1530 1443
f 1443 1530 1531
f 1443 1531 1444
f 1444 1531 1532
f 1444 1532 1408
f 1408 1532 1533
f 1408 1533 1409
f 1409 1533 1534
f 1409 1534 1422
f 1422 1534 1535
f 1422 1535 1399
f 1399 1535 1500
f 1536 1537 1538
f 1539 1540 1541
f 1542 1543 1544
f 1545 1546 1547
f 1548 1549 1550
f 1538 1551 1536
f 1536 1551 1552
f 1536 1552 1553
f 1554 1555 1556
f 1557 1558 1546
f 1546 1558 1559
f 1546 1559 1547
f 1541 1560 1539
f 1539 1560 1561
f 1539 1561 1562
f 1552 1563 1553
f 1553 1563 1564
f 1553 1564 1543
f 1543 1564 1565
f 1543 1565 1544
f 1544 1566 1542
f 1542 1566 1567
f 1542 1567 1555
f 1555 1567 1568
f 1555 1568 1556
f 1547 1569 1545
f 1545 1569 1570
f 1545 1570 1571
f 1570 1572 1571
f 1571 1572 1573
f 1571 1573 1574
f 1574 1573 1575
f 1574 1575 1576
f 1577 1578 1540
f 1540 1578 1579
f 1540 1579 1541
f 1561 1580 1562
f 1562 1580 1581
f 1562 1581 1549
f 1549 1581 1582
f 1549 1582 1550
f 1583 1584 1585
f 1556 1586 1554
f 1554 1586 1587
f 1554 1587 1588
f 1587 1589 1588
f 1588 1589 1590
f 1588 1590 1591
f 1591 1590 1592
f 1591 1592 1593
f 1592 1594 1593
f 1593 1594 1595
f 1593 1595 1557
f 1557 1595 1596
f 1557 1596 1558
f 1575 1597 1576
f 1576 1597 1598
f 1576 1598 1599
f 1598 1600 1599
f 1599 1600 1601
f 1599 1601 1577
f 1577 1601 1602
f 1577 1602 1578
f 1550 1603 1548
f 1548 1603 1604
f 1548 1604 1584
f 1584 1604 1605
f 1584 1605 1585
f 1585 1606 1583
f 1583 1606 1607
f 1583 1607 1608
f 1609 1610 1611
f 1607 1612 1608
f 1608 1612 1613
f 1608 1613 1614
f 1614 1613 1615
f 1614 1615 1616
f 1617 1618 1619
f 1619 1618 1620
f 1619 1620 1621
f 1622 1623 1537
f 1537 1623 1624
f 1537 1624 1538
f 1625 1626 1610
f 1610 1626 1627
f 1610 1627 1611
f 1611 1628 1609
f 1609 1628 1629
f 1609 1629 1617
f 1617 1629 1630
f 1617 1630 1618
f 1620 1631 1621
f 1621 1631 1632
f 1621 1632 1633
f 1632 1634 1633
f 1633 1634 1635
f 1633 1635 1622
f 1622 1635 1636
f 1622 1636 1623
f 1615 1637 1616
f 1616 1637 1638
f 1616 1638 1625
f 1625 1638 1639
f 1625 1639 1626
f 1539 1640 1540
f 1540 1640 1641
f 1540 1641 1577
f 1577 1641 1642
f 1577 1642 1599
f 1599 1642 1643
f 1599 1643 1576
f 1576 1643 1644
f 1576 1644 1574
f 1574 1644 1645
f 1574 1645 1571
f 1571 1645 1646
f 1571 1646 1545
f 1545 1646 1647
f 1545 1647 1546
f 1546 1647 1648
f 1546 1648 1557
f 1557 1648 1649
f 1557 1649 1593
f 1593 1649 1650
f 1593 1650 1591
f 1591 1650 1651
f 1591 1651 1588
f 1588 1651 1652
f 1588 1652 1554
f 1554 1652 1653
f 1554 1653 1555
f 1555 1653 1654
f 1555 1654 1542
f 1542 1654 1655
f 1542 1655 1543
f 1543 1655 1656
f 1543 1656 1553
f 1553 1656 1657
f 1553 1657 1536
f 1536 1657 1658
f 1536 1658 1537
f 1537 1658 1659
f 1537 1659 1622
f 1622 1659 1660
f 1622 1660 1633
f 1633 1660 1661
f 1633 1661 1621
f 1621 1661 1662
f 1621 1662 1619
f 1619 1662 1663
f 1619 1663 1617
f 1617 1663 1664
f 1617 1664 1609
f 1609 1664 1665
f 1609 1665 1610
f 1610 1665 1666
f 1610 1666 1625
f 1625 1666 1667
f 1625 1667 1616
f 1616 1667 1668
f 1616 1668 1614
f 1614 1668 1669
f 1614 1669 1608
f 1608 1669 1670
f 1608 1670 1583
f 1583 1670 1671
f 1583 1671 1584
f 1584 1671 1672
f 1584 1672 1548
f 1548 1672 1673
f 1548 1673 1549
f 1549 1673 1674
f 1549 1674 1562
f 1562 1674 1675
f 1562 1675 1539
f 1539 1675 1640
f 1676 1677 1678
f 1678 1677 1679
f 1678 1679 1680
f 1680 1679 1681
f 1680 1681 1682
f 1682 1681 1683
f 1682 1683 1684
f 1684 1683 1685
f 1684 1685 1686
f 1686 1685 1687
f 1686 1687 1688
f 1688 1687 1689
f 1688 1689 1690
f 1690 1689 1691
f 1690 1691 1692
f 1692 1691 1693
f 1692 1693 1694
f 1694 1693 1695
f 1694 1695 1696
f 1696 1695 1697
f 1696 1697 1698
f 1698 1697 1699
f 1698 1699 1700
f 1700 1699 1701
f 1700 1701 1702
f 1702 1701 1703
f 1702 1703 1704
f 1704 1703 1705
f 1704 1705 1706
f 1706 1705 1707
f 1706 1707 1708
f 1708 1707 1709
f 1708 1709 1710
f 1710 1709 1711
f 1710 1711 1712
f 1712 1711 1713
f 1712 1713 1714
f 1714 1713 1715
f 1714 1715 1716
f 1716 1715 1717
f 1716 1717 1718
f 1718 1717 1719
f 1718 1719 1720
f 1720 1719 1721
f 1720 1721 1722
f 1722 1721 1723
f 1722 1723 1724
f 1724 1723 1725
f 1724 1725 1726
f 1726 1725 1727
f 1726 1727 1728
f 1728 1727 1729
f 1728 1729 1730
f 1730 1729 1731
f 1730 1731 1732
f 1732 1731 1733
f 1732 1733 1734
f 1734 1733 1735
f 1734 1735 1736
f 1736 1735 1737
f 1736 1737 1738
f 1738 1737 1739
f 1738 1739 1740
f 1740 1739 1741
f 1740 1741 1742
f 1742 1741 1743
f 1742 1743 1744
f 1744 1743 1745
f 1744 1745 1746
f 1746 1745 1747
f 1746 1747 1676
f 1676 1747 1677
f 1748 1749 1750
f 1750 1749 1751
f 1750 1751 1752
f 1752 1751 1753
f 1752 1753 1754
f 1754 1753 1755
f 1754 1755 1756
f 1756 1755 1757
f 1756 1757 1758
f 1758 1757 1759
f 1758 1759 1760
f 1760 1759 1761
f 1760 1761 1762
f 1762 1761 1763
f 1762 1763 1764
f 1764 1763 1765
f 1764 1765 1766
f 1766 1765 1767
f 1766 1767 1768
f 1768 1767 1769
f 1768 1769 1770
f 1770 1769 1771
f 1770 1771 1772
f 1772 1771 1773
f 1772 1773 1774
f 1774 1773 1775
f 1774 1775 1776
f 1776 1775 1777
f 1776 1777 1778
f 1778 1777 1779
f 1778 1779 1780
f 1780 1779 1781
f 1780 1781 1782
f 1782 1781 1783
f 1782 1783 1784
f 1784 1783 1785
f 1784 1785 1786
f 1786 1785 1787
f 1786 1787 1788
f 1788 1787 1789
f 1788 1789 1790
f 1790 1789 1791
f 1790 1791 1792
f 1792 1791 1793
f 1792 1793 1794
f 1794 1793 1795
f 1794 1795 1796
f 1796 1795 1797
f 1796 1797 1798
f 1798 1797 1799
f 1798 1799 1800
f 1800 1799 1801
f 1800 1801 1802
f 1802 1801 1803
f 1802 1803 1804
f 1804 1803 1805
f 1804 1805 1806
f 1806 1805 1807
f 1806 1807 1808
f 1808 1807 1809
f 1808 1809 1810
f 1810 1809 1811
f 1810 1811 1812
f 1812 1811 1813
f 1812 1813 1814
f 1814 1813 1815
f 1814 1815 1816
f 1816 1815 1817
f 1816 1817 1818
f 1818 1817 1819
f 1818 1819 1748
f 1748 1819 1749
f 1820 1821 1822
f 1822 1821 1823
f 1822 1823 1824
f 1824 1823 1825
f 1824 1825 1826
f 1826 1825 1827
f 1826 1827 1828
f 1828 1827 1829
f 1828 1829 1830
f 1830 1829 1831
f 1830 1831 1832
f 1832 1831 1833
f 1832 1833 1834
f 1834 1833 1835
f 1834 1835 1836
f 1836 1835 1837
f 1836 1837 1838
f 1838 1837 1839
f 1838 1839 1840
f 1840 1839 1841
f 1840 1841 1842
f 1842 1841 1843
f 1842 1843 1820
f 1820 1843 1821
f 1844 1845 1846
f 1846 1845 1847
f 1846 1847 1848
f 1848 1847 1849
f 1848 1849 1850
f 1850 1849 1851
f 1850 1851 1852
f 1852 1851 1853
f 1852 1853 1854
f 1854 1853 1855
f 1854 1855 1856
f 1856 1855 1857
f 1856 1857 1858
f 1858 1857 1859
f 1858 1859 1860
f 1860 1859 1861
f 1860 1861 1862
f 1862 1861 1863
f 1862 1863 1864
f 1864 1863 1865
f 1864 1865 1866
f 1866 1865 1867
f 1866 1867 1844
f 1844 1867 1845
f 1868 1869 1870
f 1870 1869 1871
f 1870 1871 1872
f 1872 1871 1873
f 1872 1873 1874
f 1874 1873 1875
f 1874 1875 1876
f 1876 1875 1877
f 1876 1877 1878
f 1878 1877 1879
f 1878 1879 1880
f 1880 1879 1881
f 1880 1881 1882
f 1882 1881 1883
f 1882 1883 1884
f 1884 1883 1885
f 1884 1885 1886
f 1886 1885 1887
f 1886 1887 1888
f 1888 1887 1889
f 1888 1889 1890
f 1890 1889 1891
f 1890 1891 1868
f 1868 1891 1869
f 1892 1893 1894
f 1894 1893 1895
f 1894 1895 1896
f 1896 1895 1897
f 1896 1897 1898
f 1898 1897 1899
f 1898 1899 1900
f 1900 1899 1901
f 1900 1901 1902
f 1902 1901 1903
f 1902 1903 1904
f 1904 1903 1905
f 1904 1905 1906
f 1906 1905 1907
f 1906 1907 1908
f 1908 1907 1909
f 1908 1909 1910
f 1910 1909 1911
f 1910 1911 1912
f 1912 1911 1913
f 1912 1913 1914
f 1914 1913 1915
f 1914 1915 1892
f 1892 1915 1893
f 1916 1917 1918
f 1918 1917 1919
f 1918 1919 1920
f 1920 1919 1921
f 1920 1921 1922
f 1922 1921 1923
f 1922 1923 1924
f 1924 1923 1925
f 1924 1925 1926
f 1926 1925 1927
f 1926 1927 1928
f 1928 1927 1929
f 1928 1929 1930
f 1930 1929 1931
f 1930 1931 1932
f 1932 1931 1933
f 1932 1933 1934
f 1934 1933 1935
f 1934 1935 1936
f 1936 1935 1937
f 1936 1937 1938
f 1938 1937 1939
f 1938 1939 1916
f 1916 1939 1917
f 1940 1941 1942
f 1942 1941 1943
f 1942 1943 1944
f 1944 1943 1945
f 1944 1945 1946
f 1946 1945 1947
f 1946 1947 1948
f 1948 1947 1949
f 1948 1949 1950
f 1950 1949 1951
f 1950 1951 1952
f 1952 1951 1953
f 1954 1955 1956
f 1956 1955 1957
f 1956 1957 1958
f 1958 1957 1959
f 1958 1959 1960
f 1960 1959 1961
f 1962 1958 1960
f 1963 1964 1965
f 1966 1967 1964
f 1964 1967 1968
f 1964 1968 1965
f 1967 1969 1968
f 1968 1969 1970
f 1968 1970 1971
f 1971 1970 1972
f 1958 1962 1956
f 1956 1962 1973
f 1956 1973 1954
f 1954 1973 1974
f 1954 1974 1975
f 1975 1974 1963
f 1975 1963 1976
f 1976 1963 1965
f 1977 1955 1954
f 1954 1975 1977
f 1977 1975 1976
f 1977 1976 1978
f 1978 1976 1965
f 1968 1979 1965
f 1965 1979 1980
f 1965 1980 1978
f 1968 1971 1979
f 1979 1971 1972
f 1979 1972 1981
f 1982 1983 1984
f 1985 1986 1987
f 1985 1987 1988
f 1988 1987 1989
f 1988 1989 1990
f 1982 1991 1992
f 1993 1983 1994
f 1994 1983 1982
f 1994 1982 1995
f 1995 1982 1992
f 1985 1996 1986
f 1986 1996 1997
f 1986 1997 1984
f 1984 1997 1998
f 1984 1998 1982
f 1990 1999 1988
f 1988 1999 2000
f 2001 1985 2000
f 2000 1985 1988
f 2002 2003 1991
f 1991 1982 2002
f 2002 1982 1998
f 2002 1998 2004
f 2004 1998 1997
f 2004 1997 2005
f 2005 1997 2001
f 2001 1997 1996
f 2001 1996 1985
f 1981 1972 2006
f 2006 2007 1981
f 1981 2007 2008
f 1981 2008 2003
f 2003 2008 2009
f 2003 2009 1991
f 1890 1868 2010
f 2011 2012 2013
f 2006 1972 1970
f 2006 2012 2007
f 2007 2012 2011
f 2007 2011 2008
f 2008 2011 2014
f 2008 2014 2009
f 2009 2014 2015
f 2009 2015 1991
f 1942 1944 2016
f 2015 2017 2016
f 2016 2017 1940
f 2016 1940 1942
f 1946 1948 2018
f 2018 1948 1950
f 2018 1950 1952
f 2019 2020 2014
f 2014 2020 2021
f 2014 2021 2015
f 2015 2021 2022
f 2015 2022 2017
f 1938 2018 2014
f 2014 2018 1952
f 2014 1952 2019
f 1938 1916 2018
f 2018 1916 1918
f 2018 1918 1920
f 1922 1924 2023
f 2023 1924 1926
f 2023 1926 1928
f 1930 1932 2011
f 2011 1932 1934
f 2011 1934 2014
f 2014 1934 1936
f 2014 1936 1938
f 1830 1832 2016
f 2010 1826 1828
f 1832 1834 2016
f 2016 1834 1836
f 2016 1836 1838
f 1840 1842 1995
f 1995 1842 1820
f 1995 1820 1994
f 1994 1820 1822
f 1994 1822 1824
f 1991 2015 1992
f 1992 2015 2016
f 1992 2016 1995
f 1995 2016 1838
f 1995 1838 1840
f 1828 1830 2010
f 2010 1830 2016
f 2010 2016 2024
f 1920 1922 2018
f 2018 1922 2023
f 2018 2023 2025
f 2025 2023 1844
f 2025 1844 1846
f 1854 1856 2026
f 1862 1864 2023
f 2023 1864 1866
f 2023 1866 1844
f 2026 1856 2013
f 2013 1856 1858
f 2013 1858 1860
f 1846 1848 2025
f 2025 1848 1850
f 2025 1850 2026
f 2026 1850 1852
f 2026 1852 1854
f 1860 1862 2013
f 2013 1862 2023
f 2013 2023 2011
f 2011 2023 1928
f 2011 1928 1930
f 2027 1993 1994
f 1824 1826 1994
f 1994 1826 2010
f 1994 2010 2027
f 2027 2010 1868
f 1876 1878 2028
f 1880 1882 2024
f 1868 1870 2027
f 2027 1870 1872
f 2027 1872 2028
f 2028 1872 1874
f 2028 1874 1876
f 1880 2024 1878
f 1882 1884 2024
f 2024 1884 1886
f 2024 1886 2010
f 2010 1886 1888
f 2010 1888 1890
f 1878 2024 2028
f 2028 2024 1892
f 2028 1892 1894
f 1902 1904 2025
f 2025 1904 1906
f 2025 1906 1908
f 1910 1912 2024
f 2024 1912 1914
f 2024 1914 1892
f 1894 1896 2028
f 2028 1896 1898
f 2028 1898 2029
f 2029 1898 1900
f 1944 1946 2016
f 2016 1946 2018
f 2016 2018 2024
f 2024 2018 2025
f 2024 2025 1910
f 1910 2025 1908
f 2026 2030 2025
f 2025 2030 2029
f 2025 2029 1902
f 1902 2029 1900
f 2006 1970 2012
f 2012 1970 1969
f 2012 1969 2013
f 2013 1969 1967
f 2013 1967 2026
f 2026 1967 1966
f 2026 1966 2030
f 1952 1953 2019
f 2019 1953 2031
f 2019 2031 2020
f 2020 2031 2032
f 2020 2032 2021
f 2021 2032 2033
f 2021 2033 2022
f 2022 2033 2034
f 2022 2034 2017
f 2017 2034 2035
f 2017 2035 1940
f 1940 2035 1941
f 1907 1905 2036
f 2037 2038 2039
f 2039 2038 2040
f 2039 2040 2041
f 2042 2043 2044
f 2044 2043 2045
f 2044 2045 2046
f 2047 2048 2049
f 2050 2051 2048
f 2048 2051 2052
f 2048 2052 2049
f 2053 2054 2055
f 2055 2054 2056
f 2057 2058 2059
f 2059 2058 2055
f 2059 2055 2060
f 2060 2055 2056
f 2054 1927 1925
f 1937 1935 2061
f 1923 1921 2062
f 2061 1935 2053
f 1921 1919 2062
f 2062 1919 1917
f 2062 1917 2061
f 2061 1917 1939
f 2061 1939 1937
f 1935 1933 2053
f 2053 1933 1931
f 2053 1931 2054
f 2054 1931 1929
f 2054 1929 1927
f 2062 1951 1949
f 1941 2035 2063
f 1947 1945 2064
f 2064 1945 1943
f 2064 1943 1941
f 2035 2034 2063
f 2063 2034 2033
f 2063 2033 2061
f 2033 2032 2061
f 2061 2032 2031
f 2061 2031 2062
f 2062 2031 1953
f 2062 1953 1951
f 2056 1859 2065
f 2065 1859 1857
f 2065 1857 1855
f 1855 1853 2065
f 2065 1853 1851
f 2065 1851 2036
f 1851 1849 2036
f 2036 1849 1847
f 2036 1847 2054
f 2054 1847 1845
f 2054 1845 1867
f 1867 1865 2054
f 2054 1865 1863
f 2054 1863 2056
f 2056 1863 1861
f 2056 1861 1859
f 1925 1923 2054
f 2054 1923 2062
f 2054 2062 2036
f 2036 2062 2066
f 1843 1841 2067
f 2067 1841 1839
f 2067 1839 2064
f 2064 1839 1837
f 1827 1825 2068
f 2068 1825 1823
f 2068 1823 2067
f 2067 1823 1821
f 2067 1821 1843
f 1837 1835 2064
f 2064 1835 1833
f 2064 1833 2069
f 2069 1833 1831
f 2069 1831 1829
f 1905 2070 2036
f 2036 2070 2071
f 2036 2071 2065
f 1897 1895 2072
f 1905 1903 2070
f 2070 1903 1901
f 2070 1901 2072
f 2072 1901 1899
f 2072 1899 1897
f 1895 1893 2066
f 2066 1893 1915
f 1915 1913 2066
f 2066 1913 1911
f 2066 1911 2036
f 2036 1911 1909
f 2036 1909 1907
f 1895 2066 2072
f 2072 2066 1881
f 2072 1881 1879
f 1879 1877 2072
f 2072 1877 1875
f 2072 1875 2073
f 2069 1891 1889
f 1887 1885 2066
f 2066 1885 1883
f 2066 1883 1881
f 1875 1873 2073
f 2073 1873 1871
f 2073 1871 2069
f 2069 1871 1869
f 2069 1869 1891
f 1949 1947 2062
f 2062 1947 2064
f 2062 2064 2066
f 2066 2064 2069
f 2066 2069 1887
f 1887 2069 1889
f 1829 1827 2069
f 2069 1827 2068
f 2069 2068 2073
f 2073 2068 2044
f 1941 2063 2064
f 2064 2063 2047
f 2064 2047 2067
f 2067 2047 2049
f 2067 2049 2068
f 2068 2049 2074
f 2068 2074 2044
f 2044 2074 2075
f 2044 2075 2042
f 2046 2076 2044
f 2044 2076 2077
f 2044 2077 2073
f 2073 2077 2078
f 2073 2078 2072
f 2072 2078 2041
f 2072 2041 2070
f 2070 2041 2040
f 2070 2040 2071
f 2079 2052 2080
f 2080 2052 2051
f 2080 2051 2081
f 2081 2051 2050
f 2081 2050 2082
f 2082 2050 2048
f 2052 2079 2049
f 2049 2079 2074
f 2074 2079 2075
f 2075 2079 2083
f 2075 2083 2042
f 2084 2046 2085
f 2085 2046 2045
f 2085 2045 2086
f 2086 2045 2043
f 2086 2043 2083
f 2083 2043 2042
f 2076 2046 2084
f 2039 2041 2087
f 2087 2041 2078
f 2087 2078 2084
f 2084 2078 2077
f 2084 2077 2076
f 2088 2040 2089
f 2089 2040 2038
f 2089 2038 2090
f 2090 2038 2037
f 2090 2037 2087
f 2087 2037 2039
f 2060 2056 2091
f 2091 2056 2065
f 2091 2065 2088
f 2088 2065 2071
f 2088 2071 2040
f 2092 2055 2058
f 2092 2058 2093
f 2093 2058 2057
f 2093 2057 2094
f 2094 2057 2059
f 2094 2059 2095
f 2095 2059 2060
f 2095 2060 2091
f 2082 2048 2047
f 2047 2063 2082
f 2082 2063 2061
f 2082 2061 2092
f 2092 2061 2053
f 2092 2053 2055
f 2092 2096 2082
f 2082 2096 2097
f 2082 2097 2081
f 2081 2097 2098
f 2081 2098 2080
f 2080 2098 2099
f 2080 2099 2079
f 2079 2099 2100
f 2079 2100 2083
f 2083 2100 2101
f 2083 2101 2086
f 2086 2101 2102
f 2086 2102 2085
f 2085 2102 2103
f 2085 2103 2084
f 2084 2103 2104
f 2084 2104 2087
f 2087 2104 2105
f 2087 2105 2090
f 2090 2105 2106
f 2090 2106 2089
f 2089 2106 2107
f 2089 2107 2088
f 2088 2107 2108
f 2088 2108 2091
f 2091 2108 2109
f 2110 2096 2092
f 2091 2109 2095
f 2095 2109 2111
f 2095 2111 2094
f 2094 2111 2110
f 2094 2110 2093
f 2093 2110 2092
f 2112 2113 2114
f 2114 2113 2115
f 2116 2117 2118
f 2118 2117 2119
f 2118 2119 2120
f 2120 2119 2121
f 2120 2121 2122
f 2123 2124 2114
f 2114 2124 2125
f 2114 2125 2112
f 2126 2127 2115
f 2115 2127 2120
f 2115 2120 2114
f 2114 2120 2122
f 2128 2129 2130
f 2130 2129 2124
f 2130 2124 2131
f 2131 2124 2123
f 2131 2123 2132
f 2132 2123 2133
f 2134 2135 2136
f 2136 2135 2137
f 2136 2137 2138
f 2138 2137 2139
f 2138 2139 2140
f 2140 2139 2141
f 2140 2119 2138
f 2138 2119 2117
f 2138 2117 2136
f 2136 2117 2116
f 2136 2116 2134
f 2134 2116 2118
f 2121 2119 2142
f 2142 2119 2140
f 2143 2142 2141
f 2141 2142 2140
f 2142 2143 2144
f 2144 2143 2145
f 2144 2145 2146
f 2146 2145 2147
f 2146 2114 2144
f 2144 2114 2122
f 2144 2122 2142
f 2142 2122 2121
f 2123 2114 2148
f 2148 2114 2146
f 2149 2148 2147
f 2147 2148 2146
f 2148 2149 2150
f 2150 2149 2151
f 2150 2151 2152
f 2152 2151 2153
f 2152 2153 2154
f 2154 2153 2155
f 2154 2131 2152
f 2152 2131 2132
f 2152 2132 2150
f 2150 2132 2133
f 2150 2133 2148
f 2148 2133 2123
f 2131 2154 2130
f 2130 2154 2156
f 2157 2156 2155
f 2155 2156 2154
f 2156 2157 2158
f 2158 2157 2159
f 2158 2159 2160
f 2160 2159 2161
f 2160 2161 2162
f 2162 2161 2163
f 2128 2130 2156
f 2156 2158 2128
f 2128 2158 2160
f 2128 2160 2129
f 2129 2160 2162
f 2129 2162 2124
f 2162 2164 2124
f 2124 2164 2125
f 2165 2164 2163
f 2163 2164 2162
f 2164 2165 2166
f 2166 2165 2167
f 2166 2167 2168
f 2168 2167 2169
f 2168 2113 2166
f 2166 2113 2112
f 2166 2112 2164
f 2164 2112 2125
f 2168 2170 2113
f 2113 2170 2115
f 2171 2170 2169
f 2169 2170 2168
f 2170 2171 2172
f 2172 2171 2173
f 2172 2173 2174
f 2174 2173 2175
f 2174 2175 2176
f 2176 2175 2177
f 2176 2120 2174
f 2174 2120 2127
f 2174 2127 2172
f 2172 2127 2126
f 2172 2126 2170
f 2170 2126 2115
f 2118 2120 2134
f 2134 2120 2176
f 2135 2134 2177
f 2177 2134 2176
f 2137 2135 2178
f 2178 2135 2177
f 2178 2177 2179
f 2179 2177 2175
f 2155 2153 2180
f 2181 2141 2178
f 2178 2141 2139
f 2178 2139 2137
f 2182 2163 2183
f 2183 2163 2161
f 2183 2161 2159
f 2184 2185 2157
f 2157 2185 2186
f 2155 2180 2157
f 2153 2151 2180
f 2180 2151 2149
f 2180 2149 2187
f 2187 2149 2147
f 2187 2147 2188
f 2188 2147 2145
f 2188 2145 2181
f 2181 2145 2143
f 2181 2143 2141
f 2175 2173 2179
f 2179 2173 2171
f 2179 2171 2189
f 2189 2171 2169
f 2189 2169 2190
f 2190 2169 2167
f 2190 2167 2182
f 2182 2167 2165
f 2182 2165 2163
f 2191 2192 2186
f 2186 2192 2183
f 2186 2183 2157
f 2157 2183 2159
f 2193 2184 2194
f 2194 2184 2157
f 2194 2157 2195
f 2195 2157 2180
f 2196 2183 2192
f 2196 2192 2197
f 2197 2192 2191
f 2197 2191 2198
f 2198 2191 2186
f 2198 2186 2199
f 2199 2186 2185
f 2199 2185 2200
f 2183 2196 2182
f 2182 2196 2201
f 2202 2189 2190
f 2202 2190 2203
f 2203 2190 2182
f 2203 2182 2201
f 2189 2202 2179
f 2179 2202 2204
f 2179 2204 2205
f 2205 2206 2179
f 2179 2206 2207
f 2179 2207 2178
f 2178 2207 2208
f 2208 2209 2178
f 2178 2209 2210
f 2178 2210 2181
f 2211 2187 2188
f 2211 2188 2212
f 2212 2188 2181
f 2212 2181 2210
f 2187 2211 2180
f 2180 2211 2213
f 2214 2184 2193
f 2214 2193 2215
f 2215 2193 2194
f 2215 2194 2216
f 2216 2194 2195
f 2216 2195 2217
f 2217 2195 2180
f 2217 2180 2213
f 2184 2214 2185
f 2185 2214 2200
f 2214 2218 2200
f 2200 2218 2219
f 2196 2197 2220
f 2220 2197 2221
f 2200 2219 2199
f 2199 2219 2222
f 2199 2222 2198
f 2198 2222 2223
f 2198 2223 2197
f 2197 2223 2224
f 2197 2224 2221
f 2225 2201 2226
f 2226 2201 2196
f 2226 2196 2220
f 2202 2203 2227
f 2227 2203 2228
f 2228 2203 2229
f 2229 2203 2201
f 2229 2201 2225
f 2230 2204 2231
f 2231 2204 2202
f 2231 2202 2227
f 2206 2205 2204
f 2206 2204 2232
f 2232 2204 2230
f 2232 2230 2233
f 2232 2110 2111
f 2111 2109 2232
f 2232 2109 2108
f 2232 2108 2206
f 2206 2108 2107
f 2103 2102 2207
f 2207 2102 2101
f 2207 2101 2234
f 2234 2101 2100
f 2234 2100 2099
f 2099 2098 2234
f 2234 2098 2097
f 2234 2097 2232
f 2232 2097 2096
f 2232 2096 2110
f 2107 2106 2206
f 2206 2106 2105
f 2206 2105 2207
f 2207 2105 2104
f 2207 2104 2103
f 2235 2236 2234
f 2234 2236 2209
f 2234 2209 2207
f 2207 2209 2208
f 2237 2210 2238
f 2238 2210 2209
f 2238 2209 2236
f 2239 2240 2241
f 2239 2241 2242
f 2242 2241 2243
f 2242 2243 2244
f 2244 2243 2237
f 2244 2237 2245
f 2211 2212 2240
f 2240 2212 2241
f 2241 2212 2243
f 2243 2212 2210
f 2243 2210 2237
f 2246 2213 2247
f 2247 2213 2211
f 2247 2211 2240
f 2218 2214 2215
f 2213 2246 2248
f 2213 2248 2217
f 2217 2248 2249
f 2217 2249 2216
f 2216 2249 2250
f 2216 2250 2215
f 2215 2250 2251
f 2215 2251 2218
f 2246 2252 2253
f 2254 2218 2251
f 2254 2251 2255
f 2255 2251 2250
f 2255 2250 2256
f 2256 2250 2249
f 2256 2249 2253
f 2253 2249 2248
f 2253 2248 2246
f 2218 2254 2219
f 2219 2254 2257
f 2219 2257 2258
f 2259 2220 2221
f 2259 2221 2260
f 2260 2221 2224
f 2260 2224 2261
f 2261 2224 2223
f 2261 2223 2258
f 2258 2223 2222
f 2258 2222 2219
f 2220 2259 2226
f 2226 2259 2262
f 2262 2263 2226
f 2226 2263 2225
f 2264 2227 2228
f 2264 2228 2265
f 2265 2228 2229
f 2265 2229 2266
f 2266 2229 2225
f 2266 2225 2263
f 2264 2267 2227
f 2227 2267 2231
f 2268 2269 2267
f 2267 2269 2270
f 2233 2230 2270
f 2270 2230 2231
f 2270 2231 2267
f 2269 2235 2234
f 2269 2234 2270
f 2270 2234 2232
f 2270 2232 2233
f 2268 2238 2269
f 2269 2238 2236
f 2269 2236 2235
f 2268 2245 2238
f 2238 2245 2237
f 1979 2267 1980
f 1980 2267 2264
f 1980 2264 1978
f 1978 2264 2265
f 1978 2265 1977
f 1979 1981 2267
f 2267 1981 2003
f 2267 2003 2268
f 2268 2003 2002
f 2268 2002 2245
f 2004 2242 2002
f 2002 2242 2244
f 2002 2244 2245
f 2004 2005 2242
f 2242 2005 2001
f 2242 2001 2239
f 2239 2001 2000
f 2239 2000 2271
f 2262 1955 2263
f 2263 1955 1977
f 2263 1977 2266
f 2266 1977 2265
f 2239 2271 2240
f 2240 2271 2247
f 2247 2271 2246
f 2246 2271 2252
f 1957 1955 2262
f 1957 2262 1959
f 2261 2258 2257
f 2000 1999 2271
f 2271 1999 2272
f 2271 2272 2252
f 1961 2257 2272
f 2272 2257 2254
f 2272 2254 2252
f 1959 2262 1961
f 1961 2262 2259
f 1961 2259 2257
f 2257 2259 2260
f 2257 2260 2261
f 2255 2256 2254
f 2254 2256 2253
f 2254 2253 2252
f 1961 2272 1960
f 1960 2272 2273
f 1993 2027 2273
f 2273 2027 2028
f 2273 2028 1960
f 1960 2028 2029
f 1987 1986 1984
f 2273 1989 1993
f 1993 1989 1987
f 1993 1987 1983
f 1983 1987 1984
f 1964 1963 1974
f 2029 2030 1960
f 1960 2030 1966
f 1960 1966 1962
f 1962 1966 1964
f 1962 1964 1973
f 1973 1964 1974
f 1989 2273 1990
f 1999 1990 2272
f 2272 1990 2273
f 2274 2275 2276
f 2276 2275 2277
f 2278 2279 2280
f 2278 2280 2281
f 2281 2280 2274
f 2281 2274 2276
f 2278 2282 2279
f 2279 2282 2283
f 2283 2282 2284
f 2283 2284 2285
f 2285 2284 2286
f 2285 2286 2287
f 2287 2286 2288
f 2287 2288 2289
f 2288 2290 2289
f 2289 2290 2291
f 2292 2293 2294
f 2292 2294 2295
f 2295 2294 2296
f 2295 2296 2297
f 2297 2296 2291
f 2297 2291 2290
f 2298 2293 2299
f 2299 2293 2292
f 2298 2299 2300
f 2298 2300 2301
f 2301 2300 2302
f 2301 2302 2303
f 2302 2304 2303
f 2303 2304 2305
f 2306 2307 2308
f 2306 2308 2309
f 2309 2308 2310
f 2309 2310 2311
f 2311 2310 2312
f 2311 2312 2313
f 2313 2312 2305
f 2313 2305 2304
f 2306 2314 2307
f 2307 2314 2315
f 2275 2274 2298
f 2301 2303 2316
f 2316 2303 2305
f 2301 2316 2298
f 2298 2316 2317
f 2298 2317 2275
f 2305 2312 2310
f 2274 2280 2298
f 2298 2280 2279
f 2298 2279 2293
f 2293 2279 2283
f 2310 2308 2305
f 2305 2308 2307
f 2305 2307 2316
f 2316 2307 2315
f 2316 2315 2318
f 2296 2294 2291
f 2291 2294 2293
f 2291 2293 2289
f 2289 2293 2283
f 2289 2283 2287
f 2287 2283 2285
f 2277 2275 2317
f 2277 2317 2319
f 2319 2317 2316
f 2319 2316 2320
f 2320 2316 2318
f 2320 2318 2321
f 2321 2318 2315
f 2321 2315 2314
f 2304 2302 2306
f 2306 2302 2314
f 2314 2302 2300
f 2314 2300 2299
f 2292 2282 2299
f 2299 2282 2278
f 2299 2278 2281
f 2309 2311 2306
f 2306 2311 2313
f 2306 2313 2304
f 2320 2321 2319
f 2319 2321 2314
f 2319 2314 2277
f 2277 2314 2299
f 2277 2299 2276
f 2276 2299 2281
f 2286 2284 2288
f 2288 2284 2282
f 2288 2282 2290
f 2290 2282 2292
f 2290 2292 2297
f 2297 2292 2295
f 2322 2323 2324
f 2324 2323 2325
f 2322 2324 2326
f 2326 2324 2327
f 2326 2327 2328
f 2328 2327 2329
f 2328 2329 2330
f 2330 2329 2331
f 2326 2328 2322
f 2322 2328 2330
f 2322 2330 2323
f 2323 2330 2332
f 2332 2333 2323
f 2323 2333 2325
f 2334 2335 2336
f 2334 2337 2335
f 2335 2337 2338
f 2335 2338 2339
f 2336 2340 2334
f 2334 2340 2341
f 2334 2341 2342
f 2339 2343 2335
f 2335 2343 2344
f 2335 2344 2345
f 2342 2346 2334
f 2334 2346 2347
f 2334 2347 2348
f 2345 2349 2335
f 2335 2349 2350
f 2335 2350 2351
f 2352 2353 2354
f 2348 2355 2334
f 2334 2355 2352
f 2334 2352 2356
f 2356 2352 2354
f 2357 2358 2351
f 2351 2358 2359
f 2351 2359 2335
f 2357 2360 2361
f 2357 2361 2358
f 2358 2361 2362
f 2358 2362 2359
f 2359 2362 2363
f 2359 2363 2335
f 2335 2363 2364
f 2335 2364 2336
f 2336 2364 2365
f 2336 2365 2340
f 2340 2365 2366
f 2340 2366 2341
f 2341 2366 2367
f 2341 2367 2342
f 2342 2367 2368
f 2342 2368 2346
f 2346 2368 2369
f 2346 2369 2347
f 2347 2369 2370
f 2347 2370 2348
f 2348 2370 2371
f 2348 2371 2355
f 2355 2371 2372
f 2355 2372 2352
f 2352 2372 2373
f 2352 2373 2353
f 2353 2373 2374
f 2353 2374 2354
f 2354 2374 2375
f 2354 2375 2356
f 2356 2375 2376
f 2356 2376 2334
f 2334 2376 2377
f 2334 2377 2337
f 2337 2377 2378
f 2337 2378 2338
f 2338 2378 2379
f 2338 2379 2339
f 2339 2379 2380
f 2339 2380 2343
f 2343 2380 2381
f 2343 2381 2344
f 2344 2381 2382
f 2344 2382 2345
f 2345 2382 2383
f 2345 2383 2349
f 2349 2383 2384
f 2349 2384 2350
f 2350 2384 2385
f 2350 2385 2351
f 2351 2385 2360
f 2351 2360 2357
f 2373 2386 2387
f 2373 2387 2374
f 2374 2387 2388
f 2374 2388 2375
f 2375 2388 2389
f 2375 2389 2376
f 2376 2389 2390
f 2376 2390 2377
f 2377 2390 2391
f 2377 2391 2378
f 2378 2391 2392
f 2378 2392 2379
f 2379 2392 2393
f 2379 2393 2380
f 2380 2393 2394
f 2380 2394 2381
f 2381 2394 2395
f 2381 2395 2382
f 2382 2395 2396
f 2382 2396 2383
f 2383 2396 2397
f 2383 2397 2384
f 2384 2397 2398
f 2384 2398 2385
f 2385 2398 2399
f 2385 2399 2360
f 2360 2399 2400
f 2360 2400 2361
f 2361 2400 2401
f 2361 2401 2362
f 2362 2401 2402
f 2362 2402 2363
f 2363 2402 2403
f 2363 2403 2364
f 2364 2403 2404
f 2364 2404 2365
f 2365 2404 2405
f 2365 2405 2366
f 2366 2405 2406
f 2366 2406 2367
f 2367 2406 2407
f 2367 2407 2368
f 2368 2407 2408
f 2368 2408 2369
f 2369 2408 2409
f 2369 2409 2370
f 2370 2409 2410
f 2370 2410 2371
f 2371 2410 2411
f 2371 2411 2372
f 2372 2411 2386
f 2372 2386 2373
f 2410 2412 2411
f 2411 2412 2413
f 2411 2413 2386
f 2386 2413 2414
f 2386 2414 2387
f 2405 2415 2406
f 2406 2415 2416
f 2406 2416 2407
f 2407 2416 2417
f 2407 2417 2408
f 2417 2418 2408
f 2408 2418 2419
f 2408 2419 2409
f 2409 2419 2420
f 2409 2420 2410
f 2410 2420 2421
f 2410 2421 2412
f 2402 2422 2403
f 2403 2422 2423
f 2403 2423 2404
f 2404 2423 2424
f 2404 2424 2405
f 2405 2424 2425
f 2405 2425 2415
f 2397 2426 2398
f 2398 2426 2427
f 2398 2427 2399
f 2399 2427 2428
f 2399 2428 2400
f 2389 2429 2390
f 2390 2429 2430
f 2390 2430 2391
f 2391 2430 2431
f 2391 2431 2392
f 2428 2432 2400
f 2400 2432 2433
f 2400 2433 2401
f 2401 2433 2434
f 2401 2434 2402
f 2402 2434 2435
f 2402 2435 2422
f 2414 2436 2387
f 2387 2436 2437
f 2387 2437 2388
f 2388 2437 2438
f 2388 2438 2389
f 2389 2438 2439
f 2389 2439 2429
f 2395 2440 2396
f 2396 2440 2441
f 2396 2441 2397
f 2397 2441 2442
f 2397 2442 2426
f 2431 2443 2392
f 2392 2443 2444
f 2392 2444 2393
f 2393 2444 2445
f 2393 2445 2394
f 2394 2445 2446
f 2394 2446 2395
f 2395 2446 2447
f 2395 2447 2440
f 2448 2449 2450
f 2448 2450 2451
f 2451 2450 2452
f 2451 2452 2453
f 2453 2452 2454
f 2453 2454 2455
f 2455 2454 2456
f 2455 2456 2457
f 2457 2456 2458
f 2457 2458 2459
f 2459 2458 2460
f 2459 2460 2461
f 2461 2460 2462
f 2461 2462 2463
f 2463 2462 2464
f 2463 2464 2465
f 2465 2464 2466
f 2465 2466 2467
f 2467 2466 2468
f 2467 2468 2469
f 2469 2468 2470
f 2469 2470 2471
f 2471 2470 2472
f 2471 2472 2473
f 2473 2472 2474
f 2473 2474 2475
f 2475 2474 2476
f 2475 2476 2477
f 2477 2476 2478
f 2477 2478 2479
f 2479 2478 2480
f 2479 2480 2481
f 2481 2480 2482
f 2481 2482 2483
f 2483 2482 2484
f 2483 2484 2485
f 2414 2484 2482
f 2414 2482 2436
f 2436 2482 2480
f 2436 2480 2437
f 2437 2480 2478
f 2437 2478 2438
f 2438 2478 2476
f 2438 2476 2439
f 2439 2476 2474
f 2439 2474 2429
f 2429 2474 2472
f 2429 2472 2430
f 2430 2472 2470
f 2430 2470 2431
f 2431 2470 2468
f 2431 2468 2443
f 2443 2468 2466
f 2443 2466 2444
f 2444 2466 2464
f 2444 2464 2445
f 2445 2464 2462
f 2445 2462 2446
f 2446 2462 2460
f 2446 2460 2447
f 2447 2460 2458
f 2447 2458 2440
f 2440 2458 2456
f 2440 2456 2441
f 2441 2456 2454
f 2441 2454 2442
f 2442 2454 2452
f 2442 2452 2426
f 2426 2452 2450
f 2426 2450 2427
f 2427 2450 2449
f 2427 2449 2428
f 2428 2449 2486
f 2428 2486 2432
f 2432 2486 2487
f 2432 2487 2433
f 2433 2487 2488
f 2433 2488 2434
f 2434 2488 2489
f 2434 2489 2435
f 2435 2489 2490
f 2435 2490 2422
f 2422 2490 2491
f 2422 2491 2423
f 2423 2491 2492
f 2423 2492 2424
f 2424 2492 2493
f 2424 2493 2425
f 2425 2493 2494
f 2425 2494 2415
f 2415 2494 2495
f 2415 2495 2416
f 2416 2495 2496
f 2416 2496 2417
f 2417 2496 2497
f 2417 2497 2418
f 2418 2497 2498
f 2418 2498 2419
f 2419 2498 2499
f 2419 2499 2420
f 2420 2499 2500
f 2420 2500 2421
f 2421 2500 2501
f 2421 2501 2412
f 2412 2501 2502
f 2412 2502 2413
f 2413 2502 2484
f 2413 2484 2414
f 2485 2484 2502
f 2485 2502 2503
f 2503 2502 2501
f 2503 2501 2504
f 2504 2501 2500
f 2504 2500 2505
f 2505 2500 2499
f 2505 2499 2506
f 2506 2499 2498
f 2506 2498 2507
f 2507 2498 2497
f 2507 2497 2508
f 2508 2497 2496
f 2508 2496 2509
f 2509 2496 2495
f 2509 2495 2510
f 2510 2495 2494
f 2510 2494 2511
f 2511 2494 2493
f 2511 2493 2512
f 2512 2493 2492
f 2512 2492 2513
f 2513 2492 2491
f 2513 2491 2514
f 2514 2491 2490
f 2514 2490 2515
f 2515 2490 2489
f 2515 2489 2516
f 2516 2489 2488
f 2516 2488 2517
f 2517 2488 2487
f 2517 2487 2518
f 2518 2487 2486
f 2518 2486 2519
f 2519 2486 2449
f 2519 2449 2448
f 2507 2508 2329
f 2327 2485 2503
f 2518 2333 2517
f 2517 2333 2331
f 2517 2331 2516
f 2516 2331 2515
f 2503 2504 2327
f 2327 2504 2505
f 2327 2505 2329
f 2329 2505 2506
f 2329 2506 2507
f 2518 2519 2333
f 2333 2519 2448
f 2333 2448 2451
f 2508 2509 2329
f 2329 2509 2510
f 2329 2510 2331
f 2331 2510 2511
f 2331 2511 2512
f 2512 2513 2331
f 2331 2513 2514
f 2331 2514 2515
f 2471 2473 2324
f 2324 2473 2475
f 2324 2475 2477
f 2459 2461 2325
f 2325 2461 2463
f 2451 2453 2333
f 2333 2453 2455
f 2333 2455 2325
f 2325 2455 2457
f 2325 2457 2459
f 2477 2479 2324
f 2324 2479 2481
f 2324 2481 2327
f 2327 2481 2483
f 2327 2483 2485
f 2463 2465 2325
f 2325 2465 2467
f 2325 2467 2324
f 2324 2467 2469
f 2324 2469 2471
f 2330 2331 2332
f 2332 2331 2333
f 2520 2521 2522
f 2522 2521 2523
f 2520 2522 2524
f 2524 2522 2525
f 2524 2525 2526
f 2526 2525 2527
f 2526 2527 2528
f 2528 2527 2529
f 2524 2526 2520
f 2520 2526 2528
f 2520 2528 2521
f 2521 2528 2530
f 2530 2531 2521
f 2521 2531 2523
f 2532 2533 2534
f 2532 2535 2533
f 2533 2535 2536
f 2533 2536 2537
f 2534 2538 2532
f 2532 2538 2539
f 2532 2539 2540
f 2537 2541 2533
f 2533 2541 2542
f 2533 2542 2543
f 2540 2544 2532
f 2532 2544 2545
f 2532 2545 2546
f 2543 2547 2533
f 2533 2547 2548
f 2533 2548 2549
f 2550 2551 2552
f 2546 2553 2532
f 2532 2553 2550
f 2532 2550 2554
f 2554 2550 2552
f 2555 2556 2549
f 2549 2556 2557
f 2549 2557 2533
f 2555 2558 2559
f 2555 2559 2556
f 2556 2559 2560
f 2556 2560 2557
f 2557 2560 2561
f 2557 2561 2533
f 2533 2561 2562
f 2533 2562 2534
f 2534 2562 2563
f 2534 2563 2538
f 2538 2563 2564
f 2538 2564 2539
f 2539 2564 2565
f 2539 2565 2540
f 2540 2565 2566
f 2540 2566 2544
f 2544 2566 2567
f 2544 2567 2545
f 2545 2567 2568
f 2545 2568 2546
f 2546 2568 2569
f 2546 2569 2553
f 2553 2569 2570
f 2553 2570 2550
f 2550 2570 2571
f 2550 2571 2551
f 2551 2571 2572
f 2551 2572 2552
f 2552 2572 2573
f 2552 2573 2554
f 2554 2573 2574
f 2554 2574 2532
f 2532 2574 2575
f 2532 2575 2535
f 2535 2575 2576
f 2535 2576 2536
f 2536 2576 2577
f 2536 2577 2537
f 2537 2577 2578
f 2537 2578 2541
f 2541 2578 2579
f 2541 2579 2542
f 2542 2579 2580
f 2542 2580 2543
f 2543 2580 2581
f 2543 2581 2547
f 2547 2581 2582
f 2547 2582 2548
f 2548 2582 2583
f 2548 2583 2549
f 2549 2583 2558
f 2549 2558 2555
f 2571 2584 2585
f 2571 2585 2572
f 2572 2585 2586
f 2572 2586 2573
f 2573 2586 2587
f 2573 2587 2574
f 2574 2587 2588
f 2574 2588 2575
f 2575 2588 2589
f 2575 2589 2576
f 2576 2589 2590
f 2576 2590 2577
f 2577 2590 2591
f 2577 2591 2578
f 2578 2591 2592
f 2578 2592 2579
f 2579 2592 2593
f 2579 2593 2580
f 2580 2593 2594
f 2580 2594 2581
f 2581 2594 2595
f 2581 2595 2582
f 2582 2595 2596
f 2582 2596 2583
f 2583 2596 2597
f 2583 2597 2558
f 2558 2597 2598
f 2558 2598 2559
f 2559 2598 2599
f 2559 2599 2560
f 2560 2599 2600
f 2560 2600 2561
f 2561 2600 2601
f 2561 2601 2562
f 2562 2601 2602
f 2562 2602 2563
f 2563 2602 2603
f 2563 2603 2564
f 2564 2603 2604
f 2564 2604 2565
f 2565 2604 2605
f 2565 2605 2566
f 2566 2605 2606
f 2566 2606 2567
f 2567 2606 2607
f 2567 2607 2568
f 2568 2607 2608
f 2568 2608 2569
f 2569 2608 2609
f 2569 2609 2570
f 2570 2609 2584
f 2570 2584 2571
f 2608 2610 2609
f 2609 2610 2611
f 2609 2611 2584
f 2584 2611 2612
f 2584 2612 2585
f 2603 2613 2604
f 2604 2613 2614
f 2604 2614 2605
f 2605 2614 2615
f 2605 2615 2606
f 2615 2616 2606
f 2606 2616 2617
f 2606 2617 2607
f 2607 2617 2618
f 2607 2618 2608
f 2608 2618 2619
f 2608 2619 2610
f 2600 2620 2601
f 2601 2620 2621
f 2601 2621 2602
f 2602 2621 2622
f 2602 2622 2603
f 2603 2622 2623
f 2603 2623 2613
f 2595 2624 2596
f 2596 2624 2625
f 2596 2625 2597
f 2597 2625 2626
f 2597 2626 2598
f 2587 2627 2588
f 2588 2627 2628
f 2588 2628 2589
f 2589 2628 2629
f 2589 2629 2590
f 2626 2630 2598
f 2598 2630 2631
f 2598 2631 2599
f 2599 2631 2632
f 2599 2632 2600
f 2600 2632 2633
f 2600 2633 2620
f 2612 2634 2585
f 2585 2634 2635
f 2585 2635 2586
f 2586 2635 2636
f 2586 2636 2587
f 2587 2636 2637
f 2587 2637 2627
f 2593 2638 2594
f 2594 2638 2639
f 2594 2639 2595
f 2595 2639 2640
f 2595 2640 2624
f 2629 2641 2590
f 2590 2641 2642
f 2590 2642 2591
f 2591 2642 2643
f 2591 2643 2592
f 2592 2643 2644
f 2592 2644 2593
f 2593 2644 2645
f 2593 2645 2638
f 2646 2647 2648
f 2646 2648 2649
f 2649 2648 2650
f 2649 2650 2651
f 2651 2650 2652
f 2651 2652 2653
f 2653 2652 2654
f 2653 2654 2655
f 2655 2654 2656
f 2655 2656 2657
f 2657 2656 2658
f 2657 2658 2659
f 2659 2658 2660
f 2659 2660 2661
f 2661 2660 2662
f 2661 2662 2663
f 2663 2662 2664
f 2663 2664 2665
f 2665 2664 2666
f 2665 2666 2667
f 2667 2666 2668
f 2667 2668 2669
f 2669 2668 2670
f 2669 2670 2671
f 2671 2670 2672
f 2671 2672 2673
f 2673 2672 2674
f 2673 2674 2675
f 2675 2674 2676
f 2675 2676 2677
f 2677 2676 2678
f 2677 2678 2679
f 2679 2678 2680
f 2679 2680 2681
f 2681 2680 2682
f 2681 2682 2683
f 2612 2682 2680
f 2612 2680 2634
f 2634 2680 2678
f 2634 2678 2635
f 2635 2678 2676
f 2635 2676 2636
f 2636 2676 2674
f 2636 2674 2637
f 2637 2674 2672
f 2637 2672 2627
f 2627 2672 2670
f 2627 2670 2628
f 2628 2670 2668
f 2628 2668 2629
f 2629 2668 2666
f 2629 2666 2641
f 2641 2666 2664
f 2641 2664 2642
f 2642 2664 2662
f 2642 2662 2643
f 2643 2662 2660
f 2643 2660 2644
f 2644 2660 2658
f 2644 2658 2645
f 2645 2658 2656
f 2645 2656 2638
f 2638 2656 2654
f 2638 2654 2639
f 2639 2654 2652
f 2639 2652 2640
f 2640 2652 2650
f 2640 2650 2624
f 2624 2650 2648
f 2624 2648 2625
f 2625 2648 2647
f 2625 2647 2626
f 2626 2647 2684
f 2626 2684 2630
f 2630 2684 2685
f 2630 2685 2631
f 2631 2685 2686
f 2631 2686 2632
f 2632 2686 2687
f 2632 2687 2633
f 2633 2687 2688
f 2633 2688 2620
f 2620 2688 2689
f 2620 2689 2621
f 2621 2689 2690
f 2621 2690 2622
f 2622 2690 2691
f 2622 2691 2623
f 2623 2691 2692
f 2623 2692 2613
f 2613 2692 2693
f 2613 2693 2614
f 2614 2693 2694
f 2614 2694 2615
f 2615 2694 2695
f 2615 2695 2616
f 2616 2695 2696
f 2616 2696 2617
f 2617 2696 2697
f 2617 2697 2618
f 2618 2697 2698
f 2618 2698 2619
f 2619 2698 2699
f 2619 2699 2610
f 2610 2699 2700
f 2610 2700 2611
f 2611 2700 2682
f 2611 2682 2612
f 2683 2682 2700
f 2683 2700 2701
f 2701 2700 2699
f 2701 2699 2702
f 2702 2699 2698
f 2702 2698 2703
f 2703 2698 2697
f 2703 2697 2704
f 2704 2697 2696
f 2704 2696 2705
f 2705 2696 2695
f 2705 2695 2706
f 2706 2695 2694
f 2706 2694 2707
f 2707 2694 2693
f 2707 2693 2708
f 2708 2693 2692
f 2708 2692 2709
f 2709 2692 2691
f 2709 2691 2710
f 2710 2691 2690
f 2710 2690 2711
f 2711 2690 2689
f 2711 2689 2712
f 2712 2689 2688
f 2712 2688 2713
f 2713 2688 2687
f 2713 2687 2714
f 2714 2687 2686
f 2714 2686 2715
f 2715 2686 2685
f 2715 2685 2716
f 2716 2685 2684
f 2716 2684 2717
f 2717 2684 2647
f 2717 2647 2646
f 2705 2706 2527
f 2525 2683 2701
f 2716 2531 2715
f 2715 2531 2529
f 2715 2529 2714
f 2714 2529 2713
f 2701 2702 2525
f 2525 2702 2703
f 2525 2703 2527
f 2527 2703 2704
f 2527 2704 2705
f 2716 2717 2531
f 2531 2717 2646
f 2531 2646 2649
f 2706 2707 2527
f 2527 2707 2708
f 2527 2708 2529
f 2529 2708 2709
f 2529 2709 2710
f 2710 2711 2529
f 2529 2711 2712
f 2529 2712 2713
f 2669 2671 2522
f 2522 2671 2673
f 2522 2673 2675
f 2657 2659 2523
f 2523 2659 2661
f 2649 2651 2531
f 2531 2651 2653
f 2531 2653 2523
f 2523 2653 2655
f 2523 2655 2657
f 2675 2677 2522
f 2522 2677 2679
f 2522 2679 2525
f 2525 2679 2681
f 2525 2681 2683
f 2661 2663 2523
f 2523 2663 2665
f 2523 2665 2522
f 2522 2665 2667
f 2522 2667 2669
f 2528 2529 2530
f 2530 2529 2531
f 2718 2719 2720
f 2720 2719 2721
f 2718 2720 2722
f 2722 2720 2723
f 2722 2723 2724
f 2724 2723 2725
f 2724 2725 2726
f 2726 2725 2727
f 2722 2724 2718
f 2718 2724 2726
f 2718 2726 2719
f 2719 2726 2728
f 2728 2729 2719
f 2719 2729 2721
f 2730 2731 2732
f 2730 2733 2731
f 2731 2733 2734
f 2731 2734 2735
f 2732 2736 2730
f 2730 2736 2737
f 2730 2737 2738
f 2735 2739 2731
f 2731 2739 2740
f 2731 2740 2741
f 2738 2742 2730
f 2730 2742 2743
f 2730 2743 2744
f 2741 2745 2731
f 2731 2745 2746
f 2731 2746 2747
f 2748 2749 2750
f 2744 2751 2730
f 2730 2751 2748
f 2730 2748 2752
f 2752 2748 2750
f 2753 2754 2747
f 2747 2754 2755
f 2747 2755 2731
f 2753 2756 2757
f 2753 2757 2754
f 2754 2757 2758
f 2754 2758 2755
f 2755 2758 2759
f 2755 2759 2731
f 2731 2759 2760
f 2731 2760 2732
f 2732 2760 2761
f 2732 2761 2736
f 2736 2761 2762
f 2736 2762 2737
f 2737 2762 2763
f 2737 2763 2738
f 2738 2763 2764
f 2738 2764 2742
f 2742 2764 2765
f 2742 2765 2743
f 2743 2765 2766
f 2743 2766 2744
f 2744 2766 2767
f 2744 2767 2751
f 2751 2767 2768
f 2751 2768 2748
f 2748 2768 2769
f 2748 2769 2749
f 2749 2769 2770
f 2749 2770 2750
f 2750 2770 2771
f 2750 2771 2752
f 2752 2771 2772
f 2752 2772 2730
f 2730 2772 2773
f 2730 2773 2733
f 2733 2773 2774
f 2733 2774 2734
f 2734 2774 2775
f 2734 2775 2735
f 2735 2775 2776
f 2735 2776 2739
f 2739 2776 2777
f 2739 2777 2740
f 2740 2777 2778
f 2740 2778 2741
f 2741 2778 2779
f 2741 2779 2745
f 2745 2779 2780
f 2745 2780 2746
f 2746 2780 2781
f 2746 2781 2747
f 2747 2781 2756
f 2747 2756 2753
f 2769 2782 2783
f 2769 2783 2770
f 2770 2783 2784
f 2770 2784 2771
f 2771 2784 2785
f 2771 2785 2772
f 2772 2785 2786
f 2772 2786 2773
f 2773 2786 2787
f 2773 2787 2774
f 2774 2787 2788
f 2774 2788 2775
f 2775 2788 2789
f 2775 2789 2776
f 2776 2789 2790
f 2776 2790 2777
f 2777 2790 2791
f 2777 2791 2778
f 2778 2791 2792
f 2778 2792 2779
f 2779 2792 2793
f 2779 2793 2780
f 2780 2793 2794
f 2780 2794 2781
f 2781 2794 2795
f 2781 2795 2756
f 2756 2795 2796
f 2756 2796 2757
f 2757 2796 2797
f 2757 2797 2758
f 2758 2797 2798
f 2758 2798 2759
f 2759 2798 2799
f 2759 2799 2760
f 2760 2799 2800
f 2760 2800 2761
f 2761 2800 2801
f 2761 2801 2762
f 2762 2801 2802
f 2762 2802 2763
f 2763 2802 2803
f 2763 2803 2764
f 2764 2803 2804
f 2764 2804 2765
f 2765 2804 2805
f 2765 2805 2766
f 2766 2805 2806
f 2766 2806 2767
f 2767 2806 2807
f 2767 2807 2768
f 2768 2807 2782
f 2768 2782 2769
f 2806 2808 2807
f 2807 2808 2809
f 2807 2809 2782
f 2782 2809 2810
f 2782 2810 2783
f 2801 2811 2802
f 2802 2811 2812
f 2802 2812 2803
f 2803 2812 2813
f 2803 2813 2804
f 2813 2814 2804
f 2804 2814 2815
f 2804 2815 2805
f 2805 2815 2816
f 2805 2816 2806
f 2806 2816 2817
f 2806 2817 2808
f 2798 2818 2799
f 2799 2818 2819
f 2799 2819 2800
f 2800 2819 2820
f 2800 2820 2801
f 2801 2820 2821
f 2801 2821 2811
f 2793 2822 2794
f 2794 2822 2823
f 2794 2823 2795
f 2795 2823 2824
f 2795 2824 2796
f 2785 2825 2786
f 2786 2825 2826
f 2786 2826 2787
f 2787 2826 2827
f 2787 2827 2788
f 2824 2828 2796
f 2796 2828 2829
f 2796 2829 2797
f 2797 2829 2830
f 2797 2830 2798
f 2798 2830 2831
f 2798 2831 2818
f 2810 2832 2783
f 2783 2832 2833
f 2783 2833 2784
f 2784 2833 2834
f 2784 2834 2785
f 2785 2834 2835
f 2785 2835 2825
f 2791 2836 2792
f 2792 2836 2837
f 2792 2837 2793
f 2793 2837 2838
f 2793 2838 2822
f 2827 2839 2788
f 2788 2839 2840
f 2788 2840 2789
f 2789 2840 2841
f 2789 2841 2790
f 2790 2841 2842
f 2790 2842 2791
f 2791 2842 2843
f 2791 2843 2836
f 2844 2845 2846
f 2844 2846 2847
f 2847 2846 2848
f 2847 2848 2849
f 2849 2848 2850
f 2849 2850 2851
f 2851 2850 2852
f 2851 2852 2853
f 2853 2852 2854
f 2853 2854 2855
f 2855 2854 2856
f 2855 2856 2857
f 2857 2856 2858
f 2857 2858 2859
f 2859 2858 2860
f 2859 2860 2861
f 2861 2860 2862
f 2861 2862 2863
f 2863 2862 2864
f 2863 2864 2865
f 2865 2864 2866
f 2865 2866 2867
f 2867 2866 2868
f 2867 2868 2869
f 2869 2868 2870
f 2869 2870 2871
f 2871 2870 2872
f 2871 2872 2873
f 2873 2872 2874
f 2873 2874 2875
f 2875 2874 2876
f 2875 2876 2877
f 2877 2876 2878
f 2877 2878 2879
f 2879 2878 2880
f 2879 2880 2881
f 2810 2880 2878
f 2810 2878 2832
f 2832 2878 2876
f 2832 2876 2833
f 2833 2876 2874
f 2833 2874 2834
f 2834 2874 2872
f 2834 2872 2835
f 2835 2872 2870
f 2835 2870 2825
f 2825 2870 2868
f 2825 2868 2826
f 2826 2868 2866
f 2826 2866 2827
f 2827 2866 2864
f 2827 2864 2839
f 2839 2864 2862
f 2839 2862 2840
f 2840 2862 2860
f 2840 2860 2841
f 2841 2860 2858
f 2841 2858 2842
f 2842 2858 2856
f 2842 2856 2843
f 2843 2856 2854
f 2843 2854 2836
f 2836 2854 2852
f 2836 2852 2837
f 2837 2852 2850
f 2837 2850 2838
f 2838 2850 2848
f 2838 2848 2822
f 2822 2848 2846
f 2822 2846 2823
f 2823 2846 2845
f 2823 2845 2824
f 2824 2845 2882
f 2824 2882 2828
f 2828 2882 2883
f 2828 2883 2829
f 2829 2883 2884
f 2829 2884 2830
f 2830 2884 2885
f 2830 2885 2831
f 2831 2885 2886
f 2831 2886 2818
f 2818 2886 2887
f 2818 2887 2819
f 2819 2887 2888
f 2819 2888 2820
f 2820 2888 2889
f 2820 2889 2821
f 2821 2889 2890
f 2821 2890 2811
f 2811 2890 2891
f 2811 2891 2812
f 2812 2891 2892
f 2812 2892 2813
f 2813 2892 2893
f 2813 2893 2814
f 2814 2893 2894
f 2814 2894 2815
f 2815 2894 2895
f 2815 2895 2816
f 2816 2895 2896
f 2816 2896 2817
f 2817 2896 2897
f 2817 2897 2808
f 2808 2897 2898
f 2808 2898 2809
f 2809 2898 2880
f 2809 2880 2810
f 2881 2880 2898
f 2881 2898 2899
f 2899 2898 2897
f 2899 2897 2900
f 2900 2897 2896
f 2900 2896 2901
f 2901 2896 2895
f 2901 2895 2902
f 2902 2895 2894
f 2902 2894 2903
f 2903 2894 2893
f 2903 2893 2904
f 2904 2893 2892
f 2904 2892 2905
f 2905 2892 2891
f 2905 2891 2906
f 2906 2891 2890
f 2906 2890 2907
f 2907 2890 2889
f 2907 2889 2908
f 2908 2889 2888
f 2908 2888 2909
f 2909 2888 2887
f 2909 2887 2910
f 2910 2887 2886
f 2910 2886 2911
f 2911 2886 2885
f 2911 2885 2912
f 2912 2885 2884
f 2912 2884 2913
f 2913 2884 2883
f 2913 2883 2914
f 2914 2883 2882
f 2914 2882 2915
f 2915 2882 2845
f 2915 2845 2844
f 2903 2904 2725
f 2723 2881 2899
f 2914 2729 2913
f 2913 2729 2727
f 2913 2727 2912
f 2912 2727 2911
f 2899 2900 2723
f 2723 2900 2901
f 2723 2901 2725
f 2725 2901 2902
f 2725 2902 2903
f 2914 2915 2729
f 2729 2915 2844
f 2729 2844 2847
f 2904 2905 2725
f 2725 2905 2906
f 2725 2906 2727
f 2727 2906 2907
f 2727 2907 2908
f 2908 2909 2727
f 2727 2909 2910
f 2727 2910 2911
f 2867 2869 2720
f 2720 2869 2871
f 2720 2871 2873
f 2855 2857 2721
f 2721 2857 2859
f 2847 2849 2729
f 2729 2849 2851
f 2729 2851 2721
f 2721 2851 2853
f 2721 2853 2855
f 2873 2875 2720
f 2720 2875 2877
f 2720 2877 2723
f 2723 2877 2879
f 2723 2879 2881
f 2859 2861 2721
f 2721 2861 2863
f 2721 2863 2720
f 2720 2863 2865
f 2720 2865 2867
f 2726 2727 2728
f 2728 2727 2729
f 2916 2917 2918
f 2919 2917 2916
f 2916 2920 2921
f 2922 2920 2916
f 2918 2922 2916
f 2916 2923 2924
f 2925 2923 2916
f 2921 2925 2916
f 2916 2926 2927
f 2928 2926 2916
f 2924 2928 2916
f 2927 2919 2916
f 2929 2930 2931
f 2932 2930 2929
f 2929 2933 2934
f 2935 2933 2929
f 2931 2935 2929
f 2929 2936 2937
f 2938 2936 2929
f 2934 2938 2929
f 2929 2939 2940
f 2941 2939 2929
f 2937 2941 2929
f 2940 2932 2929
f 2942 2943 2944
f 2945 2943 2942
f 2942 2946 2947
f 2948 2946 2942
f 2944 2948 2942
f 2942 2949 2950
f 2951 2949 2942
f 2947 2951 2942
f 2942 2952 2953
f 2954 2952 2942
f 2950 2954 2942
f 2953 2945 2942
f 2955 2956 2957
f 2958 2956 2955
f 2955 2959 2960
f 2961 2959 2955
f 2957 2961 2955
f 2955 2962 2963
f 2964 2962 2955
f 2960 2964 2955
f 2955 2965 2966
f 2967 2965 2955
f 2963 2967 2955
f 2966 2958 2955
f 2968 2925 2969
f 2969 2925 2921
f 2969 2921 2970
f 2970 2921 2920
f 2970 2920 2971
f 2971 2920 2922
f 2971 2922 2972
f 2972 2922 2918
f 2972 2918 2973
f 2973 2918 2917
f 2973 2917 2974
f 2974 2917 2919
f 2974 2919 2975
f 2975 2919 2927
f 2975 2927 2976
f 2976 2927 2926
f 2976 2926 2977
f 2977 2926 2928
f 2977 2928 2978
f 2978 2928 2924
f 2978 2924 2979
f 2979 2924 2923
f 2979 2923 2968
f 2968 2923 2925
f 2980 2938 2981
f 2981 2938 2934
f 2981 2934 2982
f 2982 2934 2933
f 2982 2933 2983
f 2983 2933 2935
f 2983 2935 2984
f 2984 2935 2931
f 2984 2931 2985
f 2985 2931 2930
f 2985 2930 2986
f 2986 2930 2932
f 2986 2932 2987
f 2987 2932 2940
f 2987 2940 2988
f 2988 2940 2939
f 2988 2939 2989
f 2989 2939 2941
f 2989 2941 2990
f 2990 2941 2937
f 2990 2937 2991
f 2991 2937 2936
f 2991 2936 2980
f 2980 2936 2938
f 2992 2993 2994
f 2994 2993 2995
f 2996 2997 2998
f 2998 2997 2999
f 3000 3001 3002
f 3002 3001 3003
f 3004 2951 3005
f 3005 2951 2947
f 3005 2947 3006
f 3006 2947 2946
f 3006 2946 3007
f 3007 2946 2948
f 3007 2948 3008
f 3008 2948 2944
f 3008 2944 3009
f 3009 2944 2943
f 3009 2943 3010
f 3010 2943 2945
f 3010 2945 3011
f 3011 2945 2953
f 3011 2953 3012
f 3012 2953 2952
f 3012 2952 3013
f 3013 2952 2954
f 3013 2954 3014
f 3014 2954 2950
f 3014 2950 3015
f 3015 2950 2949
f 3015 2949 3004
f 3004 2949 2951
f 3016 2964 3017
f 3017 2964 2960
f 3017 2960 3018
f 3018 2960 2959
f 3018 2959 3019
f 3019 2959 2961
f 3019 2961 3020
f 3020 2961 2957
f 3020 2957 3021
f 3021 2957 2956
f 3021 2956 3022
f 3022 2956 2958
f 3022 2958 3023
f 3023 2958 2966
f 3023 2966 3024
f 3024 2966 2965
f 3024 2965 3025
f 3025 2965 2967
f 3025 2967 3026
f 3026 2967 2963
f 3026 2963 3027
f 3027 2963 2962
f 3027 2962 3016
f 3016 2962 2964
f 3028 3029 3030
f 3030 3029 3031
f 3030 3031 3032
f 3032 3031 3033
f 3032 3033 3034
f 3034 3033 3035
f 3034 3035 3036
f 3036 3035 3037
f 3036 3037 3038
f 3038 3037 3039
f 3038 3039 3040
f 3040 3039 3041
f 3042 3043 3044
f 3044 3043 3045
f 2999 2997 3041
f 3041 2997 3040
f 2978 2979 3045
f 3045 2979 2968
f 3045 2968 2995
f 2978 3045 2977
f 2977 3045 3043
f 2977 3043 2976
f 2987 2988 3043
f 3043 2988 2989
f 2980 2973 2991
f 2991 2973 2974
f 2976 3043 2975
f 2975 3043 2989
f 2975 2989 2974
f 2974 2989 2990
f 2974 2990 2991
f 2968 2969 2995
f 2995 2969 2970
f 2995 2970 2971
f 2983 2984 2994
f 2994 2984 2985
f 2994 2985 3043
f 3043 2985 2986
f 3043 2986 2987
f 2983 2994 2982
f 2982 2994 2995
f 2982 2995 2981
f 2981 2995 2971
f 2981 2971 2980
f 2980 2971 2972
f 2980 2972 2973
f 2993 2992 3002
f 3002 2992 3000
f 3001 3024 3025
f 3020 3021 2996
f 2996 3021 3022
f 2996 3022 3001
f 3001 3022 3023
f 3001 3023 3024
f 3013 3003 3012
f 3012 3003 3001
f 3012 3001 3011
f 3011 3001 3025
f 3011 3025 3010
f 3004 2998 3015
f 3015 2998 3003
f 3015 3003 3014
f 3014 3003 3013
f 3004 3005 2998
f 2998 3005 3006
f 2998 3006 3007
f 3020 2996 3019
f 3019 2996 2998
f 3019 2998 3018
f 3016 3009 3027
f 3027 3009 3010
f 3027 3010 3026
f 3026 3010 3025
f 3018 2998 3017
f 3017 2998 3007
f 3017 3007 3016
f 3016 3007 3008
f 3016 3008 3009
f 3046 3047 3028
f 3028 3047 3029
f 3048 3049 3050
f 3050 3049 3051
f 3038 3040 2997
f 2992 3051 3000
f 3000 3051 3052
f 3053 3034 3036
f 3036 3038 3053
f 3053 3038 2997
f 3053 2997 3052
f 3052 2997 2996
f 3052 2996 3000
f 3000 2996 3001
f 2992 2994 3051
f 3051 2994 3043
f 3051 3043 3050
f 3050 3043 3042
f 3050 3042 3054
f 3054 3042 3055
f 3054 3055 3056
f 3032 3034 3057
f 3058 3059 3057
f 3057 3059 3046
f 3046 3028 3057
f 3057 3028 3030
f 3057 3030 3032
f 3060 3053 3061
f 3061 3053 3052
f 3062 3063 3064
f 3064 3063 3065
f 3066 3067 3068
f 3068 3067 3069
f 3070 3071 3072
f 3073 3071 3070
f 3070 3074 3075
f 3076 3074 3070
f 3072 3076 3070
f 3070 3077 3078
f 3079 3077 3070
f 3075 3079 3070
f 3070 3080 3081
f 3082 3080 3070
f 3078 3082 3070
f 3081 3073 3070
f 3083 3084 3085
f 3086 3087 3088
f 3089 3090 3091
f 3092 3093 3094
f 3085 3089 3083
f 3083 3089 3091
f 3083 3091 3094
f 3094 3091 3086
f 3094 3086 3092
f 3092 3086 3088
f 3095 3096 3097
f 3098 3099 3100
f 3096 3101 3097
f 3097 3101 3102
f 3097 3102 3103
f 3095 3097 3104
f 3104 3097 3105
f 3104 3105 3106
f 3100 3099 3107
f 3099 3108 3107
f 3107 3108 3109
f 3107 3109 3110
f 3110 3111 3107
f 3107 3111 3112
f 3107 3112 3113
f 3113 3112 3114
f 3102 3115 3103
f 3103 3115 3116
f 3103 3116 3117
f 3117 3116 3118
f 3117 3118 3119
f 3118 3120 3119
f 3119 3120 3121
f 3119 3121 3122
f 3122 3121 3123
f 3122 3123 3124
f 3124 3123 3125
f 3124 3125 3100
f 3100 3125 3126
f 3100 3126 3098
f 3127 3128 3129
f 3130 3131 3132
f 3133 3134 3135
f 3133 3135 3132
f 3132 3135 3136
f 3132 3136 3130
f 3131 3130 3128
f 3128 3130 3137
f 3128 3137 3129
f 3138 3139 3129
f 3129 3139 3140
f 3129 3140 3127
f 3138 3129 3141
f 3141 3129 3142
f 3141 3142 3143
f 3143 3142 3144
f 3143 3144 3145
f 3145 3144 3146
f 3145 3146 3147
f 3148 3149 3150
f 3150 3149 3151
f 3152 3153 3056
f 3056 3153 3054
f 3042 3044 3055
f 3055 3044 3154
f 3155 3156 3157
f 3157 3156 3158
f 3159 3160 3161
f 3161 3160 3162
f 3046 3059 3047
f 3047 3059 3163
f 3164 3058 3165
f 3165 3058 3057
f 3166 3167 3168
f 3168 3167 3169
f 3170 3171 3172
f 3172 3171 3173
f 3002 3173 2993
f 2993 3173 3150
f 2995 2993 3045
f 3045 2993 3150
f 3045 3150 3044
f 3044 3150 3151
f 3044 3151 3154
f 3154 3151 3157
f 3154 3157 3158
f 3041 3039 3172
f 3172 3039 3037
f 3172 3037 3035
f 3002 3003 3173
f 3173 3003 2998
f 3173 2998 3172
f 3172 2998 2999
f 3172 2999 3041
f 3163 3174 3047
f 3047 3174 3175
f 3029 3047 3031
f 3031 3047 3175
f 3031 3175 3033
f 3033 3175 3035
f 3176 3177 3174
f 3174 3177 3175
f 3178 3179 3180
f 3180 3179 3181
f 3182 3183 3184
f 3184 3183 3185
f 3184 3185 3186
f 3186 3185 3181
f 3181 3185 3187
f 3181 3187 3180
f 3188 3189 3190
f 3190 3189 3191
f 3192 3193 3194
f 3194 3193 3195
f 3194 3195 3196
f 3196 3197 3194
f 3194 3197 3198
f 3194 3198 3199
f 3199 3198 3200
f 3199 3200 3201
f 3200 3202 3201
f 3201 3202 3203
f 3201 3203 3191
f 3191 3203 3204
f 3191 3204 3190
f 3205 3206 3207
f 3208 3206 3205
f 3205 3209 3210
f 3211 3209 3205
f 3207 3211 3205
f 3205 3212 3213
f 3214 3212 3205
f 3210 3214 3205
f 3205 3215 3216
f 3217 3215 3205
f 3213 3217 3205
f 3216 3208 3205
f 3218 3219 3220
f 3220 3219 3221
f 3220 3221 3222
f 3223 3224 3225
f 3225 3224 3226
f 3225 3226 3227
f 3227 3226 3228
f 3227 3228 3229
f 3229 3228 3230
f 3229 3230 3231
f 3231 3230 3232
f 3231 3232 3233
f 3221 3234 3222
f 3222 3234 3235
f 3222 3235 3232
f 3232 3235 3236
f 3232 3236 3233
f 3237 3238 3239
f 3240 3241 3242
f 3242 3241 3237
f 3242 3237 3243
f 3243 3237 3239
f 3244 3245 3246
f 3246 3245 3247
f 3248 3249 3238
f 3238 3249 3250
f 3238 3250 3239
f 3223 3251 3224
f 3224 3251 3252
f 3224 3252 3246
f 3246 3252 3253
f 3246 3253 3244
f 3245 3254 3247
f 3247 3254 3255
f 3247 3255 3256
f 3256 3255 3257
f 3256 3257 3248
f 3248 3257 3258
f 3248 3258 3249
f 3259 3260 3261
f 3262 3263 3264
f 3264 3263 3265
f 3261 3266 3259
f 3259 3266 3267
f 3259 3267 3268
f 3265 3263 3269
f 3269 3263 3270
f 3269 3270 3271
f 3271 3270 3272
f 3271 3272 3266
f 3266 3272 3273
f 3266 3273 3267
f 3274 3275 3276
f 3276 3277 3274
f 3274 3277 3278
f 3274 3278 3279
f 3279 3278 3280
f 3279 3280 3281
f 3281 3280 3282
f 3281 3282 3283
f 3283 3282 3284
f 3283 3284 3285
f 3285 3284 3286
f 3287 3288 3289
f 3289 3288 3290
f 3289 3290 3291
f 3291 3290 3292
f 3291 3292 3293
f 3293 3292 3294
f 3293 3294 3295
f 3295 3294 3296
f 3295 3296 3297
f 3297 3296 3298
f 3297 3298 3299
f 3299 3298 3300
f 3299 3300 3301
f 3301 3300 3302
f 3301 3302 3303
f 3303 3302 3304
f 3303 3304 3305
f 3305 3304 3286
f 3305 3286 3306
f 3306 3286 3284
f 3307 3308 3309
f 3307 3309 3310
f 3310 3309 3311
f 3310 3311 3312
f 3312 3311 3313
f 3312 3313 3314
f 3314 3313 3315
f 3314 3315 3316
f 3316 3315 3317
f 3316 3317 3318
f 3318 3317 3168
f 3318 3168 3169
f 3051 3049 3319
f 3319 3320 3051
f 3051 3320 3321
f 3051 3321 3322
f 3061 3052 3323
f 3323 3052 3051
f 3323 3051 3324
f 3324 3051 3322
f 3050 3054 3153
f 3153 3325 3050
f 3050 3325 3326
f 3050 3326 3048
f 3165 3057 3327
f 3327 3057 3034
f 3327 3034 3328
f 3328 3034 3053
f 3328 3053 3060
f 3329 3062 3330
f 3330 3062 3064
f 3330 3064 3331
f 3331 3064 3065
f 3331 3065 3332
f 3332 3065 3063
f 3332 3063 3333
f 3333 3063 3334
f 3334 3063 3062
f 3334 3062 3329
f 3335 3066 3336
f 3336 3066 3068
f 3336 3068 3337
f 3337 3068 3069
f 3337 3069 3338
f 3338 3069 3067
f 3338 3067 3335
f 3335 3067 3066
f 3339 3079 3340
f 3340 3079 3075
f 3340 3075 3341
f 3341 3075 3074
f 3341 3074 3342
f 3342 3074 3076
f 3342 3076 3343
f 3343 3076 3072
f 3343 3072 3344
f 3344 3072 3071
f 3344 3071 3345
f 3345 3071 3073
f 3345 3073 3346
f 3346 3073 3081
f 3346 3081 3347
f 3347 3081 3080
f 3347 3080 3348
f 3348 3080 3082
f 3348 3082 3349
f 3349 3082 3078
f 3349 3078 3350
f 3350 3078 3077
f 3350 3077 3339
f 3339 3077 3079
f 3351 3093 3352
f 3352 3093 3092
f 3352 3092 3353
f 3353 3092 3088
f 3353 3088 3354
f 3354 3088 3087
f 3354 3087 3355
f 3355 3087 3086
f 3355 3086 3356
f 3356 3086 3091
f 3356 3091 3357
f 3357 3091 3090
f 3357 3090 3358
f 3358 3090 3089
f 3358 3089 3359
f 3359 3089 3085
f 3359 3085 3360
f 3360 3085 3084
f 3360 3084 3361
f 3361 3084 3083
f 3361 3083 3362
f 3362 3083 3094
f 3362 3094 3351
f 3351 3094 3093
f 3363 3364 3119
f 3119 3364 3117
f 3124 3365 3366
f 3124 3366 3122
f 3122 3366 3363
f 3122 3363 3119
f 3365 3124 3367
f 3367 3124 3100
f 3367 3100 3368
f 3368 3100 3107
f 3368 3107 3369
f 3369 3107 3113
f 3369 3113 3370
f 3370 3113 3114
f 3112 3371 3114
f 3114 3371 3370
f 3372 3371 3111
f 3111 3371 3112
f 3109 3373 3374
f 3109 3374 3110
f 3110 3374 3372
f 3110 3372 3111
f 3099 3375 3376
f 3099 3376 3108
f 3108 3376 3373
f 3108 3373 3109
f 3125 3377 3378
f 3375 3099 3379
f 3379 3099 3098
f 3379 3098 3378
f 3378 3098 3126
f 3378 3126 3125
f 3121 3380 3381
f 3121 3381 3123
f 3123 3381 3377
f 3123 3377 3125
f 3380 3121 3382
f 3382 3121 3120
f 3382 3120 3383
f 3118 3384 3120
f 3120 3384 3383
f 3102 3385 3386
f 3384 3118 3387
f 3387 3118 3116
f 3387 3116 3386
f 3386 3116 3115
f 3386 3115 3102
f 3096 3388 3389
f 3096 3389 3101
f 3101 3389 3385
f 3101 3385 3102
f 3104 3390 3391
f 3104 3391 3095
f 3095 3391 3388
f 3095 3388 3096
f 3390 3104 3392
f 3392 3104 3106
f 3392 3106 3393
f 3393 3106 3105
f 3393 3105 3394
f 3394 3105 3097
f 3394 3097 3395
f 3395 3097 3396
f 3396 3097 3103
f 3117 3364 3103
f 3103 3364 3396
f 3139 3397 3398
f 3399 3128 3400
f 3400 3128 3127
f 3400 3127 3398
f 3398 3127 3140
f 3398 3140 3139
f 3143 3401 3402
f 3397 3139 3403
f 3403 3139 3138
f 3403 3138 3402
f 3402 3138 3141
f 3402 3141 3143
f 3147 3404 3405
f 3147 3405 3145
f 3145 3405 3401
f 3145 3401 3143
f 3404 3147 3406
f 3406 3147 3146
f 3406 3146 3407
f 3407 3146 3144
f 3407 3144 3408
f 3408 3144 3142
f 3408 3142 3409
f 3409 3142 3129
f 3130 3410 3411
f 3130 3411 3137
f 3137 3411 3409
f 3137 3409 3129
f 3135 3412 3413
f 3135 3413 3136
f 3136 3413 3410
f 3136 3410 3130
f 3412 3135 3414
f 3414 3135 3134
f 3414 3134 3415
f 3415 3134 3133
f 3415 3133 3416
f 3416 3133 3132
f 3416 3132 3417
f 3417 3132 3131
f 3128 3399 3131
f 3131 3399 3417
f 3171 3418 3173
f 3173 3418 3419
f 3173 3419 3420
f 3420 3421 3173
f 3173 3421 3422
f 3173 3422 3150
f 3150 3422 3423
f 3150 3423 3148
f 3149 3424 3151
f 3151 3424 3425
f 3155 3157 3426
f 3426 3157 3151
f 3426 3151 3427
f 3427 3151 3425
f 3161 3162 3428
f 3055 3154 3056
f 3056 3154 3158
f 3429 3152 3056
f 3428 3429 3161
f 3161 3429 3056
f 3161 3056 3430
f 3430 3056 3158
f 3430 3158 3156
f 3160 3159 3431
f 3160 3431 3432
f 3432 3431 3433
f 3432 3433 3434
f 3434 3433 3435
f 3434 3435 3436
f 3436 3435 3437
f 3436 3437 3438
f 3438 3437 3439
f 3438 3439 3440
f 3440 3439 3441
f 3440 3441 3442
f 3164 3167 3058
f 3058 3167 3166
f 3163 3059 3174
f 3174 3059 3058
f 3166 3443 3058
f 3058 3443 3444
f 3058 3444 3174
f 3174 3444 3176
f 3175 3177 3035
f 3035 3177 3445
f 3445 3446 3035
f 3035 3446 3447
f 3035 3447 3172
f 3172 3447 3448
f 3172 3448 3170
f 3449 3185 3450
f 3450 3185 3183
f 3450 3183 3451
f 3185 3449 3187
f 3187 3449 3452
f 3187 3452 3453
f 3454 3180 3453
f 3453 3180 3187
f 3455 3178 3456
f 3456 3178 3180
f 3456 3180 3454
f 3457 3179 3455
f 3455 3179 3178
f 3458 3181 3457
f 3457 3181 3179
f 3459 3186 3458
f 3458 3186 3181
f 3460 3184 3459
f 3459 3184 3186
f 3184 3460 3182
f 3182 3460 3461
f 3182 3461 3462
f 3451 3183 3462
f 3462 3183 3182
f 3463 3191 3464
f 3464 3191 3189
f 3464 3189 3465
f 3191 3463 3201
f 3201 3463 3466
f 3201 3466 3467
f 3468 3199 3467
f 3467 3199 3201
f 3469 3194 3470
f 3470 3194 3199
f 3470 3199 3468
f 3194 3469 3192
f 3192 3469 3471
f 3192 3471 3472
f 3473 3193 3472
f 3472 3193 3192
f 3474 3195 3475
f 3475 3195 3193
f 3475 3193 3473
f 3476 3196 3474
f 3474 3196 3195
f 3196 3476 3477
f 3196 3477 3197
f 3197 3477 3478
f 3197 3478 3198
f 3198 3478 3479
f 3198 3479 3200
f 3200 3479 3480
f 3200 3480 3202
f 3202 3480 3481
f 3202 3481 3203
f 3482 3204 3481
f 3481 3204 3203
f 3483 3190 3482
f 3482 3190 3204
f 3190 3483 3188
f 3188 3483 3484
f 3188 3484 3485
f 3465 3189 3485
f 3485 3189 3188
f 3486 3214 3487
f 3487 3214 3210
f 3487 3210 3488
f 3488 3210 3209
f 3488 3209 3489
f 3489 3209 3211
f 3489 3211 3490
f 3490 3211 3207
f 3490 3207 3491
f 3491 3207 3206
f 3491 3206 3492
f 3492 3206 3208
f 3492 3208 3493
f 3493 3208 3216
f 3493 3216 3494
f 3494 3216 3215
f 3494 3215 3495
f 3495 3215 3217
f 3495 3217 3496
f 3496 3217 3213
f 3496 3213 3497
f 3497 3213 3212
f 3497 3212 3486
f 3486 3212 3214
f 3223 3498 3499
f 3500 3253 3501
f 3501 3253 3252
f 3501 3252 3499
f 3499 3252 3251
f 3499 3251 3223
f 3253 3500 3502
f 3253 3502 3244
f 3244 3502 3503
f 3244 3503 3245
f 3245 3503 3504
f 3245 3504 3254
f 3254 3504 3505
f 3254 3505 3255
f 3255 3505 3506
f 3255 3506 3257
f 3257 3506 3507
f 3257 3507 3258
f 3258 3507 3508
f 3258 3508 3509
f 3509 3508 3510
f 3509 3510 3250
f 3250 3510 3511
f 3250 3511 3239
f 3239 3511 3512
f 3239 3512 3243
f 3243 3512 3513
f 3243 3513 3242
f 3242 3513 3514
f 3242 3514 3240
f 3515 3241 3514
f 3514 3241 3240
f 3241 3515 3516
f 3241 3516 3237
f 3237 3516 3517
f 3237 3517 3238
f 3238 3517 3518
f 3238 3518 3248
f 3248 3518 3519
f 3248 3519 3256
f 3256 3519 3520
f 3256 3520 3247
f 3247 3520 3521
f 3247 3521 3246
f 3246 3521 3522
f 3246 3522 3224
f 3224 3522 3523
f 3224 3523 3226
f 3226 3523 3524
f 3226 3524 3228
f 3228 3524 3525
f 3228 3525 3230
f 3230 3525 3526
f 3230 3526 3232
f 3232 3526 3527
f 3232 3527 3222
f 3528 3220 3529
f 3529 3220 3222
f 3529 3222 3527
f 3530 3218 3528
f 3528 3218 3220
f 3531 3219 3530
f 3530 3219 3218
f 3532 3221 3531
f 3531 3221 3219
f 3533 3234 3532
f 3532 3234 3221
f 3234 3533 3534
f 3234 3534 3235
f 3235 3534 3535
f 3235 3535 3236
f 3236 3535 3536
f 3236 3536 3233
f 3233 3536 3537
f 3233 3537 3231
f 3231 3537 3538
f 3231 3538 3229
f 3229 3538 3539
f 3229 3539 3227
f 3227 3539 3540
f 3227 3540 3225
f 3225 3540 3498
f 3225 3498 3223
f 3541 3262 3264
f 3269 3542 3265
f 3265 3542 3543
f 3265 3543 3264
f 3264 3543 3544
f 3264 3544 3541
f 3545 3263 3541
f 3541 3263 3262
f 3263 3545 3546
f 3263 3546 3270
f 3270 3546 3547
f 3270 3547 3272
f 3548 3268 3267
f 3272 3547 3273
f 3273 3547 3549
f 3273 3549 3267
f 3267 3549 3550
f 3267 3550 3548
f 3551 3259 3548
f 3548 3259 3268
f 3552 3260 3551
f 3551 3260 3259
f 3553 3261 3552
f 3552 3261 3260
f 3554 3266 3553
f 3553 3266 3261
f 3266 3554 3555
f 3266 3555 3271
f 3271 3555 3542
f 3271 3542 3269
f 3281 3556 3557
f 3281 3557 3279
f 3279 3557 3558
f 3279 3558 3274
f 3274 3558 3559
f 3274 3559 3275
f 3560 3276 3559
f 3559 3276 3275
f 3276 3560 3561
f 3276 3561 3277
f 3277 3561 3562
f 3277 3562 3278
f 3278 3562 3563
f 3278 3563 3280
f 3280 3563 3564
f 3280 3564 3282
f 3282 3564 3565
f 3282 3565 3284
f 3284 3565 3566
f 3284 3566 3306
f 3306 3566 3567
f 3306 3567 3305
f 3305 3567 3568
f 3305 3568 3303
f 3303 3568 3569
f 3303 3569 3301
f 3301 3569 3570
f 3301 3570 3299
f 3299 3570 3571
f 3299 3571 3297
f 3297 3571 3572
f 3297 3572 3295
f 3295 3572 3573
f 3295 3573 3293
f 3293 3573 3574
f 3293 3574 3291
f 3291 3574 3575
f 3291 3575 3289
f 3289 3575 3576
f 3289 3576 3287
f 3577 3288 3576
f 3576 3288 3287
f 3288 3577 3578
f 3288 3578 3290
f 3290 3578 3579
f 3290 3579 3292
f 3292 3579 3580
f 3292 3580 3294
f 3294 3580 3581
f 3294 3581 3296
f 3296 3581 3582
f 3296 3582 3298
f 3298 3582 3583
f 3298 3583 3300
f 3300 3583 3584
f 3300 3584 3302
f 3302 3584 3585
f 3302 3585 3304
f 3304 3585 3586
f 3304 3586 3286
f 3286 3586 3587
f 3556 3281 3588
f 3588 3281 3283
f 3588 3283 3587
f 3587 3283 3285
f 3587 3285 3286
f 3308 3307 3589
f 3589 3307 3590
f 3361 3362 3360
f 3327 3591 3590
f 3590 3591 3592
f 3327 3590 3165
f 3165 3590 3307
f 3165 3307 3164
f 3164 3307 3169
f 3164 3169 3167
f 3307 3310 3312
f 3318 3169 3316
f 3316 3169 3307
f 3316 3307 3314
f 3314 3307 3312
f 3407 3408 3593
f 3594 3595 3593
f 3593 3595 3596
f 3330 3394 3395
f 3442 3597 3428
f 3597 3598 3599
f 3432 3442 3160
f 3160 3442 3428
f 3160 3428 3162
f 3438 3440 3436
f 3436 3440 3442
f 3436 3442 3434
f 3434 3442 3432
f 3153 3152 3600
f 3601 3382 3602
f 3602 3382 3383
f 3393 3602 3392
f 3392 3602 3383
f 3392 3383 3390
f 3390 3383 3384
f 3390 3384 3391
f 3391 3384 3388
f 3384 3387 3388
f 3388 3387 3386
f 3388 3386 3389
f 3389 3386 3385
f 3394 3330 3393
f 3393 3330 3331
f 3393 3331 3602
f 3602 3331 3332
f 3602 3332 3603
f 3603 3332 3333
f 3603 3333 3594
f 3594 3333 3334
f 3594 3334 3595
f 3595 3334 3329
f 3595 3329 3596
f 3428 3336 3604
f 3604 3336 3337
f 3338 3335 3368
f 3369 3370 3601
f 3368 3369 3338
f 3338 3369 3601
f 3338 3601 3337
f 3337 3601 3605
f 3337 3605 3604
f 3374 3373 3379
f 3379 3373 3376
f 3379 3376 3375
f 3374 3379 3372
f 3372 3379 3378
f 3372 3378 3371
f 3371 3378 3377
f 3371 3377 3370
f 3370 3377 3381
f 3370 3381 3601
f 3601 3381 3380
f 3601 3380 3382
f 3346 3327 3345
f 3345 3327 3328
f 3345 3328 3344
f 3344 3328 3060
f 3344 3060 3343
f 3343 3060 3061
f 3343 3061 3342
f 3342 3061 3323
f 3342 3323 3341
f 3591 3350 3606
f 3606 3350 3339
f 3606 3339 3340
f 3346 3347 3327
f 3327 3347 3348
f 3327 3348 3591
f 3591 3348 3349
f 3591 3349 3350
f 3428 3351 3429
f 3429 3351 3352
f 3354 3605 3353
f 3353 3605 3607
f 3353 3607 3352
f 3352 3607 3600
f 3352 3600 3429
f 3429 3600 3152
f 3362 3351 3360
f 3360 3351 3428
f 3360 3428 3359
f 3359 3428 3604
f 3359 3604 3358
f 3358 3604 3605
f 3358 3605 3357
f 3357 3605 3354
f 3357 3354 3356
f 3356 3354 3355
f 3599 3363 3366
f 3366 3365 3599
f 3599 3365 3367
f 3599 3367 3597
f 3597 3367 3368
f 3597 3368 3428
f 3428 3368 3335
f 3428 3335 3336
f 3329 3330 3596
f 3596 3330 3395
f 3596 3395 3598
f 3598 3395 3396
f 3598 3396 3599
f 3599 3396 3364
f 3599 3364 3363
f 3593 3592 3407
f 3407 3592 3591
f 3407 3591 3406
f 3406 3591 3606
f 3406 3606 3404
f 3404 3606 3603
f 3398 3397 3405
f 3397 3403 3405
f 3405 3403 3402
f 3405 3402 3401
f 3411 3410 3413
f 3411 3413 3409
f 3409 3413 3412
f 3409 3412 3408
f 3408 3412 3414
f 3408 3414 3593
f 3593 3414 3415
f 3593 3415 3594
f 3594 3415 3416
f 3594 3416 3603
f 3603 3416 3417
f 3603 3417 3404
f 3404 3417 3399
f 3404 3399 3405
f 3405 3399 3400
f 3405 3400 3398
f 3049 3607 3319
f 3319 3607 3605
f 3319 3605 3320
f 3320 3605 3601
f 3320 3601 3321
f 3321 3601 3602
f 3321 3602 3322
f 3322 3602 3603
f 3322 3603 3324
f 3324 3603 3606
f 3324 3606 3323
f 3323 3606 3340
f 3323 3340 3341
f 3049 3048 3607
f 3607 3048 3326
f 3607 3326 3600
f 3600 3326 3325
f 3600 3325 3153
f 3608 3597 3441
f 3441 3597 3442
f 3559 3558 3609
f 3492 3610 3611
f 3478 3480 3479
f 3474 3475 3612
f 3177 3176 3444
f 3148 3423 3611
f 3171 3170 3448
f 3424 3149 3148
f 3156 3613 3430
f 3430 3613 3608
f 3430 3608 3441
f 3439 3437 3441
f 3441 3437 3435
f 3161 3430 3159
f 3159 3430 3441
f 3159 3441 3431
f 3431 3441 3435
f 3431 3435 3433
f 3614 3615 3616
f 3616 3615 3617
f 3616 3617 3618
f 3618 3617 3619
f 3618 3619 3589
f 3311 3309 3313
f 3313 3309 3308
f 3315 3313 3317
f 3317 3313 3308
f 3317 3308 3168
f 3168 3308 3620
f 3451 3462 3620
f 3620 3462 3621
f 3308 3589 3620
f 3620 3589 3619
f 3620 3619 3451
f 3451 3619 3453
f 3451 3453 3450
f 3450 3453 3452
f 3450 3452 3449
f 3461 3460 3622
f 3459 3458 3457
f 3460 3459 3622
f 3622 3459 3457
f 3622 3457 3623
f 3623 3457 3455
f 3623 3455 3624
f 3624 3455 3456
f 3624 3456 3619
f 3619 3456 3454
f 3619 3454 3453
f 3475 3473 3625
f 3625 3473 3472
f 3625 3472 3445
f 3467 3445 3468
f 3468 3445 3472
f 3468 3472 3470
f 3470 3472 3471
f 3470 3471 3469
f 3483 3447 3484
f 3484 3447 3446
f 3484 3446 3485
f 3485 3446 3445
f 3485 3445 3465
f 3465 3445 3467
f 3465 3467 3464
f 3464 3467 3466
f 3464 3466 3463
f 3477 3476 3482
f 3482 3476 3626
f 3477 3482 3478
f 3478 3482 3481
f 3478 3481 3480
f 3495 3496 3609
f 3610 3492 3627
f 3492 3493 3627
f 3627 3493 3494
f 3627 3494 3495
f 3487 3488 3422
f 3422 3488 3489
f 3422 3489 3423
f 3423 3489 3490
f 3423 3490 3611
f 3611 3490 3491
f 3611 3491 3492
f 3538 3537 3539
f 3539 3537 3536
f 3539 3536 3535
f 3518 3517 3622
f 3622 3517 3516
f 3462 3461 3621
f 3621 3461 3622
f 3621 3622 3515
f 3515 3622 3516
f 3533 3532 3534
f 3534 3532 3531
f 3530 3503 3502
f 3502 3500 3530
f 3530 3500 3501
f 3530 3501 3499
f 3528 3515 3514
f 3535 3534 3539
f 3539 3534 3531
f 3539 3531 3540
f 3540 3531 3530
f 3540 3530 3498
f 3498 3530 3499
f 3628 3507 3530
f 3530 3507 3506
f 3512 3511 3530
f 3530 3511 3510
f 3530 3510 3628
f 3506 3505 3530
f 3530 3505 3504
f 3530 3504 3503
f 3528 3514 3530
f 3530 3514 3513
f 3530 3513 3512
f 3522 3521 3626
f 3476 3474 3626
f 3626 3474 3612
f 3626 3612 3522
f 3522 3612 3523
f 3515 3528 3621
f 3621 3528 3529
f 3621 3529 3620
f 3475 3625 3612
f 3612 3625 3524
f 3612 3524 3523
f 3529 3527 3620
f 3620 3527 3526
f 3620 3526 3625
f 3625 3526 3525
f 3625 3525 3524
f 3555 3554 3553
f 3555 3553 3542
f 3629 3548 3550
f 3550 3549 3629
f 3629 3549 3547
f 3629 3547 3546
f 3543 3542 3624
f 3624 3542 3553
f 3624 3553 3623
f 3623 3553 3552
f 3623 3552 3630
f 3630 3552 3551
f 3546 3545 3617
f 3617 3545 3619
f 3619 3545 3541
f 3619 3541 3624
f 3624 3541 3544
f 3624 3544 3543
f 3587 3586 3617
f 3609 3558 3615
f 3546 3617 3629
f 3629 3617 3586
f 3629 3586 3585
f 3558 3557 3615
f 3615 3557 3556
f 3615 3556 3617
f 3617 3556 3588
f 3617 3588 3587
f 3576 3575 3574
f 3579 3578 3631
f 3631 3578 3577
f 3573 3572 3560
f 3560 3572 3571
f 3560 3571 3561
f 3496 3497 3609
f 3609 3497 3631
f 3609 3631 3559
f 3559 3631 3577
f 3559 3577 3560
f 3560 3577 3576
f 3560 3576 3573
f 3573 3576 3574
f 3567 3566 3562
f 3571 3570 3561
f 3561 3570 3569
f 3561 3569 3562
f 3562 3569 3568
f 3562 3568 3567
f 3566 3565 3562
f 3562 3565 3564
f 3562 3564 3563
f 3579 3631 3580
f 3580 3631 3632
f 3580 3632 3633
f 3585 3584 3629
f 3629 3584 3630
f 3629 3630 3548
f 3548 3630 3551
f 3584 3583 3630
f 3630 3583 3582
f 3630 3582 3581
f 3166 3168 3443
f 3443 3168 3620
f 3443 3620 3444
f 3444 3620 3625
f 3444 3625 3177
f 3177 3625 3445
f 3495 3609 3627
f 3627 3609 3615
f 3627 3615 3613
f 3613 3615 3614
f 3613 3614 3608
f 3171 3448 3634
f 3634 3448 3447
f 3634 3447 3626
f 3626 3447 3483
f 3626 3483 3482
f 3581 3580 3630
f 3630 3580 3633
f 3630 3633 3623
f 3623 3633 3635
f 3623 3635 3622
f 3622 3635 3636
f 3622 3636 3518
f 3518 3636 3634
f 3518 3634 3519
f 3519 3634 3626
f 3519 3626 3520
f 3520 3626 3521
f 3148 3611 3424
f 3424 3611 3610
f 3424 3610 3425
f 3425 3610 3627
f 3425 3627 3427
f 3427 3627 3613
f 3427 3613 3426
f 3426 3613 3156
f 3426 3156 3155
f 3497 3486 3631
f 3631 3486 3487
f 3631 3487 3632
f 3632 3487 3422
f 3632 3422 3633
f 3633 3422 3421
f 3633 3421 3635
f 3635 3421 3420
f 3635 3420 3636
f 3636 3420 3419
f 3636 3419 3634
f 3634 3419 3418
f 3634 3418 3171
f 3618 3589 3590
f 3593 3608 3592
f 3592 3608 3614
f 3592 3614 3590
f 3590 3614 3616
f 3590 3616 3618
f 3593 3596 3608
f 3608 3596 3598
f 3608 3598 3597
f 3637 3638 3639
f 3639 3638 3640
f 3637 3639 3641
f 3641 3639 3642
f 3641 3642 3643
f 3643 3642 3644
f 3643 3644 3645
f 3645 3644 3646
f 3641 3643 3637
f 3637 3643 3645
f 3637 3645 3638
f 3638 3645 3647
f 3647 3648 3638
f 3638 3648 3640
f 3649 3650 3651
f 3649 3652 3650
f 3650 3652 3653
f 3650 3653 3654
f 3651 3655 3649
f 3649 3655 3656
f 3649 3656 3657
f 3654 3658 3650
f 3650 3658 3659
f 3650 3659 3660
f 3657 3661 3649
f 3649 3661 3662
f 3649 3662 3663
f 3660 3664 3650
f 3650 3664 3665
f 3650 3665 3666
f 3667 3668 3669
f 3663 3670 3649
f 3649 3670 3667
f 3649 3667 3671
f 3671 3667 3669
f 3672 3673 3666
f 3666 3673 3674
f 3666 3674 3650
f 3672 3675 3676
f 3672 3676 3673
f 3673 3676 3677
f 3673 3677 3674
f 3674 3677 3678
f 3674 3678 3650
f 3650 3678 3679
f 3650 3679 3651
f 3651 3679 3680
f 3651 3680 3655
f 3655 3680 3681
f 3655 3681 3656
f 3656 3681 3682
f 3656 3682 3657
f 3657 3682 3683
f 3657 3683 3661
f 3661 3683 3684
f 3661 3684 3662
f 3662 3684 3685
f 3662 3685 3663
f 3663 3685 3686
f 3663 3686 3670
f 3670 3686 3687
f 3670 3687 3667
f 3667 3687 3688
f 3667 3688 3668
f 3668 3688 3689
f 3668 3689 3669
f 3669 3689 3690
f 3669 3690 3671
f 3671 3690 3691
f 3671 3691 3649
f 3649 3691 3692
f 3649 3692 3652
f 3652 3692 3693
f 3652 3693 3653
f 3653 3693 3694
f 3653 3694 3654
f 3654 3694 3695
f 3654 3695 3658
f 3658 3695 3696
f 3658 3696 3659
f 3659 3696 3697
f 3659 3697 3660
f 3660 3697 3698
f 3660 3698 3664
f 3664 3698 3699
f 3664 3699 3665
f 3665 3699 3700
f 3665 3700 3666
f 3666 3700 3675
f 3666 3675 3672
f 3688 3701 3702
f 3688 3702 3689
f 3689 3702 3703
f 3689 3703 3690
f 3690 3703 3704
f 3690 3704 3691
f 3691 3704 3705
f 3691 3705 3692
f 3692 3705 3706
f 3692 3706 3693
f 3693 3706 3707
f 3693 3707 3694
f 3694 3707 3708
f 3694 3708 3695
f 3695 3708 3709
f 3695 3709 3696
f 3696 3709 3710
f 3696 3710 3697
f 3697 3710 3711
f 3697 3711 3698
f 3698 3711 3712
f 3698 3712 3699
f 3699 3712 3713
f 3699 3713 3700
f 3700 3713 3714
f 3700 3714 3675
f 3675 3714 3715
f 3675 3715 3676
f 3676 3715 3716
f 3676 3716 3677
f 3677 3716 3717
f 3677 3717 3678
f 3678 3717 3718
f 3678 3718 3679
f 3679 3718 3719
f 3679 3719 3680
f 3680 3719 3720
f 3680 3720 3681
f 3681 3720 3721
f 3681 3721 3682
f 3682 3721 3722
f 3682 3722 3683
f 3683 3722 3723
f 3683 3723 3684
f 3684 3723 3724
f 3684 3724 3685
f 3685 3724 3725
f 3685 3725 3686
f 3686 3725 3726
f 3686 3726 3687
f 3687 3726 3701
f 3687 3701 3688
f 3725 3727 3726
f 3726 3727 3728
f 3726 3728 3701
f 3701 3728 3729
f 3701 3729 3702
f 3720 3730 3721
f 3721 3730 3731
f 3721 3731 3722
f 3722 3731 3732
f 3722 3732 3723
f 3732 3733 3723
f 3723 3733 3734
f 3723 3734 3724
f 3724 3734 3735
f 3724 3735 3725
f 3725 3735 3736
f 3725 3736 3727
f 3717 3737 3718
f 3718 3737 3738
f 3718 3738 3719
f 3719 3738 3739
f 3719 3739 3720
f 3720 3739 3740
f 3720 3740 3730
f 3712 3741 3713
f 3713 3741 3742
f 3713 3742 3714
f 3714 3742 3743
f 3714 3743 3715
f 3704 3744 3705
f 3705 3744 3745
f 3705 3745 3706
f 3706 3745 3746
f 3706 3746 3707
f 3743 3747 3715
f 3715 3747 3748
f 3715 3748 3716
f 3716 3748 3749
f 3716 3749 3717
f 3717 3749 3750
f 3717 3750 3737
f 3729 3751 3702
f 3702 3751 3752
f 3702 3752 3703
f 3703 3752 3753
f 3703 3753 3704
f 3704 3753 3754
f 3704 3754 3744
f 3710 3755 3711
f 3711 3755 3756
f 3711 3756 3712
f 3712 3756 3757
f 3712 3757 3741
f 3746 3758 3707
f 3707 3758 3759
f 3707 3759 3708
f 3708 3759 3760
f 3708 3760 3709
f 3709 3760 3761
f 3709 3761 3710
f 3710 3761 3762
f 3710 3762 3755
f 3763 3764 3765
f 3763 3765 3766
f 3766 3765 3767
f 3766 3767 3768
f 3768 3767 3769
f 3768 3769 3770
f 3770 3769 3771
f 3770 3771 3772
f 3772 3771 3773
f 3772 3773 3774
f 3774 3773 3775
f 3774 3775 3776
f 3776 3775 3777
f 3776 3777 3778
f 3778 3777 3779
f 3778 3779 3780
f 3780 3779 3781
f 3780 3781 3782
f 3782 3781 3783
f 3782 3783 3784
f 3784 3783 3785
f 3784 3785 3786
f 3786 3785 3787
f 3786 3787 3788
f 3788 3787 3789
f 3788 3789 3790
f 3790 3789 3791
f 3790 3791 3792
f 3792 3791 3793
f 3792 3793 3794
f 3794 3793 3795
f 3794 3795 3796
f 3796 3795 3797
f 3796 3797 3798
f 3798 3797 3799
f 3798 3799 3800
f 3729 3799 3797
f 3729 3797 3751
f 3751 3797 3795
f 3751 3795 3752
f 3752 3795 3793
f 3752 3793 3753
f 3753 3793 3791
f 3753 3791 3754
f 3754 3791 3789
f 3754 3789 3744
f 3744 3789 3787
f 3744 3787 3745
f 3745 3787 3785
f 3745 3785 3746
f 3746 3785 3783
f 3746 3783 3758
f 3758 3783 3781
f 3758 3781 3759
f 3759 3781 3779
f 3759 3779 3760
f 3760 3779 3777
f 3760 3777 3761
f 3761 3777 3775
f 3761 3775 3762
f 3762 3775 3773
f 3762 3773 3755
f 3755 3773 3771
f 3755 3771 3756
f 3756 3771 3769
f 3756 3769 3757
f 3757 3769 3767
f 3757 3767 3741
f 3741 3767 3765
f 3741 3765 3742
f 3742 3765 3764
f 3742 3764 3743
f 3743 3764 3801
f 3743 3801 3747
f 3747 3801 3802
f 3747 3802 3748
f 3748 3802 3803
f 3748 3803 3749
f 3749 3803 3804
f 3749 3804 3750
f 3750 3804 3805
f 3750 3805 3737
f 3737 3805 3806
f 3737 3806 3738
f 3738 3806 3807
f 3738 3807 3739
f 3739 3807 3808
f 3739 3808 3740
f 3740 3808 3809
f 3740 3809 3730
f 3730 3809 3810
f 3730 3810 3731
f 3731 3810 3811
f 3731 3811 3732
f 3732 3811 3812
f 3732 3812 3733
f 3733 3812 3813
f 3733 3813 3734
f 3734 3813 3814
f 3734 3814 3735
f 3735 3814 3815
f 3735 3815 3736
f 3736 3815 3816
f 3736 3816 3727
f 3727 3816 3817
f 3727 3817 3728
f 3728 3817 3799
f 3728 3799 3729
f 3800 3799 3817
f 3800 3817 3818
f 3818 3817 3816
f 3818 3816 3819
f 3819 3816 3815
f 3819 3815 3820
f 3820 3815 3814
f 3820 3814 3821
f 3821 3814 3813
f 3821 3813 3822
f 3822 3813 3812
f 3822 3812 3823
f 3823 3812 3811
f 3823 3811 3824
f 3824 3811 3810
f 3824 3810 3825
f 3825 3810 3809
f 3825 3809 3826
f 3826 3809 3808
f 3826 3808 3827
f 3827 3808 3807
f 3827 3807 3828
f 3828 3807 3806
f 3828 3806 3829
f 3829 3806 3805
f 3829 3805 3830
f 3830 3805 3804
f 3830 3804 3831
f 3831 3804 3803
f 3831 3803 3832
f 3832 3803 3802
f 3832 3802 3833
f 3833 3802 3801
f 3833 3801 3834
f 3834 3801 3764
f 3834 3764 3763
f 3822 3823 3644
f 3642 3800 3818
f 3833 3648 3832
f 3832 3648 3646
f 3832 3646 3831
f 3831 3646 3830
f 3818 3819 3642
f 3642 3819 3820
f 3642 3820 3644
f 3644 3820 3821
f 3644 3821 3822
f 3833 3834 3648
f 3648 3834 3763
f 3648 3763 3766
f 3823 3824 3644
f 3644 3824 3825
f 3644 3825 3646
f 3646 3825 3826
f 3646 3826 3827
f 3827 3828 3646
f 3646 3828 3829
f 3646 3829 3830
f 3786 3788 3639
f 3639 3788 3790
f 3639 3790 3792
f 3774 3776 3640
f 3640 3776 3778
f 3766 3768 3648
f 3648 3768 3770
f 3648 3770 3640
f 3640 3770 3772
f 3640 3772 3774
f 3792 3794 3639
f 3639 3794 3796
f 3639 3796 3642
f 3642 3796 3798
f 3642 3798 3800
f 3778 3780 3640
f 3640 3780 3782
f 3640 3782 3639
f 3639 3782 3784
f 3639 3784 3786
f 3645 3646 3647
f 3647 3646 3648
f 3835 3836 3837
f 3837 3836 3838
f 3837 3838 3839
f 3839 3838 3840
f 3836 3841 3838
f 3838 3841 3842
f 3838 3842 3840
f 3840 3842 3843
f 3840 3843 3839
f 3839 3843 3844
f 3839 3844 3837
f 3837 3844 3845
f 3837 3845 3835
f 3835 3845 3846
f 3835 3846 3836
f 3836 3846 3841
f 3847 3848 3849
f 3849 3848 3850
f 3849 3850 3851
f 3842 3841 3852
f 3852 3841 3853
f 3852 3853 3847
f 3847 3853 3854
f 3847 3854 3848
f 3855 3843 3842
f 3842 3852 3855
f 3855 3852 3847
f 3855 3847 3856
f 3856 3847 3849
f 3856 3849 3857
f 3857 3849 3851
f 3857 3851 3858
f 3859 3844 3843
f 3843 3855 3859
f 3859 3855 3856
f 3859 3856 3860
f 3860 3856 3857
f 3860 3857 3861
f 3861 3857 3858
f 3861 3858 3862
f 3845 3844 3863
f 3863 3844 3859
f 3863 3859 3864
f 3859 3860 3864
f 3864 3860 3861
f 3864 3861 3865
f 3865 3861 3862
f 3865 3862 3866
f 3867 3846 3845
f 3845 3863 3867
f 3867 3863 3864
f 3867 3864 3868
f 3868 3864 3865
f 3868 3865 3869
f 3869 3865 3866
f 3869 3866 3870
f 3853 3841 3846
f 3846 3867 3853
f 3853 3867 3868
f 3853 3868 3854
f 3854 3868 3869
f 3854 3869 3848
f 3848 3869 3870
f 3848 3870 3850
f 3871 3872 3866
f 3866 3872 3873
f 3866 3873 3874
f 3875 3876 3862
f 3877 3878 3851
f 3874 3879 3866
f 3866 3879 3880
f 3866 3880 3870
f 3880 3881 3870
f 3870 3881 3882
f 3870 3882 3883
f 3877 3851 3884
f 3876 3885 3862
f 3862 3885 3886
f 3862 3886 3866
f 3866 3886 3887
f 3866 3887 3871
f 3888 3889 3858
f 3858 3889 3890
f 3858 3890 3891
f 3892 3862 3893
f 3893 3862 3858
f 3893 3858 3894
f 3894 3858 3891
f 3892 3895 3862
f 3862 3895 3896
f 3862 3896 3897
f 3897 3898 3862
f 3862 3898 3899
f 3862 3899 3875
f 3878 3900 3851
f 3851 3900 3901
f 3851 3901 3902
f 3903 3850 3904
f 3904 3850 3905
f 3906 3907 3850
f 3850 3907 3908
f 3850 3908 3905
f 3902 3909 3851
f 3851 3909 3910
f 3851 3910 3858
f 3858 3910 3911
f 3858 3911 3888
f 3883 3912 3870
f 3870 3912 3913
f 3870 3913 3914
f 3914 3915 3870
f 3870 3915 3916
f 3870 3916 3850
f 3850 3916 3917
f 3850 3917 3906
f 3903 3918 3850
f 3850 3918 3919
f 3850 3919 3851
f 3851 3919 3920
f 3851 3920 3884
f 3892 3893 3921
f 3921 3893 3894
f 3921 3894 3922
f 3922 3894 3891
f 3922 3891 3923
f 3923 3891 3890
f 3923 3890 3924
f 3924 3890 3889
f 3924 3889 3925
f 3925 3889 3888
f 3925 3888 3926
f 3926 3888 3911
f 3926 3911 3927
f 3927 3911 3910
f 3927 3910 3928
f 3928 3910 3909
f 3928 3909 3929
f 3929 3909 3902
f 3929 3902 3930
f 3930 3902 3901
f 3930 3901 3931
f 3931 3901 3900
f 3931 3900 3932
f 3932 3900 3878
f 3932 3878 3933
f 3933 3878 3877
f 3933 3877 3934
f 3934 3877 3884
f 3934 3884 3935
f 3935 3884 3920
f 3935 3920 3936
f 3936 3920 3919
f 3936 3919 3937
f 3937 3919 3918
f 3937 3918 3938
f 3938 3918 3903
f 3938 3903 3939
f 3939 3903 3904
f 3939 3904 3940
f 3940 3904 3905
f 3940 3905 3941
f 3941 3905 3908
f 3941 3908 3942
f 3942 3908 3907
f 3942 3907 3943
f 3943 3907 3906
f 3943 3906 3944
f 3944 3906 3917
f 3944 3917 3945
f 3945 3917 3916
f 3945 3916 3946
f 3946 3916 3915
f 3946 3915 3947
f 3947 3915 3914
f 3947 3914 3948
f 3948 3914 3913
f 3948 3913 3949
f 3949 3913 3912
f 3949 3912 3950
f 3950 3912 3883
f 3950 3883 3951
f 3951 3883 3882
f 3951 3882 3952
f 3952 3882 3881
f 3952 3881 3953
f 3953 3881 3880
f 3953 3880 3954
f 3954 3880 3879
f 3954 3879 3955
f 3955 3879 3874
f 3955 3874 3956
f 3956 3874 3873
f 3956 3873 3957
f 3957 3873 3872
f 3957 3872 3958
f 3958 3872 3871
f 3958 3871 3959
f 3959 3871 3887
f 3959 3887 3960
f 3960 3887 3886
f 3960 3886 3961
f 3961 3886 3885
f 3961 3885 3962
f 3962 3885 3876
f 3962 3876 3963
f 3963 3876 3875
f 3963 3875 3964
f 3964 3875 3899
f 3964 3899 3965
f 3965 3899 3898
f 3965 3898 3966
f 3966 3898 3897
f 3966 3897 3967
f 3967 3897 3896
f 3967 3896 3968
f 3968 3896 3895
f 3968 3895 3969
f 3969 3895 3892
f 3969 3892 3921
f 3970 3971 3972
f 3972 3971 3973
f 3972 3973 3974
f 3974 3973 3975
f 3974 3975 3976
f 3976 3975 3977
f 3978 3979 3977
f 3977 3979 3980
f 3977 3980 3976
f 3981 3982 3978
f 3978 3982 3983
f 3978 3983 3979
f 3984 3985 3986
f 3986 3985 3987
f 3986 3987 3988
f 3988 3987 3989
f 3988 3989 3981
f 3981 3989 3990
f 3981 3990 3982
f 3984 3986 3991
f 3991 3986 3992
f 3991 3992 3993
f 3993 3992 3994
f 3993 3994 3995
f 3995 3994 3996
f 3995 3996 3997
f 3997 3996 3998
f 3998 3996 3999
f 3998 3999 4000
f 4000 3999 4001
f 4001 3999 4002
f 4001 4002 4003
f 4003 4002 4004
f 4004 4002 4005
f 4004 4005 4006
f 4006 4005 4007
f 4006 4007 4008
f 4009 4010 4011
f 4011 4010 4012
f 4011 4012 4013
f 4013 4012 4014
f 4013 4014 4007
f 4007 4014 4015
f 4007 4015 4008
f 4016 4017 4009
f 4009 4017 4018
f 4009 4018 4010
f 4019 4020 4016
f 4016 4020 4021
f 4016 4021 4017
f 4022 4023 4024
f 4024 4023 4025
f 4024 4025 4026
f 4026 4025 4027
f 4026 4027 4019
f 4019 4027 4028
f 4019 4028 4020
f 4022 4024 4029
f 4029 4024 4030
f 4029 4030 4031
f 4031 4030 4032
f 4031 4032 4033
f 4033 4032 4034
f 4033 4034 4035
f 4035 4034 4036
f 4036 4034 4037
f 4036 4037 4038
f 4038 4037 4039
f 4039 4037 4040
f 4039 4040 4041
f 4041 4040 4042
f 4042 4040 4043
f 4042 4043 4044
f 4044 4043 4045
f 4044 4045 4046
f 4047 4048 4049
f 4049 4048 4050
f 4049 4050 4051
f 4051 4050 4052
f 4051 4052 4045
f 4045 4052 4053
f 4045 4053 4046
f 4054 4055 4047
f 4047 4055 4056
f 4047 4056 4048
f 4057 4058 4054
f 4054 4058 4059
f 4054 4059 4055
f 4060 4061 4062
f 4062 4061 4063
f 4062 4063 4064
f 4064 4063 4065
f 4064 4065 4057
f 4057 4065 4066
f 4057 4066 4058
f 4060 4062 4067
f 4067 4062 4068
f 4067 4068 4069
f 4069 4068 4070
f 4069 4070 4071
f 4071 4070 4072
f 4071 4072 4073
f 4073 4072 4074
f 4074 4072 4075
f 4074 4075 4076
f 4076 4075 4077
f 4077 4075 4078
f 4077 4078 4079
f 4079 4078 4080
f 4080 4078 4081
f 4080 4081 4082
f 4082 4081 4083
f 4082 4083 4084
f 4085 4086 4087
f 4087 4086 4088
f 4087 4088 4089
f 4089 4088 4090
f 4089 4090 4083
f 4083 4090 4091
f 4083 4091 4084
f 4092 4093 4085
f 4085 4093 4094
f 4085 4094 4086
f 4095 4096 4092
f 4092 4096 4097
f 4092 4097 4093
f 3970 4098 3971
f 3971 4098 4099
f 3971 4099 4100
f 4100 4099 4101
f 4100 4101 4095
f 4095 4101 4102
f 4095 4102 4096
f 3945 4103 3944
f 3944 4103 4104
f 3944 4104 3943
f 3943 4104 4105
f 3943 4105 3942
f 3942 4105 4106
f 3942 4106 3941
f 3941 4106 4107
f 3941 4107 3940
f 3940 4107 4108
f 3940 4108 3939
f 3939 4108 4109
f 3939 4109 3938
f 3938 4109 4110
f 3938 4110 3937
f 3937 4110 4111
f 3937 4111 3936
f 3936 4111 4112
f 3936 4112 3935
f 3935 4112 4113
f 3935 4113 3934
f 3934 4113 4114
f 3934 4114 3933
f 3933 4114 4115
f 3933 4115 3932
f 3932 4115 4116
f 3932 4116 3931
f 3931 4116 4117
f 3931 4117 3930
f 3930 4117 4118
f 3930 4118 3929
f 3929 4118 4119
f 3929 4119 3928
f 3928 4119 4120
f 3928 4120 3927
f 3927 4120 4121
f 3927 4121 3926
f 3926 4121 4122
f 3926 4122 3925
f 3925 4122 4123
f 3925 4123 3924
f 3924 4123 4124
f 3924 4124 3923
f 3923 4124 4125
f 3923 4125 3922
f 3922 4125 4126
f 3922 4126 3921
f 3921 4126 4127
f 3921 4127 3969
f 3969 4127 4128
f 3969 4128 3968
f 3968 4128 4129
f 3968 4129 3967
f 3967 4129 4130
f 3967 4130 3966
f 3966 4130 4131
f 3966 4131 3965
f 3965 4131 4132
f 3965 4132 3964
f 3964 4132 4133
f 3964 4133 3963
f 3963 4133 4134
f 3963 4134 3962
f 3962 4134 4135
f 3962 4135 3961
f 3961 4135 4136
f 3961 4136 3960
f 3960 4136 4137
f 3960 4137 3959
f 3959 4137 4138
f 3959 4138 3958
f 3958 4138 4139
f 3958 4139 3957
f 3957 4139 4140
f 3957 4140 3956
f 3956 4140 4141
f 3956 4141 3955
f 3955 4141 4142
f 3955 4142 3954
f 3954 4142 4143
f 3954 4143 3953
f 3953 4143 4144
f 3953 4144 3952
f 3952 4144 4145
f 3952 4145 3951
f 3951 4145 4146
f 3951 4146 3950
f 3950 4146 4147
f 3950 4147 3949
f 3949 4147 4148
f 3949 4148 3948
f 3948 4148 4149
f 3948 4149 3947
f 3947 4149 4150
f 3947 4150 3946
f 3946 4150 4151
f 3946 4151 3945
f 3945 4151 4103
f 4103 4070 4104
f 4104 4070 4068
f 4104 4068 4105
f 4105 4068 4062
f 4105 4062 4106
f 4106 4062 4064
f 4106 4064 4107
f 4107 4064 4057
f 4107 4057 4108
f 4108 4057 4054
f 4108 4054 4109
f 4109 4054 4047
f 4109 4047 4110
f 4110 4047 4049
f 4110 4049 4111
f 4111 4049 4051
f 4111 4051 4112
f 4112 4051 4045
f 4112 4045 4113
f 4113 4045 4043
f 4113 4043 4114
f 4114 4043 4040
f 4114 4040 4115
f 4115 4040 4037
f 4115 4037 4116
f 4116 4037 4034
f 4116 4034 4117
f 4117 4034 4032
f 4117 4032 4118
f 4118 4032 4030
f 4118 4030 4119
f 4119 4030 4024
f 4119 4024 4120
f 4120 4024 4026
f 4120 4026 4121
f 4121 4026 4019
f 4121 4019 4122
f 4122 4019 4016
f 4122 4016 4123
f 4123 4016 4009
f 4123 4009 4124
f 4124 4009 4011
f 4124 4011 4125
f 4125 4011 4013
f 4125 4013 4126
f 4126 4013 4007
f 4126 4007 4127
f 4127 4007 4005
f 4127 4005 4128
f 4128 4005 4002
f 4128 4002 4129
f 4129 4002 3999
f 4129 3999 4130
f 4130 3999 3996
f 4130 3996 4131
f 4131 3996 3994
f 4131 3994 4132
f 4132 3994 3992
f 4132 3992 4133
f 4133 3992 3986
f 4133 3986 4134
f 4134 3986 3988
f 4134 3988 4135
f 4135 3988 3981
f 4135 3981 4136
f 4136 3981 3978
f 4136 3978 4137
f 4137 3978 3977
f 4137 3977 4138
f 4138 3977 3975
f 4138 3975 4139
f 4139 3975 3973
f 4139 3973 4140
f 4140 3973 3971
f 4140 3971 4141
f 4141 3971 4100
f 4141 4100 4142
f 4142 4100 4095
f 4142 4095 4143
f 4143 4095 4092
f 4143 4092 4144
f 4144 4092 4085
f 4144 4085 4145
f 4145 4085 4087
f 4145 4087 4146
f 4146 4087 4089
f 4146 4089 4147
f 4147 4089 4083
f 4147 4083 4148
f 4148 4083 4081
f 4148 4081 4149
f 4149 4081 4078
f 4149 4078 4150
f 4150 4078 4075
f 4150 4075 4151
f 4151 4075 4072
f 4151 4072 4103
f 4103 4072 4070
f 3974 4152 3972
f 3972 4152 4153
f 3974 3976 4152
f 4152 3976 3980
f 4152 3980 4154
f 3980 3979 4154
f 4154 3979 3983
f 4154 3983 4155
f 3989 4156 3990
f 3990 4156 4155
f 3990 4155 3982
f 3982 4155 3983
f 3989 3987 4156
f 4156 3987 3985
f 4156 3985 4157
f 3993 4158 3991
f 3991 4158 4157
f 3991 4157 3984
f 3984 4157 3985
f 3993 3995 4158
f 4158 3995 3997
f 4158 3997 4159
f 3997 3998 4159
f 4159 3998 4000
f 4159 4000 4160
f 4004 4161 4003
f 4003 4161 4160
f 4003 4160 4001
f 4001 4160 4000
f 4004 4006 4161
f 4161 4006 4008
f 4161 4008 4162
f 4012 4163 4014
f 4014 4163 4162
f 4014 4162 4015
f 4015 4162 4008
f 4012 4010 4163
f 4163 4010 4018
f 4163 4018 4164
f 4018 4017 4164
f 4164 4017 4021
f 4164 4021 4165
f 4027 4166 4028
f 4028 4166 4165
f 4028 4165 4020
f 4020 4165 4021
f 4027 4025 4166
f 4166 4025 4023
f 4166 4023 4167
f 4031 4168 4029
f 4029 4168 4167
f 4029 4167 4022
f 4022 4167 4023
f 4031 4033 4168
f 4168 4033 4035
f 4168 4035 4169
f 4035 4036 4169
f 4169 4036 4038
f 4169 4038 4170
f 4042 4171 4041
f 4041 4171 4170
f 4041 4170 4039
f 4039 4170 4038
f 4042 4044 4171
f 4171 4044 4046
f 4171 4046 4172
f 4050 4173 4052
f 4052 4173 4172
f 4052 4172 4053
f 4053 4172 4046
f 4050 4048 4173
f 4173 4048 4056
f 4173 4056 4174
f 4056 4055 4174
f 4174 4055 4059
f 4174 4059 4175
f 4065 4176 4066
f 4066 4176 4175
f 4066 4175 4058
f 4058 4175 4059
f 4065 4063 4176
f 4176 4063 4061
f 4176 4061 4177
f 4069 4178 4067
f 4067 4178 4177
f 4067 4177 4060
f 4060 4177 4061
f 4069 4071 4178
f 4178 4071 4073
f 4178 4073 4179
f 4073 4074 4179
f 4179 4074 4076
f 4179 4076 4180
f 4080 4181 4079
f 4079 4181 4180
f 4079 4180 4077
f 4077 4180 4076
f 4080 4082 4181
f 4181 4082 4084
f 4181 4084 4182
f 4088 4183 4090
f 4090 4183 4182
f 4090 4182 4091
f 4091 4182 4084
f 4088 4086 4183
f 4183 4086 4094
f 4183 4094 4184
f 4094 4093 4184
f 4184 4093 4097
f 4184 4097 4185
f 4101 4186 4102
f 4102 4186 4185
f 4102 4185 4096
f 4096 4185 4097
f 4101 4099 4186
f 4186 4099 4098
f 4186 4098 4153
f 4153 4098 3970
f 4153 3970 3972
f 4187 4188 4189
f 4187 4189 4190
f 4191 4192 4189
f 4189 4192 4193
f 4189 4193 4190
f 4194 4195 4189
f 4189 4195 4196
f 4189 4196 4191
f 4197 4198 4189
f 4189 4198 4199
f 4189 4199 4194
f 4200 4201 4189
f 4189 4201 4202
f 4189 4202 4197
f 4203 4204 4189
f 4189 4204 4205
f 4189 4205 4200
f 4206 4207 4189
f 4189 4207 4208
f 4189 4208 4203
f 4209 4210 4189
f 4189 4210 4211
f 4189 4211 4206
f 4188 4212 4189
f 4189 4212 4213
f 4189 4213 4209
f 4214 4166 4215
f 4215 4166 4167
f 4215 4167 4216
f 4217 4162 4218
f 4218 4162 4163
f 4218 4163 4219
f 4219 4163 4164
f 4219 4164 4214
f 4214 4164 4165
f 4214 4165 4166
f 4220 4181 4221
f 4221 4181 4182
f 4221 4182 4222
f 4222 4182 4183
f 4222 4183 4223
f 4224 4158 4225
f 4225 4158 4159
f 4225 4159 4226
f 4226 4159 4160
f 4226 4160 4217
f 4217 4160 4161
f 4217 4161 4162
f 4227 4154 4228
f 4228 4154 4155
f 4228 4155 4229
f 4229 4155 4156
f 4229 4156 4224
f 4224 4156 4157
f 4224 4157 4158
f 4183 4184 4223
f 4223 4184 4185
f 4223 4185 4230
f 4230 4185 4186
f 4230 4186 4231
f 4231 4186 4153
f 4231 4153 4227
f 4227 4153 4152
f 4227 4152 4154
f 4232 4177 4233
f 4233 4177 4178
f 4233 4178 4234
f 4234 4178 4179
f 4234 4179 4220
f 4220 4179 4180
f 4220 4180 4181
f 4235 4173 4236
f 4236 4173 4174
f 4236 4174 4237
f 4237 4174 4175
f 4237 4175 4232
f 4232 4175 4176
f 4232 4176 4177
f 4167 4168 4216
f 4216 4168 4169
f 4216 4169 4238
f 4238 4169 4170
f 4238 4170 4239
f 4239 4170 4171
f 4239 4171 4235
f 4235 4171 4172
f 4235 4172 4173
f 4231 4190 4230
f 4230 4190 4193
f 4230 4193 4223
f 4223 4193 4192
f 4223 4192 4222
f 4222 4192 4191
f 4222 4191 4221
f 4221 4191 4196
f 4221 4196 4220
f 4220 4196 4195
f 4220 4195 4234
f 4234 4195 4194
f 4234 4194 4233
f 4233 4194 4199
f 4233 4199 4232
f 4232 4199 4198
f 4232 4198 4237
f 4237 4198 4197
f 4237 4197 4236
f 4236 4197 4202
f 4236 4202 4235
f 4235 4202 4201
f 4235 4201 4239
f 4239 4201 4200
f 4239 4200 4238
f 4238 4200 4205
f 4238 4205 4216
f 4216 4205 4204
f 4216 4204 4215
f 4215 4204 4203
f 4215 4203 4214
f 4214 4203 4208
f 4214 4208 4219
f 4219 4208 4207
f 4219 4207 4218
f 4218 4207 4206
f 4218 4206 4217
f 4217 4206 4211
f 4217 4211 4226
f 4226 4211 4210
f 4226 4210 4225
f 4225 4210 4209
f 4225 4209 4224
f 4224 4209 4213
f 4224 4213 4229
f 4229 4213 4212
f 4229 4212 4228
f 4228 4212 4188
f 4228 4188 4227
f 4227 4188 4187
f 4227 4187 4231
f 4231 4187 4190
f 4240 4241 4242
f 4242 4241 4243
f 4240 4242 4244
f 4244 4242 4245
f 4244 4245 4246
f 4246 4245 4247
f 4246 4247 4248
f 4248 4247 4249
f 4244 4246 4240
f 4240 4246 4248
f 4240 4248 4241
f 4241 4248 4250
f 4250 4251 4241
f 4241 4251 4243
f 4252 4253 4254
f 4252 4255 4253
f 4253 4255 4256
f 4253 4256 4257
f 4254 4258 4252
f 4252 4258 4259
f 4252 4259 4260
f 4257 4261 4253
f 4253 4261 4262
f 4253 4262 4263
f 4260 4264 4252
f 4252 4264 4265
f 4252 4265 4266
f 4263 4267 4253
f 4253 4267 4268
f 4253 4268 4269
f 4270 4271 4272
f 4266 4273 4252
f 4252 4273 4270
f 4252 4270 4274
f 4274 4270 4272
f 4275 4276 4269
f 4269 4276 4277
f 4269 4277 4253
f 4275 4278 4279
f 4275 4279 4276
f 4276 4279 4280
f 4276 4280 4277
f 4277 4280 4281
f 4277 4281 4253
f 4253 4281 4282
f 4253 4282 4254
f 4254 4282 4283
f 4254 4283 4258
f 4258 4283 4284
f 4258 4284 4259
f 4259 4284 4285
f 4259 4285 4260
f 4260 4285 4286
f 4260 4286 4264
f 4264 4286 4287
f 4264 4287 4265
f 4265 4287 4288
f 4265 4288 4266
f 4266 4288 4289
f 4266 4289 4273
f 4273 4289 4290
f 4273 4290 4270
f 4270 4290 4291
f 4270 4291 4271
f 4271 4291 4292
f 4271 4292 4272
f 4272 4292 4293
f 4272 4293 4274
f 4274 4293 4294
f 4274 4294 4252
f 4252 4294 4295
f 4252 4295 4255
f 4255 4295 4296
f 4255 4296 4256
f 4256 4296 4297
f 4256 4297 4257
f 4257 4297 4298
f 4257 4298 4261
f 4261 4298 4299
f 4261 4299 4262
f 4262 4299 4300
f 4262 4300 4263
f 4263 4300 4301
f 4263 4301 4267
f 4267 4301 4302
f 4267 4302 4268
f 4268 4302 4303
f 4268 4303 4269
f 4269 4303 4278
f 4269 4278 4275
f 4291 4304 4305
f 4291 4305 4292
f 4292 4305 4306
f 4292 4306 4293
f 4293 4306 4307
f 4293 4307 4294
f 4294 4307 4308
f 4294 4308 4295
f 4295 4308 4309
f 4295 4309 4296
f 4296 4309 4310
f 4296 4310 4297
f 4297 4310 4311
f 4297 4311 4298
f 4298 4311 4312
f 4298 4312 4299
f 4299 4312 4313
f 4299 4313 4300
f 4300 4313 4314
f 4300 4314 4301
f 4301 4314 4315
f 4301 4315 4302
f 4302 4315 4316
f 4302 4316 4303
f 4303 4316 4317
f 4303 4317 4278
f 4278 4317 4318
f 4278 4318 4279
f 4279 4318 4319
f 4279 4319 4280
f 4280 4319 4320
f 4280 4320 4281
f 4281 4320 4321
f 4281 4321 4282
f 4282 4321 4322
f 4282 4322 4283
f 4283 4322 4323
f 4283 4323 4284
f 4284 4323 4324
f 4284 4324 4285
f 4285 4324 4325
f 4285 4325 4286
f 4286 4325 4326
f 4286 4326 4287
f 4287 4326 4327
f 4287 4327 4288
f 4288 4327 4328
f 4288 4328 4289
f 4289 4328 4329
f 4289 4329 4290
f 4290 4329 4304
f 4290 4304 4291
f 4328 4330 4329
f 4329 4330 4331
f 4329 4331 4304
f 4304 4331 4332
f 4304 4332 4305
f 4323 4333 4324
f 4324 4333 4334
f 4324 4334 4325
f 4325 4334 4335
f 4325 4335 4326
f 4335 4336 4326
f 4326 4336 4337
f 4326 4337 4327
f 4327 4337 4338
f 4327 4338 4328
f 4328 4338 4339
f 4328 4339 4330
f 4320 4340 4321
f 4321 4340 4341
f 4321 4341 4322
f 4322 4341 4342
f 4322 4342 4323
f 4323 4342 4343
f 4323 4343 4333
f 4315 4344 4316
f 4316 4344 4345
f 4316 4345 4317
f 4317 4345 4346
f 4317 4346 4318
f 4307 4347 4308
f 4308 4347 4348
f 4308 4348 4309
f 4309 4348 4349
f 4309 4349 4310
f 4346 4350 4318
f 4318 4350 4351
f 4318 4351 4319
f 4319 4351 4352
f 4319 4352 4320
f 4320 4352 4353
f 4320 4353 4340
f 4332 4354 4305
f 4305 4354 4355
f 4305 4355 4306
f 4306 4355 4356
f 4306 4356 4307
f 4307 4356 4357
f 4307 4357 4347
f 4313 4358 4314
f 4314 4358 4359
f 4314 4359 4315
f 4315 4359 4360
f 4315 4360 4344
f 4349 4361 4310
f 4310 4361 4362
f 4310 4362 4311
f 4311 4362 4363
f 4311 4363 4312
f 4312 4363 4364
f 4312 4364 4313
f 4313 4364 4365
f 4313 4365 4358
f 4366 4367 4368
f 4366 4368 4369
f 4369 4368 4370
f 4369 4370 4371
f 4371 4370 4372
f 4371 4372 4373
f 4373 4372 4374
f 4373 4374 4375
f 4375 4374 4376
f 4375 4376 4377
f 4377 4376 4378
f 4377 4378 4379
f 4379 4378 4380
f 4379 4380 4381
f 4381 4380 4382
f 4381 4382 4383
f 4383 4382 4384
f 4383 4384 4385
f 4385 4384 4386
f 4385 4386 4387
f 4387 4386 4388
f 4387 4388 4389
f 4389 4388 4390
f 4389 4390 4391
f 4391 4390 4392
f 4391 4392 4393
f 4393 4392 4394
f 4393 4394 4395
f 4395 4394 4396
f 4395 4396 4397
f 4397 4396 4398
f 4397 4398 4399
f 4399 4398 4400
f 4399 4400 4401
f 4401 4400 4402
f 4401 4402 4403
f 4332 4402 4400
f 4332 4400 4354
f 4354 4400 4398
f 4354 4398 4355
f 4355 4398 4396
f 4355 4396 4356
f 4356 4396 4394
f 4356 4394 4357
f 4357 4394 4392
f 4357 4392 4347
f 4347 4392 4390
f 4347 4390 4348
f 4348 4390 4388
f 4348 4388 4349
f 4349 4388 4386
f 4349 4386 4361
f 4361 4386 4384
f 4361 4384 4362
f 4362 4384 4382
f 4362 4382 4363
f 4363 4382 4380
f 4363 4380 4364
f 4364 4380 4378
f 4364 4378 4365
f 4365 4378 4376
f 4365 4376 4358
f 4358 4376 4374
f 4358 4374 4359
f 4359 4374 4372
f 4359 4372 4360
f 4360 4372 4370
f 4360 4370 4344
f 4344 4370 4368
f 4344 4368 4345
f 4345 4368 4367
f 4345 4367 4346
f 4346 4367 4404
f 4346 4404 4350
f 4350 4404 4405
f 4350 4405 4351
f 4351 4405 4406
f 4351 4406 4352
f 4352 4406 4407
f 4352 4407 4353
f 4353 4407 4408
f 4353 4408 4340
f 4340 4408 4409
f 4340 4409 4341
f 4341 4409 4410
f 4341 4410 4342
f 4342 4410 4411
f 4342 4411 4343
f 4343 4411 4412
f 4343 4412 4333
f 4333 4412 4413
f 4333 4413 4334
f 4334 4413 4414
f 4334 4414 4335
f 4335 4414 4415
f 4335 4415 4336
f 4336 4415 4416
f 4336 4416 4337
f 4337 4416 4417
f 4337 4417 4338
f 4338 4417 4418
f 4338 4418 4339
f 4339 4418 4419
f 4339 4419 4330
f 4330 4419 4420
f 4330 4420 4331
f 4331 4420 4402
f 4331 4402 4332
f 4403 4402 4420
f 4403 4420 4421
f 4421 4420 4419
f 4421 4419 4422
f 4422 4419 4418
f 4422 4418 4423
f 4423 4418 4417
f 4423 4417 4424
f 4424 4417 4416
f 4424 4416 4425
f 4425 4416 4415
f 4425 4415 4426
f 4426 4415 4414
f 4426 4414 4427
f 4427 4414 4413
f 4427 4413 4428
f 4428 4413 4412
f 4428 4412 4429
f 4429 4412 4411
f 4429 4411 4430
f 4430 4411 4410
f 4430 4410 4431
f 4431 4410 4409
f 4431 4409 4432
f 4432 4409 4408
f 4432 4408 4433
f 4433 4408 4407
f 4433 4407 4434
f 4434 4407 4406
f 4434 4406 4435
f 4435 4406 4405
f 4435 4405 4436
f 4436 4405 4404
f 4436 4404 4437
f 4437 4404 4367
f 4437 4367 4366
f 4425 4426 4247
f 4245 4403 4421
f 4436 4251 4435
f 4435 4251 4249
f 4435 4249 4434
f 4434 4249 4433
f 4421 4422 4245
f 4245 4422 4423
f 4245 4423 4247
f 4247 4423 4424
f 4247 4424 4425
f 4436 4437 4251
f 4251 4437 4366
f 4251 4366 4369
f 4426 4427 4247
f 4247 4427 4428
f 4247 4428 4249
f 4249 4428 4429
f 4249 4429 4430
f 4430 4431 4249
f 4249 4431 4432
f 4249 4432 4433
f 4389 4391 4242
f 4242 4391 4393
f 4242 4393 4395
f 4377 4379 4243
f 4243 4379 4381
f 4369 4371 4251
f 4251 4371 4373
f 4251 4373 4243
f 4243 4373 4375
f 4243 4375 4377
f 4395 4397 4242
f 4242 4397 4399
f 4242 4399 4245
f 4245 4399 4401
f 4245 4401 4403
f 4381 4383 4243
f 4243 4383 4385
f 4243 4385 4242
f 4242 4385 4387
f 4242 4387 4389
f 4248 4249 4250
f 4250 4249 4251
f 4438 4439 4440
f 4441 4439 4438
f 4438 4442 4443
f 4444 4442 4438
f 4440 4444 4438
f 4438 4445 4446
f 4447 4445 4438
f 4443 4447 4438
f 4438 4448 4449
f 4450 4448 4438
f 4446 4450 4438
f 4449 4441 4438
f 4451 4452 4453
f 4454 4452 4451
f 4451 4455 4456
f 4457 4455 4451
f 4453 4457 4451
f 4451 4458 4459
f 4460 4458 4451
f 4456 4460 4451
f 4451 4461 4462
f 4463 4461 4451
f 4459 4463 4451
f 4462 4454 4451
f 4464 4465 4466
f 4467 4465 4464
f 4464 4468 4469
f 4470 4468 4464
f 4466 4470 4464
f 4464 4471 4472
f 4473 4471 4464
f 4469 4473 4464
f 4464 4474 4475
f 4476 4474 4464
f 4472 4476 4464
f 4475 4467 4464
f 4477 4478 4479
f 4480 4478 4477
f 4477 4481 4482
f 4483 4481 4477
f 4479 4483 4477
f 4477 4484 4485
f 4486 4484 4477
f 4482 4486 4477
f 4477 4487 4488
f 4489 4487 4477
f 4485 4489 4477
f 4488 4480 4477
f 4490 4447 4491
f 4491 4447 4443
f 4491 4443 4492
f 4492 4443 4442
f 4492 4442 4493
f 4493 4442 4444
f 4493 4444 4494
f 4494 4444 4440
f 4494 4440 4495
f 4495 4440 4439
f 4495 4439 4496
f 4496 4439 4441
f 4496 4441 4497
f 4497 4441 4449
f 4497 4449 4498
f 4498 4449 4448
f 4498 4448 4499
f 4499 4448 4450
f 4499 4450 4500
f 4500 4450 4446
f 4500 4446 4501
f 4501 4446 4445
f 4501 4445 4490
f 4490 4445 4447
f 4502 4460 4503
f 4503 4460 4456
f 4503 4456 4504
f 4504 4456 4455
f 4504 4455 4505
f 4505 4455 4457
f 4505 4457 4506
f 4506 4457 4453
f 4506 4453 4507
f 4507 4453 4452
f 4507 4452 4508
f 4508 4452 4454
f 4508 4454 4509
f 4509 4454 4462
f 4509 4462 4510
f 4510 4462 4461
f 4510 4461 4511
f 4511 4461 4463
f 4511 4463 4512
f 4512 4463 4459
f 4512 4459 4513
f 4513 4459 4458
f 4513 4458 4502
f 4502 4458 4460
f 4514 4515 4516
f 4516 4515 4517
f 4518 4519 4520
f 4520 4519 4521
f 4522 4523 4524
f 4524 4523 4525
f 4526 4473 4527
f 4527 4473 4469
f 4527 4469 4528
f 4528 4469 4468
f 4528 4468 4529
f 4529 4468 4470
f 4529 4470 4530
f 4530 4470 4466
f 4530 4466 4531
f 4531 4466 4465
f 4531 4465 4532
f 4532 4465 4467
f 4532 4467 4533
f 4533 4467 4475
f 4533 4475 4534
f 4534 4475 4474
f 4534 4474 4535
f 4535 4474 4476
f 4535 4476 4536
f 4536 4476 4472
f 4536 4472 4537
f 4537 4472 4471
f 4537 4471 4526
f 4526 4471 4473
f 4538 4486 4539
f 4539 4486 4482
f 4539 4482 4540
f 4540 4482 4481
f 4540 4481 4541
f 4541 4481 4483
f 4541 4483 4542
f 4542 4483 4479
f 4542 4479 4543
f 4543 4479 4478
f 4543 4478 4544
f 4544 4478 4480
f 4544 4480 4545
f 4545 4480 4488
f 4545 4488 4546
f 4546 4488 4487
f 4546 4487 4547
f 4547 4487 4489
f 4547 4489 4548
f 4548 4489 4485
f 4548 4485 4549
f 4549 4485 4484
f 4549 4484 4538
f 4538 4484 4486
f 4550 4551 4552
f 4552 4551 4553
f 4552 4553 4554
f 4554 4553 4555
f 4554 4555 4556
f 4556 4555 4557
f 4556 4557 4558
f 4558 4557 4559
f 4558 4559 4560
f 4560 4559 4561
f 4560 4561 4562
f 4562 4561 4563
f 4564 4565 4566
f 4566 4565 4567
f 4521 4519 4563
f 4563 4519 4562
f 4500 4501 4567
f 4567 4501 4490
f 4567 4490 4517
f 4500 4567 4499
f 4499 4567 4565
f 4499 4565 4498
f 4509 4510 4565
f 4565 4510 4511
f 4502 4495 4513
f 4513 4495 4496
f 4498 4565 4497
f 4497 4565 4511
f 4497 4511 4496
f 4496 4511 4512
f 4496 4512 4513
f 4490 4491 4517
f 4517 4491 4492
f 4517 4492 4493
f 4505 4506 4516
f 4516 4506 4507
f 4516 4507 4565
f 4565 4507 4508
f 4565 4508 4509
f 4505 4516 4504
f 4504 4516 4517
f 4504 4517 4503
f 4503 4517 4493
f 4503 4493 4502
f 4502 4493 4494
f 4502 4494 4495
f 4515 4514 4524
f 4524 4514 4522
f 4523 4546 4547
f 4542 4543 4518
f 4518 4543 4544
f 4518 4544 4523
f 4523 4544 4545
f 4523 4545 4546
f 4535 4525 4534
f 4534 4525 4523
f 4534 4523 4533
f 4533 4523 4547
f 4533 4547 4532
f 4526 4520 4537
f 4537 4520 4525
f 4537 4525 4536
f 4536 4525 4535
f 4526 4527 4520
f 4520 4527 4528
f 4520 4528 4529
f 4542 4518 4541
f 4541 4518 4520
f 4541 4520 4540
f 4538 4531 4549
f 4549 4531 4532
f 4549 4532 4548
f 4548 4532 4547
f 4540 4520 4539
f 4539 4520 4529
f 4539 4529 4538
f 4538 4529 4530
f 4538 4530 4531
f 4568 4569 4550
f 4550 4569 4551
f 4570 4571 4572
f 4572 4571 4573
f 4560 4562 4519
f 4514 4573 4522
f 4522 4573 4574
f 4575 4556 4558
f 4558 4560 4575
f 4575 4560 4519
f 4575 4519 4574
f 4574 4519 4518
f 4574 4518 4522
f 4522 4518 4523
f 4514 4516 4573
f 4573 4516 4565
f 4573 4565 4572
f 4572 4565 4564
f 4572 4564 4576
f 4576 4564 4577
f 4576 4577 4578
f 4554 4556 4579
f 4580 4581 4579
f 4579 4581 4568
f 4568 4550 4579
f 4579 4550 4552
f 4579 4552 4554
f 4582 4575 4583
f 4583 4575 4574
f 4584 4585 4586
f 4586 4585 4587
f 4588 4589 4590
f 4590 4589 4591
f 4592 4593 4594
f 4595 4593 4592
f 4592 4596 4597
f 4598 4596 4592
f 4594 4598 4592
f 4592 4599 4600
f 4601 4599 4592
f 4597 4601 4592
f 4592 4602 4603
f 4604 4602 4592
f 4600 4604 4592
f 4603 4595 4592
f 4605 4606 4607
f 4608 4609 4610
f 4611 4612 4613
f 4614 4615 4616
f 4607 4611 4605
f 4605 4611 4613
f 4605 4613 4616
f 4616 4613 4608
f 4616 4608 4614
f 4614 4608 4610
f 4617 4618 4619
f 4620 4621 4622
f 4618 4623 4619
f 4619 4623 4624
f 4619 4624 4625
f 4617 4619 4626
f 4626 4619 4627
f 4626 4627 4628
f 4622 4621 4629
f 4621 4630 4629
f 4629 4630 4631
f 4629 4631 4632
f 4632 4633 4629
f 4629 4633 4634
f 4629 4634 4635
f 4635 4634 4636
f 4624 4637 4625
f 4625 4637 4638
f 4625 4638 4639
f 4639 4638 4640
f 4639 4640 4641
f 4640 4642 4641
f 4641 4642 4643
f 4641 4643 4644
f 4644 4643 4645
f 4644 4645 4646
f 4646 4645 4647
f 4646 4647 4622
f 4622 4647 4648
f 4622 4648 4620
f 4649 4650 4651
f 4652 4653 4654
f 4655 4656 4657
f 4655 4657 4654
f 4654 4657 4658
f 4654 4658 4652
f 4653 4652 4650
f 4650 4652 4659
f 4650 4659 4651
f 4660 4661 4651
f 4651 4661 4662
f 4651 4662 4649
f 4660 4651 4663
f 4663 4651 4664
f 4663 4664 4665
f 4665 4664 4666
f 4665 4666 4667
f 4667 4666 4668
f 4667 4668 4669
f 4670 4671 4672
f 4672 4671 4673
f 4674 4675 4578
f 4578 4675 4576
f 4564 4566 4577
f 4577 4566 4676
f 4677 4678 4679
f 4679 4678 4680
f 4681 4682 4683
f 4683 4682 4684
f 4568 4581 4569
f 4569 4581 4685
f 4686 4580 4687
f 4687 4580 4579
f 4688 4689 4690
f 4690 4689 4691
f 4692 4693 4694
f 4694 4693 4695
f 4524 4695 4515
f 4515 4695 4672
f 4517 4515 4567
f 4567 4515 4672
f 4567 4672 4566
f 4566 4672 4673
f 4566 4673 4676
f 4676 4673 4679
f 4676 4679 4680
f 4563 4561 4694
f 4694 4561 4559
f 4694 4559 4557
f 4524 4525 4695
f 4695 4525 4520
f 4695 4520 4694
f 4694 4520 4521
f 4694 4521 4563
f 4685 4696 4569
f 4569 4696 4697
f 4551 4569 4553
f 4553 4569 4697
f 4553 4697 4555
f 4555 4697 4557
f 4698 4699 4696
f 4696 4699 4697
f 4700 4701 4702
f 4702 4701 4703
f 4704 4705 4706
f 4706 4705 4707
f 4706 4707 4708
f 4708 4707 4703
f 4703 4707 4709
f 4703 4709 4702
f 4710 4711 4712
f 4712 4711 4713
f 4714 4715 4716
f 4716 4715 4717
f 4716 4717 4718
f 4718 4719 4716
f 4716 4719 4720
f 4716 4720 4721
f 4721 4720 4722
f 4721 4722 4723
f 4722 4724 4723
f 4723 4724 4725
f 4723 4725 4713
f 4713 4725 4726
f 4713 4726 4712
f 4727 4728 4729
f 4730 4728 4727
f 4727 4731 4732
f 4733 4731 4727
f 4729 4733 4727
f 4727 4734 4735
f 4736 4734 4727
f 4732 4736 4727
f 4727 4737 4738
f 4739 4737 4727
f 4735 4739 4727
f 4738 4730 4727
f 4740 4741 4742
f 4742 4741 4743
f 4742 4743 4744
f 4745 4746 4747
f 4747 4746 4748
f 4747 4748 4749
f 4749 4748 4750
f 4749 4750 4751
f 4751 4750 4752
f 4751 4752 4753
f 4753 4752 4754
f 4753 4754 4755
f 4743 4756 4744
f 4744 4756 4757
f 4744 4757 4754
f 4754 4757 4758
f 4754 4758 4755
f 4759 4760 4761
f 4762 4763 4764
f 4764 4763 4759
f 4764 4759 4765
f 4765 4759 4761
f 4766 4767 4768
f 4768 4767 4769
f 4770 4771 4760
f 4760 4771 4772
f 4760 4772 4761
f 4745 4773 4746
f 4746 4773 4774
f 4746 4774 4768
f 4768 4774 4775
f 4768 4775 4766
f 4767 4776 4769
f 4769 4776 4777
f 4769 4777 4778
f 4778 4777 4779
f 4778 4779 4770
f 4770 4779 4780
f 4770 4780 4771
f 4781 4782 4783
f 4784 4785 4786
f 4786 4785 4787
f 4783 4788 4781
f 4781 4788 4789
f 4781 4789 4790
f 4787 4785 4791
f 4791 4785 4792
f 4791 4792 4793
f 4793 4792 4794
f 4793 4794 4788
f 4788 4794 4795
f 4788 4795 4789
f 4796 4797 4798
f 4798 4799 4796
f 4796 4799 4800
f 4796 4800 4801
f 4801 4800 4802
f 4801 4802 4803
f 4803 4802 4804
f 4803 4804 4805
f 4805 4804 4806
f 4805 4806 4807
f 4807 4806 4808
f 4809 4810 4811
f 4811 4810 4812
f 4811 4812 4813
f 4813 4812 4814
f 4813 4814 4815
f 4815 4814 4816
f 4815 4816 4817
f 4817 4816 4818
f 4817 4818 4819
f 4819 4818 4820
f 4819 4820 4821
f 4821 4820 4822
f 4821 4822 4823
f 4823 4822 4824
f 4823 4824 4825
f 4825 4824 4826
f 4825 4826 4827
f 4827 4826 4808
f 4827 4808 4828
f 4828 4808 4806
f 4829 4830 4831
f 4829 4831 4832
f 4832 4831 4833
f 4832 4833 4834
f 4834 4833 4835
f 4834 4835 4836
f 4836 4835 4837
f 4836 4837 4838
f 4838 4837 4839
f 4838 4839 4840
f 4840 4839 4690
f 4840 4690 4691
f 4573 4571 4841
f 4841 4842 4573
f 4573 4842 4843
f 4573 4843 4844
f 4583 4574 4845
f 4845 4574 4573
f 4845 4573 4846
f 4846 4573 4844
f 4572 4576 4675
f 4675 4847 4572
f 4572 4847 4848
f 4572 4848 4570
f 4687 4579 4849
f 4849 4579 4556
f 4849 4556 4850
f 4850 4556 4575
f 4850 4575 4582
f 4851 4584 4852
f 4852 4584 4586
f 4852 4586 4853
f 4853 4586 4587
f 4853 4587 4854
f 4854 4587 4585
f 4854 4585 4855
f 4855 4585 4856
f 4856 4585 4584
f 4856 4584 4851
f 4857 4588 4858
f 4858 4588 4590
f 4858 4590 4859
f 4859 4590 4591
f 4859 4591 4860
f 4860 4591 4589
f 4860 4589 4857
f 4857 4589 4588
f 4861 4601 4862
f 4862 4601 4597
f 4862 4597 4863
f 4863 4597 4596
f 4863 4596 4864
f 4864 4596 4598
f 4864 4598 4865
f 4865 4598 4594
f 4865 4594 4866
f 4866 4594 4593
f 4866 4593 4867
f 4867 4593 4595
f 4867 4595 4868
f 4868 4595 4603
f 4868 4603 4869
f 4869 4603 4602
f 4869 4602 4870
f 4870 4602 4604
f 4870 4604 4871
f 4871 4604 4600
f 4871 4600 4872
f 4872 4600 4599
f 4872 4599 4861
f 4861 4599 4601
f 4873 4615 4874
f 4874 4615 4614
f 4874 4614 4875
f 4875 4614 4610
f 4875 4610 4876
f 4876 4610 4609
f 4876 4609 4877
f 4877 4609 4608
f 4877 4608 4878
f 4878 4608 4613
f 4878 4613 4879
f 4879 4613 4612
f 4879 4612 4880
f 4880 4612 4611
f 4880 4611 4881
f 4881 4611 4607
f 4881 4607 4882
f 4882 4607 4606
f 4882 4606 4883
f 4883 4606 4605
f 4883 4605 4884
f 4884 4605 4616
f 4884 4616 4873
f 4873 4616 4615
f 4885 4886 4641
f 4641 4886 4639
f 4646 4887 4888
f 4646 4888 4644
f 4644 4888 4885
f 4644 4885 4641
f 4887 4646 4889
f 4889 4646 4622
f 4889 4622 4890
f 4890 4622 4629
f 4890 4629 4891
f 4891 4629 4635
f 4891 4635 4892
f 4892 4635 4636
f 4634 4893 4636
f 4636 4893 4892
f 4894 4893 4633
f 4633 4893 4634
f 4631 4895 4896
f 4631 4896 4632
f 4632 4896 4894
f 4632 4894 4633
f 4621 4897 4898
f 4621 4898 4630
f 4630 4898 4895
f 4630 4895 4631
f 4647 4899 4900
f 4897 4621 4901
f 4901 4621 4620
f 4901 4620 4900
f 4900 4620 4648
f 4900 4648 4647
f 4643 4902 4903
f 4643 4903 4645
f 4645 4903 4899
f 4645 4899 4647
f 4902 4643 4904
f 4904 4643 4642
f 4904 4642 4905
f 4640 4906 4642
f 4642 4906 4905
f 4624 4907 4908
f 4906 4640 4909
f 4909 4640 4638
f 4909 4638 4908
f 4908 4638 4637
f 4908 4637 4624
f 4618 4910 4911
f 4618 4911 4623
f 4623 4911 4907
f 4623 4907 4624
f 4626 4912 4913
f 4626 4913 4617
f 4617 4913 4910
f 4617 4910 4618
f 4912 4626 4914
f 4914 4626 4628
f 4914 4628 4915
f 4915 4628 4627
f 4915 4627 4916
f 4916 4627 4619
f 4916 4619 4917
f 4917 4619 4918
f 4918 4619 4625
f 4639 4886 4625
f 4625 4886 4918
f 4661 4919 4920
f 4921 4650 4922
f 4922 4650 4649
f 4922 4649 4920
f 4920 4649 4662
f 4920 4662 4661
f 4665 4923 4924
f 4919 4661 4925
f 4925 4661 4660
f 4925 4660 4924
f 4924 4660 4663
f 4924 4663 4665
f 4669 4926 4927
f 4669 4927 4667
f 4667 4927 4923
f 4667 4923 4665
f 4926 4669 4928
f 4928 4669 4668
f 4928 4668 4929
f 4929 4668 4666
f 4929 4666 4930
f 4930 4666 4664
f 4930 4664 4931
f 4931 4664 4651
f 4652 4932 4933
f 4652 4933 4659
f 4659 4933 4931
f 4659 4931 4651
f 4657 4934 4935
f 4657 4935 4658
f 4658 4935 4932
f 4658 4932 4652
f 4934 4657 4936
f 4936 4657 4656
f 4936 4656 4937
f 4937 4656 4655
f 4937 4655 4938
f 4938 4655 4654
f 4938 4654 4939
f 4939 4654 4653
f 4650 4921 4653
f 4653 4921 4939
f 4693 4940 4695
f 4695 4940 4941
f 4695 4941 4942
f 4942 4943 4695
f 4695 4943 4944
f 4695 4944 4672
f 4672 4944 4945
f 4672 4945 4670
f 4671 4946 4673
f 4673 4946 4947
f 4677 4679 4948
f 4948 4679 4673
f 4948 4673 4949
f 4949 4673 4947
f 4683 4684 4950
f 4577 4676 4578
f 4578 4676 4680
f 4951 4674 4578
f 4950 4951 4683
f 4683 4951 4578
f 4683 4578 4952
f 4952 4578 4680
f 4952 4680 4678
f 4682 4681 4953
f 4682 4953 4954
f 4954 4953 4955
f 4954 4955 4956
f 4956 4955 4957
f 4956 4957 4958
f 4958 4957 4959
f 4958 4959 4960
f 4960 4959 4961
f 4960 4961 4962
f 4962 4961 4963
f 4962 4963 4964
f 4686 4689 4580
f 4580 4689 4688
f 4685 4581 4696
f 4696 4581 4580
f 4688 4965 4580
f 4580 4965 4966
f 4580 4966 4696
f 4696 4966 4698
f 4697 4699 4557
f 4557 4699 4967
f 4967 4968 4557
f 4557 4968 4969
f 4557 4969 4694
f 4694 4969 4970
f 4694 4970 4692
f 4971 4707 4972
f 4972 4707 4705
f 4972 4705 4973
f 4707 4971 4709
f 4709 4971 4974
f 4709 4974 4975
f 4976 4702 4975
f 4975 4702 4709
f 4977 4700 4978
f 4978 4700 4702
f 4978 4702 4976
f 4979 4701 4977
f 4977 4701 4700
f 4980 4703 4979
f 4979 4703 4701
f 4981 4708 4980
f 4980 4708 4703
f 4982 4706 4981
f 4981 4706 4708
f 4706 4982 4704
f 4704 4982 4983
f 4704 4983 4984
f 4973 4705 4984
f 4984 4705 4704
f 4985 4713 4986
f 4986 4713 4711
f 4986 4711 4987
f 4713 4985 4723
f 4723 4985 4988
f 4723 4988 4989
f 4990 4721 4989
f 4989 4721 4723
f 4991 4716 4992
f 4992 4716 4721
f 4992 4721 4990
f 4716 4991 4714
f 4714 4991 4993
f 4714 4993 4994
f 4995 4715 4994
f 4994 4715 4714
f 4996 4717 4997
f 4997 4717 4715
f 4997 4715 4995
f 4998 4718 4996
f 4996 4718 4717
f 4718 4998 4999
f 4718 4999 4719
f 4719 4999 5000
f 4719 5000 4720
f 4720 5000 5001
f 4720 5001 4722
f 4722 5001 5002
f 4722 5002 4724
f 4724 5002 5003
f 4724 5003 4725
f 5004 4726 5003
f 5003 4726 4725
f 5005 4712 5004
f 5004 4712 4726
f 4712 5005 4710
f 4710 5005 5006
f 4710 5006 5007
f 4987 4711 5007
f 5007 4711 4710
f 5008 4736 5009
f 5009 4736 4732
f 5009 4732 5010
f 5010 4732 4731
f 5010 4731 5011
f 5011 4731 4733
f 5011 4733 5012
f 5012 4733 4729
f 5012 4729 5013
f 5013 4729 4728
f 5013 4728 5014
f 5014 4728 4730
f 5014 4730 5015
f 5015 4730 4738
f 5015 4738 5016
f 5016 4738 4737
f 5016 4737 5017
f 5017 4737 4739
f 5017 4739 5018
f 5018 4739 4735
f 5018 4735 5019
f 5019 4735 4734
f 5019 4734 5008
f 5008 4734 4736
f 4745 5020 5021
f 5022 4775 5023
f 5023 4775 4774
f 5023 4774 5021
f 5021 4774 4773
f 5021 4773 4745
f 4775 5022 5024
f 4775 5024 4766
f 4766 5024 5025
f 4766 5025 4767
f 4767 5025 5026
f 4767 5026 4776
f 4776 5026 5027
f 4776 5027 4777
f 4777 5027 5028
f 4777 5028 4779
f 4779 5028 5029
f 4779 5029 4780
f 4780 5029 5030
f 4780 5030 5031
f 5031 5030 5032
f 5031 5032 4772
f 4772 5032 5033
f 4772 5033 4761
f 4761 5033 5034
f 4761 5034 4765
f 4765 5034 5035
f 4765 5035 4764
f 4764 5035 5036
f 4764 5036 4762
f 5037 4763 5036
f 5036 4763 4762
f 4763 5037 5038
f 4763 5038 4759
f 4759 5038 5039
f 4759 5039 4760
f 4760 5039 5040
f 4760 5040 4770
f 4770 5040 5041
f 4770 5041 4778
f 4778 5041 5042
f 4778 5042 4769
f 4769 5042 5043
f 4769 5043 4768
f 4768 5043 5044
f 4768 5044 4746
f 4746 5044 5045
f 4746 5045 4748
f 4748 5045 5046
f 4748 5046 4750
f 4750 5046 5047
f 4750 5047 4752
f 4752 5047 5048
f 4752 5048 4754
f 4754 5048 5049
f 4754 5049 4744
f 5050 4742 5051
f 5051 4742 4744
f 5051 4744 5049
f 5052 4740 5050
f 5050 4740 4742
f 5053 4741 5052
f 5052 4741 4740
f 5054 4743 5053
f 5053 4743 4741
f 5055 4756 5054
f 5054 4756 4743
f 4756 5055 5056
f 4756 5056 4757
f 4757 5056 5057
f 4757 5057 4758
f 4758 5057 5058
f 4758 5058 4755
f 4755 5058 5059
f 4755 5059 4753
f 4753 5059 5060
f 4753 5060 4751
f 4751 5060 5061
f 4751 5061 4749
f 4749 5061 5062
f 4749 5062 4747
f 4747 5062 5020
f 4747 5020 4745
f 5063 4784 4786
f 4791 5064 4787
f 4787 5064 5065
f 4787 5065 4786
f 4786 5065 5066
f 4786 5066 5063
f 5067 4785 5063
f 5063 4785 4784
f 4785 5067 5068
f 4785 5068 4792
f 4792 5068 5069
f 4792 5069 4794
f 5070 4790 4789
f 4794 5069 4795
f 4795 5069 5071
f 4795 5071 4789
f 4789 5071 5072
f 4789 5072 5070
f 5073 4781 5070
f 5070 4781 4790
f 5074 4782 5073
f 5073 4782 4781
f 5075 4783 5074
f 5074 4783 4782
f 5076 4788 5075
f 5075 4788 4783
f 4788 5076 5077
f 4788 5077 4793
f 4793 5077 5064
f 4793 5064 4791
f 4803 5078 5079
f 4803 5079 4801
f 4801 5079 5080
f 4801 5080 4796
f 4796 5080 5081
f 4796 5081 4797
f 5082 4798 5081
f 5081 4798 4797
f 4798 5082 5083
f 4798 5083 4799
f 4799 5083 5084
f 4799 5084 4800
f 4800 5084 5085
f 4800 5085 4802
f 4802 5085 5086
f 4802 5086 4804
f 4804 5086 5087
f 4804 5087 4806
f 4806 5087 5088
f 4806 5088 4828
f 4828 5088 5089
f 4828 5089 4827
f 4827 5089 5090
f 4827 5090 4825
f 4825 5090 5091
f 4825 5091 4823
f 4823 5091 5092
f 4823 5092 4821
f 4821 5092 5093
f 4821 5093 4819
f 4819 5093 5094
f 4819 5094 4817
f 4817 5094 5095
f 4817 5095 4815
f 4815 5095 5096
f 4815 5096 4813
f 4813 5096 5097
f 4813 5097 4811
f 4811 5097 5098
f 4811 5098 4809
f 5099 4810 5098
f 5098 4810 4809
f 4810 5099 5100
f 4810 5100 4812
f 4812 5100 5101
f 4812 5101 4814
f 4814 5101 5102
f 4814 5102 4816
f 4816 5102 5103
f 4816 5103 4818
f 4818 5103 5104
f 4818 5104 4820
f 4820 5104 5105
f 4820 5105 4822
f 4822 5105 5106
f 4822 5106 4824
f 4824 5106 5107
f 4824 5107 4826
f 4826 5107 5108
f 4826 5108 4808
f 4808 5108 5109
f 5078 4803 5110
f 5110 4803 4805
f 5110 4805 5109
f 5109 4805 4807
f 5109 4807 4808
f 4830 4829 5111
f 5111 4829 5112
f 4883 4884 4882
f 4849 5113 5112
f 5112 5113 5114
f 4849 5112 4687
f 4687 5112 4829
f 4687 4829 4686
f 4686 4829 4691
f 4686 4691 4689
f 4829 4832 4834
f 4840 4691 4838
f 4838 4691 4829
f 4838 4829 4836
f 4836 4829 4834
f 4929 4930 5115
f 5116 5117 5115
f 5115 5117 5118
f 4852 4916 4917
f 4964 5119 4950
f 5119 5120 5121
f 4954 4964 4682
f 4682 4964 4950
f 4682 4950 4684
f 4960 4962 4958
f 4958 4962 4964
f 4958 4964 4956
f 4956 4964 4954
f 4675 4674 5122
f 5123 4904 5124
f 5124 4904 4905
f 4915 5124 4914
f 4914 5124 4905
f 4914 4905 4912
f 4912 4905 4906
f 4912 4906 4913
f 4913 4906 4910
f 4906 4909 4910
f 4910 4909 4908
f 4910 4908 4911
f 4911 4908 4907
f 4916 4852 4915
f 4915 4852 4853
f 4915 4853 5124
f 5124 4853 4854
f 5124 4854 5125
f 5125 4854 4855
f 5125 4855 5116
f 5116 4855 4856
f 5116 4856 5117
f 5117 4856 4851
f 5117 4851 5118
f 4950 4858 5126
f 5126 4858 4859
f 4860 4857 4890
f 4891 4892 5123
f 4890 4891 4860
f 4860 4891 5123
f 4860 5123 4859
f 4859 5123 5127
f 4859 5127 5126
f 4896 4895 4901
f 4901 4895 4898
f 4901 4898 4897
f 4896 4901 4894
f 4894 4901 4900
f 4894 4900 4893
f 4893 4900 4899
f 4893 4899 4892
f 4892 4899 4903
f 4892 4903 5123
f 5123 4903 4902
f 5123 4902 4904
f 4868 4849 4867
f 4867 4849 4850
f 4867 4850 4866
f 4866 4850 4582
f 4866 4582 4865
f 4865 4582 4583
f 4865 4583 4864
f 4864 4583 4845
f 4864 4845 4863
f 5113 4872 5128
f 5128 4872 4861
f 5128 4861 4862
f 4868 4869 4849
f 4849 4869 4870
f 4849 4870 5113
f 5113 4870 4871
f 5113 4871 4872
f 4950 4873 4951
f 4951 4873 4874
f 4876 5127 4875
f 4875 5127 5129
f 4875 5129 4874
f 4874 5129 5122
f 4874 5122 4951
f 4951 5122 4674
f 4884 4873 4882
f 4882 4873 4950
f 4882 4950 4881
f 4881 4950 5126
f 4881 5126 4880
f 4880 5126 5127
f 4880 5127 4879
f 4879 5127 4876
f 4879 4876 4878
f 4878 4876 4877
f 5121 4885 4888
f 4888 4887 5121
f 5121 4887 4889
f 5121 4889 5119
f 5119 4889 4890
f 5119 4890 4950
f 4950 4890 4857
f 4950 4857 4858
f 4851 4852 5118
f 5118 4852 4917
f 5118 4917 5120
f 5120 4917 4918
f 5120 4918 5121
f 5121 4918 4886
f 5121 4886 4885
f 5115 5114 4929
f 4929 5114 5113
f 4929 5113 4928
f 4928 5113 5128
f 4928 5128 4926
f 4926 5128 5125
f 4920 4919 4927
f 4919 4925 4927
f 4927 4925 4924
f 4927 4924 4923
f 4933 4932 4935
f 4933 4935 4931
f 4931 4935 4934
f 4931 4934 4930
f 4930 4934 4936
f 4930 4936 5115
f 5115 4936 4937
f 5115 4937 5116
f 5116 4937 4938
f 5116 4938 5125
f 5125 4938 4939
f 5125 4939 4926
f 4926 4939 4921
f 4926 4921 4927
f 4927 4921 4922
f 4927 4922 4920
f 4571 5129 4841
f 4841 5129 5127
f 4841 5127 4842
f 4842 5127 5123
f 4842 5123 4843
f 4843 5123 5124
f 4843 5124 4844
f 4844 5124 5125
f 4844 5125 4846
f 4846 5125 5128
f 4846 5128 4845
f 4845 5128 4862
f 4845 4862 4863
f 4571 4570 5129
f 5129 4570 4848
f 5129 4848 5122
f 5122 4848 4847
f 5122 4847 4675
f 5130 5119 4963
f 4963 5119 4964
f 5081 5080 5131
f 5014 5132 5133
f 5000 5002 5001
f 4996 4997 5134
f 4699 4698 4966
f 4670 4945 5133
f 4693 4692 4970
f 4946 4671 4670
f 4678 5135 4952
f 4952 5135 5130
f 4952 5130 4963
f 4961 4959 4963
f 4963 4959 4957
f 4683 4952 4681
f 4681 4952 4963
f 4681 4963 4953
f 4953 4963 4957
f 4953 4957 4955
f 5136 5137 5138
f 5138 5137 5139
f 5138 5139 5140
f 5140 5139 5141
f 5140 5141 5111
f 4833 4831 4835
f 4835 4831 4830
f 4837 4835 4839
f 4839 4835 4830
f 4839 4830 4690
f 4690 4830 5142
f 4973 4984 5142
f 5142 4984 5143
f 4830 5111 5142
f 5142 5111 5141
f 5142 5141 4973
f 4973 5141 4975
f 4973 4975 4972
f 4972 4975 4974
f 4972 4974 4971
f 4983 4982 5144
f 4981 4980 4979
f 4982 4981 5144
f 5144 4981 4979
f 5144 4979 5145
f 5145 4979 4977
f 5145 4977 5146
f 5146 4977 4978
f 5146 4978 5141
f 5141 4978 4976
f 5141 4976 4975
f 4997 4995 5147
f 5147 4995 4994
f 5147 4994 4967
f 4989 4967 4990
f 4990 4967 4994
f 4990 4994 4992
f 4992 4994 4993
f 4992 4993 4991
f 5005 4969 5006
f 5006 4969 4968
f 5006 4968 5007
f 5007 4968 4967
f 5007 4967 4987
f 4987 4967 4989
f 4987 4989 4986
f 4986 4989 4988
f 4986 4988 4985
f 4999 4998 5004
f 5004 4998 5148
f 4999 5004 5000
f 5000 5004 5003
f 5000 5003 5002
f 5017 5018 5131
f 5132 5014 5149
f 5014 5015 5149
f 5149 5015 5016
f 5149 5016 5017
f 5009 5010 4944
f 4944 5010 5011
f 4944 5011 4945
f 4945 5011 5012
f 4945 5012 5133
f 5133 5012 5013
f 5133 5013 5014
f 5060 5059 5061
f 5061 5059 5058
f 5061 5058 5057
f 5040 5039 5144
f 5144 5039 5038
f 4984 4983 5143
f 5143 4983 5144
f 5143 5144 5037
f 5037 5144 5038
f 5055 5054 5056
f 5056 5054 5053
f 5052 5025 5024
f 5024 5022 5052
f 5052 5022 5023
f 5052 5023 5021
f 5050 5037 5036
f 5057 5056 5061
f 5061 5056 5053
f 5061 5053 5062
f 5062 5053 5052
f 5062 5052 5020
f 5020 5052 5021
f 5150 5029 5052
f 5052 5029 5028
f 5034 5033 5052
f 5052 5033 5032
f 5052 5032 5150
f 5028 5027 5052
f 5052 5027 5026
f 5052 5026 5025
f 5050 5036 5052
f 5052 5036 5035
f 5052 5035 5034
f 5044 5043 5148
f 4998 4996 5148
f 5148 4996 5134
f 5148 5134 5044
f 5044 5134 5045
f 5037 5050 5143
f 5143 5050 5051
f 5143 5051 5142
f 4997 5147 5134
f 5134 5147 5046
f 5134 5046 5045
f 5051 5049 5142
f 5142 5049 5048
f 5142 5048 5147
f 5147 5048 5047
f 5147 5047 5046
f 5077 5076 5075
f 5077 5075 5064
f 5151 5070 5072
f 5072 5071 5151
f 5151 5071 5069
f 5151 5069 5068
f 5065 5064 5146
f 5146 5064 5075
f 5146 5075 5145
f 5145 5075 5074
f 5145 5074 5152
f 5152 5074 5073
f 5068 5067 5139
f 5139 5067 5141
f 5141 5067 5063
f 5141 5063 5146
f 5146 5063 5066
f 5146 5066 5065
f 5109 5108 5139
f 5131 5080 5137
f 5068 5139 5151
f 5151 5139 5108
f 5151 5108 5107
f 5080 5079 5137
f 5137 5079 5078
f 5137 5078 5139
f 5139 5078 5110
f 5139 5110 5109
f 5098 5097 5096
f 5101 5100 5153
f 5153 5100 5099
f 5095 5094 5082
f 5082 5094 5093
f 5082 5093 5083
f 5018 5019 5131
f 5131 5019 5153
f 5131 5153 5081
f 5081 5153 5099
f 5081 5099 5082
f 5082 5099 5098
f 5082 5098 5095
f 5095 5098 5096
f 5089 5088 5084
f 5093 5092 5083
f 5083 5092 5091
f 5083 5091 5084
f 5084 5091 5090
f 5084 5090 5089
f 5088 5087 5084
f 5084 5087 5086
f 5084 5086 5085
f 5101 5153 5102
f 5102 5153 5154
f 5102 5154 5155
f 5107 5106 5151
f 5151 5106 5152
f 5151 5152 5070
f 5070 5152 5073
f 5106 5105 5152
f 5152 5105 5104
f 5152 5104 5103
f 4688 4690 4965
f 4965 4690 5142
f 4965 5142 4966
f 4966 5142 5147
f 4966 5147 4699
f 4699 5147 4967
f 5017 5131 5149
f 5149 5131 5137
f 5149 5137 5135
f 5135 5137 5136
f 5135 5136 5130
f 4693 4970 5156
f 5156 4970 4969
f 5156 4969 5148
f 5148 4969 5005
f 5148 5005 5004
f 5103 5102 5152
f 5152 5102 5155
f 5152 5155 5145
f 5145 5155 5157
f 5145 5157 5144
f 5144 5157 5158
f 5144 5158 5040
f 5040 5158 5156
f 5040 5156 5041
f 5041 5156 5148
f 5041 5148 5042
f 5042 5148 5043
f 4670 5133 4946
f 4946 5133 5132
f 4946 5132 4947
f 4947 5132 5149
f 4947 5149 4949
f 4949 5149 5135
f 4949 5135 4948
f 4948 5135 4678
f 4948 4678 4677
f 5019 5008 5153
f 5153 5008 5009
f 5153 5009 5154
f 5154 5009 4944
f 5154 4944 5155
f 5155 4944 4943
f 5155 4943 5157
f 5157 4943 4942
f 5157 4942 5158
f 5158 4942 4941
f 5158 4941 5156
f 5156 4941 4940
f 5156 4940 4693
f 5140 5111 5112
f 5115 5130 5114
f 5114 5130 5136
f 5114 5136 5112
f 5112 5136 5138
f 5112 5138 5140
f 5115 5118 5130
f 5130 5118 5120
f 5130 5120 5119
f 5159 5160 5161
f 5161 5160 5162
f 5159 5161 5163
f 5163 5161 5164
f 5163 5164 5165
f 5165 5164 5166
f 5165 5166 5167
f 5167 5166 5168
f 5163 5165 5159
f 5159 5165 5167
f 5159 5167 5160
f 5160 5167 5169
f 5169 5170 5160
f 5160 5170 5162
f 5171 5172 5173
f 5171 5174 5172
f 5172 5174 5175
f 5172 5175 5176
f 5173 5177 5171
f 5171 5177 5178
f 5171 5178 5179
f 5176 5180 5172
f 5172 5180 5181
f 5172 5181 5182
f 5179 5183 5171
f 5171 5183 5184
f 5171 5184 5185
f 5182 5186 5172
f 5172 5186 5187
f 5172 5187 5188
f 5189 5190 5191
f 5185 5192 5171
f 5171 5192 5189
f 5171 5189 5193
f 5193 5189 5191
f 5194 5195 5188
f 5188 5195 5196
f 5188 5196 5172
f 5194 5197 5198
f 5194 5198 5195
f 5195 5198 5199
f 5195 5199 5196
f 5196 5199 5200
f 5196 5200 5172
f 5172 5200 5201
f 5172 5201 5173
f 5173 5201 5202
f 5173 5202 5177
f 5177 5202 5203
f 5177 5203 5178
f 5178 5203 5204
f 5178 5204 5179
f 5179 5204 5205
f 5179 5205 5183
f 5183 5205 5206
f 5183 5206 5184
f 5184 5206 5207
f 5184 5207 5185
f 5185 5207 5208
f 5185 5208 5192
f 5192 5208 5209
f 5192 5209 5189
f 5189 5209 5210
f 5189 5210 5190
f 5190 5210 5211
f 5190 5211 5191
f 5191 5211 5212
f 5191 5212 5193
f 5193 5212 5213
f 5193 5213 5171
f 5171 5213 5214
f 5171 5214 5174
f 5174 5214 5215
f 5174 5215 5175
f 5175 5215 5216
f 5175 5216 5176
f 5176 5216 5217
f 5176 5217 5180
f 5180 5217 5218
f 5180 5218 5181
f 5181 5218 5219
f 5181 5219 5182
f 5182 5219 5220
f 5182 5220 5186
f 5186 5220 5221
f 5186 5221 5187
f 5187 5221 5222
f 5187 5222 5188
f 5188 5222 5197
f 5188 5197 5194
f 5210 5223 5224
f 5210 5224 5211
f 5211 5224 5225
f 5211 5225 5212
f 5212 5225 5226
f 5212 5226 5213
f 5213 5226 5227
f 5213 5227 5214
f 5214 5227 5228
f 5214 5228 5215
f 5215 5228 5229
f 5215 5229 5216
f 5216 5229 5230
f 5216 5230 5217
f 5217 5230 5231
f 5217 5231 5218
f 5218 5231 5232
f 5218 5232 5219
f 5219 5232 5233
f 5219 5233 5220
f 5220 5233 5234
f 5220 5234 5221
f 5221 5234 5235
f 5221 5235 5222
f 5222 5235 5236
f 5222 5236 5197
f 5197 5236 5237
f 5197 5237 5198
f 5198 5237 5238
f 5198 5238 5199
f 5199 5238 5239
f 5199 5239 5200
f 5200 5239 5240
f 5200 5240 5201
f 5201 5240 5241
f 5201 5241 5202
f 5202 5241 5242
f 5202 5242 5203
f 5203 5242 5243
f 5203 5243 5204
f 5204 5243 5244
f 5204 5244 5205
f 5205 5244 5245
f 5205 5245 5206
f 5206 5245 5246
f 5206 5246 5207
f 5207 5246 5247
f 5207 5247 5208
f 5208 5247 5248
f 5208 5248 5209
f 5209 5248 5223
f 5209 5223 5210
f 5247 5249 5248
f 5248 5249 5250
f 5248 5250 5223
f 5223 5250 5251
f 5223 5251 5224
f 5242 5252 5243
f 5243 5252 5253
f 5243 5253 5244
f 5244 5253 5254
f 5244 5254 5245
f 5254 5255 5245
f 5245 5255 5256
f 5245 5256 5246
f 5246 5256 5257
f 5246 5257 5247
f 5247 5257 5258
f 5247 5258 5249
f 5239 5259 5240
f 5240 5259 5260
f 5240 5260 5241
f 5241 5260 5261
f 5241 5261 5242
f 5242 5261 5262
f 5242 5262 5252
f 5234 5263 5235
f 5235 5263 5264
f 5235 5264 5236
f 5236 5264 5265
f 5236 5265 5237
f 5226 5266 5227
f 5227 5266 5267
f 5227 5267 5228
f 5228 5267 5268
f 5228 5268 5229
f 5265 5269 5237
f 5237 5269 5270
f 5237 5270 5238
f 5238 5270 5271
f 5238 5271 5239
f 5239 5271 5272
f 5239 5272 5259
f 5251 5273 5224
f 5224 5273 5274
f 5224 5274 5225
f 5225 5274 5275
f 5225 5275 5226
f 5226 5275 5276
f 5226 5276 5266
f 5232 5277 5233
f 5233 5277 5278
f 5233 5278 5234
f 5234 5278 5279
f 5234 5279 5263
f 5268 5280 5229
f 5229 5280 5281
f 5229 5281 5230
f 5230 5281 5282
f 5230 5282 5231
f 5231 5282 5283
f 5231 5283 5232
f 5232 5283 5284
f 5232 5284 5277
f 5285 5286 5287
f 5285 5287 5288
f 5288 5287 5289
f 5288 5289 5290
f 5290 5289 5291
f 5290 5291 5292
f 5292 5291 5293
f 5292 5293 5294
f 5294 5293 5295
f 5294 5295 5296
f 5296 5295 5297
f 5296 5297 5298
f 5298 5297 5299
f 5298 5299 5300
f 5300 5299 5301
f 5300 5301 5302
f 5302 5301 5303
f 5302 5303 5304
f 5304 5303 5305
f 5304 5305 5306
f 5306 5305 5307
f 5306 5307 5308
f 5308 5307 5309
f 5308 5309 5310
f 5310 5309 5311
f 5310 5311 5312
f 5312 5311 5313
f 5312 5313 5314
f 5314 5313 5315
f 5314 5315 5316
f 5316 5315 5317
f 5316 5317 5318
f 5318 5317 5319
f 5318 5319 5320
f 5320 5319 5321
f 5320 5321 5322
f 5251 5321 5319
f 5251 5319 5273
f 5273 5319 5317
f 5273 5317 5274
f 5274 5317 5315
f 5274 5315 5275
f 5275 5315 5313
f 5275 5313 5276
f 5276 5313 5311
f 5276 5311 5266
f 5266 5311 5309
f 5266 5309 5267
f 5267 5309 5307
f 5267 5307 5268
f 5268 5307 5305
f 5268 5305 5280
f 5280 5305 5303
f 5280 5303 5281
f 5281 5303 5301
f 5281 5301 5282
f 5282 5301 5299
f 5282 5299 5283
f 5283 5299 5297
f 5283 5297 5284
f 5284 5297 5295
f 5284 5295 5277
f 5277 5295 5293
f 5277 5293 5278
f 5278 5293 5291
f 5278 5291 5279
f 5279 5291 5289
f 5279 5289 5263
f 5263 5289 5287
f 5263 5287 5264
f 5264 5287 5286
f 5264 5286 5265
f 5265 5286 5323
f 5265 5323 5269
f 5269 5323 5324
f 5269 5324 5270
f 5270 5324 5325
f 5270 5325 5271
f 5271 5325 5326
f 5271 5326 5272
f 5272 5326 5327
f 5272 5327 5259
f 5259 5327 5328
f 5259 5328 5260
f 5260 5328 5329
f 5260 5329 5261
f 5261 5329 5330
f 5261 5330 5262
f 5262 5330 5331
f 5262 5331 5252
f 5252 5331 5332
f 5252 5332 5253
f 5253 5332 5333
f 5253 5333 5254
f 5254 5333 5334
f 5254 5334 5255
f 5255 5334 5335
f 5255 5335 5256
f 5256 5335 5336
f 5256 5336 5257
f 5257 5336 5337
f 5257 5337 5258
f 5258 5337 5338
f 5258 5338 5249
f 5249 5338 5339
f 5249 5339 5250
f 5250 5339 5321
f 5250 5321 5251
f 5322 5321 5339
f 5322 5339 5340
f 5340 5339 5338
f 5340 5338 5341
f 5341 5338 5337
f 5341 5337 5342
f 5342 5337 5336
f 5342 5336 5343
f 5343 5336 5335
f 5343 5335 5344
f 5344 5335 5334
f 5344 5334 5345
f 5345 5334 5333
f 5345 5333 5346
f 5346 5333 5332
f 5346 5332 5347
f 5347 5332 5331
f 5347 5331 5348
f 5348 5331 5330
f 5348 5330 5349
f 5349 5330 5329
f 5349 5329 5350
f 5350 5329 5328
f 5350 5328 5351
f 5351 5328 5327
f 5351 5327 5352
f 5352 5327 5326
f 5352 5326 5353
f 5353 5326 5325
f 5353 5325 5354
f 5354 5325 5324
f 5354 5324 5355
f 5355 5324 5323
f 5355 5323 5356
f 5356 5323 5286
f 5356 5286 5285
f 5344 5345 5166
f 5164 5322 5340
f 5355 5170 5354
f 5354 5170 5168
f 5354 5168 5353
f 5353 5168 5352
f 5340 5341 5164
f 5164 5341 5342
f 5164 5342 5166
f 5166 5342 5343
f 5166 5343 5344
f 5355 5356 5170
f 5170 5356 5285
f 5170 5285 5288
f 5345 5346 5166
f 5166 5346 5347
f 5166 5347 5168
f 5168 5347 5348
f 5168 5348 5349
f 5349 5350 5168
f 5168 5350 5351
f 5168 5351 5352
f 5308 5310 5161
f 5161 5310 5312
f 5161 5312 5314
f 5296 5298 5162
f 5162 5298 5300
f 5288 5290 5170
f 5170 5290 5292
f 5170 5292 5162
f 5162 5292 5294
f 5162 5294 5296
f 5314 5316 5161
f 5161 5316 5318
f 5161 5318 5164
f 5164 5318 5320
f 5164 5320 5322
f 5300 5302 5162
f 5162 5302 5304
f 5162 5304 5161
f 5161 5304 5306
f 5161 5306 5308
f 5167 5168 5169
f 5169 5168 5170
f 5357 5358 5359
f 5359 5358 5360
f 5359 5360 5361
f 5361 5360 5362
f 5358 5363 5360
f 5360 5363 5364
f 5360 5364 5362
f 5362 5364 5365
f 5362 5365 5361
f 5361 5365 5366
f 5361 5366 5359
f 5359 5366 5367
f 5359 5367 5357
f 5357 5367 5368
f 5357 5368 5358
f 5358 5368 5363
f 5369 5370 5371
f 5371 5370 5372
f 5371 5372 5373
f 5364 5363 5374
f 5374 5363 5375
f 5374 5375 5369
f 5369 5375 5376
f 5369 5376 5370
f 5377 5365 5364
f 5364 5374 5377
f 5377 5374 5369
f 5377 5369 5378
f 5378 5369 5371
f 5378 5371 5379
f 5379 5371 5373
f 5379 5373 5380
f 5381 5366 5365
f 5365 5377 5381
f 5381 5377 5378
f 5381 5378 5382
f 5382 5378 5379
f 5382 5379 5383
f 5383 5379 5380
f 5383 5380 5384
f 5367 5366 5385
f 5385 5366 5381
f 5385 5381 5386
f 5381 5382 5386
f 5386 5382 5383
f 5386 5383 5387
f 5387 5383 5384
f 5387 5384 5388
f 5389 5368 5367
f 5367 5385 5389
f 5389 5385 5386
f 5389 5386 5390
f 5390 5386 5387
f 5390 5387 5391
f 5391 5387 5388
f 5391 5388 5392
f 5375 5363 5368
f 5368 5389 5375
f 5375 5389 5390
f 5375 5390 5376
f 5376 5390 5391
f 5376 5391 5370
f 5370 5391 5392
f 5370 5392 5372
f 5393 5394 5388
f 5388 5394 5395
f 5388 5395 5396
f 5397 5398 5384
f 5399 5400 5373
f 5396 5401 5388
f 5388 5401 5402
f 5388 5402 5392
f 5402 5403 5392
f 5392 5403 5404
f 5392 5404 5405
f 5399 5373 5406
f 5398 5407 5384
f 5384 5407 5408
f 5384 5408 5388
f 5388 5408 5409
f 5388 5409 5393
f 5410 5411 5380
f 5380 5411 5412
f 5380 5412 5413
f 5414 5384 5415
f 5415 5384 5380
f 5415 5380 5416
f 5416 5380 5413
f 5414 5417 5384
f 5384 5417 5418
f 5384 5418 5419
f 5419 5420 5384
f 5384 5420 5421
f 5384 5421 5397
f 5400 5422 5373
f 5373 5422 5423
f 5373 5423 5424
f 5425 5372 5426
f 5426 5372 5427
f 5428 5429 5372
f 5372 5429 5430
f 5372 5430 5427
f 5424 5431 5373
f 5373 5431 5432
f 5373 5432 5380
f 5380 5432 5433
f 5380 5433 5410
f 5405 5434 5392
f 5392 5434 5435
f 5392 5435 5436
f 5436 5437 5392
f 5392 5437 5438
f 5392 5438 5372
f 5372 5438 5439
f 5372 5439 5428
f 5425 5440 5372
f 5372 5440 5441
f 5372 5441 5373
f 5373 5441 5442
f 5373 5442 5406
f 5414 5415 5443
f 5443 5415 5416
f 5443 5416 5444
f 5444 5416 5413
f 5444 5413 5445
f 5445 5413 5412
f 5445 5412 5446
f 5446 5412 5411
f 5446 5411 5447
f 5447 5411 5410
f 5447 5410 5448
f 5448 5410 5433
f 5448 5433 5449
f 5449 5433 5432
f 5449 5432 5450
f 5450 5432 5431
f 5450 5431 5451
f 5451 5431 5424
f 5451 5424 5452
f 5452 5424 5423
f 5452 5423 5453
f 5453 5423 5422
f 5453 5422 5454
f 5454 5422 5400
f 5454 5400 5455
f 5455 5400 5399
f 5455 5399 5456
f 5456 5399 5406
f 5456 5406 5457
f 5457 5406 5442
f 5457 5442 5458
f 5458 5442 5441
f 5458 5441 5459
f 5459 5441 5440
f 5459 5440 5460
f 5460 5440 5425
f 5460 5425 5461
f 5461 5425 5426
f 5461 5426 5462
f 5462 5426 5427
f 5462 5427 5463
f 5463 5427 5430
f 5463 5430 5464
f 5464 5430 5429
f 5464 5429 5465
f 5465 5429 5428
f 5465 5428 5466
f 5466 5428 5439
f 5466 5439 5467
f 5467 5439 5438
f 5467 5438 5468
f 5468 5438 5437
f 5468 5437 5469
f 5469 5437 5436
f 5469 5436 5470
f 5470 5436 5435
f 5470 5435 5471
f 5471 5435 5434
f 5471 5434 5472
f 5472 5434 5405
f 5472 5405 5473
f 5473 5405 5404
f 5473 5404 5474
f 5474 5404 5403
f 5474 5403 5475
f 5475 5403 5402
f 5475 5402 5476
f 5476 5402 5401
f 5476 5401 5477
f 5477 5401 5396
f 5477 5396 5478
f 5478 5396 5395
f 5478 5395 5479
f 5479 5395 5394
f 5479 5394 5480
f 5480 5394 5393
f 5480 5393 5481
f 5481 5393 5409
f 5481 5409 5482
f 5482 5409 5408
f 5482 5408 5483
f 5483 5408 5407
f 5483 5407 5484
f 5484 5407 5398
f 5484 5398 5485
f 5485 5398 5397
f 5485 5397 5486
f 5486 5397 5421
f 5486 5421 5487
f 5487 5421 5420
f 5487 5420 5488
f 5488 5420 5419
f 5488 5419 5489
f 5489 5419 5418
f 5489 5418 5490
f 5490 5418 5417
f 5490 5417 5491
f 5491 5417 5414
f 5491 5414 5443
f 5492 5493 5494
f 5494 5493 5495
f 5494 5495 5496
f 5496 5495 5497
f 5496 5497 5498
f 5498 5497 5499
f 5500 5501 5499
f 5499 5501 5502
f 5499 5502 5498
f 5503 5504 5500
f 5500 5504 5505
f 5500 5505 5501
f 5506 5507 5508
f 5508 5507 5509
f 5508 5509 5510
f 5510 5509 5511
f 5510 5511 5503
f 5503 5511 5512
f 5503 5512 5504
f 5506 5508 5513
f 5513 5508 5514
f 5513 5514 5515
f 5515 5514 5516
f 5515 5516 5517
f 5517 5516 5518
f 5517 5518 5519
f 5519 5518 5520
f 5520 5518 5521
f 5520 5521 5522
f 5522 5521 5523
f 5523 5521 5524
f 5523 5524 5525
f 5525 5524 5526
f 5526 5524 5527
f 5526 5527 5528
f 5528 5527 5529
f 5528 5529 5530
f 5531 5532 5533
f 5533 5532 5534
f 5533 5534 5535
f 5535 5534 5536
f 5535 5536 5529
f 5529 5536 5537
f 5529 5537 5530
f 5538 5539 5531
f 5531 5539 5540
f 5531 5540 5532
f 5541 5542 5538
f 5538 5542 5543
f 5538 5543 5539
f 5544 5545 5546
f 5546 5545 5547
f 5546 5547 5548
f 5548 5547 5549
f 5548 5549 5541
f 5541 5549 5550
f 5541 5550 5542
f 5544 5546 5551
f 5551 5546 5552
f 5551 5552 5553
f 5553 5552 5554
f 5553 5554 5555
f 5555 5554 5556
f 5555 5556 5557
f 5557 5556 5558
f 5558 5556 5559
f 5558 5559 5560
f 5560 5559 5561
f 5561 5559 5562
f 5561 5562 5563
f 5563 5562 5564
f 5564 5562 5565
f 5564 5565 5566
f 5566 5565 5567
f 5566 5567 5568
f 5569 5570 5571
f 5571 5570 5572
f 5571 5572 5573
f 5573 5572 5574
f 5573 5574 5567
f 5567 5574 5575
f 5567 5575 5568
f 5576 5577 5569
f 5569 5577 5578
f 5569 5578 5570
f 5579 5580 5576
f 5576 5580 5581
f 5576 5581 5577
f 5582 5583 5584
f 5584 5583 5585
f 5584 5585 5586
f 5586 5585 5587
f 5586 5587 5579
f 5579 5587 5588
f 5579 5588 5580
f 5582 5584 5589
f 5589 5584 5590
f 5589 5590 5591
f 5591 5590 5592
f 5591 5592 5593
f 5593 5592 5594
f 5593 5594 5595
f 5595 5594 5596
f 5596 5594 5597
f 5596 5597 5598
f 5598 5597 5599
f 5599 5597 5600
f 5599 5600 5601
f 5601 5600 5602
f 5602 5600 5603
f 5602 5603 5604
f 5604 5603 5605
f 5604 5605 5606
f 5607 5608 5609
f 5609 5608 5610
f 5609 5610 5611
f 5611 5610 5612
f 5611 5612 5605
f 5605 5612 5613
f 5605 5613 5606
f 5614 5615 5607
f 5607 5615 5616
f 5607 5616 5608
f 5617 5618 5614
f 5614 5618 5619
f 5614 5619 5615
f 5492 5620 5493
f 5493 5620 5621
f 5493 5621 5622
f 5622 5621 5623
f 5622 5623 5617
f 5617 5623 5624
f 5617 5624 5618
f 5467 5625 5466
f 5466 5625 5626
f 5466 5626 5465
f 5465 5626 5627
f 5465 5627 5464
f 5464 5627 5628
f 5464 5628 5463
f 5463 5628 5629
f 5463 5629 5462
f 5462 5629 5630
f 5462 5630 5461
f 5461 5630 5631
f 5461 5631 5460
f 5460 5631 5632
f 5460 5632 5459
f 5459 5632 5633
f 5459 5633 5458
f 5458 5633 5634
f 5458 5634 5457
f 5457 5634 5635
f 5457 5635 5456
f 5456 5635 5636
f 5456 5636 5455
f 5455 5636 5637
f 5455 5637 5454
f 5454 5637 5638
f 5454 5638 5453
f 5453 5638 5639
f 5453 5639 5452
f 5452 5639 5640
f 5452 5640 5451
f 5451 5640 5641
f 5451 5641 5450
f 5450 5641 5642
f 5450 5642 5449
f 5449 5642 5643
f 5449 5643 5448
f 5448 5643 5644
f 5448 5644 5447
f 5447 5644 5645
f 5447 5645 5446
f 5446 5645 5646
f 5446 5646 5445
f 5445 5646 5647
f 5445 5647 5444
f 5444 5647 5648
f 5444 5648 5443
f 5443 5648 5649
f 5443 5649 5491
f 5491 5649 5650
f 5491 5650 5490
f 5490 5650 5651
f 5490 5651 5489
f 5489 5651 5652
f 5489 5652 5488
f 5488 5652 5653
f 5488 5653 5487
f 5487 5653 5654
f 5487 5654 5486
f 5486 5654 5655
f 5486 5655 5485
f 5485 5655 5656
f 5485 5656 5484
f 5484 5656 5657
f 5484 5657 5483
f 5483 5657 5658
f 5483 5658 5482
f 5482 5658 5659
f 5482 5659 5481
f 5481 5659 5660
f 5481 5660 5480
f 5480 5660 5661
f 5480 5661 5479
f 5479 5661 5662
f 5479 5662 5478
f 5478 5662 5663
f 5478 5663 5477
f 5477 5663 5664
f 5477 5664 5476
f 5476 5664 5665
f 5476 5665 5475
f 5475 5665 5666
f 5475 5666 5474
f 5474 5666 5667
f 5474 5667 5473
f 5473 5667 5668
f 5473 5668 5472
f 5472 5668 5669
f 5472 5669 5471
f 5471 5669 5670
f 5471 5670 5470
f 5470 5670 5671
f 5470 5671 5469
f 5469 5671 5672
f 5469 5672 5468
f 5468 5672 5673
f 5468 5673 5467
f 5467 5673 5625
f 5625 5592 5626
f 5626 5592 5590
f 5626 5590 5627
f 5627 5590 5584
f 5627 5584 5628
f 5628 5584 5586
f 5628 5586 5629
f 5629 5586 5579
f 5629 5579 5630
f 5630 5579 5576
f 5630 5576 5631
f 5631 5576 5569
f 5631 5569 5632
f 5632 5569 5571
f 5632 5571 5633
f 5633 5571 5573
f 5633 5573 5634
f 5634 5573 5567
f 5634 5567 5635
f 5635 5567 5565
f 5635 5565 5636
f 5636 5565 5562
f 5636 5562 5637
f 5637 5562 5559
f 5637 5559 5638
f 5638 5559 5556
f 5638 5556 5639
f 5639 5556 5554
f 5639 5554 5640
f 5640 5554 5552
f 5640 5552 5641
f 5641 5552 5546
f 5641 5546 5642
f 5642 5546 5548
f 5642 5548 5643
f 5643 5548 5541
f 5643 5541 5644
f 5644 5541 5538
f 5644 5538 5645
f 5645 5538 5531
f 5645 5531 5646
f 5646 5531 5533
f 5646 5533 5647
f 5647 5533 5535
f 5647 5535 5648
f 5648 5535 5529
f 5648 5529 5649
f 5649 5529 5527
f 5649 5527 5650
f 5650 5527 5524
f 5650 5524 5651
f 5651 5524 5521
f 5651 5521 5652
f 5652 5521 5518
f 5652 5518 5653
f 5653 5518 5516
f 5653 5516 5654
f 5654 5516 5514
f 5654 5514 5655
f 5655 5514 5508
f 5655 5508 5656
f 5656 5508 5510
f 5656 5510 5657
f 5657 5510 5503
f 5657 5503 5658
f 5658 5503 5500
f 5658 5500 5659
f 5659 5500 5499
f 5659 5499 5660
f 5660 5499 5497
f 5660 5497 5661
f 5661 5497 5495
f 5661 5495 5662
f 5662 5495 5493
f 5662 5493 5663
f 5663 5493 5622
f 5663 5622 5664
f 5664 5622 5617
f 5664 5617 5665
f 5665 5617 5614
f 5665 5614 5666
f 5666 5614 5607
f 5666 5607 5667
f 5667 5607 5609
f 5667 5609 5668
f 5668 5609 5611
f 5668 5611 5669
f 5669 5611 5605
f 5669 5605 5670
f 5670 5605 5603
f 5670 5603 5671
f 5671 5603 5600
f 5671 5600 5672
f 5672 5600 5597
f 5672 5597 5673
f 5673 5597 5594
f 5673 5594 5625
f 5625 5594 5592
f 5496 5674 5494
f 5494 5674 5675
f 5496 5498 5674
f 5674 5498 5502
f 5674 5502 5676
f 5502 5501 5676
f 5676 5501 5505
f 5676 5505 5677
f 5511 5678 5512
f 5512 5678 5677
f 5512 5677 5504
f 5504 5677 5505
f 5511 5509 5678
f 5678 5509 5507
f 5678 5507 5679
f 5515 5680 5513
f 5513 5680 5679
f 5513 5679 5506
f 5506 5679 5507
f 5515 5517 5680
f 5680 5517 5519
f 5680 5519 5681
f 5519 5520 5681
f 5681 5520 5522
f 5681 5522 5682
f 5526 5683 5525
f 5525 5683 5682
f 5525 5682 5523
f 5523 5682 5522
f 5526 5528 5683
f 5683 5528 5530
f 5683 5530 5684
f 5534 5685 5536
f 5536 5685 5684
f 5536 5684 5537
f 5537 5684 5530
f 5534 5532 5685
f 5685 5532 5540
f 5685 5540 5686
f 5540 5539 5686
f 5686 5539 5543
f 5686 5543 5687
f 5549 5688 5550
f 5550 5688 5687
f 5550 5687 5542
f 5542 5687 5543
f 5549 5547 5688
f 5688 5547 5545
f 5688 5545 5689
f 5553 5690 5551
f 5551 5690 5689
f 5551 5689 5544
f 5544 5689 5545
f 5553 5555 5690
f 5690 5555 5557
f 5690 5557 5691
f 5557 5558 5691
f 5691 5558 5560
f 5691 5560 5692
f 5564 5693 5563
f 5563 5693 5692
f 5563 5692 5561
f 5561 5692 5560
f 5564 5566 5693
f 5693 5566 5568
f 5693 5568 5694
f 5572 5695 5574
f 5574 5695 5694
f 5574 5694 5575
f 5575 5694 5568
f 5572 5570 5695
f 5695 5570 5578
f 5695 5578 5696
f 5578 5577 5696
f 5696 5577 5581
f 5696 5581 5697
f 5587 5698 5588
f 5588 5698 5697
f 5588 5697 5580
f 5580 5697 5581
f 5587 5585 5698
f 5698 5585 5583
f 5698 5583 5699
f 5591 5700 5589
f 5589 5700 5699
f 5589 5699 5582
f 5582 5699 5583
f 5591 5593 5700
f 5700 5593 5595
f 5700 5595 5701
f 5595 5596 5701
f 5701 5596 5598
f 5701 5598 5702
f 5602 5703 5601
f 5601 5703 5702
f 5601 5702 5599
f 5599 5702 5598
f 5602 5604 5703
f 5703 5604 5606
f 5703 5606 5704
f 5610 5705 5612
f 5612 5705 5704
f 5612 5704 5613
f 5613 5704 5606
f 5610 5608 5705
f 5705 5608 5616
f 5705 5616 5706
f 5616 5615 5706
f 5706 5615 5619
f 5706 5619 5707
f 5623 5708 5624
f 5624 5708 5707
f 5624 5707 5618
f 5618 5707 5619
f 5623 5621 5708
f 5708 5621 5620
f 5708 5620 5675
f 5675 5620 5492
f 5675 5492 5494
f 5709 5710 5711
f 5709 5711 5712
f 5713 5714 5711
f 5711 5714 5715
f 5711 5715 5712
f 5716 5717 5711
f 5711 5717 5718
f 5711 5718 5713
f 5719 5720 5711
f 5711 5720 5721
f 5711 5721 5716
f 5722 5723 5711
f 5711 5723 5724
f 5711 5724 5719
f 5725 5726 5711
f 5711 5726 5727
f 5711 5727 5722
f 5728 5729 5711
f 5711 5729 5730
f 5711 5730 5725
f 5731 5732 5711
f 5711 5732 5733
f 5711 5733 5728
f 5710 5734 5711
f 5711 5734 5735
f 5711 5735 5731
f 5736 5688 5737
f 5737 5688 5689
f 5737 5689 5738
f 5739 5684 5740
f 5740 5684 5685
f 5740 5685 5741
f 5741 5685 5686
f 5741 5686 5736
f 5736 5686 5687
f 5736 5687 5688
f 5742 5703 5743
f 5743 5703 5704
f 5743 5704 5744
f 5744 5704 5705
f 5744 5705 5745
f 5746 5680 5747
f 5747 5680 5681
f 5747 5681 5748
f 5748 5681 5682
f 5748 5682 5739
f 5739 5682 5683
f 5739 5683 5684
f 5749 5676 5750
f 5750 5676 5677
f 5750 5677 5751
f 5751 5677 5678
f 5751 5678 5746
f 5746 5678 5679
f 5746 5679 5680
f 5705 5706 5745
f 5745 5706 5707
f 5745 5707 5752
f 5752 5707 5708
f 5752 5708 5753
f 5753 5708 5675
f 5753 5675 5749
f 5749 5675 5674
f 5749 5674 5676
f 5754 5699 5755
f 5755 5699 5700
f 5755 5700 5756
f 5756 5700 5701
f 5756 5701 5742
f 5742 5701 5702
f 5742 5702 5703
f 5757 5695 5758
f 5758 5695 5696
f 5758 5696 5759
f 5759 5696 5697
f 5759 5697 5754
f 5754 5697 5698
f 5754 5698 5699
f 5689 5690 5738
f 5738 5690 5691
f 5738 5691 5760
f 5760 5691 5692
f 5760 5692 5761
f 5761 5692 5693
f 5761 5693 5757
f 5757 5693 5694
f 5757 5694 5695
f 5753 5712 5752
f 5752 5712 5715
f 5752 5715 5745
f 5745 5715 5714
f 5745 5714 5744
f 5744 5714 5713
f 5744 5713 5743
f 5743 5713 5718
f 5743 5718 5742
f 5742 5718 5717
f 5742 5717 5756
f 5756 5717 5716
f 5756 5716 5755
f 5755 5716 5721
f 5755 5721 5754
f 5754 5721 5720
f 5754 5720 5759
f 5759 5720 5719
f 5759 5719 5758
f 5758 5719 5724
f 5758 5724 5757
f 5757 5724 5723
f 5757 5723 5761
f 5761 5723 5722
f 5761 5722 5760
f 5760 5722 5727
f 5760 5727 5738
f 5738 5727 5726
f 5738 5726 5737
f 5737 5726 5725
f 5737 5725 5736
f 5736 5725 5730
f 5736 5730 5741
f 5741 5730 5729
f 5741 5729 5740
f 5740 5729 5728
f 5740 5728 5739
f 5739 5728 5733
f 5739 5733 5748
f 5748 5733 5732
f 5748 5732 5747
f 5747 5732 5731
f 5747 5731 5746
f 5746 5731 5735
f 5746 5735 5751
f 5751 5735 5734
f 5751 5734 5750
f 5750 5734 5710
f 5750 5710 5749
f 5749 5710 5709
f 5749 5709 5753
f 5753 5709 5712
f 5762 5763 5764
f 5764 5763 5765
f 5764 5765 5766
f 5766 5765 5767
f 5763 5768 5765
f 5765 5768 5769
f 5765 5769 5767
f 5767 5769 5770
f 5767 5770 5766
f 5766 5770 5771
f 5766 5771 5764
f 5764 5771 5772
f 5764 5772 5762
f 5762 5772 5773
f 5762 5773 5763
f 5763 5773 5768
f 5774 5775 5776
f 5776 5775 5777
f 5776 5777 5778
f 5769 5768 5779
f 5779 5768 5780
f 5779 5780 5774
f 5774 5780 5781
f 5774 5781 5775
f 5782 5770 5769
f 5769 5779 5782
f 5782 5779 5774
f 5782 5774 5783
f 5783 5774 5776
f 5783 5776 5784
f 5784 5776 5778
f 5784 5778 5785
f 5786 5771 5770
f 5770 5782 5786
f 5786 5782 5783
f 5786 5783 5787
f 5787 5783 5784
f 5787 5784 5788
f 5788 5784 5785
f 5788 5785 5789
f 5772 5771 5790
f 5790 5771 5786
f 5790 5786 5791
f 5786 5787 5791
f 5791 5787 5788
f 5791 5788 5792
f 5792 5788 5789
f 5792 5789 5793
f 5794 5773 5772
f 5772 5790 5794
f 5794 5790 5791
f 5794 5791 5795
f 5795 5791 5792
f 5795 5792 5796
f 5796 5792 5793
f 5796 5793 5797
f 5780 5768 5773
f 5773 5794 5780
f 5780 5794 5795
f 5780 5795 5781
f 5781 5795 5796
f 5781 5796 5775
f 5775 5796 5797
f 5775 5797 5777
f 5798 5799 5793
f 5793 5799 5800
f 5793 5800 5801
f 5802 5803 5789
f 5804 5805 5778
f 5801 5806 5793
f 5793 5806 5807
f 5793 5807 5797
f 5807 5808 5797
f 5797 5808 5809
f 5797 5809 5810
f 5804 5778 5811
f 5803 5812 5789
f 5789 5812 5813
f 5789 5813 5793
f 5793 5813 5814
f 5793 5814 5798
f 5815 5816 5785
f 5785 5816 5817
f 5785 5817 5818
f 5819 5789 5820
f 5820 5789 5785
f 5820 5785 5821
f 5821 5785 5818
f 5819 5822 5789
f 5789 5822 5823
f 5789 5823 5824
f 5824 5825 5789
f 5789 5825 5826
f 5789 5826 5802
f 5805 5827 5778
f 5778 5827 5828
f 5778 5828 5829
f 5830 5777 5831
f 5831 5777 5832
f 5833 5834 5777
f 5777 5834 5835
f 5777 5835 5832
f 5829 5836 5778
f 5778 5836 5837
f 5778 5837 5785
f 5785 5837 5838
f 5785 5838 5815
f 5810 5839 5797
f 5797 5839 5840
f 5797 5840 5841
f 5841 5842 5797
f 5797 5842 5843
f 5797 5843 5777
f 5777 5843 5844
f 5777 5844 5833
f 5830 5845 5777
f 5777 5845 5846
f 5777 5846 5778
f 5778 5846 5847
f 5778 5847 5811
f 5819 5820 5848
f 5848 5820 5821
f 5848 5821 5849
f 5849 5821 5818
f 5849 5818 5850
f 5850 5818 5817
f 5850 5817 5851
f 5851 5817 5816
f 5851 5816 5852
f 5852 5816 5815
f 5852 5815 5853
f 5853 5815 5838
f 5853 5838 5854
f 5854 5838 5837
f 5854 5837 5855
f 5855 5837 5836
f 5855 5836 5856
f 5856 5836 5829
f 5856 5829 5857
f 5857 5829 5828
f 5857 5828 5858
f 5858 5828 5827
f 5858 5827 5859
f 5859 5827 5805
f 5859 5805 5860
f 5860 5805 5804
f 5860 5804 5861
f 5861 5804 5811
f 5861 5811 5862
f 5862 5811 5847
f 5862 5847 5863
f 5863 5847 5846
f 5863 5846 5864
f 5864 5846 5845
f 5864 5845 5865
f 5865 5845 5830
f 5865 5830 5866
f 5866 5830 5831
f 5866 5831 5867
f 5867 5831 5832
f 5867 5832 5868
f 5868 5832 5835
f 5868 5835 5869
f 5869 5835 5834
f 5869 5834 5870
f 5870 5834 5833
f 5870 5833 5871
f 5871 5833 5844
f 5871 5844 5872
f 5872 5844 5843
f 5872 5843 5873
f 5873 5843 5842
f 5873 5842 5874
f 5874 5842 5841
f 5874 5841 5875
f 5875 5841 5840
f 5875 5840 5876
f 5876 5840 5839
f 5876 5839 5877
f 5877 5839 5810
f 5877 5810 5878
f 5878 5810 5809
f 5878 5809 5879
f 5879 5809 5808
f 5879 5808 5880
f 5880 5808 5807
f 5880 5807 5881
f 5881 5807 5806
f 5881 5806 5882
f 5882 5806 5801
f 5882 5801 5883
f 5883 5801 5800
f 5883 5800 5884
f 5884 5800 5799
f 5884 5799 5885
f 5885 5799 5798
f 5885 5798 5886
f 5886 5798 5814
f 5886 5814 5887
f 5887 5814 5813
f 5887 5813 5888
f 5888 5813 5812
f 5888 5812 5889
f 5889 5812 5803
f 5889 5803 5890
f 5890 5803 5802
f 5890 5802 5891
f 5891 5802 5826
f 5891 5826 5892
f 5892 5826 5825
f 5892 5825 5893
f 5893 5825 5824
f 5893 5824 5894
f 5894 5824 5823
f 5894 5823 5895
f 5895 5823 5822
f 5895 5822 5896
f 5896 5822 5819
f 5896 5819 5848
f 5897 5898 5899
f 5899 5898 5900
f 5899 5900 5901
f 5901 5900 5902
f 5901 5902 5903
f 5903 5902 5904
f 5905 5906 5904
f 5904 5906 5907
f 5904 5907 5903
f 5908 5909 5905
f 5905 5909 5910
f 5905 5910 5906
f 5911 5912 5913
f 5913 5912 5914
f 5913 5914 5915
f 5915 5914 5916
f 5915 5916 5908
f 5908 5916 5917
f 5908 5917 5909
f 5911 5913 5918
f 5918 5913 5919
f 5918 5919 5920
f 5920 5919 5921
f 5920 5921 5922
f 5922 5921 5923
f 5922 5923 5924
f 5924 5923 5925
f 5925 5923 5926
f 5925 5926 5927
f 5927 5926 5928
f 5928 5926 5929
f 5928 5929 5930
f 5930 5929 5931
f 5931 5929 5932
f 5931 5932 5933
f 5933 5932 5934
f 5933 5934 5935
f 5936 5937 5938
f 5938 5937 5939
f 5938 5939 5940
f 5940 5939 5941
f 5940 5941 5934
f 5934 5941 5942
f 5934 5942 5935
f 5943 5944 5936
f 5936 5944 5945
f 5936 5945 5937
f 5946 5947 5943
f 5943 5947 5948
f 5943 5948 5944
f 5949 5950 5951
f 5951 5950 5952
f 5951 5952 5953
f 5953 5952 5954
f 5953 5954 5946
f 5946 5954 5955
f 5946 5955 5947
f 5949 5951 5956
f 5956 5951 5957
f 5956 5957 5958
f 5958 5957 5959
f 5958 5959 5960
f 5960 5959 5961
f 5960 5961 5962
f 5962 5961 5963
f 5963 5961 5964
f 5963 5964 5965
f 5965 5964 5966
f 5966 5964 5967
f 5966 5967 5968
f 5968 5967 5969
f 5969 5967 5970
f 5969 5970 5971
f 5971 5970 5972
f 5971 5972 5973
f 5974 5975 5976
f 5976 5975 5977
f 5976 5977 5978
f 5978 5977 5979
f 5978 5979 5972
f 5972 5979 5980
f 5972 5980 5973
f 5981 5982 5974
f 5974 5982 5983
f 5974 5983 5975
f 5984 5985 5981
f 5981 5985 5986
f 5981 5986 5982
f 5987 5988 5989
f 5989 5988 5990
f 5989 5990 5991
f 5991 5990 5992
f 5991 5992 5984
f 5984 5992 5993
f 5984 5993 5985
f 5987 5989 5994
f 5994 5989 5995
f 5994 5995 5996
f 5996 5995 5997
f 5996 5997 5998
f 5998 5997 5999
f 5998 5999 6000
f 6000 5999 6001
f 6001 5999 6002
f 6001 6002 6003
f 6003 6002 6004
f 6004 6002 6005
f 6004 6005 6006
f 6006 6005 6007
f 6007 6005 6008
f 6007 6008 6009
f 6009 6008 6010
f 6009 6010 6011
f 6012 6013 6014
f 6014 6013 6015
f 6014 6015 6016
f 6016 6015 6017
f 6016 6017 6010
f 6010 6017 6018
f 6010 6018 6011
f 6019 6020 6012
f 6012 6020 6021
f 6012 6021 6013
f 6022 6023 6019
f 6019 6023 6024
f 6019 6024 6020
f 5897 6025 5898
f 5898 6025 6026
f 5898 6026 6027
f 6027 6026 6028
f 6027 6028 6022
f 6022 6028 6029
f 6022 6029 6023
f 5872 6030 5871
f 5871 6030 6031
f 5871 6031 5870
f 5870 6031 6032
f 5870 6032 5869
f 5869 6032 6033
f 5869 6033 5868
f 5868 6033 6034
f 5868 6034 5867
f 5867 6034 6035
f 5867 6035 5866
f 5866 6035 6036
f 5866 6036 5865
f 5865 6036 6037
f 5865 6037 5864
f 5864 6037 6038
f 5864 6038 5863
f 5863 6038 6039
f 5863 6039 5862
f 5862 6039 6040
f 5862 6040 5861
f 5861 6040 6041
f 5861 6041 5860
f 5860 6041 6042
f 5860 6042 5859
f 5859 6042 6043
f 5859 6043 5858
f 5858 6043 6044
f 5858 6044 5857
f 5857 6044 6045
f 5857 6045 5856
f 5856 6045 6046
f 5856 6046 5855
f 5855 6046 6047
f 5855 6047 5854
f 5854 6047 6048
f 5854 6048 5853
f 5853 6048 6049
f 5853 6049 5852
f 5852 6049 6050
f 5852 6050 5851
f 5851 6050 6051
f 5851 6051 5850
f 5850 6051 6052
f 5850 6052 5849
f 5849 6052 6053
f 5849 6053 5848
f 5848 6053 6054
f 5848 6054 5896
f 5896 6054 6055
f 5896 6055 5895
f 5895 6055 6056
f 5895 6056 5894
f 5894 6056 6057
f 5894 6057 5893
f 5893 6057 6058
f 5893 6058 5892
f 5892 6058 6059
f 5892 6059 5891
f 5891 6059 6060
f 5891 6060 5890
f 5890 6060 6061
f 5890 6061 5889
f 5889 6061 6062
f 5889 6062 5888
f 5888 6062 6063
f 5888 6063 5887
f 5887 6063 6064
f 5887 6064 5886
f 5886 6064 6065
f 5886 6065 5885
f 5885 6065 6066
f 5885 6066 5884
f 5884 6066 6067
f 5884 6067 5883
f 5883 6067 6068
f 5883 6068 5882
f 5882 6068 6069
f 5882 6069 5881
f 5881 6069 6070
f 5881 6070 5880
f 5880 6070 6071
f 5880 6071 5879
f 5879 6071 6072
f 5879 6072 5878
f 5878 6072 6073
f 5878 6073 5877
f 5877 6073 6074
f 5877 6074 5876
f 5876 6074 6075
f 5876 6075 5875
f 5875 6075 6076
f 5875 6076 5874
f 5874 6076 6077
f 5874 6077 5873
f 5873 6077 6078
f 5873 6078 5872
f 5872 6078 6030
f 6030 5997 6031
f 6031 5997 5995
f 6031 5995 6032
f 6032 5995 5989
f 6032 5989 6033
f 6033 5989 5991
f 6033 5991 6034
f 6034 5991 5984
f 6034 5984 6035
f 6035 5984 5981
f 6035 5981 6036
f 6036 5981 5974
f 6036 5974 6037
f 6037 5974 5976
f 6037 5976 6038
f 6038 5976 5978
f 6038 5978 6039
f 6039 5978 5972
f 6039 5972 6040
f 6040 5972 5970
f 6040 5970 6041
f 6041 5970 5967
f 6041 5967 6042
f 6042 5967 5964
f 6042 5964 6043
f 6043 5964 5961
f 6043 5961 6044
f 6044 5961 5959
f 6044 5959 6045
f 6045 5959 5957
f 6045 5957 6046
f 6046 5957 5951
f 6046 5951 6047
f 6047 5951 5953
f 6047 5953 6048
f 6048 5953 5946
f 6048 5946 6049
f 6049 5946 5943
f 6049 5943 6050
f 6050 5943 5936
f 6050 5936 6051
f 6051 5936 5938
f 6051 5938 6052
f 6052 5938 5940
f 6052 5940 6053
f 6053 5940 5934
f 6053 5934 6054
f 6054 5934 5932
f 6054 5932 6055
f 6055 5932 5929
f 6055 5929 6056
f 6056 5929 5926
f 6056 5926 6057
f 6057 5926 5923
f 6057 5923 6058
f 6058 5923 5921
f 6058 5921 6059
f 6059 5921 5919
f 6059 5919 6060
f 6060 5919 5913
f 6060 5913 6061
f 6061 5913 5915
f 6061 5915 6062
f 6062 5915 5908
f 6062 5908 6063
f 6063 5908 5905
f 6063 5905 6064
f 6064 5905 5904
f 6064 5904 6065
f 6065 5904 5902
f 6065 5902 6066
f 6066 5902 5900
f 6066 5900 6067
f 6067 5900 5898
f 6067 5898 6068
f 6068 5898 6027
f 6068 6027 6069
f 6069 6027 6022
f 6069 6022 6070
f 6070 6022 6019
f 6070 6019 6071
f 6071 6019 6012
f 6071 6012 6072
f 6072 6012 6014
f 6072 6014 6073
f 6073 6014 6016
f 6073 6016 6074
f 6074 6016 6010
f 6074 6010 6075
f 6075 6010 6008
f 6075 6008 6076
f 6076 6008 6005
f 6076 6005 6077
f 6077 6005 6002
f 6077 6002 6078
f 6078 6002 5999
f 6078 5999 6030
f 6030 5999 5997
f 5901 6079 5899
f 5899 6079 6080
f 5901 5903 6079
f 6079 5903 5907
f 6079 5907 6081
f 5907 5906 6081
f 6081 5906 5910
f 6081 5910 6082
f 5916 6083 5917
f 5917 6083 6082
f 5917 6082 5909
f 5909 6082 5910
f 5916 5914 6083
f 6083 5914 5912
f 6083 5912 6084
f 5920 6085 5918
f 5918 6085 6084
f 5918 6084 5911
f 5911 6084 5912
f 5920 5922 6085
f 6085 5922 5924
f 6085 5924 6086
f 5924 5925 6086
f 6086 5925 5927
f 6086 5927 6087
f 5931 6088 5930
f 5930 6088 6087
f 5930 6087 5928
f 5928 6087 5927
f 5931 5933 6088
f 6088 5933 5935
f 6088 5935 6089
f 5939 6090 5941
f 5941 6090 6089
f 5941 6089 5942
f 5942 6089 5935
f 5939 5937 6090
f 6090 5937 5945
f 6090 5945 6091
f 5945 5944 6091
f 6091 5944 5948
f 6091 5948 6092
f 5954 6093 5955
f 5955 6093 6092
f 5955 6092 5947
f 5947 6092 5948
f 5954 5952 6093
f 6093 5952 5950
f 6093 5950 6094
f 5958 6095 5956
f 5956 6095 6094
f 5956 6094 5949
f 5949 6094 5950
f 5958 5960 6095
f 6095 5960 5962
f 6095 5962 6096
f 5962 5963 6096
f 6096 5963 5965
f 6096 5965 6097
f 5969 6098 5968
f 5968 6098 6097
f 5968 6097 5966
f 5966 6097 5965
f 5969 5971 6098
f 6098 5971 5973
f 6098 5973 6099
f 5977 6100 5979
f 5979 6100 6099
f 5979 6099 5980
f 5980 6099 5973
f 5977 5975 6100
f 6100 5975 5983
f 6100 5983 6101
f 5983 5982 6101
f 6101 5982 5986
f 6101 5986 6102
f 5992 6103 5993
f 5993 6103 6102
f 5993 6102 5985
f 5985 6102 5986
f 5992 5990 6103
f 6103 5990 5988
f 6103 5988 6104
f 5996 6105 5994
f 5994 6105 6104
f 5994 6104 5987
f 5987 6104 5988
f 5996 5998 6105
f 6105 5998 6000
f 6105 6000 6106
f 6000 6001 6106
f 6106 6001 6003
f 6106 6003 6107
f 6007 6108 6006
f 6006 6108 6107
f 6006 6107 6004
f 6004 6107 6003
f 6007 6009 6108
f 6108 6009 6011
f 6108 6011 6109
f 6015 6110 6017
f 6017 6110 6109
f 6017 6109 6018
f 6018 6109 6011
f 6015 6013 6110
f 6110 6013 6021
f 6110 6021 6111
f 6021 6020 6111
f 6111 6020 6024
f 6111 6024 6112
f 6028 6113 6029
f 6029 6113 6112
f 6029 6112 6023
f 6023 6112 6024
f 6028 6026 6113
f 6113 6026 6025
f 6113 6025 6080
f 6080 6025 5897
f 6080 5897 5899
f 6114 6115 6116
f 6114 6116 6117
f 6118 6119 6116
f 6116 6119 6120
f 6116 6120 6117
f 6121 6122 6116
f 6116 6122 6123
f 6116 6123 6118
f 6124 6125 6116
f 6116 6125 6126
f 6116 6126 6121
f 6127 6128 6116
f 6116 6128 6129
f 6116 6129 6124
f 6130 6131 6116
f 6116 6131 6132
f 6116 6132 6127
f 6133 6134 6116
f 6116 6134 6135
f 6116 6135 6130
f 6136 6137 6116
f 6116 6137 6138
f 6116 6138 6133
f 6115 6139 6116
f 6116 6139 6140
f 6116 6140 6136
f 6141 6093 6142
f 6142 6093 6094
f 6142 6094 6143
f 6144 6089 6145
f 6145 6089 6090
f 6145 6090 6146
f 6146 6090 6091
f 6146 6091 6141
f 6141 6091 6092
f 6141 6092 6093
f 6147 6108 6148
f 6148 6108 6109
f 6148 6109 6149
f 6149 6109 6110
f 6149 6110 6150
f 6151 6085 6152
f 6152 6085 6086
f 6152 6086 6153
f 6153 6086 6087
f 6153 6087 6144
f 6144 6087 6088
f 6144 6088 6089
f 6154 6081 6155
f 6155 6081 6082
f 6155 6082 6156
f 6156 6082 6083
f 6156 6083 6151
f 6151 6083 6084
f 6151 6084 6085
f 6110 6111 6150
f 6150 6111 6112
f 6150 6112 6157
f 6157 6112 6113
f 6157 6113 6158
f 6158 6113 6080
f 6158 6080 6154
f 6154 6080 6079
f 6154 6079 6081
f 6159 6104 6160
f 6160 6104 6105
f 6160 6105 6161
f 6161 6105 6106
f 6161 6106 6147
f 6147 6106 6107
f 6147 6107 6108
f 6162 6100 6163
f 6163 6100 6101
f 6163 6101 6164
f 6164 6101 6102
f 6164 6102 6159
f 6159 6102 6103
f 6159 6103 6104
f 6094 6095 6143
f 6143 6095 6096
f 6143 6096 6165
f 6165 6096 6097
f 6165 6097 6166
f 6166 6097 6098
f 6166 6098 6162
f 6162 6098 6099
f 6162 6099 6100
f 6158 6117 6157
f 6157 6117 6120
f 6157 6120 6150
f 6150 6120 6119
f 6150 6119 6149
f 6149 6119 6118
f 6149 6118 6148
f 6148 6118 6123
f 6148 6123 6147
f 6147 6123 6122
f 6147 6122 6161
f 6161 6122 6121
f 6161 6121 6160
f 6160 6121 6126
f 6160 6126 6159
f 6159 6126 6125
f 6159 6125 6164
f 6164 6125 6124
f 6164 6124 6163
f 6163 6124 6129
f 6163 6129 6162
f 6162 6129 6128
f 6162 6128 6166
f 6166 6128 6127
f 6166 6127 6165
f 6165 6127 6132
f 6165 6132 6143
f 6143 6132 6131
f 6143 6131 6142
f 6142 6131 6130
f 6142 6130 6141
f 6141 6130 6135
f 6141 6135 6146
f 6146 6135 6134
f 6146 6134 6145
f 6145 6134 6133
f 6145 6133 6144
f 6144 6133 6138
f 6144 6138 6153
f 6153 6138 6137
f 6153 6137 6152
f 6152 6137 6136
f 6152 6136 6151
f 6151 6136 6140
f 6151 6140 6156
f 6156 6140 6139
f 6156 6139 6155
f 6155 6139 6115
f 6155 6115 6154
f 6154 6115 6114
f 6154 6114 6158
f 6158 6114 6117
f 6167 6168 6169
f 6169 6168 6170
f 6169 6170 6171
f 6171 6170 6172
f 6168 6173 6170
f 6170 6173 6174
f 6170 6174 6172
f 6172 6174 6175
f 6172 6175 6171
f 6171 6175 6176
f 6171 6176 6169
f 6169 6176 6177
f 6169 6177 6167
f 6167 6177 6178
f 6167 6178 6168
f 6168 6178 6173
f 6179 6180 6181
f 6181 6180 6182
f 6181 6182 6183
f 6174 6173 6184
f 6184 6173 6185
f 6184 6185 6179
f 6179 6185 6186
f 6179 6186 6180
f 6187 6175 6174
f 6174 6184 6187
f 6187 6184 6179
f 6187 6179 6188
f 6188 6179 6181
f 6188 6181 6189
f 6189 6181 6183
f 6189 6183 6190
f 6191 6176 6175
f 6175 6187 6191
f 6191 6187 6188
f 6191 6188 6192
f 6192 6188 6189
f 6192 6189 6193
f 6193 6189 6190
f 6193 6190 6194
f 6177 6176 6195
f 6195 6176 6191
f 6195 6191 6196
f 6191 6192 6196
f 6196 6192 6193
f 6196 6193 6197
f 6197 6193 6194
f 6197 6194 6198
f 6199 6178 6177
f 6177 6195 6199
f 6199 6195 6196
f 6199 6196 6200
f 6200 6196 6197
f 6200 6197 6201
f 6201 6197 6198
f 6201 6198 6202
f 6185 6173 6178
f 6178 6199 6185
f 6185 6199 6200
f 6185 6200 6186
f 6186 6200 6201
f 6186 6201 6180
f 6180 6201 6202
f 6180 6202 6182
f 6203 6204 6198
f 6198 6204 6205
f 6198 6205 6206
f 6207 6208 6194
f 6209 6210 6183
f 6206 6211 6198
f 6198 6211 6212
f 6198 6212 6202
f 6212 6213 6202
f 6202 6213 6214
f 6202 6214 6215
f 6209 6183 6216
f 6208 6217 6194
f 6194 6217 6218
f 6194 6218 6198
f 6198 6218 6219
f 6198 6219 6203
f 6220 6221 6190
f 6190 6221 6222
f 6190 6222 6223
f 6224 6194 6225
f 6225 6194 6190
f 6225 6190 6226
f 6226 6190 6223
f 6224 6227 6194
f 6194 6227 6228
f 6194 6228 6229
f 6229 6230 6194
f 6194 6230 6231
f 6194 6231 6207
f 6210 6232 6183
f 6183 6232 6233
f 6183 6233 6234
f 6235 6182 6236
f 6236 6182 6237
f 6238 6239 6182
f 6182 6239 6240
f 6182 6240 6237
f 6234 6241 6183
f 6183 6241 6242
f 6183 6242 6190
f 6190 6242 6243
f 6190 6243 6220
f 6215 6244 6202
f 6202 6244 6245
f 6202 6245 6246
f 6246 6247 6202
f 6202 6247 6248
f 6202 6248 6182
f 6182 6248 6249
f 6182 6249 6238
f 6235 6250 6182
f 6182 6250 6251
f 6182 6251 6183
f 6183 6251 6252
f 6183 6252 6216
f 6224 6225 6253
f 6253 6225 6226
f 6253 6226 6254
f 6254 6226 6223
f 6254 6223 6255
f 6255 6223 6222
f 6255 6222 6256
f 6256 6222 6221
f 6256 6221 6257
f 6257 6221 6220
f 6257 6220 6258
f 6258 6220 6243
f 6258 6243 6259
f 6259 6243 6242
f 6259 6242 6260
f 6260 6242 6241
f 6260 6241 6261
f 6261 6241 6234
f 6261 6234 6262
f 6262 6234 6233
f 6262 6233 6263
f 6263 6233 6232
f 6263 6232 6264
f 6264 6232 6210
f 6264 6210 6265
f 6265 6210 6209
f 6265 6209 6266
f 6266 6209 6216
f 6266 6216 6267
f 6267 6216 6252
f 6267 6252 6268
f 6268 6252 6251
f 6268 6251 6269
f 6269 6251 6250
f 6269 6250 6270
f 6270 6250 6235
f 6270 6235 6271
f 6271 6235 6236
f 6271 6236 6272
f 6272 6236 6237
f 6272 6237 6273
f 6273 6237 6240
f 6273 6240 6274
f 6274 6240 6239
f 6274 6239 6275
f 6275 6239 6238
f 6275 6238 6276
f 6276 6238 6249
f 6276 6249 6277
f 6277 6249 6248
f 6277 6248 6278
f 6278 6248 6247
f 6278 6247 6279
f 6279 6247 6246
f 6279 6246 6280
f 6280 6246 6245
f 6280 6245 6281
f 6281 6245 6244
f 6281 6244 6282
f 6282 6244 6215
f 6282 6215 6283
f 6283 6215 6214
f 6283 6214 6284
f 6284 6214 6213
f 6284 6213 6285
f 6285 6213 6212
f 6285 6212 6286
f 6286 6212 6211
f 6286 6211 6287
f 6287 6211 6206
f 6287 6206 6288
f 6288 6206 6205
f 6288 6205 6289
f 6289 6205 6204
f 6289 6204 6290
f 6290 6204 6203
f 6290 6203 6291
f 6291 6203 6219
f 6291 6219 6292
f 6292 6219 6218
f 6292 6218 6293
f 6293 6218 6217
f 6293 6217 6294
f 6294 6217 6208
f 6294 6208 6295
f 6295 6208 6207
f 6295 6207 6296
f 6296 6207 6231
f 6296 6231 6297
f 6297 6231 6230
f 6297 6230 6298
f 6298 6230 6229
f 6298 6229 6299
f 6299 6229 6228
f 6299 6228 6300
f 6300 6228 6227
f 6300 6227 6301
f 6301 6227 6224
f 6301 6224 6253
f 6302 6303 6304
f 6304 6303 6305
f 6304 6305 6306
f 6306 6305 6307
f 6306 6307 6308
f 6308 6307 6309
f 6310 6311 6309
f 6309 6311 6312
f 6309 6312 6308
f 6313 6314 6310
f 6310 6314 6315
f 6310 6315 6311
f 6316 6317 6318
f 6318 6317 6319
f 6318 6319 6320
f 6320 6319 6321
f 6320 6321 6313
f 6313 6321 6322
f 6313 6322 6314
f 6316 6318 6323
f 6323 6318 6324
f 6323 6324 6325
f 6325 6324 6326
f 6325 6326 6327
f 6327 6326 6328
f 6327 6328 6329
f 6329 6328 6330
f 6330 6328 6331
f 6330 6331 6332
f 6332 6331 6333
f 6333 6331 6334
f 6333 6334 6335
f 6335 6334 6336
f 6336 6334 6337
f 6336 6337 6338
f 6338 6337 6339
f 6338 6339 6340
f 6341 6342 6343
f 6343 6342 6344
f 6343 6344 6345
f 6345 6344 6346
f 6345 6346 6339
f 6339 6346 6347
f 6339 6347 6340
f 6348 6349 6341
f 6341 6349 6350
f 6341 6350 6342
f 6351 6352 6348
f 6348 6352 6353
f 6348 6353 6349
f 6354 6355 6356
f 6356 6355 6357
f 6356 6357 6358
f 6358 6357 6359
f 6358 6359 6351
f 6351 6359 6360
f 6351 6360 6352
f 6354 6356 6361
f 6361 6356 6362
f 6361 6362 6363
f 6363 6362 6364
f 6363 6364 6365
f 6365 6364 6366
f 6365 6366 6367
f 6367 6366 6368
f 6368 6366 6369
f 6368 6369 6370
f 6370 6369 6371
f 6371 6369 6372
f 6371 6372 6373
f 6373 6372 6374
f 6374 6372 6375
f 6374 6375 6376
f 6376 6375 6377
f 6376 6377 6378
f 6379 6380 6381
f 6381 6380 6382
f 6381 6382 6383
f 6383 6382 6384
f 6383 6384 6377
f 6377 6384 6385
f 6377 6385 6378
f 6386 6387 6379
f 6379 6387 6388
f 6379 6388 6380
f 6389 6390 6386
f 6386 6390 6391
f 6386 6391 6387
f 6392 6393 6394
f 6394 6393 6395
f 6394 6395 6396
f 6396 6395 6397
f 6396 6397 6389
f 6389 6397 6398
f 6389 6398 6390
f 6392 6394 6399
f 6399 6394 6400
f 6399 6400 6401
f 6401 6400 6402
f 6401 6402 6403
f 6403 6402 6404
f 6403 6404 6405
f 6405 6404 6406
f 6406 6404 6407
f 6406 6407 6408
f 6408 6407 6409
f 6409 6407 6410
f 6409 6410 6411
f 6411 6410 6412
f 6412 6410 6413
f 6412 6413 6414
f 6414 6413 6415
f 6414 6415 6416
f 6417 6418 6419
f 6419 6418 6420
f 6419 6420 6421
f 6421 6420 6422
f 6421 6422 6415
f 6415 6422 6423
f 6415 6423 6416
f 6424 6425 6417
f 6417 6425 6426
f 6417 6426 6418
f 6427 6428 6424
f 6424 6428 6429
f 6424 6429 6425
f 6302 6430 6303
f 6303 6430 6431
f 6303 6431 6432
f 6432 6431 6433
f 6432 6433 6427
f 6427 6433 6434
f 6427 6434 6428
f 6277 6435 6276
f 6276 6435 6436
f 6276 6436 6275
f 6275 6436 6437
f 6275 6437 6274
f 6274 6437 6438
f 6274 6438 6273
f 6273 6438 6439
f 6273 6439 6272
f 6272 6439 6440
f 6272 6440 6271
f 6271 6440 6441
f 6271 6441 6270
f 6270 6441 6442
f 6270 6442 6269
f 6269 6442 6443
f 6269 6443 6268
f 6268 6443 6444
f 6268 6444 6267
f 6267 6444 6445
f 6267 6445 6266
f 6266 6445 6446
f 6266 6446 6265
f 6265 6446 6447
f 6265 6447 6264
f 6264 6447 6448
f 6264 6448 6263
f 6263 6448 6449
f 6263 6449 6262
f 6262 6449 6450
f 6262 6450 6261
f 6261 6450 6451
f 6261 6451 6260
f 6260 6451 6452
f 6260 6452 6259
f 6259 6452 6453
f 6259 6453 6258
f 6258 6453 6454
f 6258 6454 6257
f 6257 6454 6455
f 6257 6455 6256
f 6256 6455 6456
f 6256 6456 6255
f 6255 6456 6457
f 6255 6457 6254
f 6254 6457 6458
f 6254 6458 6253
f 6253 6458 6459
f 6253 6459 6301
f 6301 6459 6460
f 6301 6460 6300
f 6300 6460 6461
f 6300 6461 6299
f 6299 6461 6462
f 6299 6462 6298
f 6298 6462 6463
f 6298 6463 6297
f 6297 6463 6464
f 6297 6464 6296
f 6296 6464 6465
f 6296 6465 6295
f 6295 6465 6466
f 6295 6466 6294
f 6294 6466 6467
f 6294 6467 6293
f 6293 6467 6468
f 6293 6468 6292
f 6292 6468 6469
f 6292 6469 6291
f 6291 6469 6470
f 6291 6470 6290
f 6290 6470 6471
f 6290 6471 6289
f 6289 6471 6472
f 6289 6472 6288
f 6288 6472 6473
f 6288 6473 6287
f 6287 6473 6474
f 6287 6474 6286
f 6286 6474 6475
f 6286 6475 6285
f 6285 6475 6476
f 6285 6476 6284
f 6284 6476 6477
f 6284 6477 6283
f 6283 6477 6478
f 6283 6478 6282
f 6282 6478 6479
f 6282 6479 6281
f 6281 6479 6480
f 6281 6480 6280
f 6280 6480 6481
f 6280 6481 6279
f 6279 6481 6482
f 6279 6482 6278
f 6278 6482 6483
f 6278 6483 6277
f 6277 6483 6435
f 6435 6402 6436
f 6436 6402 6400
f 6436 6400 6437
f 6437 6400 6394
f 6437 6394 6438
f 6438 6394 6396
f 6438 6396 6439
f 6439 6396 6389
f 6439 6389 6440
f 6440 6389 6386
f 6440 6386 6441
f 6441 6386 6379
f 6441 6379 6442
f 6442 6379 6381
f 6442 6381 6443
f 6443 6381 6383
f 6443 6383 6444
f 6444 6383 6377
f 6444 6377 6445
f 6445 6377 6375
f 6445 6375 6446
f 6446 6375 6372
f 6446 6372 6447
f 6447 6372 6369
f 6447 6369 6448
f 6448 6369 6366
f 6448 6366 6449
f 6449 6366 6364
f 6449 6364 6450
f 6450 6364 6362
f 6450 6362 6451
f 6451 6362 6356
f 6451 6356 6452
f 6452 6356 6358
f 6452 6358 6453
f 6453 6358 6351
f 6453 6351 6454
f 6454 6351 6348
f 6454 6348 6455
f 6455 6348 6341
f 6455 6341 6456
f 6456 6341 6343
f 6456 6343 6457
f 6457 6343 6345
f 6457 6345 6458
f 6458 6345 6339
f 6458 6339 6459
f 6459 6339 6337
f 6459 6337 6460
f 6460 6337 6334
f 6460 6334 6461
f 6461 6334 6331
f 6461 6331 6462
f 6462 6331 6328
f 6462 6328 6463
f 6463 6328 6326
f 6463 6326 6464
f 6464 6326 6324
f 6464 6324 6465
f 6465 6324 6318
f 6465 6318 6466
f 6466 6318 6320
f 6466 6320 6467
f 6467 6320 6313
f 6467 6313 6468
f 6468 6313 6310
f 6468 6310 6469
f 6469 6310 6309
f 6469 6309 6470
f 6470 6309 6307
f 6470 6307 6471
f 6471 6307 6305
f 6471 6305 6472
f 6472 6305 6303
f 6472 6303 6473
f 6473 6303 6432
f 6473 6432 6474
f 6474 6432 6427
f 6474 6427 6475
f 6475 6427 6424
f 6475 6424 6476
f 6476 6424 6417
f 6476 6417 6477
f 6477 6417 6419
f 6477 6419 6478
f 6478 6419 6421
f 6478 6421 6479
f 6479 6421 6415
f 6479 6415 6480
f 6480 6415 6413
f 6480 6413 6481
f 6481 6413 6410
f 6481 6410 6482
f 6482 6410 6407
f 6482 6407 6483
f 6483 6407 6404
f 6483 6404 6435
f 6435 6404 6402
f 6306 6484 6304
f 6304 6484 6485
f 6306 6308 6484
f 6484 6308 6312
f 6484 6312 6486
f 6312 6311 6486
f 6486 6311 6315
f 6486 6315 6487
f 6321 6488 6322
f 6322 6488 6487
f 6322 6487 6314
f 6314 6487 6315
f 6321 6319 6488
f 6488 6319 6317
f 6488 6317 6489
f 6325 6490 6323
f 6323 6490 6489
f 6323 6489 6316
f 6316 6489 6317
f 6325 6327 6490
f 6490 6327 6329
f 6490 6329 6491
f 6329 6330 6491
f 6491 6330 6332
f 6491 6332 6492
f 6336 6493 6335
f 6335 6493 6492
f 6335 6492 6333
f 6333 6492 6332
f 6336 6338 6493
f 6493 6338 6340
f 6493 6340 6494
f 6344 6495 6346
f 6346 6495 6494
f 6346 6494 6347
f 6347 6494 6340
f 6344 6342 6495
f 6495 6342 6350
f 6495 6350 6496
f 6350 6349 6496
f 6496 6349 6353
f 6496 6353 6497
f 6359 6498 6360
f 6360 6498 6497
f 6360 6497 6352
f 6352 6497 6353
f 6359 6357 6498
f 6498 6357 6355
f 6498 6355 6499
f 6363 6500 6361
f 6361 6500 6499
f 6361 6499 6354
f 6354 6499 6355
f 6363 6365 6500
f 6500 6365 6367
f 6500 6367 6501
f 6367 6368 6501
f 6501 6368 6370
f 6501 6370 6502
f 6374 6503 6373
f 6373 6503 6502
f 6373 6502 6371
f 6371 6502 6370
f 6374 6376 6503
f 6503 6376 6378
f 6503 6378 6504
f 6382 6505 6384
f 6384 6505 6504
f 6384 6504 6385
f 6385 6504 6378
f 6382 6380 6505
f 6505 6380 6388
f 6505 6388 6506
f 6388 6387 6506
f 6506 6387 6391
f 6506 6391 6507
f 6397 6508 6398
f 6398 6508 6507
f 6398 6507 6390
f 6390 6507 6391
f 6397 6395 6508
f 6508 6395 6393
f 6508 6393 6509
f 6401 6510 6399
f 6399 6510 6509
f 6399 6509 6392
f 6392 6509 6393
f 6401 6403 6510
f 6510 6403 6405
f 6510 6405 6511
f 6405 6406 6511
f 6511 6406 6408
f 6511 6408 6512
f 6412 6513 6411
f 6411 6513 6512
f 6411 6512 6409
f 6409 6512 6408
f 6412 6414 6513
f 6513 6414 6416
f 6513 6416 6514
f 6420 6515 6422
f 6422 6515 6514
f 6422 6514 6423
f 6423 6514 6416
f 6420 6418 6515
f 6515 6418 6426
f 6515 6426 6516
f 6426 6425 6516
f 6516 6425 6429
f 6516 6429 6517
f 6433 6518 6434
f 6434 6518 6517
f 6434 6517 6428
f 6428 6517 6429
f 6433 6431 6518
f 6518 6431 6430
f 6518 6430 6485
f 6485 6430 6302
f 6485 6302 6304
f 6519 6520 6521
f 6519 6521 6522
f 6523 6524 6521
f 6521 6524 6525
f 6521 6525 6522
f 6526 6527 6521
f 6521 6527 6528
f 6521 6528 6523
f 6529 6530 6521
f 6521 6530 6531
f 6521 6531 6526
f 6532 6533 6521
f 6521 6533 6534
f 6521 6534 6529
f 6535 6536 6521
f 6521 6536 6537
f 6521 6537 6532
f 6538 6539 6521
f 6521 6539 6540
f 6521 6540 6535
f 6541 6542 6521
f 6521 6542 6543
f 6521 6543 6538
f 6520 6544 6521
f 6521 6544 6545
f 6521 6545 6541
f 6546 6498 6547
f 6547 6498 6499
f 6547 6499 6548
f 6549 6494 6550
f 6550 6494 6495
f 6550 6495 6551
f 6551 6495 6496
f 6551 6496 6546
f 6546 6496 6497
f 6546 6497 6498
f 6552 6513 6553
f 6553 6513 6514
f 6553 6514 6554
f 6554 6514 6515
f 6554 6515 6555
f 6556 6490 6557
f 6557 6490 6491
f 6557 6491 6558
f 6558 6491 6492
f 6558 6492 6549
f 6549 6492 6493
f 6549 6493 6494
f 6559 6486 6560
f 6560 6486 6487
f 6560 6487 6561
f 6561 6487 6488
f 6561 6488 6556
f 6556 6488 6489
f 6556 6489 6490
f 6515 6516 6555
f 6555 6516 6517
f 6555 6517 6562
f 6562 6517 6518
f 6562 6518 6563
f 6563 6518 6485
f 6563 6485 6559
f 6559 6485 6484
f 6559 6484 6486
f 6564 6509 6565
f 6565 6509 6510
f 6565 6510 6566
f 6566 6510 6511
f 6566 6511 6552
f 6552 6511 6512
f 6552 6512 6513
f 6567 6505 6568
f 6568 6505 6506
f 6568 6506 6569
f 6569 6506 6507
f 6569 6507 6564
f 6564 6507 6508
f 6564 6508 6509
f 6499 6500 6548
f 6548 6500 6501
f 6548 6501 6570
f 6570 6501 6502
f 6570 6502 6571
f 6571 6502 6503
f 6571 6503 6567
f 6567 6503 6504
f 6567 6504 6505
f 6563 6522 6562
f 6562 6522 6525
f 6562 6525 6555
f 6555 6525 6524
f 6555 6524 6554
f 6554 6524 6523
f 6554 6523 6553
f 6553 6523 6528
f 6553 6528 6552
f 6552 6528 6527
f 6552 6527 6566
f 6566 6527 6526
f 6566 6526 6565
f 6565 6526 6531
f 6565 6531 6564
f 6564 6531 6530
f 6564 6530 6569
f 6569 6530 6529
f 6569 6529 6568
f 6568 6529 6534
f 6568 6534 6567
f 6567 6534 6533
f 6567 6533 6571
f 6571 6533 6532
f 6571 6532 6570
f 6570 6532 6537
f 6570 6537 6548
f 6548 6537 6536
f 6548 6536 6547
f 6547 6536 6535
f 6547 6535 6546
f 6546 6535 6540
f 6546 6540 6551
f 6551 6540 6539
f 6551 6539 6550
f 6550 6539 6538
f 6550 6538 6549
f 6549 6538 6543
f 6549 6543 6558
f 6558 6543 6542
f 6558 6542 6557
f 6557 6542 6541
f 6557 6541 6556
f 6556 6541 6545
f 6556 6545 6561
f 6561 6545 6544
f 6561 6544 6560
f 6560 6544 6520
f 6560 6520 6559
f 6559 6520 6519
f 6559 6519 6563
f 6563 6519 6522
f 6572 6573 6574
f 6574 6573 6575
f 6572 6574 6576
f 6576 6574 6577
f 6576 6577 6578
f 6578 6577 6579
f 6578 6579 6580
f 6580 6579 6581
f 6576 6578 6572
f 6572 6578 6580
f 6572 6580 6573
f 6573 6580 6582
f 6582 6583 6573
f 6573 6583 6575
f 6584 6585 6586
f 6584 6587 6585
f 6585 6587 6588
f 6585 6588 6589
f 6586 6590 6584
f 6584 6590 6591
f 6584 6591 6592
f 6589 6593 6585
f 6585 6593 6594
f 6585 6594 6595
f 6592 6596 6584
f 6584 6596 6597
f 6584 6597 6598
f 6595 6599 6585
f 6585 6599 6600
f 6585 6600 6601
f 6602 6603 6604
f 6598 6605 6584
f 6584 6605 6602
f 6584 6602 6606
f 6606 6602 6604
f 6607 6608 6601
f 6601 6608 6609
f 6601 6609 6585
f 6607 6610 6611
f 6607 6611 6608
f 6608 6611 6612
f 6608 6612 6609
f 6609 6612 6613
f 6609 6613 6585
f 6585 6613 6614
f 6585 6614 6586
f 6586 6614 6615
f 6586 6615 6590
f 6590 6615 6616
f 6590 6616 6591
f 6591 6616 6617
f 6591 6617 6592
f 6592 6617 6618
f 6592 6618 6596
f 6596 6618 6619
f 6596 6619 6597
f 6597 6619 6620
f 6597 6620 6598
f 6598 6620 6621
f 6598 6621 6605
f 6605 6621 6622
f 6605 6622 6602
f 6602 6622 6623
f 6602 6623 6603
f 6603 6623 6624
f 6603 6624 6604
f 6604 6624 6625
f 6604 6625 6606
f 6606 6625 6626
f 6606 6626 6584
f 6584 6626 6627
f 6584 6627 6587
f 6587 6627 6628
f 6587 6628 6588
f 6588 6628 6629
f 6588 6629 6589
f 6589 6629 6630
f 6589 6630 6593
f 6593 6630 6631
f 6593 6631 6594
f 6594 6631 6632
f 6594 6632 6595
f 6595 6632 6633
f 6595 6633 6599
f 6599 6633 6634
f 6599 6634 6600
f 6600 6634 6635
f 6600 6635 6601
f 6601 6635 6610
f 6601 6610 6607
f 6623 6636 6637
f 6623 6637 6624
f 6624 6637 6638
f 6624 6638 6625
f 6625 6638 6639
f 6625 6639 6626
f 6626 6639 6640
f 6626 6640 6627
f 6627 6640 6641
f 6627 6641 6628
f 6628 6641 6642
f 6628 6642 6629
f 6629 6642 6643
f 6629 6643 6630
f 6630 6643 6644
f 6630 6644 6631
f 6631 6644 6645
f 6631 6645 6632
f 6632 6645 6646
f 6632 6646 6633
f 6633 6646 6647
f 6633 6647 6634
f 6634 6647 6648
f 6634 6648 6635
f 6635 6648 6649
f 6635 6649 6610
f 6610 6649 6650
f 6610 6650 6611
f 6611 6650 6651
f 6611 6651 6612
f 6612 6651 6652
f 6612 6652 6613
f 6613 6652 6653
f 6613 6653 6614
f 6614 6653 6654
f 6614 6654 6615
f 6615 6654 6655
f 6615 6655 6616
f 6616 6655 6656
f 6616 6656 6617
f 6617 6656 6657
f 6617 6657 6618
f 6618 6657 6658
f 6618 6658 6619
f 6619 6658 6659
f 6619 6659 6620
f 6620 6659 6660
f 6620 6660 6621
f 6621 6660 6661
f 6621 6661 6622
f 6622 6661 6636
f 6622 6636 6623
f 6660 6662 6661
f 6661 6662 6663
f 6661 6663 6636
f 6636 6663 6664
f 6636 6664 6637
f 6655 6665 6656
f 6656 6665 6666
f 6656 6666 6657
f 6657 6666 6667
f 6657 6667 6658
f 6667 6668 6658
f 6658 6668 6669
f 6658 6669 6659
f 6659 6669 6670
f 6659 6670 6660
f 6660 6670 6671
f 6660 6671 6662
f 6652 6672 6653
f 6653 6672 6673
f 6653 6673 6654
f 6654 6673 6674
f 6654 6674 6655
f 6655 6674 6675
f 6655 6675 6665
f 6647 6676 6648
f 6648 6676 6677
f 6648 6677 6649
f 6649 6677 6678
f 6649 6678 6650
f 6639 6679 6640
f 6640 6679 6680
f 6640 6680 6641
f 6641 6680 6681
f 6641 6681 6642
f 6678 6682 6650
f 6650 6682 6683
f 6650 6683 6651
f 6651 6683 6684
f 6651 6684 6652
f 6652 6684 6685
f 6652 6685 6672
f 6664 6686 6637
f 6637 6686 6687
f 6637 6687 6638
f 6638 6687 6688
f 6638 6688 6639
f 6639 6688 6689
f 6639 6689 6679
f 6645 6690 6646
f 6646 6690 6691
f 6646 6691 6647
f 6647 6691 6692
f 6647 6692 6676
f 6681 6693 6642
f 6642 6693 6694
f 6642 6694 6643
f 6643 6694 6695
f 6643 6695 6644
f 6644 6695 6696
f 6644 6696 6645
f 6645 6696 6697
f 6645 6697 6690
f 6698 6699 6700
f 6698 6700 6701
f 6701 6700 6702
f 6701 6702 6703
f 6703 6702 6704
f 6703 6704 6705
f 6705 6704 6706
f 6705 6706 6707
f 6707 6706 6708
f 6707 6708 6709
f 6709 6708 6710
f 6709 6710 6711
f 6711 6710 6712
f 6711 6712 6713
f 6713 6712 6714
f 6713 6714 6715
f 6715 6714 6716
f 6715 6716 6717
f 6717 6716 6718
f 6717 6718 6719
f 6719 6718 6720
f 6719 6720 6721
f 6721 6720 6722
f 6721 6722 6723
f 6723 6722 6724
f 6723 6724 6725
f 6725 6724 6726
f 6725 6726 6727
f 6727 6726 6728
f 6727 6728 6729
f 6729 6728 6730
f 6729 6730 6731
f 6731 6730 6732
f 6731 6732 6733
f 6733 6732 6734
f 6733 6734 6735
f 6664 6734 6732
f 6664 6732 6686
f 6686 6732 6730
f 6686 6730 6687
f 6687 6730 6728
f 6687 6728 6688
f 6688 6728 6726
f 6688 6726 6689
f 6689 6726 6724
f 6689 6724 6679
f 6679 6724 6722
f 6679 6722 6680
f 6680 6722 6720
f 6680 6720 6681
f 6681 6720 6718
f 6681 6718 6693
f 6693 6718 6716
f 6693 6716 6694
f 6694 6716 6714
f 6694 6714 6695
f 6695 6714 6712
f 6695 6712 6696
f 6696 6712 6710
f 6696 6710 6697
f 6697 6710 6708
f 6697 6708 6690
f 6690 6708 6706
f 6690 6706 6691
f 6691 6706 6704
f 6691 6704 6692
f 6692 6704 6702
f 6692 6702 6676
f 6676 6702 6700
f 6676 6700 6677
f 6677 6700 6699
f 6677 6699 6678
f 6678 6699 6736
f 6678 6736 6682
f 6682 6736 6737
f 6682 6737 6683
f 6683 6737 6738
f 6683 6738 6684
f 6684 6738 6739
f 6684 6739 6685
f 6685 6739 6740
f 6685 6740 6672
f 6672 6740 6741
f 6672 6741 6673
f 6673 6741 6742
f 6673 6742 6674
f 6674 6742 6743
f 6674 6743 6675
f 6675 6743 6744
f 6675 6744 6665
f 6665 6744 6745
f 6665 6745 6666
f 6666 6745 6746
f 6666 6746 6667
f 6667 6746 6747
f 6667 6747 6668
f 6668 6747 6748
f 6668 6748 6669
f 6669 6748 6749
f 6669 6749 6670
f 6670 6749 6750
f 6670 6750 6671
f 6671 6750 6751
f 6671 6751 6662
f 6662 6751 6752
f 6662 6752 6663
f 6663 6752 6734
f 6663 6734 6664
f 6735 6734 6752
f 6735 6752 6753
f 6753 6752 6751
f 6753 6751 6754
f 6754 6751 6750
f 6754 6750 6755
f 6755 6750 6749
f 6755 6749 6756
f 6756 6749 6748
f 6756 6748 6757
f 6757 6748 6747
f 6757 6747 6758
f 6758 6747 6746
f 6758 6746 6759
f 6759 6746 6745
f 6759 6745 6760
f 6760 6745 6744
f 6760 6744 6761
f 6761 6744 6743
f 6761 6743 6762
f 6762 6743 6742
f 6762 6742 6763
f 6763 6742 6741
f 6763 6741 6764
f 6764 6741 6740
f 6764 6740 6765
f 6765 6740 6739
f 6765 6739 6766
f 6766 6739 6738
f 6766 6738 6767
f 6767 6738 6737
f 6767 6737 6768
f 6768 6737 6736
f 6768 6736 6769
f 6769 6736 6699
f 6769 6699 6698
f 6757 6758 6579
f 6577 6735 6753
f 6768 6583 6767
f 6767 6583 6581
f 6767 6581 6766
f 6766 6581 6765
f 6753 6754 6577
f 6577 6754 6755
f 6577 6755 6579
f 6579 6755 6756
f 6579 6756 6757
f 6768 6769 6583
f 6583 6769 6698
f 6583 6698 6701
f 6758 6759 6579
f 6579 6759 6760
f 6579 6760 6581
f 6581 6760 6761
f 6581 6761 6762
f 6762 6763 6581
f 6581 6763 6764
f 6581 6764 6765
f 6721 6723 6574
f 6574 6723 6725
f 6574 6725 6727
f 6709 6711 6575
f 6575 6711 6713
f 6701 6703 6583
f 6583 6703 6705
f 6583 6705 6575
f 6575 6705 6707
f 6575 6707 6709
f 6727 6729 6574
f 6574 6729 6731
f 6574 6731 6577
f 6577 6731 6733
f 6577 6733 6735
f 6713 6715 6575
f 6575 6715 6717
f 6575 6717 6574
f 6574 6717 6719
f 6574 6719 6721
f 6580 6581 6582
f 6582 6581 6583
f 6770 6771 6772
f 6772 6771 6773
f 6772 6773 6774
f 6774 6773 6775
f 6771 6776 6773
f 6773 6776 6777
f 6773 6777 6775
f 6775 6777 6778
f 6775 6778 6774
f 6774 6778 6779
f 6774 6779 6772
f 6772 6779 6780
f 6772 6780 6770
f 6770 6780 6781
f 6770 6781 6771
f 6771 6781 6776
f 6782 6783 6784
f 6784 6783 6785
f 6784 6785 6786
f 6777 6776 6787
f 6787 6776 6788
f 6787 6788 6782
f 6782 6788 6789
f 6782 6789 6783
f 6790 6778 6777
f 6777 6787 6790
f 6790 6787 6782
f 6790 6782 6791
f 6791 6782 6784
f 6791 6784 6792
f 6792 6784 6786
f 6792 6786 6793
f 6794 6779 6778
f 6778 6790 6794
f 6794 6790 6791
f 6794 6791 6795
f 6795 6791 6792
f 6795 6792 6796
f 6796 6792 6793
f 6796 6793 6797
f 6780 6779 6798
f 6798 6779 6794
f 6798 6794 6799
f 6794 6795 6799
f 6799 6795 6796
f 6799 6796 6800
f 6800 6796 6797
f 6800 6797 6801
f 6802 6781 6780
f 6780 6798 6802
f 6802 6798 6799
f 6802 6799 6803
f 6803 6799 6800
f 6803 6800 6804
f 6804 6800 6801
f 6804 6801 6805
f 6788 6776 6781
f 6781 6802 6788
f 6788 6802 6803
f 6788 6803 6789
f 6789 6803 6804
f 6789 6804 6783
f 6783 6804 6805
f 6783 6805 6785
f 6806 6807 6801
f 6801 6807 6808
f 6801 6808 6809
f 6810 6811 6797
f 6812 6813 6786
f 6809 6814 6801
f 6801 6814 6815
f 6801 6815 6805
f 6815 6816 6805
f 6805 6816 6817
f 6805 6817 6818
f 6812 6786 6819
f 6811 6820 6797
f 6797 6820 6821
f 6797 6821 6801
f 6801 6821 6822
f 6801 6822 6806
f 6823 6824 6793
f 6793 6824 6825
f 6793 6825 6826
f 6827 6797 6828
f 6828 6797 6793
f 6828 6793 6829
f 6829 6793 6826
f 6827 6830 6797
f 6797 6830 6831
f 6797 6831 6832
f 6832 6833 6797
f 6797 6833 6834
f 6797 6834 6810
f 6813 6835 6786
f 6786 6835 6836
f 6786 6836 6837
f 6838 6785 6839
f 6839 6785 6840
f 6841 6842 6785
f 6785 6842 6843
f 6785 6843 6840
f 6837 6844 6786
f 6786 6844 6845
f 6786 6845 6793
f 6793 6845 6846
f 6793 6846 6823
f 6818 6847 6805
f 6805 6847 6848
f 6805 6848 6849
f 6849 6850 6805
f 6805 6850 6851
f 6805 6851 6785
f 6785 6851 6852
f 6785 6852 6841
f 6838 6853 6785
f 6785 6853 6854
f 6785 6854 6786
f 6786 6854 6855
f 6786 6855 6819
f 6827 6828 6856
f 6856 6828 6829
f 6856 6829 6857
f 6857 6829 6826
f 6857 6826 6858
f 6858 6826 6825
f 6858 6825 6859
f 6859 6825 6824
f 6859 6824 6860
f 6860 6824 6823
f 6860 6823 6861
f 6861 6823 6846
f 6861 6846 6862
f 6862 6846 6845
f 6862 6845 6863
f 6863 6845 6844
f 6863 6844 6864
f 6864 6844 6837
f 6864 6837 6865
f 6865 6837 6836
f 6865 6836 6866
f 6866 6836 6835
f 6866 6835 6867
f 6867 6835 6813
f 6867 6813 6868
f 6868 6813 6812
f 6868 6812 6869
f 6869 6812 6819
f 6869 6819 6870
f 6870 6819 6855
f 6870 6855 6871
f 6871 6855 6854
f 6871 6854 6872
f 6872 6854 6853
f 6872 6853 6873
f 6873 6853 6838
f 6873 6838 6874
f 6874 6838 6839
f 6874 6839 6875
f 6875 6839 6840
f 6875 6840 6876
f 6876 6840 6843
f 6876 6843 6877
f 6877 6843 6842
f 6877 6842 6878
f 6878 6842 6841
f 6878 6841 6879
f 6879 6841 6852
f 6879 6852 6880
f 6880 6852 6851
f 6880 6851 6881
f 6881 6851 6850
f 6881 6850 6882
f 6882 6850 6849
f 6882 6849 6883
f 6883 6849 6848
f 6883 6848 6884
f 6884 6848 6847
f 6884 6847 6885
f 6885 6847 6818
f 6885 6818 6886
f 6886 6818 6817
f 6886 6817 6887
f 6887 6817 6816
f 6887 6816 6888
f 6888 6816 6815
f 6888 6815 6889
f 6889 6815 6814
f 6889 6814 6890
f 6890 6814 6809
f 6890 6809 6891
f 6891 6809 6808
f 6891 6808 6892
f 6892 6808 6807
f 6892 6807 6893
f 6893 6807 6806
f 6893 6806 6894
f 6894 6806 6822
f 6894 6822 6895
f 6895 6822 6821
f 6895 6821 6896
f 6896 6821 6820
f 6896 6820 6897
f 6897 6820 6811
f 6897 6811 6898
f 6898 6811 6810
f 6898 6810 6899
f 6899 6810 6834
f 6899 6834 6900
f 6900 6834 6833
f 6900 6833 6901
f 6901 6833 6832
f 6901 6832 6902
f 6902 6832 6831
f 6902 6831 6903
f 6903 6831 6830
f 6903 6830 6904
f 6904 6830 6827
f 6904 6827 6856
f 6905 6906 6907
f 6907 6906 6908
f 6907 6908 6909
f 6909 6908 6910
f 6909 6910 6911
f 6911 6910 6912
f 6913 6914 6912
f 6912 6914 6915
f 6912 6915 6911
f 6916 6917 6913
f 6913 6917 6918
f 6913 6918 6914
f 6919 6920 6921
f 6921 6920 6922
f 6921 6922 6923
f 6923 6922 6924
f 6923 6924 6916
f 6916 6924 6925
f 6916 6925 6917
f 6919 6921 6926
f 6926 6921 6927
f 6926 6927 6928
f 6928 6927 6929
f 6928 6929 6930
f 6930 6929 6931
f 6930 6931 6932
f 6932 6931 6933
f 6933 6931 6934
f 6933 6934 6935
f 6935 6934 6936
f 6936 6934 6937
f 6936 6937 6938
f 6938 6937 6939
f 6939 6937 6940
f 6939 6940 6941
f 6941 6940 6942
f 6941 6942 6943
f 6944 6945 6946
f 6946 6945 6947
f 6946 6947 6948
f 6948 6947 6949
f 6948 6949 6942
f 6942 6949 6950
f 6942 6950 6943
f 6951 6952 6944
f 6944 6952 6953
f 6944 6953 6945
f 6954 6955 6951
f 6951 6955 6956
f 6951 6956 6952
f 6957 6958 6959
f 6959 6958 6960
f 6959 6960 6961
f 6961 6960 6962
f 6961 6962 6954
f 6954 6962 6963
f 6954 6963 6955
f 6957 6959 6964
f 6964 6959 6965
f 6964 6965 6966
f 6966 6965 6967
f 6966 6967 6968
f 6968 6967 6969
f 6968 6969 6970
f 6970 6969 6971
f 6971 6969 6972
f 6971 6972 6973
f 6973 6972 6974
f 6974 6972 6975
f 6974 6975 6976
f 6976 6975 6977
f 6977 6975 6978
f 6977 6978 6979
f 6979 6978 6980
f 6979 6980 6981
f 6982 6983 6984
f 6984 6983 6985
f 6984 6985 6986
f 6986 6985 6987
f 6986 6987 6980
f 6980 6987 6988
f 6980 6988 6981
f 6989 6990 6982
f 6982 6990 6991
f 6982 6991 6983
f 6992 6993 6989
f 6989 6993 6994
f 6989 6994 6990
f 6995 6996 6997
f 6997 6996 6998
f 6997 6998 6999
f 6999 6998 7000
f 6999 7000 6992
f 6992 7000 7001
f 6992 7001 6993
f 6995 6997 7002
f 7002 6997 7003
f 7002 7003 7004
f 7004 7003 7005
f 7004 7005 7006
f 7006 7005 7007
f 7006 7007 7008
f 7008 7007 7009
f 7009 7007 7010
f 7009 7010 7011
f 7011 7010 7012
f 7012 7010 7013
f 7012 7013 7014
f 7014 7013 7015
f 7015 7013 7016
f 7015 7016 7017
f 7017 7016 7018
f 7017 7018 7019
f 7020 7021 7022
f 7022 7021 7023
f 7022 7023 7024
f 7024 7023 7025
f 7024 7025 7018
f 7018 7025 7026
f 7018 7026 7019
f 7027 7028 7020
f 7020 7028 7029
f 7020 7029 7021
f 7030 7031 7027
f 7027 7031 7032
f 7027 7032 7028
f 6905 7033 6906
f 6906 7033 7034
f 6906 7034 7035
f 7035 7034 7036
f 7035 7036 7030
f 7030 7036 7037
f 7030 7037 7031
f 6880 7038 6879
f 6879 7038 7039
f 6879 7039 6878
f 6878 7039 7040
f 6878 7040 6877
f 6877 7040 7041
f 6877 7041 6876
f 6876 7041 7042
f 6876 7042 6875
f 6875 7042 7043
f 6875 7043 6874
f 6874 7043 7044
f 6874 7044 6873
f 6873 7044 7045
f 6873 7045 6872
f 6872 7045 7046
f 6872 7046 6871
f 6871 7046 7047
f 6871 7047 6870
f 6870 7047 7048
f 6870 7048 6869
f 6869 7048 7049
f 6869 7049 6868
f 6868 7049 7050
f 6868 7050 6867
f 6867 7050 7051
f 6867 7051 6866
f 6866 7051 7052
f 6866 7052 6865
f 6865 7052 7053
f 6865 7053 6864
f 6864 7053 7054
f 6864 7054 6863
f 6863 7054 7055
f 6863 7055 6862
f 6862 7055 7056
f 6862 7056 6861
f 6861 7056 7057
f 6861 7057 6860
f 6860 7057 7058
f 6860 7058 6859
f 6859 7058 7059
f 6859 7059 6858
f 6858 7059 7060
f 6858 7060 6857
f 6857 7060 7061
f 6857 7061 6856
f 6856 7061 7062
f 6856 7062 6904
f 6904 7062 7063
f 6904 7063 6903
f 6903 7063 7064
f 6903 7064 6902
f 6902 7064 7065
f 6902 7065 6901
f 6901 7065 7066
f 6901 7066 6900
f 6900 7066 7067
f 6900 7067 6899
f 6899 7067 7068
f 6899 7068 6898
f 6898 7068 7069
f 6898 7069 6897
f 6897 7069 7070
f 6897 7070 6896
f 6896 7070 7071
f 6896 7071 6895
f 6895 7071 7072
f 6895 7072 6894
f 6894 7072 7073
f 6894 7073 6893
f 6893 7073 7074
f 6893 7074 6892
f 6892 7074 7075
f 6892 7075 6891
f 6891 7075 7076
f 6891 7076 6890
f 6890 7076 7077
f 6890 7077 6889
f 6889 7077 7078
f 6889 7078 6888
f 6888 7078 7079
f 6888 7079 6887
f 6887 7079 7080
f 6887 7080 6886
f 6886 7080 7081
f 6886 7081 6885
f 6885 7081 7082
f 6885 7082 6884
f 6884 7082 7083
f 6884 7083 6883
f 6883 7083 7084
f 6883 7084 6882
f 6882 7084 7085
f 6882 7085 6881
f 6881 7085 7086
f 6881 7086 6880
f 6880 7086 7038
f 7038 7005 7039
f 7039 7005 7003
f 7039 7003 7040
f 7040 7003 6997
f 7040 6997 7041
f 7041 6997 6999
f 7041 6999 7042
f 7042 6999 6992
f 7042 6992 7043
f 7043 6992 6989
f 7043 6989 7044
f 7044 6989 6982
f 7044 6982 7045
f 7045 6982 6984
f 7045 6984 7046
f 7046 6984 6986
f 7046 6986 7047
f 7047 6986 6980
f 7047 6980 7048
f 7048 6980 6978
f 7048 6978 7049
f 7049 6978 6975
f 7049 6975 7050
f 7050 6975 6972
f 7050 6972 7051
f 7051 6972 6969
f 7051 6969 7052
f 7052 6969 6967
f 7052 6967 7053
f 7053 6967 6965
f 7053 6965 7054
f 7054 6965 6959
f 7054 6959 7055
f 7055 6959 6961
f 7055 6961 7056
f 7056 6961 6954
f 7056 6954 7057
f 7057 6954 6951
f 7057 6951 7058
f 7058 6951 6944
f 7058 6944 7059
f 7059 6944 6946
f 7059 6946 7060
f 7060 6946 6948
f 7060 6948 7061
f 7061 6948 6942
f 7061 6942 7062
f 7062 6942 6940
f 7062 6940 7063
f 7063 6940 6937
f 7063 6937 7064
f 7064 6937 6934
f 7064 6934 7065
f 7065 6934 6931
f 7065 6931 7066
f 7066 6931 6929
f 7066 6929 7067
f 7067 6929 6927
f 7067 6927 7068
f 7068 6927 6921
f 7068 6921 7069
f 7069 6921 6923
f 7069 6923 7070
f 7070 6923 6916
f 7070 6916 7071
f 7071 6916 6913
f 7071 6913 7072
f 7072 6913 6912
f 7072 6912 7073
f 7073 6912 6910
f 7073 6910 7074
f 7074 6910 6908
f 7074 6908 7075
f 7075 6908 6906
f 7075 6906 7076
f 7076 6906 7035
f 7076 7035 7077
f 7077 7035 7030
f 7077 7030 7078
f 7078 7030 7027
f 7078 7027 7079
f 7079 7027 7020
f 7079 7020 7080
f 7080 7020 7022
f 7080 7022 7081
f 7081 7022 7024
f 7081 7024 7082
f 7082 7024 7018
f 7082 7018 7083
f 7083 7018 7016
f 7083 7016 7084
f 7084 7016 7013
f 7084 7013 7085
f 7085 7013 7010
f 7085 7010 7086
f 7086 7010 7007
f 7086 7007 7038
f 7038 7007 7005
f 6909 7087 6907
f 6907 7087 7088
f 6909 6911 7087
f 7087 6911 6915
f 7087 6915 7089
f 6915 6914 7089
f 7089 6914 6918
f 7089 6918 7090
f 6924 7091 6925
f 6925 7091 7090
f 6925 7090 6917
f 6917 7090 6918
f 6924 6922 7091
f 7091 6922 6920
f 7091 6920 7092
f 6928 7093 6926
f 6926 7093 7092
f 6926 7092 6919
f 6919 7092 6920
f 6928 6930 7093
f 7093 6930 6932
f 7093 6932 7094
f 6932 6933 7094
f 7094 6933 6935
f 7094 6935 7095
f 6939 7096 6938
f 6938 7096 7095
f 6938 7095 6936
f 6936 7095 6935
f 6939 6941 7096
f 7096 6941 6943
f 7096 6943 7097
f 6947 7098 6949
f 6949 7098 7097
f 6949 7097 6950
f 6950 7097 6943
f 6947 6945 7098
f 7098 6945 6953
f 7098 6953 7099
f 6953 6952 7099
f 7099 6952 6956
f 7099 6956 7100
f 6962 7101 6963
f 6963 7101 7100
f 6963 7100 6955
f 6955 7100 6956
f 6962 6960 7101
f 7101 6960 6958
f 7101 6958 7102
f 6966 7103 6964
f 6964 7103 7102
f 6964 7102 6957
f 6957 7102 6958
f 6966 6968 7103
f 7103 6968 6970
f 7103 6970 7104
f 6970 6971 7104
f 7104 6971 6973
f 7104 6973 7105
f 6977 7106 6976
f 6976 7106 7105
f 6976 7105 6974
f 6974 7105 6973
f 6977 6979 7106
f 7106 6979 6981
f 7106 6981 7107
f 6985 7108 6987
f 6987 7108 7107
f 6987 7107 6988
f 6988 7107 6981
f 6985 6983 7108
f 7108 6983 6991
f 7108 6991 7109
f 6991 6990 7109
f 7109 6990 6994
f 7109 6994 7110
f 7000 7111 7001
f 7001 7111 7110
f 7001 7110 6993
f 6993 7110 6994
f 7000 6998 7111
f 7111 6998 6996
f 7111 6996 7112
f 7004 7113 7002
f 7002 7113 7112
f 7002 7112 6995
f 6995 7112 6996
f 7004 7006 7113
f 7113 7006 7008
f 7113 7008 7114
f 7008 7009 7114
f 7114 7009 7011
f 7114 7011 7115
f 7015 7116 7014
f 7014 7116 7115
f 7014 7115 7012
f 7012 7115 7011
f 7015 7017 7116
f 7116 7017 7019
f 7116 7019 7117
f 7023 7118 7025
f 7025 7118 7117
f 7025 7117 7026
f 7026 7117 7019
f 7023 7021 7118
f 7118 7021 7029
f 7118 7029 7119
f 7029 7028 7119
f 7119 7028 7032
f 7119 7032 7120
f 7036 7121 7037
f 7037 7121 7120
f 7037 7120 7031
f 7031 7120 7032
f 7036 7034 7121
f 7121 7034 7033
f 7121 7033 7088
f 7088 7033 6905
f 7088 6905 6907
f 7122 7123 7124
f 7122 7124 7125
f 7126 7127 7124
f 7124 7127 7128
f 7124 7128 7125
f 7129 7130 7124
f 7124 7130 7131
f 7124 7131 7126
f 7132 7133 7124
f 7124 7133 7134
f 7124 7134 7129
f 7135 7136 7124
f 7124 7136 7137
f 7124 7137 7132
f 7138 7139 7124
f 7124 7139 7140
f 7124 7140 7135
f 7141 7142 7124
f 7124 7142 7143
f 7124 7143 7138
f 7144 7145 7124
f 7124 7145 7146
f 7124 7146 7141
f 7123 7147 7124
f 7124 7147 7148
f 7124 7148 7144
f 7149 7101 7150
f 7150 7101 7102
f 7150 7102 7151
f 7152 7097 7153
f 7153 7097 7098
f 7153 7098 7154
f 7154 7098 7099
f 7154 7099 7149
f 7149 7099 7100
f 7149 7100 7101
f 7155 7116 7156
f 7156 7116 7117
f 7156 7117 7157
f 7157 7117 7118
f 7157 7118 7158
f 7159 7093 7160
f 7160 7093 7094
f 7160 7094 7161
f 7161 7094 7095
f 7161 7095 7152
f 7152 7095 7096
f 7152 7096 7097
f 7162 7089 7163
f 7163 7089 7090
f 7163 7090 7164
f 7164 7090 7091
f 7164 7091 7159
f 7159 7091 7092
f 7159 7092 7093
f 7118 7119 7158
f 7158 7119 7120
f 7158 7120 7165
f 7165 7120 7121
f 7165 7121 7166
f 7166 7121 7088
f 7166 7088 7162
f 7162 7088 7087
f 7162 7087 7089
f 7167 7112 7168
f 7168 7112 7113
f 7168 7113 7169
f 7169 7113 7114
f 7169 7114 7155
f 7155 7114 7115
f 7155 7115 7116
f 7170 7108 7171
f 7171 7108 7109
f 7171 7109 7172
f 7172 7109 7110
f 7172 7110 7167
f 7167 7110 7111
f 7167 7111 7112
f 7102 7103 7151
f 7151 7103 7104
f 7151 7104 7173
f 7173 7104 7105
f 7173 7105 7174
f 7174 7105 7106
f 7174 7106 7170
f 7170 7106 7107
f 7170 7107 7108
f 7166 7125 7165
f 7165 7125 7128
f 7165 7128 7158
f 7158 7128 7127
f 7158 7127 7157
f 7157 7127 7126
f 7157 7126 7156
f 7156 7126 7131
f 7156 7131 7155
f 7155 7131 7130
f 7155 7130 7169
f 7169 7130 7129
f 7169 7129 7168
f 7168 7129 7134
f 7168 7134 7167
f 7167 7134 7133
f 7167 7133 7172
f 7172 7133 7132
f 7172 7132 7171
f 7171 7132 7137
f 7171 7137 7170
f 7170 7137 7136
f 7170 7136 7174
f 7174 7136 7135
f 7174 7135 7173
f 7173 7135 7140
f 7173 7140 7151
f 7151 7140 7139
f 7151 7139 7150
f 7150 7139 7138
f 7150 7138 7149
f 7149 7138 7143
f 7149 7143 7154
f 7154 7143 7142
f 7154 7142 7153
f 7153 7142 7141
f 7153 7141 7152
f 7152 7141 7146
f 7152 7146 7161
f 7161 7146 7145
f 7161 7145 7160
f 7160 7145 7144
f 7160 7144 7159
f 7159 7144 7148
f 7159 7148 7164
f 7164 7148 7147
f 7164 7147 7163
f 7163 7147 7123
f 7163 7123 7162
f 7162 7123 7122
f 7162 7122 7166
f 7166 7122 7125
f 7175 7176 7177
f 7177 7176 7178
f 7175 7177 7179
f 7179 7177 7180
f 7179 7180 7181
f 7181 7180 7182
f 7181 7182 7183
f 7183 7182 7184
f 7179 7181 7175
f 7175 7181 7183
f 7175 7183 7176
f 7176 7183 7185
f 7185 7186 7176
f 7176 7186 7178
f 7187 7188 7189
f 7187 7190 7188
f 7188 7190 7191
f 7188 7191 7192
f 7189 7193 7187
f 7187 7193 7194
f 7187 7194 7195
f 7192 7196 7188
f 7188 7196 7197
f 7188 7197 7198
f 7195 7199 7187
f 7187 7199 7200
f 7187 7200 7201
f 7198 7202 7188
f 7188 7202 7203
f 7188 7203 7204
f 7205 7206 7207
f 7201 7208 7187
f 7187 7208 7205
f 7187 7205 7209
f 7209 7205 7207
f 7210 7211 7204
f 7204 7211 7212
f 7204 7212 7188
f 7210 7213 7214
f 7210 7214 7211
f 7211 7214 7215
f 7211 7215 7212
f 7212 7215 7216
f 7212 7216 7188
f 7188 7216 7217
f 7188 7217 7189
f 7189 7217 7218
f 7189 7218 7193
f 7193 7218 7219
f 7193 7219 7194
f 7194 7219 7220
f 7194 7220 7195
f 7195 7220 7221
f 7195 7221 7199
f 7199 7221 7222
f 7199 7222 7200
f 7200 7222 7223
f 7200 7223 7201
f 7201 7223 7224
f 7201 7224 7208
f 7208 7224 7225
f 7208 7225 7205
f 7205 7225 7226
f 7205 7226 7206
f 7206 7226 7227
f 7206 7227 7207
f 7207 7227 7228
f 7207 7228 7209
f 7209 7228 7229
f 7209 7229 7187
f 7187 7229 7230
f 7187 7230 7190
f 7190 7230 7231
f 7190 7231 7191
f 7191 7231 7232
f 7191 7232 7192
f 7192 7232 7233
f 7192 7233 7196
f 7196 7233 7234
f 7196 7234 7197
f 7197 7234 7235
f 7197 7235 7198
f 7198 7235 7236
f 7198 7236 7202
f 7202 7236 7237
f 7202 7237 7203
f 7203 7237 7238
f 7203 7238 7204
f 7204 7238 7213
f 7204 7213 7210
f 7226 7239 7240
f 7226 7240 7227
f 7227 7240 7241
f 7227 7241 7228
f 7228 7241 7242
f 7228 7242 7229
f 7229 7242 7243
f 7229 7243 7230
f 7230 7243 7244
f 7230 7244 7231
f 7231 7244 7245
f 7231 7245 7232
f 7232 7245 7246
f 7232 7246 7233
f 7233 7246 7247
f 7233 7247 7234
f 7234 7247 7248
f 7234 7248 7235
f 7235 7248 7249
f 7235 7249 7236
f 7236 7249 7250
f 7236 7250 7237
f 7237 7250 7251
f 7237 7251 7238
f 7238 7251 7252
f 7238 7252 7213
f 7213 7252 7253
f 7213 7253 7214
f 7214 7253 7254
f 7214 7254 7215
f 7215 7254 7255
f 7215 7255 7216
f 7216 7255 7256
f 7216 7256 7217
f 7217 7256 7257
f 7217 7257 7218
f 7218 7257 7258
f 7218 7258 7219
f 7219 7258 7259
f 7219 7259 7220
f 7220 7259 7260
f 7220 7260 7221
f 7221 7260 7261
f 7221 7261 7222
f 7222 7261 7262
f 7222 7262 7223
f 7223 7262 7263
f 7223 7263 7224
f 7224 7263 7264
f 7224 7264 7225
f 7225 7264 7239
f 7225 7239 7226
f 7263 7265 7264
f 7264 7265 7266
f 7264 7266 7239
f 7239 7266 7267
f 7239 7267 7240
f 7258 7268 7259
f 7259 7268 7269
f 7259 7269 7260
f 7260 7269 7270
f 7260 7270 7261
f 7270 7271 7261
f 7261 7271 7272
f 7261 7272 7262
f 7262 7272 7273
f 7262 7273 7263
f 7263 7273 7274
f 7263 7274 7265
f 7255 7275 7256
f 7256 7275 7276
f 7256 7276 7257
f 7257 7276 7277
f 7257 7277 7258
f 7258 7277 7278
f 7258 7278 7268
f 7250 7279 7251
f 7251 7279 7280
f 7251 7280 7252
f 7252 7280 7281
f 7252 7281 7253
f 7242 7282 7243
f 7243 7282 7283
f 7243 7283 7244
f 7244 7283 7284
f 7244 7284 7245
f 7281 7285 7253
f 7253 7285 7286
f 7253 7286 7254
f 7254 7286 7287
f 7254 7287 7255
f 7255 7287 7288
f 7255 7288 7275
f 7267 7289 7240
f 7240 7289 7290
f 7240 7290 7241
f 7241 7290 7291
f 7241 7291 7242
f 7242 7291 7292
f 7242 7292 7282
f 7248 7293 7249
f 7249 7293 7294
f 7249 7294 7250
f 7250 7294 7295
f 7250 7295 7279
f 7284 7296 7245
f 7245 7296 7297
f 7245 7297 7246
f 7246 7297 7298
f 7246 7298 7247
f 7247 7298 7299
f 7247 7299 7248
f 7248 7299 7300
f 7248 7300 7293
f 7301 7302 7303
f 7301 7303 7304
f 7304 7303 7305
f 7304 7305 7306
f 7306 7305 7307
f 7306 7307 7308
f 7308 7307 7309
f 7308 7309 7310
f 7310 7309 7311
f 7310 7311 7312
f 7312 7311 7313
f 7312 7313 7314
f 7314 7313 7315
f 7314 7315 7316
f 7316 7315 7317
f 7316 7317 7318
f 7318 7317 7319
f 7318 7319 7320
f 7320 7319 7321
f 7320 7321 7322
f 7322 7321 7323
f 7322 7323 7324
f 7324 7323 7325
f 7324 7325 7326
f 7326 7325 7327
f 7326 7327 7328
f 7328 7327 7329
f 7328 7329 7330
f 7330 7329 7331
f 7330 7331 7332
f 7332 7331 7333
f 7332 7333 7334
f 7334 7333 7335
f 7334 7335 7336
f 7336 7335 7337
f 7336 7337 7338
f 7267 7337 7335
f 7267 7335 7289
f 7289 7335 7333
f 7289 7333 7290
f 7290 7333 7331
f 7290 7331 7291
f 7291 7331 7329
f 7291 7329 7292
f 7292 7329 7327
f 7292 7327 7282
f 7282 7327 7325
f 7282 7325 7283
f 7283 7325 7323
f 7283 7323 7284
f 7284 7323 7321
f 7284 7321 7296
f 7296 7321 7319
f 7296 7319 7297
f 7297 7319 7317
f 7297 7317 7298
f 7298 7317 7315
f 7298 7315 7299
f 7299 7315 7313
f 7299 7313 7300
f 7300 7313 7311
f 7300 7311 7293
f 7293 7311 7309
f 7293 7309 7294
f 7294 7309 7307
f 7294 7307 7295
f 7295 7307 7305
f 7295 7305 7279
f 7279 7305 7303
f 7279 7303 7280
f 7280 7303 7302
f 7280 7302 7281
f 7281 7302 7339
f 7281 7339 7285
f 7285 7339 7340
f 7285 7340 7286
f 7286 7340 7341
f 7286 7341 7287
f 7287 7341 7342
f 7287 7342 7288
f 7288 7342 7343
f 7288 7343 7275
f 7275 7343 7344
f 7275 7344 7276
f 7276 7344 7345
f 7276 7345 7277
f 7277 7345 7346
f 7277 7346 7278
f 7278 7346 7347
f 7278 7347 7268
f 7268 7347 7348
f 7268 7348 7269
f 7269 7348 7349
f 7269 7349 7270
f 7270 7349 7350
f 7270 7350 7271
f 7271 7350 7351
f 7271 7351 7272
f 7272 7351 7352
f 7272 7352 7273
f 7273 7352 7353
f 7273 7353 7274
f 7274 7353 7354
f 7274 7354 7265
f 7265 7354 7355
f 7265 7355 7266
f 7266 7355 7337
f 7266 7337 7267
f 7338 7337 7355
f 7338 7355 7356
f 7356 7355 7354
f 7356 7354 7357
f 7357 7354 7353
f 7357 7353 7358
f 7358 7353 7352
f 7358 7352 7359
f 7359 7352 7351
f 7359 7351 7360
f 7360 7351 7350
f 7360 7350 7361
f 7361 7350 7349
f 7361 7349 7362
f 7362 7349 7348
f 7362 7348 7363
f 7363 7348 7347
f 7363 7347 7364
f 7364 7347 7346
f 7364 7346 7365
f 7365 7346 7345
f 7365 7345 7366
f 7366 7345 7344
f 7366 7344 7367
f 7367 7344 7343
f 7367 7343 7368
f 7368 7343 7342
f 7368 7342 7369
f 7369 7342 7341
f 7369 7341 7370
f 7370 7341 7340
f 7370 7340 7371
f 7371 7340 7339
f 7371 7339 7372
f 7372 7339 7302
f 7372 7302 7301
f 7360 7361 7182
f 7180 7338 7356
f 7371 7186 7370
f 7370 7186 7184
f 7370 7184 7369
f 7369 7184 7368
f 7356 7357 7180
f 7180 7357 7358
f 7180 7358 7182
f 7182 7358 7359
f 7182 7359 7360
f 7371 7372 7186
f 7186 7372 7301
f 7186 7301 7304
f 7361 7362 7182
f 7182 7362 7363
f 7182 7363 7184
f 7184 7363 7364
f 7184 7364 7365
f 7365 7366 7184
f 7184 7366 7367
f 7184 7367 7368
f 7324 7326 7177
f 7177 7326 7328
f 7177 7328 7330
f 7312 7314 7178
f 7178 7314 7316
f 7304 7306 7186
f 7186 7306 7308
f 7186 7308 7178
f 7178 7308 7310
f 7178 7310 7312
f 7330 7332 7177
f 7177 7332 7334
f 7177 7334 7180
f 7180 7334 7336
f 7180 7336 7338
f 7316 7318 7178
f 7178 7318 7320
f 7178 7320 7177
f 7177 7320 7322
f 7177 7322 7324
f 7183 7184 7185
f 7185 7184 7186
f 7373 7374 7375
f 7375 7374 7376
f 7375 7376 7377
f 7377 7376 7378
f 7374 7379 7376
f 7376 7379 7380
f 7376 7380 7378
f 7378 7380 7381
f 7378 7381 7377
f 7377 7381 7382
f 7377 7382 7375
f 7375 7382 7383
f 7375 7383 7373
f 7373 7383 7384
f 7373 7384 7374
f 7374 7384 7379
f 7385 7386 7387
f 7387 7386 7388
f 7387 7388 7389
f 7380 7379 7390
f 7390 7379 7391
f 7390 7391 7385
f 7385 7391 7392
f 7385 7392 7386
f 7393 7381 7380
f 7380 7390 7393
f 7393 7390 7385
f 7393 7385 7394
f 7394 7385 7387
f 7394 7387 7395
f 7395 7387 7389
f 7395 7389 7396
f 7397 7382 7381
f 7381 7393 7397
f 7397 7393 7394
f 7397 7394 7398
f 7398 7394 7395
f 7398 7395 7399
f 7399 7395 7396
f 7399 7396 7400
f 7383 7382 7401
f 7401 7382 7397
f 7401 7397 7402
f 7397 7398 7402
f 7402 7398 7399
f 7402 7399 7403
f 7403 7399 7400
f 7403 7400 7404
f 7405 7384 7383
f 7383 7401 7405
f 7405 7401 7402
f 7405 7402 7406
f 7406 7402 7403
f 7406 7403 7407
f 7407 7403 7404
f 7407 7404 7408
f 7391 7379 7384
f 7384 7405 7391
f 7391 7405 7406
f 7391 7406 7392
f 7392 7406 7407
f 7392 7407 7386
f 7386 7407 7408
f 7386 7408 7388
f 7409 7410 7404
f 7404 7410 7411
f 7404 7411 7412
f 7413 7414 7400
f 7415 7416 7389
f 7412 7417 7404
f 7404 7417 7418
f 7404 7418 7408
f 7418 7419 7408
f 7408 7419 7420
f 7408 7420 7421
f 7415 7389 7422
f 7414 7423 7400
f 7400 7423 7424
f 7400 7424 7404
f 7404 7424 7425
f 7404 7425 7409
f 7426 7427 7396
f 7396 7427 7428
f 7396 7428 7429
f 7430 7400 7431
f 7431 7400 7396
f 7431 7396 7432
f 7432 7396 7429
f 7430 7433 7400
f 7400 7433 7434
f 7400 7434 7435
f 7435 7436 7400
f 7400 7436 7437
f 7400 7437 7413
f 7416 7438 7389
f 7389 7438 7439
f 7389 7439 7440
f 7441 7388 7442
f 7442 7388 7443
f 7444 7445 7388
f 7388 7445 7446
f 7388 7446 7443
f 7440 7447 7389
f 7389 7447 7448
f 7389 7448 7396
f 7396 7448 7449
f 7396 7449 7426
f 7421 7450 7408
f 7408 7450 7451
f 7408 7451 7452
f 7452 7453 7408
f 7408 7453 7454
f 7408 7454 7388
f 7388 7454 7455
f 7388 7455 7444
f 7441 7456 7388
f 7388 7456 7457
f 7388 7457 7389
f 7389 7457 7458
f 7389 7458 7422
f 7430 7431 7459
f 7459 7431 7432
f 7459 7432 7460
f 7460 7432 7429
f 7460 7429 7461
f 7461 7429 7428
f 7461 7428 7462
f 7462 7428 7427
f 7462 7427 7463
f 7463 7427 7426
f 7463 7426 7464
f 7464 7426 7449
f 7464 7449 7465
f 7465 7449 7448
f 7465 7448 7466
f 7466 7448 7447
f 7466 7447 7467
f 7467 7447 7440
f 7467 7440 7468
f 7468 7440 7439
f 7468 7439 7469
f 7469 7439 7438
f 7469 7438 7470
f 7470 7438 7416
f 7470 7416 7471
f 7471 7416 7415
f 7471 7415 7472
f 7472 7415 7422
f 7472 7422 7473
f 7473 7422 7458
f 7473 7458 7474
f 7474 7458 7457
f 7474 7457 7475
f 7475 7457 7456
f 7475 7456 7476
f 7476 7456 7441
f 7476 7441 7477
f 7477 7441 7442
f 7477 7442 7478
f 7478 7442 7443
f 7478 7443 7479
f 7479 7443 7446
f 7479 7446 7480
f 7480 7446 7445
f 7480 7445 7481
f 7481 7445 7444
f 7481 7444 7482
f 7482 7444 7455
f 7482 7455 7483
f 7483 7455 7454
f 7483 7454 7484
f 7484 7454 7453
f 7484 7453 7485
f 7485 7453 7452
f 7485 7452 7486
f 7486 7452 7451
f 7486 7451 7487
f 7487 7451 7450
f 7487 7450 7488
f 7488 7450 7421
f 7488 7421 7489
f 7489 7421 7420
f 7489 7420 7490
f 7490 7420 7419
f 7490 7419 7491
f 7491 7419 7418
f 7491 7418 7492
f 7492 7418 7417
f 7492 7417 7493
f 7493 7417 7412
f 7493 7412 7494
f 7494 7412 7411
f 7494 7411 7495
f 7495 7411 7410
f 7495 7410 7496
f 7496 7410 7409
f 7496 7409 7497
f 7497 7409 7425
f 7497 7425 7498
f 7498 7425 7424
f 7498 7424 7499
f 7499 7424 7423
f 7499 7423 7500
f 7500 7423 7414
f 7500 7414 7501
f 7501 7414 7413
f 7501 7413 7502
f 7502 7413 7437
f 7502 7437 7503
f 7503 7437 7436
f 7503 7436 7504
f 7504 7436 7435
f 7504 7435 7505
f 7505 7435 7434
f 7505 7434 7506
f 7506 7434 7433
f 7506 7433 7507
f 7507 7433 7430
f 7507 7430 7459
f 7508 7509 7510
f 7510 7509 7511
f 7510 7511 7512
f 7512 7511 7513
f 7512 7513 7514
f 7514 7513 7515
f 7516 7517 7515
f 7515 7517 7518
f 7515 7518 7514
f 7519 7520 7516
f 7516 7520 7521
f 7516 7521 7517
f 7522 7523 7524
f 7524 7523 7525
f 7524 7525 7526
f 7526 7525 7527
f 7526 7527 7519
f 7519 7527 7528
f 7519 7528 7520
f 7522 7524 7529
f 7529 7524 7530
f 7529 7530 7531
f 7531 7530 7532
f 7531 7532 7533
f 7533 7532 7534
f 7533 7534 7535
f 7535 7534 7536
f 7536 7534 7537
f 7536 7537 7538
f 7538 7537 7539
f 7539 7537 7540
f 7539 7540 7541
f 7541 7540 7542
f 7542 7540 7543
f 7542 7543 7544
f 7544 7543 7545
f 7544 7545 7546
f 7547 7548 7549
f 7549 7548 7550
f 7549 7550 7551
f 7551 7550 7552
f 7551 7552 7545
f 7545 7552 7553
f 7545 7553 7546
f 7554 7555 7547
f 7547 7555 7556
f 7547 7556 7548
f 7557 7558 7554
f 7554 7558 7559
f 7554 7559 7555
f 7560 7561 7562
f 7562 7561 7563
f 7562 7563 7564
f 7564 7563 7565
f 7564 7565 7557
f 7557 7565 7566
f 7557 7566 7558
f 7560 7562 7567
f 7567 7562 7568
f 7567 7568 7569
f 7569 7568 7570
f 7569 7570 7571
f 7571 7570 7572
f 7571 7572 7573
f 7573 7572 7574
f 7574 7572 7575
f 7574 7575 7576
f 7576 7575 7577
f 7577 7575 7578
f 7577 7578 7579
f 7579 7578 7580
f 7580 7578 7581
f 7580 7581 7582
f 7582 7581 7583
f 7582 7583 7584
f 7585 7586 7587
f 7587 7586 7588
f 7587 7588 7589
f 7589 7588 7590
f 7589 7590 7583
f 7583 7590 7591
f 7583 7591 7584
f 7592 7593 7585
f 7585 7593 7594
f 7585 7594 7586
f 7595 7596 7592
f 7592 7596 7597
f 7592 7597 7593
f 7598 7599 7600
f 7600 7599 7601
f 7600 7601 7602
f 7602 7601 7603
f 7602 7603 7595
f 7595 7603 7604
f 7595 7604 7596
f 7598 7600 7605
f 7605 7600 7606
f 7605 7606 7607
f 7607 7606 7608
f 7607 7608 7609
f 7609 7608 7610
f 7609 7610 7611
f 7611 7610 7612
f 7612 7610 7613
f 7612 7613 7614
f 7614 7613 7615
f 7615 7613 7616
f 7615 7616 7617
f 7617 7616 7618
f 7618 7616 7619
f 7618 7619 7620
f 7620 7619 7621
f 7620 7621 7622
f 7623 7624 7625
f 7625 7624 7626
f 7625 7626 7627
f 7627 7626 7628
f 7627 7628 7621
f 7621 7628 7629
f 7621 7629 7622
f 7630 7631 7623
f 7623 7631 7632
f 7623 7632 7624
f 7633 7634 7630
f 7630 7634 7635
f 7630 7635 7631
f 7508 7636 7509
f 7509 7636 7637
f 7509 7637 7638
f 7638 7637 7639
f 7638 7639 7633
f 7633 7639 7640
f 7633 7640 7634
f 7483 7641 7482
f 7482 7641 7642
f 7482 7642 7481
f 7481 7642 7643
f 7481 7643 7480
f 7480 7643 7644
f 7480 7644 7479
f 7479 7644 7645
f 7479 7645 7478
f 7478 7645 7646
f 7478 7646 7477
f 7477 7646 7647
f 7477 7647 7476
f 7476 7647 7648
f 7476 7648 7475
f 7475 7648 7649
f 7475 7649 7474
f 7474 7649 7650
f 7474 7650 7473
f 7473 7650 7651
f 7473 7651 7472
f 7472 7651 7652
f 7472 7652 7471
f 7471 7652 7653
f 7471 7653 7470
f 7470 7653 7654
f 7470 7654 7469
f 7469 7654 7655
f 7469 7655 7468
f 7468 7655 7656
f 7468 7656 7467
f 7467 7656 7657
f 7467 7657 7466
f 7466 7657 7658
f 7466 7658 7465
f 7465 7658 7659
f 7465 7659 7464
f 7464 7659 7660
f 7464 7660 7463
f 7463 7660 7661
f 7463 7661 7462
f 7462 7661 7662
f 7462 7662 7461
f 7461 7662 7663
f 7461 7663 7460
f 7460 7663 7664
f 7460 7664 7459
f 7459 7664 7665
f 7459 7665 7507
f 7507 7665 7666
f 7507 7666 7506
f 7506 7666 7667
f 7506 7667 7505
f 7505 7667 7668
f 7505 7668 7504
f 7504 7668 7669
f 7504 7669 7503
f 7503 7669 7670
f 7503 7670 7502
f 7502 7670 7671
f 7502 7671 7501
f 7501 7671 7672
f 7501 7672 7500
f 7500 7672 7673
f 7500 7673 7499
f 7499 7673 7674
f 7499 7674 7498
f 7498 7674 7675
f 7498 7675 7497
f 7497 7675 7676
f 7497 7676 7496
f 7496 7676 7677
f 7496 7677 7495
f 7495 7677 7678
f 7495 7678 7494
f 7494 7678 7679
f 7494 7679 7493
f 7493 7679 7680
f 7493 7680 7492
f 7492 7680 7681
f 7492 7681 7491
f 7491 7681 7682
f 7491 7682 7490
f 7490 7682 7683
f 7490 7683 7489
f 7489 7683 7684
f 7489 7684 7488
f 7488 7684 7685
f 7488 7685 7487
f 7487 7685 7686
f 7487 7686 7486
f 7486 7686 7687
f 7486 7687 7485
f 7485 7687 7688
f 7485 7688 7484
f 7484 7688 7689
f 7484 7689 7483
f 7483 7689 7641
f 7641 7608 7642
f 7642 7608 7606
f 7642 7606 7643
f 7643 7606 7600
f 7643 7600 7644
f 7644 7600 7602
f 7644 7602 7645
f 7645 7602 7595
f 7645 7595 7646
f 7646 7595 7592
f 7646 7592 7647
f 7647 7592 7585
f 7647 7585 7648
f 7648 7585 7587
f 7648 7587 7649
f 7649 7587 7589
f 7649 7589 7650
f 7650 7589 7583
f 7650 7583 7651
f 7651 7583 7581
f 7651 7581 7652
f 7652 7581 7578
f 7652 7578 7653
f 7653 7578 7575
f 7653 7575 7654
f 7654 7575 7572
f 7654 7572 7655
f 7655 7572 7570
f 7655 7570 7656
f 7656 7570 7568
f 7656 7568 7657
f 7657 7568 7562
f 7657 7562 7658
f 7658 7562 7564
f 7658 7564 7659
f 7659 7564 7557
f 7659 7557 7660
f 7660 7557 7554
f 7660 7554 7661
f 7661 7554 7547
f 7661 7547 7662
f 7662 7547 7549
f 7662 7549 7663
f 7663 7549 7551
f 7663 7551 7664
f 7664 7551 7545
f 7664 7545 7665
f 7665 7545 7543
f 7665 7543 7666
f 7666 7543 7540
f 7666 7540 7667
f 7667 7540 7537
f 7667 7537 7668
f 7668 7537 7534
f 7668 7534 7669
f 7669 7534 7532
f 7669 7532 7670
f 7670 7532 7530
f 7670 7530 7671
f 7671 7530 7524
f 7671 7524 7672
f 7672 7524 7526
f 7672 7526 7673
f 7673 7526 7519
f 7673 7519 7674
f 7674 7519 7516
f 7674 7516 7675
f 7675 7516 7515
f 7675 7515 7676
f 7676 7515 7513
f 7676 7513 7677
f 7677 7513 7511
f 7677 7511 7678
f 7678 7511 7509
f 7678 7509 7679
f 7679 7509 7638
f 7679 7638 7680
f 7680 7638 7633
f 7680 7633 7681
f 7681 7633 7630
f 7681 7630 7682
f 7682 7630 7623
f 7682 7623 7683
f 7683 7623 7625
f 7683 7625 7684
f 7684 7625 7627
f 7684 7627 7685
f 7685 7627 7621
f 7685 7621 7686
f 7686 7621 7619
f 7686 7619 7687
f 7687 7619 7616
f 7687 7616 7688
f 7688 7616 7613
f 7688 7613 7689
f 7689 7613 7610
f 7689 7610 7641
f 7641 7610 7608
f 7512 7690 7510
f 7510 7690 7691
f 7512 7514 7690
f 7690 7514 7518
f 7690 7518 7692
f 7518 7517 7692
f 7692 7517 7521
f 7692 7521 7693
f 7527 7694 7528
f 7528 7694 7693
f 7528 7693 7520
f 7520 7693 7521
f 7527 7525 7694
f 7694 7525 7523
f 7694 7523 7695
f 7531 7696 7529
f 7529 7696 7695
f 7529 7695 7522
f 7522 7695 7523
f 7531 7533 7696
f 7696 7533 7535
f 7696 7535 7697
f 7535 7536 7697
f 7697 7536 7538
f 7697 7538 7698
f 7542 7699 7541
f 7541 7699 7698
f 7541 7698 7539
f 7539 7698 7538
f 7542 7544 7699
f 7699 7544 7546
f 7699 7546 7700
f 7550 7701 7552
f 7552 7701 7700
f 7552 7700 7553
f 7553 7700 7546
f 7550 7548 7701
f 7701 7548 7556
f 7701 7556 7702
f 7556 7555 7702
f 7702 7555 7559
f 7702 7559 7703
f 7565 7704 7566
f 7566 7704 7703
f 7566 7703 7558
f 7558 7703 7559
f 7565 7563 7704
f 7704 7563 7561
f 7704 7561 7705
f 7569 7706 7567
f 7567 7706 7705
f 7567 7705 7560
f 7560 7705 7561
f 7569 7571 7706
f 7706 7571 7573
f 7706 7573 7707
f 7573 7574 7707
f 7707 7574 7576
f 7707 7576 7708
f 7580 7709 7579
f 7579 7709 7708
f 7579 7708 7577
f 7577 7708 7576
f 7580 7582 7709
f 7709 7582 7584
f 7709 7584 7710
f 7588 7711 7590
f 7590 7711 7710
f 7590 7710 7591
f 7591 7710 7584
f 7588 7586 7711
f 7711 7586 7594
f 7711 7594 7712
f 7594 7593 7712
f 7712 7593 7597
f 7712 7597 7713
f 7603 7714 7604
f 7604 7714 7713
f 7604 7713 7596
f 7596 7713 7597
f 7603 7601 7714
f 7714 7601 7599
f 7714 7599 7715
f 7607 7716 7605
f 7605 7716 7715
f 7605 7715 7598
f 7598 7715 7599
f 7607 7609 7716
f 7716 7609 7611
f 7716 7611 7717
f 7611 7612 7717
f 7717 7612 7614
f 7717 7614 7718
f 7618 7719 7617
f 7617 7719 7718
f 7617 7718 7615
f 7615 7718 7614
f 7618 7620 7719
f 7719 7620 7622
f 7719 7622 7720
f 7626 7721 7628
f 7628 7721 7720
f 7628 7720 7629
f 7629 7720 7622
f 7626 7624 7721
f 7721 7624 7632
f 7721 7632 7722
f 7632 7631 7722
f 7722 7631 7635
f 7722 7635 7723
f 7639 7724 7640
f 7640 7724 7723
f 7640 7723 7634
f 7634 7723 7635
f 7639 7637 7724
f 7724 7637 7636
f 7724 7636 7691
f 7691 7636 7508
f 7691 7508 7510
f 7725 7726 7727
f 7725 7727 7728
f 7729 7730 7727
f 7727 7730 7731
f 7727 7731 7728
f 7732 7733 7727
f 7727 7733 7734
f 7727 7734 7729
f 7735 7736 7727
f 7727 7736 7737
f 7727 7737 7732
f 7738 7739 7727
f 7727 7739 7740
f 7727 7740 7735
f 7741 7742 7727
f 7727 7742 7743
f 7727 7743 7738
f 7744 7745 7727
f 7727 7745 7746
f 7727 7746 7741
f 7747 7748 7727
f 7727 7748 7749
f 7727 7749 7744
f 7726 7750 7727
f 7727 7750 7751
f 7727 7751 7747
f 7752 7704 7753
f 7753 7704 7705
f 7753 7705 7754
f 7755 7700 7756
f 7756 7700 7701
f 7756 7701 7757
f 7757 7701 7702
f 7757 7702 7752
f 7752 7702 7703
f 7752 7703 7704
f 7758 7719 7759
f 7759 7719 7720
f 7759 7720 7760
f 7760 7720 7721
f 7760 7721 7761
f 7762 7696 7763
f 7763 7696 7697
f 7763 7697 7764
f 7764 7697 7698
f 7764 7698 7755
f 7755 7698 7699
f 7755 7699 7700
f 7765 7692 7766
f 7766 7692 7693
f 7766 7693 7767
f 7767 7693 7694
f 7767 7694 7762
f 7762 7694 7695
f 7762 7695 7696
f 7721 7722 7761
f 7761 7722 7723
f 7761 7723 7768
f 7768 7723 7724
f 7768 7724 7769
f 7769 7724 7691
f 7769 7691 7765
f 7765 7691 7690
f 7765 7690 7692
f 7770 7715 7771
f 7771 7715 7716
f 7771 7716 7772
f 7772 7716 7717
f 7772 7717 7758
f 7758 7717 7718
f 7758 7718 7719
f 7773 7711 7774
f 7774 7711 7712
f 7774 7712 7775
f 7775 7712 7713
f 7775 7713 7770
f 7770 7713 7714
f 7770 7714 7715
f 7705 7706 7754
f 7754 7706 7707
f 7754 7707 7776
f 7776 7707 7708
f 7776 7708 7777
f 7777 7708 7709
f 7777 7709 7773
f 7773 7709 7710
f 7773 7710 7711
f 7769 7728 7768
f 7768 7728 7731
f 7768 7731 7761
f 7761 7731 7730
f 7761 7730 7760
f 7760 7730 7729
f 7760 7729 7759
f 7759 7729 7734
f 7759 7734 7758
f 7758 7734 7733
f 7758 7733 7772
f 7772 7733 7732
f 7772 7732 7771
f 7771 7732 7737
f 7771 7737 7770
f 7770 7737 7736
f 7770 7736 7775
f 7775 7736 7735
f 7775 7735 7774
f 7774 7735 7740
f 7774 7740 7773
f 7773 7740 7739
f 7773 7739 7777
f 7777 7739 7738
f 7777 7738 7776
f 7776 7738 7743
f 7776 7743 7754
f 7754 7743 7742
f 7754 7742 7753
f 7753 7742 7741
f 7753 7741 7752
f 7752 7741 7746
f 7752 7746 7757
f 7757 7746 7745
f 7757 7745 7756
f 7756 7745 7744
f 7756 7744 7755
f 7755 7744 7749
f 7755 7749 7764
f 7764 7749 7748
f 7764 7748 7763
f 7763 7748 7747
f 7763 7747 7762
f 7762 7747 7751
f 7762 7751 7767
f 7767 7751 7750
f 7767 7750 7766
f 7766 7750 7726
f 7766 7726 7765
f 7765 7726 7725
f 7765 7725 7769
f 7769 7725 7728

