# https://github.com/mikedh/trimesh

o g2_right_link.STL
v 0.01080000 0.02156699 0.02197000
v 0.01080000 0.02243301 0.02197000
v 0.01180000 0.02156699 0.02197000
v 0.01180000 0.02243301 0.02197000
v 0.01080000 0.02113397 0.02122000
v 0.01180000 0.02113397 0.02122000
v 0.01080000 0.02156699 0.02047000
v 0.01180000 0.02156699 0.02047000
v 0.01080000 0.02243301 0.02047000
v 0.01180000 0.02243301 0.02047000
v 0.01080000 0.02286603 0.02122000
v 0.01180000 0.02286603 0.02122000
v 0.00480000 0.02143525 0.02172033
v 0.00480000 0.02256475 0.02071967
v 0.00480000 0.02242861 0.02059906
v 0.00480000 0.02157140 0.02184094
v 0.00480000 0.02173245 0.02192547
v 0.00480000 0.02190905 0.02196900
v 0.00480000 0.02226755 0.02051453
v 0.00480000 0.02209095 0.02047100
v 0.00480000 0.02190905 0.02047100
v 0.00480000 0.02209095 0.02196900
v 0.00480000 0.02226755 0.02192547
v 0.00480000 0.02242861 0.02184094
v 0.00480000 0.02173245 0.02051453
v 0.00480000 0.02157140 0.02059906
v 0.00480000 0.02143525 0.02071967
v 0.00480000 0.02256475 0.02172033
v 0.00480000 0.02266808 0.02157063
v 0.00480000 0.02273258 0.02140056
v 0.00480000 0.02126743 0.02103944
v 0.00480000 0.02124550 0.02122000
v 0.00480000 0.02126743 0.02140056
v 0.00480000 0.02133192 0.02086937
v 0.00480000 0.02133192 0.02157063
v 0.00480000 0.02275450 0.02122000
v 0.00480000 0.02273258 0.02103944
v 0.00480000 0.02266808 0.02086937
v 0.00504550 0.02300000 0.02122000
v 0.00504550 0.02297094 0.02098068
v 0.00504550 0.02288546 0.02075528
v 0.00504550 0.02274851 0.02055688
v 0.00504550 0.02256806 0.02039702
v 0.00504550 0.02235460 0.02028498
v 0.00504550 0.02212054 0.02022729
v 0.00504550 0.02187946 0.02022729
v 0.00504550 0.02164540 0.02028498
v 0.00504550 0.02143194 0.02039702
v 0.00504550 0.02125149 0.02055688
v 0.00504550 0.02111454 0.02075528
v 0.00504550 0.02102906 0.02098068
v 0.00504550 0.02100000 0.02122000
v 0.00504550 0.02102906 0.02145931
v 0.00504550 0.02111454 0.02168472
v 0.00504550 0.02125149 0.02188312
v 0.00504550 0.02143194 0.02204298
v 0.00504550 0.02164540 0.02215502
v 0.00504550 0.02187946 0.02221271
v 0.00504550 0.02212054 0.02221271
v 0.00504550 0.02235460 0.02215502
v 0.00504550 0.02256806 0.02204298
v 0.00504550 0.02274851 0.02188312
v 0.00504550 0.02288546 0.02168472
v 0.00504550 0.02297094 0.02145931
v 0.00980000 0.02100000 0.02122000
v 0.00980000 0.02102906 0.02145931
v 0.00980000 0.02111454 0.02168472
v 0.00980000 0.02125149 0.02188312
v 0.00980000 0.02143194 0.02204298
v 0.00980000 0.02164540 0.02215502
v 0.00980000 0.02187946 0.02221271
v 0.00980000 0.02212054 0.02221271
v 0.00980000 0.02235460 0.02215502
v 0.00980000 0.02256806 0.02204298
v 0.00980000 0.02274851 0.02188312
v 0.00980000 0.02288546 0.02168472
v 0.00980000 0.02297094 0.02145931
v 0.00980000 0.02300000 0.02122000
v 0.00980000 0.02297094 0.02098068
v 0.00980000 0.02288546 0.02075528
v 0.00980000 0.02274851 0.02055688
v 0.00980000 0.02256806 0.02039702
v 0.00980000 0.02235460 0.02028498
v 0.00980000 0.02212054 0.02022729
v 0.00980000 0.02187946 0.02022729
v 0.00980000 0.02164540 0.02028498
v 0.00980000 0.02143194 0.02039702
v 0.00980000 0.02125149 0.02055688
v 0.00980000 0.02111454 0.02075528
v 0.00980000 0.02102906 0.02098068
v 0.00980000 0.02021458 0.02057016
v 0.00980000 0.02012886 0.02089007
v 0.00980000 0.02010000 0.02122000
v 0.00980000 0.02200000 0.01932000
v 0.00980000 0.02167007 0.01934887
v 0.00980000 0.02135016 0.01943458
v 0.00980000 0.02105000 0.01957455
v 0.00980000 0.02077870 0.01976452
v 0.00980000 0.02054452 0.01999870
v 0.00980000 0.02035455 0.02027000
v 0.00980000 0.02322130 0.01976452
v 0.00980000 0.02295000 0.01957455
v 0.00980000 0.02264984 0.01943458
v 0.00980000 0.02232993 0.01934887
v 0.00980000 0.02378542 0.02186984
v 0.00980000 0.02387113 0.02154993
v 0.00980000 0.02390000 0.02122000
v 0.00980000 0.02077870 0.02267548
v 0.00980000 0.02105000 0.02286545
v 0.00980000 0.02135016 0.02300542
v 0.00980000 0.02387113 0.02089007
v 0.00980000 0.02378542 0.02057016
v 0.00980000 0.02364545 0.02027000
v 0.00980000 0.02345548 0.01999870
v 0.00980000 0.02012886 0.02154993
v 0.00980000 0.02021458 0.02186984
v 0.00980000 0.02035455 0.02217000
v 0.00980000 0.02054452 0.02244130
v 0.00980000 0.02322130 0.02267548
v 0.00980000 0.02345548 0.02244130
v 0.00980000 0.02364545 0.02217000
v 0.00980000 0.02167007 0.02309114
v 0.00980000 0.02200000 0.02312000
v 0.00980000 0.02232993 0.02309114
v 0.00980000 0.02264984 0.02300542
v 0.00980000 0.02295000 0.02286545
v 0.01180000 0.02370000 0.02122000
v 0.01160000 0.02390000 0.02122000
v 0.01160000 0.02387113 0.02154993
v 0.01180000 0.02367417 0.02151520
v 0.01160000 0.02378542 0.02186984
v 0.01180000 0.02359748 0.02180143
v 0.01160000 0.02364545 0.02217000
v 0.01180000 0.02347224 0.02207000
v 0.01160000 0.02345548 0.02244130
v 0.01180000 0.02330228 0.02231274
v 0.01160000 0.02322130 0.02267548
v 0.01180000 0.02309274 0.02252228
v 0.01160000 0.02295000 0.02286545
v 0.01180000 0.02285000 0.02269224
v 0.01160000 0.02264984 0.02300542
v 0.01180000 0.02258143 0.02281748
v 0.01160000 0.02232993 0.02309114
v 0.01180000 0.02229520 0.02289417
v 0.01160000 0.02200000 0.02312000
v 0.01180000 0.02200000 0.02292000
v 0.01160000 0.02167007 0.02309114
v 0.01180000 0.02170480 0.02289417
v 0.01160000 0.02135016 0.02300542
v 0.01180000 0.02141857 0.02281748
v 0.01160000 0.02105000 0.02286545
v 0.01180000 0.02115000 0.02269224
v 0.01160000 0.02077870 0.02267548
v 0.01180000 0.02090726 0.02252228
v 0.01160000 0.02054452 0.02244130
v 0.01180000 0.02069772 0.02231274
v 0.01160000 0.02035455 0.02217000
v 0.01180000 0.02052776 0.02207000
v 0.01160000 0.02021458 0.02186984
v 0.01180000 0.02040252 0.02180143
v 0.01160000 0.02012886 0.02154993
v 0.01180000 0.02032583 0.02151520
v 0.01160000 0.02010000 0.02122000
v 0.01180000 0.02030000 0.02122000
v 0.01160000 0.02387113 0.02089007
v 0.01160000 0.02378542 0.02057016
v 0.01160000 0.02364545 0.02027000
v 0.01160000 0.02345548 0.01999870
v 0.01160000 0.02322130 0.01976452
v 0.01160000 0.02295000 0.01957455
v 0.01160000 0.02264984 0.01943458
v 0.01160000 0.02232993 0.01934887
v 0.01160000 0.02200000 0.01932000
v 0.01160000 0.02167007 0.01934887
v 0.01160000 0.02135016 0.01943458
v 0.01160000 0.02105000 0.01957455
v 0.01160000 0.02077870 0.01976452
v 0.01160000 0.02054452 0.01999870
v 0.01160000 0.02035455 0.02027000
v 0.01160000 0.02021458 0.02057016
v 0.01160000 0.02012886 0.02089007
v 0.01180000 0.02032583 0.02092480
v 0.01180000 0.02040252 0.02063857
v 0.01180000 0.02052776 0.02037000
v 0.01180000 0.02069772 0.02012726
v 0.01180000 0.02090726 0.01991772
v 0.01180000 0.02115000 0.01974776
v 0.01180000 0.02141857 0.01962252
v 0.01180000 0.02170480 0.01954583
v 0.01180000 0.02200000 0.01952000
v 0.01180000 0.02229520 0.01954583
v 0.01180000 0.02258143 0.01962252
v 0.01180000 0.02285000 0.01974776
v 0.01180000 0.02309274 0.01991772
v 0.01180000 0.02330228 0.02012726
v 0.01180000 0.02347224 0.02037000
v 0.01180000 0.02359748 0.02063857
v 0.01180000 0.02367417 0.02092480
v 0.01500000 0.00522169 0.02247000
v 0.01500000 0.00377831 0.02247000
v 0.01500000 0.00594338 0.02122000
v 0.01500000 0.00305662 0.02122000
v 0.01500000 0.00522169 0.01997000
v 0.01500000 0.00377831 0.01997000
v 0.01590000 0.00377831 0.02247000
v 0.01590000 0.00305662 0.02122000
v 0.01590000 0.00377831 0.01997000
v 0.01590000 0.00522169 0.01997000
v 0.01590000 0.00594338 0.02122000
v 0.01590000 0.00522169 0.02247000
v 0.01595000 0.00304115 0.02122000
v 0.01598660 0.00374944 0.02252000
v 0.01598660 0.00299889 0.02122000
v 0.01600000 0.00372058 0.02257000
v 0.01600000 0.00294115 0.02122000
v 0.01592588 0.00305269 0.02122000
v 0.01592588 0.00377634 0.02247341
v 0.01595000 0.00377058 0.02248340
v 0.01592588 0.00377634 0.01996659
v 0.01595000 0.00377058 0.01995660
v 0.01598660 0.00374944 0.01992000
v 0.01600000 0.00372058 0.01987000
v 0.01592588 0.00522366 0.01996659
v 0.01595000 0.00522942 0.01995660
v 0.01598660 0.00525056 0.01992000
v 0.01600000 0.00527942 0.01987000
v 0.01592588 0.00594731 0.02122000
v 0.01595000 0.00595885 0.02122000
v 0.01598660 0.00600111 0.02122000
v 0.01600000 0.00605885 0.02122000
v 0.01592588 0.00522366 0.02247341
v 0.01595000 0.00522942 0.02248340
v 0.01598660 0.00525056 0.02252000
v 0.01600000 0.00527942 0.02257000
v 0.01600000 0.00713231 0.02061919
v 0.01600000 0.00718752 0.02096074
v 0.01600000 0.00719861 0.02130654
v 0.01600000 0.00716539 0.02165092
v 0.01600000 0.00625022 0.01916410
v 0.01600000 0.00649875 0.01940479
v 0.01600000 0.00183461 0.02165092
v 0.01600000 0.00180139 0.02130654
v 0.01600000 0.00708840 0.02198822
v 0.01600000 0.00696891 0.02231291
v 0.01600000 0.00680889 0.02261966
v 0.01600000 0.00661094 0.02290342
v 0.01600000 0.00637834 0.02315954
v 0.01600000 0.00191160 0.02198822
v 0.01600000 0.00671447 0.01967528
v 0.01600000 0.00689382 0.01997115
v 0.01600000 0.00703386 0.02028751
v 0.01600000 0.00274978 0.01916410
v 0.01600000 0.00302706 0.01895716
v 0.01600000 0.00332851 0.01878738
v 0.01600000 0.00364921 0.01865755
v 0.01600000 0.00450000 0.01852000
v 0.01600000 0.00432701 0.01852555
v 0.01600000 0.00398387 0.01856979
v 0.01600000 0.00467299 0.01852555
v 0.01600000 0.00501613 0.01856979
v 0.01600000 0.00535079 0.01865755
v 0.01600000 0.00567149 0.01878738
v 0.01600000 0.00597294 0.01895716
v 0.01600000 0.00181248 0.02096074
v 0.01600000 0.00186769 0.02061919
v 0.01600000 0.00196614 0.02028751
v 0.01600000 0.00262166 0.02315954
v 0.01600000 0.00288510 0.02338382
v 0.01600000 0.00317506 0.02357256
v 0.01600000 0.00415473 0.02389783
v 0.01600000 0.00381513 0.02383170
v 0.01600000 0.00348678 0.02372267
v 0.01600000 0.00210618 0.01997115
v 0.01600000 0.00228553 0.01967528
v 0.01600000 0.00250125 0.01940479
v 0.01600000 0.00611490 0.02338382
v 0.01600000 0.00582494 0.02357256
v 0.01600000 0.00551322 0.02372267
v 0.01600000 0.00518487 0.02383170
v 0.01600000 0.00484527 0.02389783
v 0.01600000 0.00450000 0.02392000
v 0.01600000 0.00238905 0.02290342
v 0.01600000 0.00219111 0.02261966
v 0.01600000 0.00203109 0.02231291
v 0.01599382 0.00432479 0.01849101
v 0.01599382 0.00397726 0.01853582
v 0.01599382 0.00363830 0.01862470
v 0.01599382 0.00331350 0.01875620
v 0.01599382 0.00300817 0.01892816
v 0.01599382 0.00272735 0.01913774
v 0.01599382 0.00247563 0.01938152
v 0.01599382 0.00225715 0.01965548
v 0.01599382 0.00207550 0.01995514
v 0.01599382 0.00193365 0.02027556
v 0.01599382 0.00183395 0.02061149
v 0.01599382 0.00177802 0.02095741
v 0.01599382 0.00176679 0.02130765
v 0.01599382 0.00180044 0.02165644
v 0.01599382 0.00187842 0.02199807
v 0.01599382 0.00199944 0.02232693
v 0.01599382 0.00216152 0.02263760
v 0.01599382 0.00236199 0.02292500
v 0.01599382 0.00259758 0.02318441
v 0.01599382 0.00286440 0.02341156
v 0.01599382 0.00315808 0.02360272
v 0.01599382 0.00347379 0.02375476
v 0.01599382 0.00380635 0.02386518
v 0.01599382 0.00415031 0.02393216
v 0.01599382 0.00450000 0.02395461
v 0.01599382 0.00484969 0.02393216
v 0.01599382 0.00519365 0.02386518
v 0.01599382 0.00552621 0.02375476
v 0.01599382 0.00584192 0.02360272
v 0.01599382 0.00613560 0.02341156
v 0.01599382 0.00640242 0.02318441
v 0.01599382 0.00663801 0.02292500
v 0.01599382 0.00683848 0.02263760
v 0.01599382 0.00700056 0.02232693
v 0.01599382 0.00712158 0.02199807
v 0.01599382 0.00719956 0.02165644
v 0.01599382 0.00723321 0.02130765
v 0.01599382 0.00722198 0.02095741
v 0.01599382 0.00716605 0.02061149
v 0.01599382 0.00706635 0.02027556
v 0.01599382 0.00692450 0.01995514
v 0.01599382 0.00674285 0.01965548
v 0.01599382 0.00652437 0.01938152
v 0.01599382 0.00627265 0.01913774
v 0.01599382 0.00599183 0.01892816
v 0.01599382 0.00568650 0.01875620
v 0.01599382 0.00536170 0.01862470
v 0.01599382 0.00502274 0.01853582
v 0.01599382 0.00467521 0.01849101
v 0.01590000 0.00730000 0.02122000
v 0.01593461 0.00729238 0.02130955
v 0.01590000 0.00728706 0.02095114
v 0.01593461 0.00728091 0.02095173
v 0.01590000 0.00725500 0.02072004
v 0.01593461 0.00722377 0.02059832
v 0.01590000 0.00722980 0.02059694
v 0.01593461 0.00712191 0.02025511
v 0.01593461 0.00697700 0.01992775
v 0.01590000 0.00712146 0.02023615
v 0.01590000 0.00712771 0.02025298
v 0.01593461 0.00679141 0.01962161
v 0.01590000 0.00690366 0.01978388
v 0.01590000 0.00698248 0.01992489
v 0.01590000 0.00624577 0.01903087
v 0.01590000 0.00631504 0.01908795
v 0.01593461 0.00631103 0.01909266
v 0.01590000 0.00657278 0.01933756
v 0.01593461 0.00656820 0.01934171
v 0.01590000 0.00660860 0.01937777
v 0.01590000 0.00679648 0.01961807
v 0.01590000 0.00602750 0.01887335
v 0.01593461 0.00602413 0.01887853
v 0.01590000 0.00582683 0.01875433
v 0.01593461 0.00571219 0.01870286
v 0.01590000 0.00571487 0.01869729
v 0.01593461 0.00538036 0.01856851
v 0.01590000 0.00538230 0.01856264
v 0.01590000 0.00536525 0.01855704
v 0.01593461 0.00503406 0.01847770
v 0.01590000 0.00503524 0.01847163
v 0.01590000 0.00487585 0.01844534
v 0.01593461 0.00467900 0.01843192
v 0.01590000 0.00467940 0.01842575
v 0.01590000 0.00437438 0.01842282
v 0.01593461 0.00432100 0.01843192
v 0.01590000 0.00432060 0.01842575
v 0.01593461 0.00396594 0.01847770
v 0.01590000 0.00396476 0.01847163
v 0.01593461 0.00297587 0.01887853
v 0.01590000 0.00328513 0.01869729
v 0.01593461 0.00328781 0.01870286
v 0.01590000 0.00339953 0.01864532
v 0.01593461 0.00361964 0.01856851
v 0.01590000 0.00361770 0.01856264
v 0.01590000 0.00387694 0.01849020
v 0.01593461 0.00268897 0.01909266
v 0.01590000 0.00295749 0.01888319
v 0.01590000 0.00297250 0.01887335
v 0.01593461 0.00243180 0.01934171
v 0.01590000 0.00256502 0.01919618
v 0.01590000 0.00268496 0.01908795
v 0.01590000 0.00197729 0.02000513
v 0.01590000 0.00201752 0.01992489
v 0.01593461 0.00202300 0.01992775
v 0.01590000 0.00220352 0.01961807
v 0.01593461 0.00220859 0.01962161
v 0.01590000 0.00223475 0.01957420
v 0.01590000 0.00242722 0.01933756
v 0.01590000 0.00187229 0.02025298
v 0.01593461 0.00187809 0.02025511
v 0.01590000 0.00180090 0.02047510
v 0.01593461 0.00177623 0.02059832
v 0.01590000 0.00177020 0.02059694
v 0.01593461 0.00171909 0.02095173
v 0.01590000 0.00171294 0.02095114
v 0.01590000 0.00171127 0.02096901
v 0.01593461 0.00170762 0.02130955
v 0.01590000 0.00170144 0.02130974
v 0.01590000 0.00171127 0.02147099
v 0.01593461 0.00174199 0.02166589
v 0.01590000 0.00173589 0.02166688
v 0.01590000 0.00180090 0.02196490
v 0.01593461 0.00182166 0.02201492
v 0.01590000 0.00181573 0.02201668
v 0.01593461 0.00194530 0.02235089
v 0.01590000 0.00193964 0.02235339
v 0.01593461 0.00255639 0.02322694
v 0.01590000 0.00231087 0.02296577
v 0.01593461 0.00231570 0.02296192
v 0.01590000 0.00223475 0.02286580
v 0.01593461 0.00211089 0.02266829
v 0.01590000 0.00210560 0.02267150
v 0.01590000 0.00197729 0.02243488
v 0.01593461 0.00282899 0.02345900
v 0.01590000 0.00256502 0.02324383
v 0.01590000 0.00255209 0.02323138
v 0.01593461 0.00312902 0.02365431
v 0.01590000 0.00295749 0.02355681
v 0.01590000 0.00282529 0.02346396
v 0.01590000 0.00387694 0.02394980
v 0.01590000 0.00378977 0.02392843
v 0.01593461 0.00379134 0.02392245
v 0.01590000 0.00344925 0.02381537
v 0.01593461 0.00345157 0.02380964
v 0.01590000 0.00339953 0.02379468
v 0.01590000 0.00312599 0.02365969
v 0.01590000 0.00414194 0.02399701
v 0.01593461 0.00414273 0.02399088
v 0.01590000 0.00437438 0.02401718
v 0.01593461 0.00450000 0.02401382
v 0.01590000 0.00450000 0.02402000
v 0.01593461 0.00485727 0.02399088
v 0.01590000 0.00485806 0.02399701
v 0.01590000 0.00487585 0.02399466
v 0.01593461 0.00520867 0.02392245
v 0.01590000 0.00521023 0.02392843
v 0.01590000 0.00536525 0.02388296
v 0.01593461 0.00554843 0.02380964
v 0.01590000 0.00555075 0.02381537
v 0.01590000 0.00582683 0.02368567
v 0.01593461 0.00587098 0.02365431
v 0.01590000 0.00587401 0.02365969
v 0.01593461 0.00617101 0.02345900
v 0.01590000 0.00617471 0.02346396
v 0.01593461 0.00688911 0.02266829
v 0.01590000 0.00668913 0.02296577
v 0.01593461 0.00668430 0.02296192
v 0.01590000 0.00660860 0.02306223
v 0.01593461 0.00644361 0.02322694
v 0.01590000 0.00644791 0.02323138
v 0.01590000 0.00624577 0.02340913
v 0.01593461 0.00705470 0.02235089
v 0.01590000 0.00690366 0.02265612
v 0.01590000 0.00689440 0.02267150
v 0.01593461 0.00717834 0.02201492
v 0.01590000 0.00712146 0.02220385
v 0.01590000 0.00706036 0.02235339
v 0.01590000 0.00729856 0.02130974
v 0.01590000 0.00726411 0.02166688
v 0.01593461 0.00725801 0.02166589
v 0.01590000 0.00725500 0.02171996
v 0.01590000 0.00718427 0.02201668
v 0.01597071 0.00450000 0.02399071
v 0.01597071 0.00414569 0.02396796
v 0.01597071 0.00379720 0.02390009
v 0.01597071 0.00346024 0.02378822
v 0.01597071 0.00314036 0.02363417
v 0.01597071 0.00284281 0.02344049
v 0.01597071 0.00257246 0.02321034
v 0.01597071 0.00233377 0.02294751
v 0.01597071 0.00213065 0.02265632
v 0.01597071 0.00196643 0.02234154
v 0.01597071 0.00184381 0.02200834
v 0.01597071 0.00176480 0.02166221
v 0.01597071 0.00173071 0.02130881
v 0.01597071 0.00174209 0.02095395
v 0.01597071 0.00179876 0.02060346
v 0.01597071 0.00189978 0.02026309
v 0.01597071 0.00204349 0.01993844
v 0.01597071 0.00222754 0.01963483
v 0.01597071 0.00244890 0.01935725
v 0.01597071 0.00270395 0.01911025
v 0.01597071 0.00298848 0.01889790
v 0.01597071 0.00329783 0.01872368
v 0.01597071 0.00362693 0.01859044
v 0.01597071 0.00397035 0.01850038
v 0.01597071 0.00432248 0.01845498
v 0.01597071 0.00467752 0.01845498
v 0.01597071 0.00502965 0.01850038
v 0.01597071 0.00537307 0.01859044
v 0.01597071 0.00570217 0.01872368
v 0.01597071 0.00601152 0.01889790
v 0.01597071 0.00629605 0.01911025
v 0.01597071 0.00655110 0.01935725
v 0.01597071 0.00677246 0.01963483
v 0.01597071 0.00695651 0.01993844
v 0.01597071 0.00710022 0.02026309
v 0.01597071 0.00720124 0.02060346
v 0.01597071 0.00725791 0.02095395
v 0.01597071 0.00726929 0.02130881
v 0.01597071 0.00723520 0.02166221
v 0.01597071 0.00715619 0.02200834
v 0.01597071 0.00703357 0.02234154
v 0.01597071 0.00686935 0.02265632
v 0.01597071 0.00666623 0.02294751
v 0.01597071 0.00642753 0.02321034
v 0.01597071 0.00615719 0.02344049
v 0.01597071 0.00585964 0.02363417
v 0.01597071 0.00553976 0.02378822
v 0.01597071 0.00520280 0.02390009
v 0.01597071 0.00485431 0.02396796
v 0.01350000 0.00725500 0.02072004
v 0.01350000 0.00730000 0.02122000
v 0.01350000 0.00712146 0.02023615
v 0.01350000 0.00690366 0.01978388
v 0.01350000 0.00660860 0.01937777
v 0.01350000 0.00624577 0.01903087
v 0.01350000 0.00582683 0.01875433
v 0.01350000 0.00536525 0.01855704
v 0.01350000 0.00487585 0.01844534
v 0.01350000 0.00437438 0.01842282
v 0.01350000 0.00387694 0.01849020
v 0.01350000 0.00339953 0.01864532
v 0.01350000 0.00295749 0.01888319
v 0.01350000 0.00256502 0.01919618
v 0.01350000 0.00223475 0.01957420
v 0.01350000 0.00197729 0.02000513
v 0.01350000 0.00180090 0.02047510
v 0.01350000 0.00171127 0.02096901
v 0.01350000 0.00171127 0.02147099
v 0.01350000 0.00180090 0.02196490
v 0.01350000 0.00197729 0.02243488
v 0.01350000 0.00223475 0.02286580
v 0.01350000 0.00256502 0.02324383
v 0.01350000 0.00295749 0.02355681
v 0.01350000 0.00339953 0.02379468
v 0.01350000 0.00387694 0.02394980
v 0.01350000 0.00437438 0.02401718
v 0.01350000 0.00487585 0.02399466
v 0.01350000 0.00536525 0.02388296
v 0.01350000 0.00582683 0.02368567
v 0.01350000 0.00624577 0.02340913
v 0.01350000 0.00660860 0.02306223
v 0.01350000 0.00690366 0.02265612
v 0.01350000 0.00712146 0.02220385
v 0.01350000 0.00725500 0.02171996
v 0.00750000 0.00600000 0.02122000
v 0.00750000 0.00595641 0.02086103
v 0.00750000 0.00450000 0.02122000
v 0.00750000 0.00595641 0.02157897
v 0.00750000 0.00535210 0.02245448
v 0.00750000 0.00562277 0.02221468
v 0.00750000 0.00582818 0.02191708
v 0.00750000 0.00431920 0.02270906
v 0.00750000 0.00468080 0.02270906
v 0.00750000 0.00503191 0.02262252
v 0.00750000 0.00337723 0.02221468
v 0.00750000 0.00364790 0.02245448
v 0.00750000 0.00396809 0.02262252
v 0.00750000 0.00300000 0.02122000
v 0.00750000 0.00304359 0.02157897
v 0.00750000 0.00317182 0.02191708
v 0.00750000 0.00337723 0.02022532
v 0.00750000 0.00317182 0.02052291
v 0.00750000 0.00304359 0.02086103
v 0.00750000 0.00431920 0.01973094
v 0.00750000 0.00396809 0.01981748
v 0.00750000 0.00364790 0.01998552
v 0.00750000 0.00535210 0.01998552
v 0.00750000 0.00503191 0.01981748
v 0.00750000 0.00468080 0.01973094
v 0.00750000 0.00582818 0.02052291
v 0.00750000 0.00562277 0.02022532
v 0.01350000 0.00337723 0.02022532
v 0.01350000 0.00317182 0.02052291
v 0.01350000 0.00304359 0.02086103
v 0.01350000 0.00431920 0.01973094
v 0.01350000 0.00396809 0.01981748
v 0.01350000 0.00364790 0.01998552
v 0.01350000 0.00503191 0.02262252
v 0.01350000 0.00535210 0.02245448
v 0.01350000 0.00562277 0.02221468
v 0.01350000 0.00582818 0.02191708
v 0.01350000 0.00535210 0.01998552
v 0.01350000 0.00503191 0.01981748
v 0.01350000 0.00468080 0.01973094
v 0.01350000 0.00595641 0.02086103
v 0.01350000 0.00582818 0.02052291
v 0.01350000 0.00562277 0.02022532
v 0.01350000 0.00595641 0.02157897
v 0.01350000 0.00600000 0.02122000
v 0.01350000 0.00396809 0.02262252
v 0.01350000 0.00431920 0.02270906
v 0.01350000 0.00468080 0.02270906
v 0.01350000 0.00317182 0.02191708
v 0.01350000 0.00337723 0.02221468
v 0.01350000 0.00364790 0.02245448
v 0.01350000 0.00300000 0.02122000
v 0.01350000 0.00304359 0.02157897
v -0.00500000 -0.00255000 0.01722000
v -0.00600000 -0.00255000 0.01722000
v -0.00600000 -0.00242519 0.01643201
v -0.00500000 -0.00242519 0.01643201
v -0.00600000 -0.00206299 0.01572115
v -0.00500000 -0.00206299 0.01572115
v -0.00600000 -0.00149885 0.01515701
v -0.00500000 -0.00149885 0.01515701
v -0.00600000 -0.00078799 0.01479481
v -0.00500000 -0.00078799 0.01479481
v -0.00600000 -0.00000000 0.01467000
v -0.00500000 -0.00000000 0.01467000
v -0.00600000 0.00078799 0.01479481
v -0.00500000 0.00078799 0.01479481
v -0.00600000 0.00149885 0.01515701
v -0.00500000 0.00149885 0.01515701
v -0.00600000 0.00206299 0.01572115
v -0.00500000 0.00206299 0.01572115
v -0.00600000 0.00242519 0.01643201
v -0.00500000 0.00242519 0.01643201
v -0.00600000 0.00255000 0.01722000
v -0.00500000 0.00255000 0.01722000
v -0.00600000 0.00242519 0.01800799
v -0.00500000 0.00242519 0.01800799
v -0.00600000 0.00206299 0.01871885
v -0.00500000 0.00206299 0.01871885
v -0.00600000 0.00149885 0.01928299
v -0.00500000 0.00149885 0.01928299
v -0.00600000 0.00078799 0.01964519
v -0.00500000 0.00078799 0.01964519
v -0.00600000 -0.00000000 0.01977000
v -0.00500000 -0.00000000 0.01977000
v -0.00600000 -0.00078799 0.01964519
v -0.00500000 -0.00078799 0.01964519
v -0.00600000 -0.00149885 0.01928299
v -0.00500000 -0.00149885 0.01928299
v -0.00600000 -0.00206299 0.01871885
v -0.00500000 -0.00206299 0.01871885
v -0.00600000 -0.00242519 0.01800799
v -0.00500000 -0.00242519 0.01800799
v -0.00600000 -0.00121866 0.01694185
v -0.00600000 -0.00121866 0.01749815
v -0.00600000 -0.00097729 0.01799936
v -0.00600000 0.00097729 0.01644064
v -0.00600000 0.00054235 0.01609379
v -0.00600000 -0.00000000 0.01597000
v -0.00600000 -0.00054235 0.01609379
v -0.00600000 -0.00097729 0.01644064
v -0.00600000 0.00121866 0.01749815
v -0.00600000 0.00121866 0.01694185
v -0.00600000 -0.00054235 0.01834621
v -0.00600000 -0.00000000 0.01847000
v -0.00600000 0.00054235 0.01834621
v -0.00600000 0.00097729 0.01799936
v 0.00200000 -0.00000000 0.01847000
v 0.00200000 0.00054235 0.01834621
v 0.00200000 0.00097729 0.01799936
v 0.00200000 0.00121866 0.01749815
v 0.00200000 0.00121866 0.01694185
v 0.00200000 0.00097729 0.01644064
v 0.00200000 0.00054235 0.01609379
v 0.00200000 -0.00000000 0.01597000
v 0.00200000 -0.00054235 0.01609379
v 0.00200000 -0.00097729 0.01644064
v 0.00200000 -0.00121866 0.01694185
v 0.00200000 -0.00121866 0.01749815
v 0.00200000 -0.00097729 0.01799936
v 0.00200000 -0.00054235 0.01834621
v 0.00200000 0.00196458 0.01495275
v 0.00200000 0.00252376 0.01559808
v 0.00200000 -0.00196458 0.01948725
v 0.00200000 -0.00252376 0.01884192
v 0.00200000 0.00287848 0.01637480
v 0.00200000 0.00300000 0.01722000
v 0.00200000 0.00287848 0.01806520
v 0.00200000 -0.00042694 0.01425054
v 0.00200000 0.00042694 0.01425054
v 0.00200000 0.00124624 0.01449110
v 0.00200000 0.00042694 0.02018946
v 0.00200000 -0.00042694 0.02018946
v 0.00200000 -0.00124624 0.01994890
v 0.00200000 -0.00196458 0.01495275
v 0.00200000 -0.00124624 0.01449110
v 0.00200000 -0.00287848 0.01806520
v 0.00200000 -0.00300000 0.01722000
v 0.00200000 -0.00287848 0.01637480
v 0.00200000 -0.00252376 0.01559808
v 0.00200000 0.00252376 0.01884192
v 0.00200000 0.00196458 0.01948725
v 0.00200000 0.00124624 0.01994890
v 0.01200000 0.00300000 0.01722000
v 0.01200000 0.00287848 0.01806520
v 0.01200000 0.00252376 0.01884192
v 0.01200000 0.00196458 0.01948725
v 0.01200000 0.00124624 0.01994890
v 0.01200000 0.00042694 0.02018946
v 0.01200000 -0.00042694 0.02018946
v 0.01200000 -0.00124624 0.01994890
v 0.01200000 -0.00196458 0.01948725
v 0.01200000 -0.00252376 0.01884192
v 0.01200000 -0.00287848 0.01806520
v 0.01200000 -0.00300000 0.01722000
v 0.01200000 -0.00287848 0.01637480
v 0.01200000 -0.00252376 0.01559808
v 0.01200000 -0.00196458 0.01495275
v 0.01200000 -0.00124624 0.01449110
v 0.01200000 -0.00042694 0.01425054
v 0.01200000 0.00042694 0.01425054
v 0.01200000 0.00124624 0.01449110
v 0.01200000 0.00196458 0.01495275
v 0.01200000 0.00252376 0.01559808
v 0.01200000 0.00287848 0.01637480
v 0.00374892 0.00450000 0.02122000
v 0.00450000 0.00450000 0.02247000
v 0.00450000 0.00395765 0.02234621
v 0.00450000 0.00328134 0.02149815
v 0.00450000 0.00328134 0.02094185
v 0.00450000 0.00352271 0.02199936
v 0.00450000 0.00395765 0.02009379
v 0.00450000 0.00450000 0.01997000
v 0.00450000 0.00352271 0.02044064
v 0.00450000 0.00504235 0.02009379
v 0.00450000 0.00571866 0.02094185
v 0.00450000 0.00571866 0.02149815
v 0.00450000 0.00547729 0.02044064
v 0.00450000 0.00504235 0.02234621
v 0.00450000 0.00547729 0.02199936
v 0.01200000 0.00450000 0.01997000
v 0.01200000 0.00504235 0.02009379
v 0.01200000 0.00547729 0.02044064
v 0.01200000 0.00571866 0.02094185
v 0.01200000 0.00571866 0.02149815
v 0.01200000 0.00547729 0.02199936
v 0.01200000 0.00504235 0.02234621
v 0.01200000 0.00450000 0.02247000
v 0.01200000 0.00395765 0.02234621
v 0.01200000 0.00352271 0.02199936
v 0.01200000 0.00328134 0.02149815
v 0.01200000 0.00328134 0.02094185
v 0.01200000 0.00352271 0.02044064
v 0.01200000 0.00395765 0.02009379
v 0.00374892 0.00450000 0.01322000
v 0.00450000 0.00450000 0.01447000
v 0.00450000 0.00395765 0.01434621
v 0.00450000 0.00328134 0.01349815
v 0.00450000 0.00328134 0.01294185
v 0.00450000 0.00352271 0.01399936
v 0.00450000 0.00395765 0.01209379
v 0.00450000 0.00450000 0.01197000
v 0.00450000 0.00352271 0.01244064
v 0.00450000 0.00504235 0.01209379
v 0.00450000 0.00571866 0.01294185
v 0.00450000 0.00571866 0.01349815
v 0.00450000 0.00547729 0.01244064
v 0.00450000 0.00504235 0.01434621
v 0.00450000 0.00547729 0.01399936
v 0.01200000 0.00450000 0.01197000
v 0.01200000 0.00504235 0.01209379
v 0.01200000 0.00547729 0.01244064
v 0.01200000 0.00571866 0.01294185
v 0.01200000 0.00571866 0.01349815
v 0.01200000 0.00547729 0.01399936
v 0.01200000 0.00504235 0.01434621
v 0.01200000 0.00450000 0.01447000
v 0.01200000 0.00395765 0.01434621
v 0.01200000 0.00352271 0.01399936
v 0.01200000 0.00328134 0.01349815
v 0.01200000 0.00328134 0.01294185
v 0.01200000 0.00352271 0.01244064
v 0.01200000 0.00395765 0.01209379
v 0.00374892 -0.00450000 0.02122000
v 0.00450000 -0.00450000 0.02247000
v 0.00450000 -0.00504235 0.02234621
v 0.00450000 -0.00571866 0.02149815
v 0.00450000 -0.00571866 0.02094185
v 0.00450000 -0.00547729 0.02199936
v 0.00450000 -0.00504235 0.02009379
v 0.00450000 -0.00450000 0.01997000
v 0.00450000 -0.00547729 0.02044064
v 0.00450000 -0.00395765 0.02009379
v 0.00450000 -0.00328134 0.02094185
v 0.00450000 -0.00328134 0.02149815
v 0.00450000 -0.00352271 0.02044064
v 0.00450000 -0.00395765 0.02234621
v 0.00450000 -0.00352271 0.02199936
v 0.01200000 -0.00450000 0.01997000
v 0.01200000 -0.00395765 0.02009379
v 0.01200000 -0.00352271 0.02044064
v 0.01200000 -0.00328134 0.02094185
v 0.01200000 -0.00328134 0.02149815
v 0.01200000 -0.00352271 0.02199936
v 0.01200000 -0.00395765 0.02234621
v 0.01200000 -0.00450000 0.02247000
v 0.01200000 -0.00504235 0.02234621
v 0.01200000 -0.00547729 0.02199936
v 0.01200000 -0.00571866 0.02149815
v 0.01200000 -0.00571866 0.02094185
v 0.01200000 -0.00547729 0.02044064
v 0.01200000 -0.00504235 0.02009379
v 0.00374892 -0.00450000 0.01322000
v 0.00450000 -0.00450000 0.01447000
v 0.00450000 -0.00504235 0.01434621
v 0.00450000 -0.00571866 0.01349815
v 0.00450000 -0.00571866 0.01294185
v 0.00450000 -0.00547729 0.01399936
v 0.00450000 -0.00504235 0.01209379
v 0.00450000 -0.00450000 0.01197000
v 0.00450000 -0.00547729 0.01244064
v 0.00450000 -0.00395765 0.01209379
v 0.00450000 -0.00328134 0.01294185
v 0.00450000 -0.00328134 0.01349815
v 0.00450000 -0.00352271 0.01244064
v 0.00450000 -0.00395765 0.01434621
v 0.00450000 -0.00352271 0.01399936
v 0.01200000 -0.00450000 0.01197000
v 0.01200000 -0.00395765 0.01209379
v 0.01200000 -0.00352271 0.01244064
v 0.01200000 -0.00328134 0.01294185
v 0.01200000 -0.00328134 0.01349815
v 0.01200000 -0.00352271 0.01399936
v 0.01200000 -0.00395765 0.01434621
v 0.01200000 -0.00450000 0.01447000
v 0.01200000 -0.00504235 0.01434621
v 0.01200000 -0.00547729 0.01399936
v 0.01200000 -0.00571866 0.01349815
v 0.01200000 -0.00571866 0.01294185
v 0.01200000 -0.00547729 0.01244064
v 0.01200000 -0.00504235 0.01209379
v 0.01200000 0.01500000 0.01597000
v 0.00700000 0.01500000 0.01597000
v 0.01200000 0.01445764 0.01609379
v 0.00700000 0.01445764 0.01609379
v 0.01200000 0.01402271 0.01644064
v 0.00700000 0.01402271 0.01644064
v 0.01200000 0.01378134 0.01694185
v 0.00700000 0.01378134 0.01694185
v 0.01200000 0.01378134 0.01749815
v 0.00700000 0.01378134 0.01749815
v 0.01200000 0.01402271 0.01799936
v 0.00700000 0.01402271 0.01799936
v 0.01200000 0.01445764 0.01834621
v 0.00700000 0.01445764 0.01834621
v 0.01200000 0.01500000 0.01847000
v 0.00700000 0.01500000 0.01847000
v 0.01200000 0.01554235 0.01834621
v 0.00700000 0.01554235 0.01834621
v 0.01200000 0.01597729 0.01799936
v 0.00700000 0.01597729 0.01799936
v 0.01200000 0.01621866 0.01749815
v 0.00700000 0.01621866 0.01749815
v 0.01200000 0.01621866 0.01694185
v 0.00700000 0.01621866 0.01694185
v 0.01200000 0.01597729 0.01644064
v 0.00700000 0.01597729 0.01644064
v 0.01200000 0.01554235 0.01609379
v 0.00700000 0.01554235 0.01609379
v 0.00980000 0.02200000 0.01112000
v 0.01200000 0.02200000 0.01112000
v 0.00980000 0.02271824 0.01124665
v 0.01200000 0.02271824 0.01124665
v 0.00980000 0.02334985 0.01161131
v 0.01200000 0.02334985 0.01161131
v 0.00980000 0.02381865 0.01217000
v 0.01200000 0.02381865 0.01217000
v 0.00980000 0.02406810 0.01285534
v 0.01200000 0.02406810 0.01285534
v 0.00980000 0.02406810 0.01358466
v 0.01200000 0.02406810 0.01358466
v 0.00980000 0.02381865 0.01427000
v 0.01200000 0.02381865 0.01427000
v 0.00980000 0.02334985 0.01482869
v 0.01200000 0.02334985 0.01482869
v 0.00980000 0.02271824 0.01519335
v 0.01200000 0.02271824 0.01519335
v 0.00980000 0.02200000 0.01532000
v 0.01200000 0.02200000 0.01532000
v 0.00980000 0.02128176 0.01519335
v 0.01200000 0.02128176 0.01519335
v 0.00980000 0.02065015 0.01482869
v 0.01200000 0.02065015 0.01482869
v 0.00980000 0.02018135 0.01427000
v 0.01200000 0.02018135 0.01427000
v 0.00980000 0.01993190 0.01358466
v 0.01200000 0.01993190 0.01358466
v 0.00980000 0.01993190 0.01285534
v 0.01200000 0.01993190 0.01285534
v 0.00980000 0.02018135 0.01217000
v 0.01200000 0.02018135 0.01217000
v 0.00980000 0.02065015 0.01161131
v 0.01200000 0.02065015 0.01161131
v 0.00980000 0.02128176 0.01124665
v 0.01200000 0.02128176 0.01124665
v 0.00980000 0.02247727 0.01222893
v 0.00980000 0.02286001 0.01253416
v 0.00980000 0.02307242 0.01297523
v 0.00980000 0.02307242 0.01346477
v 0.00980000 0.02286001 0.01390584
v 0.00980000 0.02113998 0.01253416
v 0.00980000 0.02152273 0.01222893
v 0.00980000 0.02200000 0.01212000
v 0.00980000 0.02152273 0.01421107
v 0.00980000 0.02113998 0.01390584
v 0.00980000 0.02092758 0.01346477
v 0.00980000 0.02092758 0.01297523
v 0.00980000 0.02247727 0.01421107
v 0.00980000 0.02200000 0.01432000
v 0.00700000 0.02200000 0.01212000
v 0.00700000 0.02247727 0.01222893
v 0.00700000 0.02286001 0.01253416
v 0.00700000 0.02307242 0.01297523
v 0.00700000 0.02307242 0.01346477
v 0.00700000 0.02286001 0.01390584
v 0.00700000 0.02247727 0.01421107
v 0.00700000 0.02200000 0.01432000
v 0.00700000 0.02152273 0.01421107
v 0.00700000 0.02113998 0.01390584
v 0.00700000 0.02092758 0.01346477
v 0.00700000 0.02092758 0.01297523
v 0.00700000 0.02113998 0.01253416
v 0.00700000 0.02152273 0.01222893
v 0.00980000 0.02200000 0.01912000
v 0.01200000 0.02200000 0.01912000
v 0.00980000 0.02271824 0.01924665
v 0.01200000 0.02271824 0.01924665
v 0.00980000 0.02334985 0.01961131
v 0.01200000 0.02334985 0.01961131
v 0.00980000 0.02381865 0.02017000
v 0.01200000 0.02381865 0.02017000
v 0.00980000 0.02406810 0.02085534
v 0.01200000 0.02406810 0.02085534
v 0.00980000 0.02406810 0.02158466
v 0.01200000 0.02406810 0.02158466
v 0.00980000 0.02381865 0.02227000
v 0.01200000 0.02381865 0.02227000
v 0.00980000 0.02334985 0.02282869
v 0.01200000 0.02334985 0.02282869
v 0.00980000 0.02271824 0.02319335
v 0.01200000 0.02271824 0.02319335
v 0.00980000 0.02200000 0.02332000
v 0.01200000 0.02200000 0.02332000
v 0.00980000 0.02128176 0.02319335
v 0.01200000 0.02128176 0.02319335
v 0.00980000 0.02065015 0.02282869
v 0.01200000 0.02065015 0.02282869
v 0.00980000 0.02018135 0.02227000
v 0.01200000 0.02018135 0.02227000
v 0.00980000 0.01993190 0.02158466
v 0.01200000 0.01993190 0.02158466
v 0.00980000 0.01993190 0.02085534
v 0.01200000 0.01993190 0.02085534
v 0.00980000 0.02018135 0.02017000
v 0.01200000 0.02018135 0.02017000
v 0.00980000 0.02065015 0.01961131
v 0.01200000 0.02065015 0.01961131
v 0.00980000 0.02128176 0.01924665
v 0.01200000 0.02128176 0.01924665
v 0.00980000 0.02247727 0.02022893
v 0.00980000 0.02286001 0.02053416
v 0.00980000 0.02307242 0.02097523
v 0.00980000 0.02307242 0.02146477
v 0.00980000 0.02286001 0.02190584
v 0.00980000 0.02113998 0.02053416
v 0.00980000 0.02152273 0.02022893
v 0.00980000 0.02200000 0.02012000
v 0.00980000 0.02152273 0.02221107
v 0.00980000 0.02113998 0.02190584
v 0.00980000 0.02092758 0.02146477
v 0.00980000 0.02092758 0.02097523
v 0.00980000 0.02247727 0.02221107
v 0.00980000 0.02200000 0.02232000
v 0.00700000 0.02200000 0.02012000
v 0.00700000 0.02247727 0.02022893
v 0.00700000 0.02286001 0.02053416
v 0.00700000 0.02307242 0.02097523
v 0.00700000 0.02307242 0.02146477
v 0.00700000 0.02286001 0.02190584
v 0.00700000 0.02247727 0.02221107
v 0.00700000 0.02200000 0.02232000
v 0.00700000 0.02152273 0.02221107
v 0.00700000 0.02113998 0.02190584
v 0.00700000 0.02092758 0.02146477
v 0.00700000 0.02092758 0.02097523
v 0.00700000 0.02113998 0.02053416
v 0.00700000 0.02152273 0.02022893
v 0.00980000 0.01000000 0.01112000
v 0.01200000 0.01000000 0.01112000
v 0.00980000 0.01071824 0.01124665
v 0.01200000 0.01071824 0.01124665
v 0.00980000 0.01134985 0.01161131
v 0.01200000 0.01134985 0.01161131
v 0.00980000 0.01181865 0.01217000
v 0.01200000 0.01181865 0.01217000
v 0.00980000 0.01206810 0.01285534
v 0.01200000 0.01206810 0.01285534
v 0.00980000 0.01206810 0.01358466
v 0.01200000 0.01206810 0.01358466
v 0.00980000 0.01181865 0.01427000
v 0.01200000 0.01181865 0.01427000
v 0.00980000 0.01134985 0.01482869
v 0.01200000 0.01134985 0.01482869
v 0.00980000 0.01071824 0.01519335
v 0.01200000 0.01071824 0.01519335
v 0.00980000 0.01000000 0.01532000
v 0.01200000 0.01000000 0.01532000
v 0.00980000 0.00928176 0.01519335
v 0.01200000 0.00928176 0.01519335
v 0.00980000 0.00865015 0.01482869
v 0.01200000 0.00865015 0.01482869
v 0.00980000 0.00818135 0.01427000
v 0.01200000 0.00818135 0.01427000
v 0.00980000 0.00793190 0.01358466
v 0.01200000 0.00793190 0.01358466
v 0.00980000 0.00793190 0.01285534
v 0.01200000 0.00793190 0.01285534
v 0.00980000 0.00818135 0.01217000
v 0.01200000 0.00818135 0.01217000
v 0.00980000 0.00865015 0.01161131
v 0.01200000 0.00865015 0.01161131
v 0.00980000 0.00928176 0.01124665
v 0.01200000 0.00928176 0.01124665
v 0.00980000 0.01047727 0.01222893
v 0.00980000 0.01086001 0.01253416
v 0.00980000 0.01107242 0.01297523
v 0.00980000 0.01107242 0.01346477
v 0.00980000 0.01086001 0.01390584
v 0.00980000 0.00913999 0.01253416
v 0.00980000 0.00952273 0.01222893
v 0.00980000 0.01000000 0.01212000
v 0.00980000 0.00952273 0.01421107
v 0.00980000 0.00913999 0.01390584
v 0.00980000 0.00892758 0.01346477
v 0.00980000 0.00892758 0.01297523
v 0.00980000 0.01047727 0.01421107
v 0.00980000 0.01000000 0.01432000
v 0.00700000 0.01000000 0.01212000
v 0.00700000 0.01047727 0.01222893
v 0.00700000 0.01086001 0.01253416
v 0.00700000 0.01107242 0.01297523
v 0.00700000 0.01107242 0.01346477
v 0.00700000 0.01086001 0.01390584
v 0.00700000 0.01047727 0.01421107
v 0.00700000 0.01000000 0.01432000
v 0.00700000 0.00952273 0.01421107
v 0.00700000 0.00913999 0.01390584
v 0.00700000 0.00892758 0.01346477
v 0.00700000 0.00892758 0.01297523
v 0.00700000 0.00913999 0.01253416
v 0.00700000 0.00952273 0.01222893
v 0.00980000 0.01000000 0.01912000
v 0.01200000 0.01000000 0.01912000
v 0.00980000 0.01071824 0.01924665
v 0.01200000 0.01071824 0.01924665
v 0.00980000 0.01134985 0.01961131
v 0.01200000 0.01134985 0.01961131
v 0.00980000 0.01181865 0.02017000
v 0.01200000 0.01181865 0.02017000
v 0.00980000 0.01206810 0.02085534
v 0.01200000 0.01206810 0.02085534
v 0.00980000 0.01206810 0.02158466
v 0.01200000 0.01206810 0.02158466
v 0.00980000 0.01181865 0.02227000
v 0.01200000 0.01181865 0.02227000
v 0.00980000 0.01134985 0.02282869
v 0.01200000 0.01134985 0.02282869
v 0.00980000 0.01071824 0.02319335
v 0.01200000 0.01071824 0.02319335
v 0.00980000 0.01000000 0.02332000
v 0.01200000 0.01000000 0.02332000
v 0.00980000 0.00928176 0.02319335
v 0.01200000 0.00928176 0.02319335
v 0.00980000 0.00865015 0.02282869
v 0.01200000 0.00865015 0.02282869
v 0.00980000 0.00818135 0.02227000
v 0.01200000 0.00818135 0.02227000
v 0.00980000 0.00793190 0.02158466
v 0.01200000 0.00793190 0.02158466
v 0.00980000 0.00793190 0.02085534
v 0.01200000 0.00793190 0.02085534
v 0.00980000 0.00818135 0.02017000
v 0.01200000 0.00818135 0.02017000
v 0.00980000 0.00865015 0.01961131
v 0.01200000 0.00865015 0.01961131
v 0.00980000 0.00928176 0.01924665
v 0.01200000 0.00928176 0.01924665
v 0.00980000 0.01086001 0.02190584
v 0.00980000 0.01047727 0.02221107
v 0.00980000 0.01000000 0.02232000
v 0.00980000 0.00952273 0.02221107
v 0.00980000 0.01047727 0.02022893
v 0.00980000 0.01086001 0.02053416
v 0.00980000 0.01107242 0.02097523
v 0.00980000 0.01107242 0.02146477
v 0.00980000 0.00913999 0.02053416
v 0.00980000 0.00952273 0.02022893
v 0.00980000 0.01000000 0.02012000
v 0.00980000 0.00913999 0.02190584
v 0.00980000 0.00892758 0.02146477
v 0.00980000 0.00892758 0.02097523
v 0.00700000 0.01000000 0.02012000
v 0.00700000 0.01047727 0.02022893
v 0.00700000 0.01086001 0.02053416
v 0.00700000 0.01107242 0.02097523
v 0.00700000 0.01107242 0.02146477
v 0.00700000 0.01086001 0.02190584
v 0.00700000 0.01047727 0.02221107
v 0.00700000 0.01000000 0.02232000
v 0.00700000 0.00952273 0.02221107
v 0.00700000 0.00913999 0.02190584
v 0.00700000 0.00892758 0.02146477
v 0.00700000 0.00892758 0.02097523
v 0.00700000 0.00913999 0.02053416
v 0.00700000 0.00952273 0.02022893
v 0.00700000 -0.01500000 0.01597000
v 0.01200000 -0.01500000 0.01597000
v 0.00700000 -0.01445764 0.01609379
v 0.01200000 -0.01445764 0.01609379
v 0.00700000 -0.01402271 0.01644064
v 0.01200000 -0.01402271 0.01644064
v 0.00700000 -0.01378134 0.01694185
v 0.01200000 -0.01378134 0.01694185
v 0.00700000 -0.01378134 0.01749815
v 0.01200000 -0.01378134 0.01749815
v 0.00700000 -0.01402271 0.01799936
v 0.01200000 -0.01402271 0.01799936
v 0.00700000 -0.01445764 0.01834621
v 0.01200000 -0.01445764 0.01834621
v 0.00700000 -0.01500000 0.01847000
v 0.01200000 -0.01500000 0.01847000
v 0.00700000 -0.01554235 0.01834621
v 0.01200000 -0.01554235 0.01834621
v 0.00700000 -0.01597729 0.01799936
v 0.01200000 -0.01597729 0.01799936
v 0.00700000 -0.01621866 0.01749815
v 0.01200000 -0.01621866 0.01749815
v 0.00700000 -0.01621866 0.01694185
v 0.01200000 -0.01621866 0.01694185
v 0.00700000 -0.01597729 0.01644064
v 0.01200000 -0.01597729 0.01644064
v 0.00700000 -0.01554235 0.01609379
v 0.01200000 -0.01554235 0.01609379
v 0.01200000 -0.02200000 0.01112000
v 0.00980000 -0.02200000 0.01112000
v 0.01200000 -0.02271824 0.01124665
v 0.00980000 -0.02271824 0.01124665
v 0.01200000 -0.02334985 0.01161131
v 0.00980000 -0.02334985 0.01161131
v 0.01200000 -0.02381865 0.01217000
v 0.00980000 -0.02381865 0.01217000
v 0.01200000 -0.02406810 0.01285534
v 0.00980000 -0.02406810 0.01285534
v 0.01200000 -0.02406810 0.01358466
v 0.00980000 -0.02406810 0.01358466
v 0.01200000 -0.02381865 0.01427000
v 0.00980000 -0.02381865 0.01427000
v 0.01200000 -0.02334985 0.01482869
v 0.00980000 -0.02334985 0.01482869
v 0.01200000 -0.02271824 0.01519335
v 0.00980000 -0.02271824 0.01519335
v 0.01200000 -0.02200000 0.01532000
v 0.00980000 -0.02200000 0.01532000
v 0.01200000 -0.02128176 0.01519335
v 0.00980000 -0.02128176 0.01519335
v 0.01200000 -0.02065015 0.01482869
v 0.00980000 -0.02065015 0.01482869
v 0.01200000 -0.02018135 0.01427000
v 0.00980000 -0.02018135 0.01427000
v 0.01200000 -0.01993190 0.01358466
v 0.00980000 -0.01993190 0.01358466
v 0.01200000 -0.01993190 0.01285534
v 0.00980000 -0.01993190 0.01285534
v 0.01200000 -0.02018135 0.01217000
v 0.00980000 -0.02018135 0.01217000
v 0.01200000 -0.02065015 0.01161131
v 0.00980000 -0.02065015 0.01161131
v 0.01200000 -0.02128176 0.01124665
v 0.00980000 -0.02128176 0.01124665
v 0.00980000 -0.02152273 0.01222893
v 0.00980000 -0.02113998 0.01253416
v 0.00980000 -0.02092758 0.01297523
v 0.00980000 -0.02092758 0.01346477
v 0.00980000 -0.02113998 0.01390584
v 0.00980000 -0.02152273 0.01421107
v 0.00980000 -0.02200000 0.01432000
v 0.00980000 -0.02247727 0.01421107
v 0.00980000 -0.02286001 0.01253416
v 0.00980000 -0.02247727 0.01222893
v 0.00980000 -0.02200000 0.01212000
v 0.00980000 -0.02286001 0.01390584
v 0.00980000 -0.02307242 0.01346477
v 0.00980000 -0.02307242 0.01297523
v 0.00700000 -0.02200000 0.01212000
v 0.00700000 -0.02247727 0.01222893
v 0.00700000 -0.02286001 0.01253416
v 0.00700000 -0.02307242 0.01297523
v 0.00700000 -0.02307242 0.01346477
v 0.00700000 -0.02286001 0.01390584
v 0.00700000 -0.02247727 0.01421107
v 0.00700000 -0.02200000 0.01432000
v 0.00700000 -0.02152273 0.01421107
v 0.00700000 -0.02113998 0.01390584
v 0.00700000 -0.02092758 0.01346477
v 0.00700000 -0.02092758 0.01297523
v 0.00700000 -0.02113998 0.01253416
v 0.00700000 -0.02152273 0.01222893
v 0.01200000 -0.02200000 0.01912000
v 0.00980000 -0.02200000 0.01912000
v 0.01200000 -0.02271824 0.01924665
v 0.00980000 -0.02271824 0.01924665
v 0.01200000 -0.02334985 0.01961131
v 0.00980000 -0.02334985 0.01961131
v 0.01200000 -0.02381865 0.02017000
v 0.00980000 -0.02381865 0.02017000
v 0.01200000 -0.02406810 0.02085534
v 0.00980000 -0.02406810 0.02085534
v 0.01200000 -0.02406810 0.02158466
v 0.00980000 -0.02406810 0.02158466
v 0.01200000 -0.02381865 0.02227000
v 0.00980000 -0.02381865 0.02227000
v 0.01200000 -0.02334985 0.02282869
v 0.00980000 -0.02334985 0.02282869
v 0.01200000 -0.02271824 0.02319335
v 0.00980000 -0.02271824 0.02319335
v 0.01200000 -0.02200000 0.02332000
v 0.00980000 -0.02200000 0.02332000
v 0.01200000 -0.02128176 0.02319335
v 0.00980000 -0.02128176 0.02319335
v 0.01200000 -0.02065015 0.02282869
v 0.00980000 -0.02065015 0.02282869
v 0.01200000 -0.02018135 0.02227000
v 0.00980000 -0.02018135 0.02227000
v 0.01200000 -0.01993190 0.02158466
v 0.00980000 -0.01993190 0.02158466
v 0.01200000 -0.01993190 0.02085534
v 0.00980000 -0.01993190 0.02085534
v 0.01200000 -0.02018135 0.02017000
v 0.00980000 -0.02018135 0.02017000
v 0.01200000 -0.02065015 0.01961131
v 0.00980000 -0.02065015 0.01961131
v 0.01200000 -0.02128176 0.01924665
v 0.00980000 -0.02128176 0.01924665
v 0.00980000 -0.02152273 0.02022893
v 0.00980000 -0.02113998 0.02053416
v 0.00980000 -0.02092758 0.02097523
v 0.00980000 -0.02092758 0.02146477
v 0.00980000 -0.02113998 0.02190584
v 0.00980000 -0.02152273 0.02221107
v 0.00980000 -0.02200000 0.02232000
v 0.00980000 -0.02247727 0.02221107
v 0.00980000 -0.02286001 0.02053416
v 0.00980000 -0.02247727 0.02022893
v 0.00980000 -0.02200000 0.02012000
v 0.00980000 -0.02286001 0.02190584
v 0.00980000 -0.02307242 0.02146477
v 0.00980000 -0.02307242 0.02097523
v 0.00700000 -0.02200000 0.02012000
v 0.00700000 -0.02247727 0.02022893
v 0.00700000 -0.02286001 0.02053416
v 0.00700000 -0.02307242 0.02097523
v 0.00700000 -0.02307242 0.02146477
v 0.00700000 -0.02286001 0.02190584
v 0.00700000 -0.02247727 0.02221107
v 0.00700000 -0.02200000 0.02232000
v 0.00700000 -0.02152273 0.02221107
v 0.00700000 -0.02113998 0.02190584
v 0.00700000 -0.02092758 0.02146477
v 0.00700000 -0.02092758 0.02097523
v 0.00700000 -0.02113998 0.02053416
v 0.00700000 -0.02152273 0.02022893
v 0.01200000 -0.01000000 0.01112000
v 0.00980000 -0.01000000 0.01112000
v 0.01200000 -0.01071824 0.01124665
v 0.00980000 -0.01071824 0.01124665
v 0.01200000 -0.01134985 0.01161131
v 0.00980000 -0.01134985 0.01161131
v 0.01200000 -0.01181865 0.01217000
v 0.00980000 -0.01181865 0.01217000
v 0.01200000 -0.01206810 0.01285534
v 0.00980000 -0.01206810 0.01285534
v 0.01200000 -0.01206810 0.01358466
v 0.00980000 -0.01206810 0.01358466
v 0.01200000 -0.01181865 0.01427000
v 0.00980000 -0.01181865 0.01427000
v 0.01200000 -0.01134985 0.01482869
v 0.00980000 -0.01134985 0.01482869
v 0.01200000 -0.01071824 0.01519335
v 0.00980000 -0.01071824 0.01519335
v 0.01200000 -0.01000000 0.01532000
v 0.00980000 -0.01000000 0.01532000
v 0.01200000 -0.00928176 0.01519335
v 0.00980000 -0.00928176 0.01519335
v 0.01200000 -0.00865015 0.01482869
v 0.00980000 -0.00865015 0.01482869
v 0.01200000 -0.00818135 0.01427000
v 0.00980000 -0.00818135 0.01427000
v 0.01200000 -0.00793190 0.01358466
v 0.00980000 -0.00793190 0.01358466
v 0.01200000 -0.00793190 0.01285534
v 0.00980000 -0.00793190 0.01285534
v 0.01200000 -0.00818135 0.01217000
v 0.00980000 -0.00818135 0.01217000
v 0.01200000 -0.00865015 0.01161131
v 0.00980000 -0.00865015 0.01161131
v 0.01200000 -0.00928176 0.01124665
v 0.00980000 -0.00928176 0.01124665
v 0.00980000 -0.00952273 0.01222893
v 0.00980000 -0.00913999 0.01253416
v 0.00980000 -0.00892758 0.01297523
v 0.00980000 -0.00892758 0.01346477
v 0.00980000 -0.00913999 0.01390584
v 0.00980000 -0.01086001 0.01253416
v 0.00980000 -0.01047727 0.01222893
v 0.00980000 -0.01000000 0.01212000
v 0.00980000 -0.01047727 0.01421107
v 0.00980000 -0.01086001 0.01390584
v 0.00980000 -0.01107242 0.01346477
v 0.00980000 -0.01107242 0.01297523
v 0.00980000 -0.00952273 0.01421107
v 0.00980000 -0.01000000 0.01432000
v 0.00700000 -0.01000000 0.01212000
v 0.00700000 -0.01047727 0.01222893
v 0.00700000 -0.01086001 0.01253416
v 0.00700000 -0.01107242 0.01297523
v 0.00700000 -0.01107242 0.01346477
v 0.00700000 -0.01086001 0.01390584
v 0.00700000 -0.01047727 0.01421107
v 0.00700000 -0.01000000 0.01432000
v 0.00700000 -0.00952273 0.01421107
v 0.00700000 -0.00913999 0.01390584
v 0.00700000 -0.00892758 0.01346477
v 0.00700000 -0.00892758 0.01297523
v 0.00700000 -0.00913999 0.01253416
v 0.00700000 -0.00952273 0.01222893
v 0.01200000 -0.01000000 0.01912000
v 0.00980000 -0.01000000 0.01912000
v 0.01200000 -0.01071824 0.01924665
v 0.00980000 -0.01071824 0.01924665
v 0.01200000 -0.01134985 0.01961131
v 0.00980000 -0.01134985 0.01961131
v 0.01200000 -0.01181865 0.02017000
v 0.00980000 -0.01181865 0.02017000
v 0.01200000 -0.01206810 0.02085534
v 0.00980000 -0.01206810 0.02085534
v 0.01200000 -0.01206810 0.02158466
v 0.00980000 -0.01206810 0.02158466
v 0.01200000 -0.01181865 0.02227000
v 0.00980000 -0.01181865 0.02227000
v 0.01200000 -0.01134985 0.02282869
v 0.00980000 -0.01134985 0.02282869
v 0.01200000 -0.01071824 0.02319335
v 0.00980000 -0.01071824 0.02319335
v 0.01200000 -0.01000000 0.02332000
v 0.00980000 -0.01000000 0.02332000
v 0.01200000 -0.00928176 0.02319335
v 0.00980000 -0.00928176 0.02319335
v 0.01200000 -0.00865015 0.02282869
v 0.00980000 -0.00865015 0.02282869
v 0.01200000 -0.00818135 0.02227000
v 0.00980000 -0.00818135 0.02227000
v 0.01200000 -0.00793190 0.02158466
v 0.00980000 -0.00793190 0.02158466
v 0.01200000 -0.00793190 0.02085534
v 0.00980000 -0.00793190 0.02085534
v 0.01200000 -0.00818135 0.02017000
v 0.00980000 -0.00818135 0.02017000
v 0.01200000 -0.00865015 0.01961131
v 0.00980000 -0.00865015 0.01961131
v 0.01200000 -0.00928176 0.01924665
v 0.00980000 -0.00928176 0.01924665
v 0.00980000 -0.00952273 0.02022893
v 0.00980000 -0.00913999 0.02053416
v 0.00980000 -0.00892758 0.02097523
v 0.00980000 -0.00892758 0.02146477
v 0.00980000 -0.00913999 0.02190584
v 0.00980000 -0.00952273 0.02221107
v 0.00980000 -0.01000000 0.02232000
v 0.00980000 -0.01047727 0.02221107
v 0.00980000 -0.01086001 0.02053416
v 0.00980000 -0.01047727 0.02022893
v 0.00980000 -0.01000000 0.02012000
v 0.00980000 -0.01086001 0.02190584
v 0.00980000 -0.01107242 0.02146477
v 0.00980000 -0.01107242 0.02097523
v 0.00700000 -0.01000000 0.02012000
v 0.00700000 -0.01047727 0.02022893
v 0.00700000 -0.01086001 0.02053416
v 0.00700000 -0.01107242 0.02097523
v 0.00700000 -0.01107242 0.02146477
v 0.00700000 -0.01086001 0.02190584
v 0.00700000 -0.01047727 0.02221107
v 0.00700000 -0.01000000 0.02232000
v 0.00700000 -0.00952273 0.02221107
v 0.00700000 -0.00913999 0.02190584
v 0.00700000 -0.00892758 0.02146477
v 0.00700000 -0.00892758 0.02097523
v 0.00700000 -0.00913999 0.02053416
v 0.00700000 -0.00952273 0.02022893
v 0.00200000 -0.00725000 0.01172000
v 0.00700000 -0.00725000 0.01172000
v 0.00200000 -0.00725000 0.02272000
v 0.00700000 -0.00725000 0.01929500
v 0.00700000 -0.00725000 0.02272000
v 0.00200000 -0.00625000 0.01072000
v 0.00700000 -0.00625000 0.01072000
v 0.00700000 -0.00663268 0.01079612
v 0.00200000 -0.00663268 0.01079612
v 0.00700000 -0.00695711 0.01101289
v 0.00200000 -0.00695711 0.01101289
v 0.00700000 -0.00717388 0.01133732
v 0.00200000 -0.00717388 0.01133732
v 0.01200000 -0.02450000 0.01322000
v 0.00700000 -0.02450000 0.01322000
v 0.00700000 -0.02437764 0.01244746
v 0.01200000 -0.02437764 0.01244746
v 0.00700000 -0.02402254 0.01175054
v 0.01200000 -0.02402254 0.01175054
v 0.00700000 -0.02346946 0.01119746
v 0.01200000 -0.02346946 0.01119746
v 0.00700000 -0.02277254 0.01084236
v 0.01200000 -0.02277254 0.01084236
v 0.00700000 -0.02200000 0.01072000
v 0.01200000 -0.02200000 0.01072000
v 0.01200000 -0.02200000 0.02372000
v 0.00700000 -0.02200000 0.02372000
v 0.00700000 -0.02277254 0.02359764
v 0.01200000 -0.02277254 0.02359764
v 0.00700000 -0.02346946 0.02324254
v 0.01200000 -0.02346946 0.02324254
v 0.00700000 -0.02402254 0.02268946
v 0.01200000 -0.02402254 0.02268946
v 0.00700000 -0.02437764 0.02199254
v 0.01200000 -0.02437764 0.02199254
v 0.00700000 -0.02450000 0.02122000
v 0.01200000 -0.02450000 0.02122000
v 0.01200000 -0.02450000 0.01879500
v 0.00700000 -0.02450000 0.01929500
v 0.00700000 -0.01242500 0.02372000
v 0.00700000 -0.01242500 0.01072000
v 0.00700000 -0.01242500 0.01929500
v 0.00700000 -0.00625000 0.02372000
v 0.00700000 -0.00663268 0.02364388
v 0.00700000 -0.00717388 0.02310268
v 0.00700000 -0.00695711 0.02342711
v 0.00200000 -0.00717388 0.02310268
v 0.00200000 -0.00695711 0.02342711
v 0.00200000 -0.00663268 0.02364388
v 0.00200000 -0.00625000 0.02372000
v 0.00200000 -0.00300000 0.01072000
v 0.00200000 -0.00338268 0.01079612
v 0.00200000 -0.00370711 0.01101289
v 0.00200000 -0.00300000 0.02372000
v 0.00200000 -0.00338268 0.02364388
v 0.00200000 -0.00370711 0.02342711
v 0.00200000 -0.00392388 0.02310268
v 0.00200000 -0.00400000 0.02272000
v 0.00200000 -0.00400000 0.01172000
v 0.00200000 -0.00392388 0.01133732
v 0.00200000 0.00400000 0.02272000
v -0.00500000 0.00400000 0.02272000
v -0.00500000 0.00392388 0.02310268
v 0.00200000 0.00392388 0.02310268
v -0.00500000 0.00370711 0.02342711
v 0.00200000 0.00370711 0.02342711
v -0.00500000 0.00338268 0.02364388
v 0.00200000 0.00338268 0.02364388
v -0.00500000 0.00300000 0.02372000
v 0.00200000 0.00300000 0.02372000
v -0.00500000 0.00400000 0.01172000
v 0.00200000 0.00400000 0.01172000
v 0.00200000 0.00392388 0.01133732
v -0.00500000 0.00392388 0.01133732
v 0.00200000 0.00370711 0.01101289
v -0.00500000 0.00370711 0.01101289
v 0.00200000 0.00338268 0.01079612
v -0.00500000 0.00338268 0.01079612
v 0.00200000 0.00300000 0.01072000
v -0.00500000 0.00300000 0.01072000
v 0.00200000 0.00625000 0.01072000
v 0.00200000 0.00625000 0.02372000
v 0.00200000 0.00663268 0.01079612
v 0.00200000 0.00695711 0.01101289
v 0.00200000 0.00717388 0.02310268
v 0.00200000 0.00725000 0.02272000
v 0.00200000 0.00725000 0.01172000
v 0.00200000 0.00717388 0.01133732
v 0.00200000 0.00695711 0.02342711
v 0.00200000 0.00663268 0.02364388
v 0.00700000 0.00625000 0.02372000
v 0.00700000 0.00663268 0.02364388
v 0.00700000 0.00695711 0.02342711
v 0.00700000 0.00717388 0.02310268
v 0.00700000 0.00725000 0.02272000
v 0.00700000 0.00725000 0.01172000
v 0.00700000 0.00725000 0.01929500
v 0.00700000 0.00717388 0.01133732
v 0.00700000 0.00695711 0.01101289
v 0.00700000 0.00663268 0.01079612
v 0.00700000 0.00625000 0.01072000
v 0.00700000 0.01857500 0.01072000
v 0.00700000 0.02200000 0.01072000
v 0.01200000 0.02200000 0.01072000
v 0.01200000 -0.00312500 0.01072000
v 0.01200000 -0.00682500 0.01072000
v 0.01200000 -0.01292500 0.01072000
v 0.01200000 -0.01807500 0.01072000
v -0.00500000 -0.00300000 0.01072000
v 0.01200000 0.01807500 0.01072000
v 0.01200000 0.01292500 0.01072000
v 0.01200000 0.00682500 0.01072000
v 0.01200000 0.00312500 0.01072000
v 0.00700000 0.02277254 0.01084236
v 0.01200000 0.02277254 0.01084236
v 0.00700000 0.02346946 0.01119746
v 0.01200000 0.02346946 0.01119746
v 0.00700000 0.02402254 0.01175054
v 0.01200000 0.02402254 0.01175054
v 0.00700000 0.02437764 0.01244746
v 0.01200000 0.02437764 0.01244746
v 0.00700000 0.02450000 0.01322000
v 0.01200000 0.02450000 0.01322000
v 0.01200000 0.02450000 0.01879500
v 0.00700000 0.02450000 0.01929500
v 0.01200000 0.02450000 0.02122000
v 0.00700000 0.02450000 0.02122000
v 0.00700000 0.01857500 0.01929500
v 0.00700000 0.01857500 0.02372000
v 0.00700000 0.02200000 0.02372000
v 0.00700000 0.02437764 0.02199254
v 0.00700000 0.02402254 0.02268946
v 0.00700000 0.02346946 0.02324254
v 0.00700000 0.02277254 0.02359764
v 0.01200000 0.02437764 0.02199254
v 0.01200000 0.02402254 0.02268946
v 0.01200000 0.02346946 0.02324254
v 0.01200000 0.02277254 0.02359764
v 0.01200000 0.02200000 0.02372000
v 0.01200000 0.00682500 0.02289500
v 0.01200000 -0.01807500 0.01154500
v 0.01200000 0.02430000 0.01879500
v 0.01200000 0.01807500 0.02289500
v 0.01200000 0.01807500 0.02372000
v 0.01200000 0.01807500 0.01879500
v 0.01200000 0.01807500 0.01154500
v 0.01200000 -0.01807500 0.01879500
v 0.01200000 -0.01807500 0.02289500
v 0.01200000 -0.01807500 0.02372000
v 0.01200000 0.00682500 0.02372000
v 0.01200000 0.01292500 0.02372000
v 0.01200000 0.01292500 0.02289500
v 0.01200000 0.01292500 0.01879500
v 0.01200000 0.00682500 0.01879500
v 0.01200000 0.00682500 0.01154500
v 0.01200000 0.01292500 0.01154500
v 0.01200000 -0.00682500 0.02289500
v 0.01200000 -0.00682500 0.01879500
v 0.01200000 -0.01292500 0.01879500
v 0.01200000 -0.01292500 0.02289500
v 0.01200000 -0.01292500 0.02372000
v 0.01200000 -0.00682500 0.02372000
v 0.01200000 -0.01292500 0.01154500
v 0.01200000 -0.00682500 0.01154500
v 0.01200000 0.00312500 0.01879500
v 0.01200000 0.00312500 0.01154500
v 0.01200000 -0.00312500 0.01154500
v 0.01200000 -0.00312500 0.01879500
v 0.01200000 -0.00312500 0.02289500
v 0.01200000 0.00312500 0.02289500
v 0.01200000 0.00312500 0.02372000
v 0.01200000 -0.00312500 0.02372000
v -0.00500000 -0.00300000 0.02372000
v -0.00500000 -0.00400000 0.02272000
v -0.00500000 -0.00392388 0.02310268
v -0.00500000 -0.00370711 0.02342711
v -0.00500000 -0.00338268 0.02364388
v -0.00500000 -0.00400000 0.01172000
v -0.00500000 -0.00392388 0.01133732
v -0.00500000 -0.00370711 0.01101289
v -0.00500000 -0.00338268 0.01079612
v 0.00200000 0.00075000 0.01592096
v 0.00200000 0.00051303 0.01581046
v 0.00200000 0.00045921 0.01605742
v 0.00200000 -0.00075000 0.01851904
v 0.00200000 -0.00051303 0.01862954
v 0.00200000 -0.00045921 0.01838258
v 0.00200000 -0.00147721 0.01695953
v 0.00200000 -0.00150000 0.01722000
v 0.00200000 -0.00124925 0.01717688
v 0.00200000 -0.00123959 0.01705905
v 0.00200000 -0.00121887 0.01694282
v 0.00200000 -0.00140954 0.01670697
v 0.00200000 -0.00118725 0.01682894
v 0.00200000 -0.00114504 0.01671862
v 0.00200000 -0.00129904 0.01647000
v 0.00200000 -0.00026047 0.01574279
v 0.00200000 -0.00051303 0.01581046
v 0.00200000 -0.00037803 0.01602856
v 0.00200000 -0.00026378 0.01599815
v 0.00200000 -0.00014697 0.01597861
v 0.00200000 -0.00000000 0.01572000
v 0.00200000 0.00026047 0.01574279
v 0.00200000 0.00023243 0.01599179
v 0.00200000 0.00034715 0.01601920
v 0.00200000 -0.00109259 0.01661276
v 0.00200000 -0.00103036 0.01651230
v 0.00200000 -0.00114907 0.01625582
v 0.00200000 -0.00095899 0.01641823
v 0.00200000 -0.00096418 0.01607093
v 0.00200000 0.00056710 0.01610604
v 0.00200000 0.00066958 0.01616447
v 0.00200000 0.00096418 0.01607093
v 0.00200000 0.00076628 0.01623242
v 0.00200000 0.00085603 0.01630913
v 0.00200000 0.00114907 0.01625582
v 0.00200000 -0.00056710 0.01833396
v 0.00200000 -0.00066958 0.01827553
v 0.00200000 -0.00096418 0.01836907
v 0.00200000 -0.00076628 0.01820758
v 0.00200000 -0.00085603 0.01813087
v 0.00200000 -0.00114907 0.01818418
v 0.00200000 -0.00093826 0.01804593
v 0.00200000 -0.00101201 0.01795370
v 0.00200000 -0.00129904 0.01797000
v 0.00200000 -0.00075000 0.01592096
v 0.00200000 -0.00059517 0.01612079
v 0.00200000 -0.00048870 0.01606949
v 0.00200000 -0.00003626 0.01597048
v 0.00200000 0.00011659 0.01597538
v 0.00200000 -0.00087896 0.01633123
v 0.00200000 -0.00079120 0.01625228
v 0.00200000 -0.00069623 0.01618185
v 0.00200000 0.00093826 0.01639407
v 0.00200000 0.00101201 0.01648630
v 0.00200000 0.00129904 0.01647000
v 0.00200000 0.00129904 0.01797000
v 0.00200000 0.00140954 0.01773303
v 0.00200000 0.00114504 0.01772138
v 0.00200000 0.00026047 0.01869721
v 0.00200000 0.00051303 0.01862954
v 0.00200000 0.00037803 0.01841144
v 0.00200000 0.00026378 0.01844185
v 0.00200000 0.00014697 0.01846139
v 0.00200000 -0.00000000 0.01872000
v 0.00200000 -0.00026047 0.01869721
v 0.00200000 -0.00023243 0.01844821
v 0.00200000 -0.00034715 0.01842080
v 0.00200000 -0.00147721 0.01748047
v 0.00200000 -0.00123509 0.01741246
v 0.00200000 -0.00124775 0.01729492
v 0.00200000 0.00147721 0.01748047
v 0.00200000 0.00121887 0.01749718
v 0.00200000 0.00118725 0.01761106
v 0.00200000 0.00109259 0.01782724
v 0.00200000 0.00103036 0.01792770
v 0.00200000 0.00114907 0.01818418
v 0.00200000 0.00095899 0.01802177
v 0.00200000 0.00096418 0.01836907
v 0.00200000 -0.00107677 0.01785487
v 0.00200000 -0.00113190 0.01775036
v 0.00200000 -0.00140954 0.01773303
v 0.00200000 -0.00117691 0.01764118
v 0.00200000 -0.00121142 0.01752813
v 0.00200000 0.00075000 0.01851904
v 0.00200000 0.00059517 0.01831921
v 0.00200000 0.00048870 0.01837051
v 0.00200000 0.00003626 0.01846952
v 0.00200000 -0.00011659 0.01846462
v 0.00200000 0.00150000 0.01722000
v 0.00200000 0.00147721 0.01695953
v 0.00200000 0.00123509 0.01702754
v 0.00200000 0.00124775 0.01714508
v 0.00200000 0.00124925 0.01726312
v 0.00200000 0.00123959 0.01738095
v 0.00200000 0.00087896 0.01810877
v 0.00200000 0.00079120 0.01818772
v 0.00200000 0.00069623 0.01825815
v 0.00200000 0.00107677 0.01658513
v 0.00200000 0.00113190 0.01668964
v 0.00200000 0.00140954 0.01670697
v 0.00200000 0.00117691 0.01679883
v 0.00200000 0.00121142 0.01691188
v -0.00600000 -0.00000000 0.01872000
v -0.00600000 0.00026047 0.01869721
v -0.00600000 0.00051303 0.01862954
v -0.00600000 0.00075000 0.01851904
v -0.00600000 0.00096418 0.01836907
v -0.00600000 0.00114907 0.01818418
v -0.00600000 0.00129904 0.01797000
v -0.00600000 0.00140954 0.01773303
v -0.00600000 0.00147721 0.01748047
v -0.00600000 0.00150000 0.01722000
v -0.00600000 0.00147721 0.01695953
v -0.00600000 0.00140954 0.01670697
v -0.00600000 0.00129904 0.01647000
v -0.00600000 0.00114907 0.01625582
v -0.00600000 0.00096418 0.01607093
v -0.00600000 0.00075000 0.01592096
v -0.00600000 0.00051303 0.01581046
v -0.00600000 0.00026047 0.01574279
v -0.00600000 -0.00000000 0.01572000
v -0.00600000 -0.00026047 0.01574279
v -0.00600000 -0.00051303 0.01581046
v -0.00600000 -0.00075000 0.01592096
v -0.00600000 -0.00096418 0.01607093
v -0.00600000 -0.00114907 0.01625582
v -0.00600000 -0.00129904 0.01647000
v -0.00600000 -0.00140954 0.01670697
v -0.00600000 -0.00147721 0.01695953
v -0.00600000 -0.00150000 0.01722000
v -0.00600000 -0.00147721 0.01748047
v -0.00600000 -0.00140954 0.01773303
v -0.00600000 -0.00129904 0.01797000
v -0.00600000 -0.00114907 0.01818418
v -0.00600000 -0.00096418 0.01836907
v -0.00600000 -0.00075000 0.01851904
v -0.00600000 -0.00051303 0.01862954
v -0.00600000 -0.00026047 0.01869721
v 0.00600000 -0.00450000 0.01472000
v 0.00600000 -0.00476047 0.01469721
v 0.00600000 -0.00464839 0.01446132
v 0.00600000 -0.00450000 0.01172000
v 0.00600000 -0.00423953 0.01174279
v 0.00600000 -0.00435161 0.01197868
v 0.00600000 -0.00375000 0.01451904
v 0.00600000 -0.00398697 0.01462954
v 0.00600000 -0.00404286 0.01438334
v 0.00600000 -0.00309046 0.01270697
v 0.00600000 -0.00302279 0.01295953
v 0.00600000 -0.00328074 0.01294453
v 0.00600000 -0.00525000 0.01192096
v 0.00600000 -0.00501303 0.01181046
v 0.00600000 -0.00495714 0.01205666
v 0.00600000 -0.00453090 0.01446970
v 0.00600000 -0.00450000 0.01447000
v 0.00600000 -0.00423953 0.01469721
v 0.00600000 -0.00335093 0.01418418
v 0.00600000 -0.00353582 0.01436907
v 0.00600000 -0.00364524 0.01413208
v 0.00600000 -0.00300000 0.01322000
v 0.00600000 -0.00325069 0.01317853
v 0.00600000 -0.00326018 0.01306094
v 0.00600000 -0.00446910 0.01197030
v 0.00600000 -0.00450000 0.01197000
v 0.00600000 -0.00476047 0.01174279
v 0.00600000 -0.00438423 0.01446479
v 0.00600000 -0.00426915 0.01444859
v 0.00600000 -0.00415487 0.01442139
v 0.00600000 -0.00393463 0.01433480
v 0.00600000 -0.00383167 0.01427634
v 0.00600000 -0.00373517 0.01420869
v 0.00600000 -0.00331222 0.01283057
v 0.00600000 -0.00335423 0.01272033
v 0.00600000 -0.00320096 0.01247000
v 0.00600000 -0.00340656 0.01261428
v 0.00600000 -0.00346864 0.01251376
v 0.00600000 -0.00335093 0.01225582
v 0.00600000 -0.00353984 0.01241965
v 0.00600000 -0.00353582 0.01207093
v 0.00600000 -0.00398697 0.01181046
v 0.00600000 -0.00412026 0.01202912
v 0.00600000 -0.00423482 0.01199839
v 0.00600000 -0.00461577 0.01197521
v 0.00600000 -0.00473085 0.01199141
v 0.00600000 -0.00484513 0.01201861
v 0.00600000 -0.00564907 0.01225582
v 0.00600000 -0.00546418 0.01207093
v 0.00600000 -0.00535476 0.01230792
v 0.00600000 -0.00356293 0.01404726
v 0.00600000 -0.00348909 0.01395521
v 0.00600000 -0.00320096 0.01397000
v 0.00600000 -0.00342411 0.01385637
v 0.00600000 -0.00336885 0.01375196
v 0.00600000 -0.00309046 0.01373303
v 0.00600000 -0.00332372 0.01364290
v 0.00600000 -0.00302279 0.01348047
v 0.00600000 -0.00328901 0.01352983
v 0.00600000 -0.00326520 0.01341422
v 0.00600000 -0.00325237 0.01329679
v 0.00600000 -0.00361979 0.01233246
v 0.00600000 -0.00370748 0.01225336
v 0.00600000 -0.00375000 0.01192096
v 0.00600000 -0.00380224 0.01218287
v 0.00600000 -0.00390333 0.01212161
v 0.00600000 -0.00400943 0.01207035
v 0.00600000 -0.00506537 0.01210520
v 0.00600000 -0.00516833 0.01216367
v 0.00600000 -0.00526483 0.01223131
v 0.00600000 -0.00543707 0.01239274
v 0.00600000 -0.00551091 0.01248479
v 0.00600000 -0.00579904 0.01247000
v 0.00600000 -0.00590954 0.01373303
v 0.00600000 -0.00597721 0.01348047
v 0.00600000 -0.00571926 0.01349547
v 0.00600000 -0.00557589 0.01258363
v 0.00600000 -0.00563115 0.01268804
v 0.00600000 -0.00590954 0.01270697
v 0.00600000 -0.00567628 0.01279710
v 0.00600000 -0.00597721 0.01295953
v 0.00600000 -0.00579904 0.01397000
v 0.00600000 -0.00553136 0.01392624
v 0.00600000 -0.00564907 0.01418418
v 0.00600000 -0.00546016 0.01402035
v 0.00600000 -0.00546418 0.01436907
v 0.00600000 -0.00501303 0.01462954
v 0.00600000 -0.00487974 0.01441088
v 0.00600000 -0.00476518 0.01444161
v 0.00600000 -0.00600000 0.01322000
v 0.00600000 -0.00574931 0.01326147
v 0.00600000 -0.00573982 0.01337906
v 0.00600000 -0.00568778 0.01360943
v 0.00600000 -0.00564577 0.01371967
v 0.00600000 -0.00559344 0.01382572
v 0.00600000 -0.00538021 0.01410754
v 0.00600000 -0.00529252 0.01418664
v 0.00600000 -0.00525000 0.01451904
v 0.00600000 -0.00519776 0.01425713
v 0.00600000 -0.00509667 0.01431839
v 0.00600000 -0.00499057 0.01436965
v 0.00600000 -0.00571099 0.01291017
v 0.00600000 -0.00573480 0.01302578
v 0.00600000 -0.00574763 0.01314321
v 0.01200000 -0.00450000 0.01172000
v 0.01200000 -0.00423953 0.01174279
v 0.01200000 -0.00398697 0.01181046
v 0.01200000 -0.00375000 0.01192096
v 0.01200000 -0.00353582 0.01207093
v 0.01200000 -0.00335093 0.01225582
v 0.01200000 -0.00320096 0.01247000
v 0.01200000 -0.00309046 0.01270697
v 0.01200000 -0.00302279 0.01295953
v 0.01200000 -0.00300000 0.01322000
v 0.01200000 -0.00302279 0.01348047
v 0.01200000 -0.00309046 0.01373303
v 0.01200000 -0.00320096 0.01397000
v 0.01200000 -0.00335093 0.01418418
v 0.01200000 -0.00353582 0.01436907
v 0.01200000 -0.00375000 0.01451904
v 0.01200000 -0.00398697 0.01462954
v 0.01200000 -0.00423953 0.01469721
v 0.01200000 -0.00450000 0.01472000
v 0.01200000 -0.00476047 0.01469721
v 0.01200000 -0.00501303 0.01462954
v 0.01200000 -0.00525000 0.01451904
v 0.01200000 -0.00546418 0.01436907
v 0.01200000 -0.00564907 0.01418418
v 0.01200000 -0.00579904 0.01397000
v 0.01200000 -0.00590954 0.01373303
v 0.01200000 -0.00597721 0.01348047
v 0.01200000 -0.00600000 0.01322000
v 0.01200000 -0.00597721 0.01295953
v 0.01200000 -0.00590954 0.01270697
v 0.01200000 -0.00579904 0.01247000
v 0.01200000 -0.00564907 0.01225582
v 0.01200000 -0.00546418 0.01207093
v 0.01200000 -0.00525000 0.01192096
v 0.01200000 -0.00501303 0.01181046
v 0.01200000 -0.00476047 0.01174279
v 0.00600000 -0.00450000 0.02272000
v 0.00600000 -0.00476047 0.02269721
v 0.00600000 -0.00464839 0.02246132
v 0.00600000 -0.00450000 0.01972000
v 0.00600000 -0.00423953 0.01974279
v 0.00600000 -0.00435161 0.01997868
v 0.00600000 -0.00375000 0.02251904
v 0.00600000 -0.00398697 0.02262954
v 0.00600000 -0.00404286 0.02238334
v 0.00600000 -0.00309046 0.02070697
v 0.00600000 -0.00302279 0.02095953
v 0.00600000 -0.00328074 0.02094453
v 0.00600000 -0.00525000 0.01992096
v 0.00600000 -0.00501303 0.01981046
v 0.00600000 -0.00495714 0.02005666
v 0.00600000 -0.00453090 0.02246970
v 0.00600000 -0.00450000 0.02247000
v 0.00600000 -0.00423953 0.02269721
v 0.00600000 -0.00335093 0.02218418
v 0.00600000 -0.00353582 0.02236907
v 0.00600000 -0.00364524 0.02213208
v 0.00600000 -0.00300000 0.02122000
v 0.00600000 -0.00325069 0.02117853
v 0.00600000 -0.00326018 0.02106094
v 0.00600000 -0.00446910 0.01997030
v 0.00600000 -0.00450000 0.01997000
v 0.00600000 -0.00476047 0.01974279
v 0.00600000 -0.00438423 0.02246479
v 0.00600000 -0.00426915 0.02244859
v 0.00600000 -0.00415487 0.02242139
v 0.00600000 -0.00393463 0.02233480
v 0.00600000 -0.00383167 0.02227633
v 0.00600000 -0.00373517 0.02220869
v 0.00600000 -0.00331222 0.02083057
v 0.00600000 -0.00335423 0.02072033
v 0.00600000 -0.00320096 0.02047000
v 0.00600000 -0.00340656 0.02061429
v 0.00600000 -0.00346864 0.02051376
v 0.00600000 -0.00335093 0.02025582
v 0.00600000 -0.00353984 0.02041965
v 0.00600000 -0.00353582 0.02007093
v 0.00600000 -0.00398697 0.01981046
v 0.00600000 -0.00412026 0.02002912
v 0.00600000 -0.00423482 0.01999839
v 0.00600000 -0.00461577 0.01997521
v 0.00600000 -0.00473085 0.01999141
v 0.00600000 -0.00484513 0.02001861
v 0.00600000 -0.00564907 0.02025582
v 0.00600000 -0.00546418 0.02007093
v 0.00600000 -0.00535476 0.02030792
v 0.00600000 -0.00356293 0.02204726
v 0.00600000 -0.00348909 0.02195521
v 0.00600000 -0.00320096 0.02197000
v 0.00600000 -0.00342411 0.02185637
v 0.00600000 -0.00336885 0.02175196
v 0.00600000 -0.00309046 0.02173303
v 0.00600000 -0.00332372 0.02164290
v 0.00600000 -0.00302279 0.02148047
v 0.00600000 -0.00328901 0.02152983
v 0.00600000 -0.00326520 0.02141422
v 0.00600000 -0.00325237 0.02129679
v 0.00600000 -0.00361979 0.02033246
v 0.00600000 -0.00370748 0.02025336
v 0.00600000 -0.00375000 0.01992096
v 0.00600000 -0.00380224 0.02018287
v 0.00600000 -0.00390333 0.02012161
v 0.00600000 -0.00400943 0.02007035
v 0.00600000 -0.00506537 0.02010520
v 0.00600000 -0.00516833 0.02016366
v 0.00600000 -0.00526483 0.02023131
v 0.00600000 -0.00543707 0.02039273
v 0.00600000 -0.00551091 0.02048479
v 0.00600000 -0.00579904 0.02047000
v 0.00600000 -0.00590954 0.02173303
v 0.00600000 -0.00597721 0.02148047
v 0.00600000 -0.00571926 0.02149547
v 0.00600000 -0.00557589 0.02058364
v 0.00600000 -0.00563115 0.02068804
v 0.00600000 -0.00590954 0.02070697
v 0.00600000 -0.00567628 0.02079710
v 0.00600000 -0.00597721 0.02095953
v 0.00600000 -0.00579904 0.02197000
v 0.00600000 -0.00553136 0.02192624
v 0.00600000 -0.00564907 0.02218418
v 0.00600000 -0.00546016 0.02202035
v 0.00600000 -0.00546418 0.02236907
v 0.00600000 -0.00501303 0.02262954
v 0.00600000 -0.00487974 0.02241088
v 0.00600000 -0.00476518 0.02244161
v 0.00600000 -0.00600000 0.02122000
v 0.00600000 -0.00574931 0.02126147
v 0.00600000 -0.00573982 0.02137906
v 0.00600000 -0.00568778 0.02160943
v 0.00600000 -0.00564577 0.02171967
v 0.00600000 -0.00559344 0.02182572
v 0.00600000 -0.00538021 0.02210754
v 0.00600000 -0.00529252 0.02218664
v 0.00600000 -0.00525000 0.02251904
v 0.00600000 -0.00519776 0.02225713
v 0.00600000 -0.00509667 0.02231839
v 0.00600000 -0.00499057 0.02236965
v 0.00600000 -0.00571099 0.02091017
v 0.00600000 -0.00573480 0.02102578
v 0.00600000 -0.00574763 0.02114321
v 0.01200000 -0.00450000 0.01972000
v 0.01200000 -0.00423953 0.01974279
v 0.01200000 -0.00398697 0.01981046
v 0.01200000 -0.00375000 0.01992096
v 0.01200000 -0.00353582 0.02007093
v 0.01200000 -0.00335093 0.02025582
v 0.01200000 -0.00320096 0.02047000
v 0.01200000 -0.00309046 0.02070697
v 0.01200000 -0.00302279 0.02095953
v 0.01200000 -0.00300000 0.02122000
v 0.01200000 -0.00302279 0.02148047
v 0.01200000 -0.00309046 0.02173303
v 0.01200000 -0.00320096 0.02197000
v 0.01200000 -0.00335093 0.02218418
v 0.01200000 -0.00353582 0.02236907
v 0.01200000 -0.00375000 0.02251904
v 0.01200000 -0.00398697 0.02262954
v 0.01200000 -0.00423953 0.02269721
v 0.01200000 -0.00450000 0.02272000
v 0.01200000 -0.00476047 0.02269721
v 0.01200000 -0.00501303 0.02262954
v 0.01200000 -0.00525000 0.02251904
v 0.01200000 -0.00546418 0.02236907
v 0.01200000 -0.00564907 0.02218418
v 0.01200000 -0.00579904 0.02197000
v 0.01200000 -0.00590954 0.02173303
v 0.01200000 -0.00597721 0.02148047
v 0.01200000 -0.00600000 0.02122000
v 0.01200000 -0.00597721 0.02095953
v 0.01200000 -0.00590954 0.02070697
v 0.01200000 -0.00579904 0.02047000
v 0.01200000 -0.00564907 0.02025582
v 0.01200000 -0.00546418 0.02007093
v 0.01200000 -0.00525000 0.01992096
v 0.01200000 -0.00501303 0.01981046
v 0.01200000 -0.00476047 0.01974279
v 0.00600000 0.00450000 0.01472000
v 0.00600000 0.00423953 0.01469721
v 0.00600000 0.00435161 0.01446132
v 0.00600000 0.00450000 0.01172000
v 0.00600000 0.00476047 0.01174279
v 0.00600000 0.00464839 0.01197868
v 0.00600000 0.00525000 0.01451904
v 0.00600000 0.00501303 0.01462954
v 0.00600000 0.00495714 0.01438334
v 0.00600000 0.00590954 0.01270697
v 0.00600000 0.00597721 0.01295953
v 0.00600000 0.00571926 0.01294453
v 0.00600000 0.00375000 0.01192096
v 0.00600000 0.00398697 0.01181046
v 0.00600000 0.00404286 0.01205666
v 0.00600000 0.00446910 0.01446970
v 0.00600000 0.00450000 0.01447000
v 0.00600000 0.00476047 0.01469721
v 0.00600000 0.00564907 0.01418418
v 0.00600000 0.00546418 0.01436907
v 0.00600000 0.00535476 0.01413208
v 0.00600000 0.00600000 0.01322000
v 0.00600000 0.00574931 0.01317853
v 0.00600000 0.00573982 0.01306094
v 0.00600000 0.00453090 0.01197030
v 0.00600000 0.00450000 0.01197000
v 0.00600000 0.00423953 0.01174279
v 0.00600000 0.00461577 0.01446479
v 0.00600000 0.00473085 0.01444859
v 0.00600000 0.00484513 0.01442139
v 0.00600000 0.00506537 0.01433480
v 0.00600000 0.00516833 0.01427634
v 0.00600000 0.00526483 0.01420869
v 0.00600000 0.00568778 0.01283057
v 0.00600000 0.00564577 0.01272033
v 0.00600000 0.00579904 0.01247000
v 0.00600000 0.00559344 0.01261428
v 0.00600000 0.00553136 0.01251376
v 0.00600000 0.00564907 0.01225582
v 0.00600000 0.00546016 0.01241965
v 0.00600000 0.00546418 0.01207093
v 0.00600000 0.00501303 0.01181046
v 0.00600000 0.00487974 0.01202912
v 0.00600000 0.00476518 0.01199839
v 0.00600000 0.00438423 0.01197521
v 0.00600000 0.00426915 0.01199141
v 0.00600000 0.00415487 0.01201861
v 0.00600000 0.00335093 0.01225582
v 0.00600000 0.00353582 0.01207093
v 0.00600000 0.00364524 0.01230792
v 0.00600000 0.00543707 0.01404726
v 0.00600000 0.00551091 0.01395521
v 0.00600000 0.00579904 0.01397000
v 0.00600000 0.00557589 0.01385637
v 0.00600000 0.00563115 0.01375196
v 0.00600000 0.00590954 0.01373303
v 0.00600000 0.00567628 0.01364290
v 0.00600000 0.00597721 0.01348047
v 0.00600000 0.00571099 0.01352983
v 0.00600000 0.00573480 0.01341422
v 0.00600000 0.00574763 0.01329679
v 0.00600000 0.00538021 0.01233246
v 0.00600000 0.00529252 0.01225336
v 0.00600000 0.00525000 0.01192096
v 0.00600000 0.00519776 0.01218287
v 0.00600000 0.00509667 0.01212161
v 0.00600000 0.00499057 0.01207035
v 0.00600000 0.00393463 0.01210520
v 0.00600000 0.00383167 0.01216367
v 0.00600000 0.00373517 0.01223131
v 0.00600000 0.00356293 0.01239274
v 0.00600000 0.00348909 0.01248479
v 0.00600000 0.00320096 0.01247000
v 0.00600000 0.00309046 0.01373303
v 0.00600000 0.00302279 0.01348047
v 0.00600000 0.00328074 0.01349547
v 0.00600000 0.00342411 0.01258363
v 0.00600000 0.00336885 0.01268804
v 0.00600000 0.00309046 0.01270697
v 0.00600000 0.00332372 0.01279710
v 0.00600000 0.00302279 0.01295953
v 0.00600000 0.00320096 0.01397000
v 0.00600000 0.00346864 0.01392624
v 0.00600000 0.00335093 0.01418418
v 0.00600000 0.00353984 0.01402035
v 0.00600000 0.00353582 0.01436907
v 0.00600000 0.00398697 0.01462954
v 0.00600000 0.00412026 0.01441088
v 0.00600000 0.00423482 0.01444161
v 0.00600000 0.00300000 0.01322000
v 0.00600000 0.00325069 0.01326147
v 0.00600000 0.00326018 0.01337906
v 0.00600000 0.00331222 0.01360943
v 0.00600000 0.00335423 0.01371967
v 0.00600000 0.00340656 0.01382572
v 0.00600000 0.00361979 0.01410754
v 0.00600000 0.00370748 0.01418664
v 0.00600000 0.00375000 0.01451904
v 0.00600000 0.00380224 0.01425713
v 0.00600000 0.00390333 0.01431839
v 0.00600000 0.00400943 0.01436965
v 0.00600000 0.00328901 0.01291017
v 0.00600000 0.00326520 0.01302578
v 0.00600000 0.00325237 0.01314321
v 0.01200000 0.00450000 0.01172000
v 0.01200000 0.00476047 0.01174279
v 0.01200000 0.00501303 0.01181046
v 0.01200000 0.00525000 0.01192096
v 0.01200000 0.00546418 0.01207093
v 0.01200000 0.00564907 0.01225582
v 0.01200000 0.00579904 0.01247000
v 0.01200000 0.00590954 0.01270697
v 0.01200000 0.00597721 0.01295953
v 0.01200000 0.00600000 0.01322000
v 0.01200000 0.00597721 0.01348047
v 0.01200000 0.00590954 0.01373303
v 0.01200000 0.00579904 0.01397000
v 0.01200000 0.00564907 0.01418418
v 0.01200000 0.00546418 0.01436907
v 0.01200000 0.00525000 0.01451904
v 0.01200000 0.00501303 0.01462954
v 0.01200000 0.00476047 0.01469721
v 0.01200000 0.00450000 0.01472000
v 0.01200000 0.00423953 0.01469721
v 0.01200000 0.00398697 0.01462954
v 0.01200000 0.00375000 0.01451904
v 0.01200000 0.00353582 0.01436907
v 0.01200000 0.00335093 0.01418418
v 0.01200000 0.00320096 0.01397000
v 0.01200000 0.00309046 0.01373303
v 0.01200000 0.00302279 0.01348047
v 0.01200000 0.00300000 0.01322000
v 0.01200000 0.00302279 0.01295953
v 0.01200000 0.00309046 0.01270697
v 0.01200000 0.00320096 0.01247000
v 0.01200000 0.00335093 0.01225582
v 0.01200000 0.00353582 0.01207093
v 0.01200000 0.00375000 0.01192096
v 0.01200000 0.00398697 0.01181046
v 0.01200000 0.00423953 0.01174279
v 0.00600000 0.00450000 0.02272000
v 0.00600000 0.00423953 0.02269721
v 0.00600000 0.00435161 0.02246132
v 0.00600000 0.00450000 0.01972000
v 0.00600000 0.00476047 0.01974279
v 0.00600000 0.00464839 0.01997868
v 0.00600000 0.00525000 0.02251904
v 0.00600000 0.00501303 0.02262954
v 0.00600000 0.00495714 0.02238334
v 0.00600000 0.00590954 0.02070697
v 0.00600000 0.00597721 0.02095953
v 0.00600000 0.00571926 0.02094453
v 0.00600000 0.00375000 0.01992096
v 0.00600000 0.00398697 0.01981046
v 0.00600000 0.00404286 0.02005666
v 0.00600000 0.00446910 0.02246970
v 0.00600000 0.00450000 0.02247000
v 0.00600000 0.00476047 0.02269721
v 0.00600000 0.00564907 0.02218418
v 0.00600000 0.00546418 0.02236907
v 0.00600000 0.00535476 0.02213208
v 0.00600000 0.00600000 0.02122000
v 0.00600000 0.00574931 0.02117853
v 0.00600000 0.00573982 0.02106094
v 0.00600000 0.00453090 0.01997030
v 0.00600000 0.00450000 0.01997000
v 0.00600000 0.00423953 0.01974279
v 0.00600000 0.00461577 0.02246479
v 0.00600000 0.00473085 0.02244859
v 0.00600000 0.00484513 0.02242139
v 0.00600000 0.00506537 0.02233480
v 0.00600000 0.00516833 0.02227633
v 0.00600000 0.00526483 0.02220869
v 0.00600000 0.00568778 0.02083057
v 0.00600000 0.00564577 0.02072033
v 0.00600000 0.00579904 0.02047000
v 0.00600000 0.00559344 0.02061429
v 0.00600000 0.00553136 0.02051376
v 0.00600000 0.00564907 0.02025582
v 0.00600000 0.00546016 0.02041965
v 0.00600000 0.00546418 0.02007093
v 0.00600000 0.00501303 0.01981046
v 0.00600000 0.00487974 0.02002912
v 0.00600000 0.00476518 0.01999839
v 0.00600000 0.00438423 0.01997521
v 0.00600000 0.00426915 0.01999141
v 0.00600000 0.00415487 0.02001861
v 0.00600000 0.00335093 0.02025582
v 0.00600000 0.00353582 0.02007093
v 0.00600000 0.00364524 0.02030792
v 0.00600000 0.00543707 0.02204726
v 0.00600000 0.00551091 0.02195521
v 0.00600000 0.00579904 0.02197000
v 0.00600000 0.00557589 0.02185637
v 0.00600000 0.00563115 0.02175196
v 0.00600000 0.00590954 0.02173303
v 0.00600000 0.00567628 0.02164290
v 0.00600000 0.00597721 0.02148047
v 0.00600000 0.00571099 0.02152983
v 0.00600000 0.00573480 0.02141422
v 0.00600000 0.00574763 0.02129679
v 0.00600000 0.00538021 0.02033246
v 0.00600000 0.00529252 0.02025336
v 0.00600000 0.00525000 0.01992096
v 0.00600000 0.00519776 0.02018287
v 0.00600000 0.00509667 0.02012161
v 0.00600000 0.00499057 0.02007035
v 0.00600000 0.00393463 0.02010520
v 0.00600000 0.00383167 0.02016366
v 0.00600000 0.00373517 0.02023131
v 0.00600000 0.00356293 0.02039273
v 0.00600000 0.00348909 0.02048479
v 0.00600000 0.00320096 0.02047000
v 0.00600000 0.00309046 0.02173303
v 0.00600000 0.00302279 0.02148047
v 0.00600000 0.00328074 0.02149547
v 0.00600000 0.00342411 0.02058364
v 0.00600000 0.00336885 0.02068804
v 0.00600000 0.00309046 0.02070697
v 0.00600000 0.00332372 0.02079710
v 0.00600000 0.00302279 0.02095953
v 0.00600000 0.00320096 0.02197000
v 0.00600000 0.00346864 0.02192624
v 0.00600000 0.00335093 0.02218418
v 0.00600000 0.00353984 0.02202035
v 0.00600000 0.00353582 0.02236907
v 0.00600000 0.00398697 0.02262954
v 0.00600000 0.00412026 0.02241088
v 0.00600000 0.00423482 0.02244161
v 0.00600000 0.00300000 0.02122000
v 0.00600000 0.00325069 0.02126147
v 0.00600000 0.00326018 0.02137906
v 0.00600000 0.00331222 0.02160943
v 0.00600000 0.00335423 0.02171967
v 0.00600000 0.00340656 0.02182572
v 0.00600000 0.00361979 0.02210754
v 0.00600000 0.00370748 0.02218664
v 0.00600000 0.00375000 0.02251904
v 0.00600000 0.00380224 0.02225713
v 0.00600000 0.00390333 0.02231839
v 0.00600000 0.00400943 0.02236965
v 0.00600000 0.00328901 0.02091017
v 0.00600000 0.00326520 0.02102578
v 0.00600000 0.00325237 0.02114321
v 0.01200000 0.00450000 0.01972000
v 0.01200000 0.00476047 0.01974279
v 0.01200000 0.00501303 0.01981046
v 0.01200000 0.00525000 0.01992096
v 0.01200000 0.00546418 0.02007093
v 0.01200000 0.00564907 0.02025582
v 0.01200000 0.00579904 0.02047000
v 0.01200000 0.00590954 0.02070697
v 0.01200000 0.00597721 0.02095953
v 0.01200000 0.00600000 0.02122000
v 0.01200000 0.00597721 0.02148047
v 0.01200000 0.00590954 0.02173303
v 0.01200000 0.00579904 0.02197000
v 0.01200000 0.00564907 0.02218418
v 0.01200000 0.00546418 0.02236907
v 0.01200000 0.00525000 0.02251904
v 0.01200000 0.00501303 0.02262954
v 0.01200000 0.00476047 0.02269721
v 0.01200000 0.00450000 0.02272000
v 0.01200000 0.00423953 0.02269721
v 0.01200000 0.00398697 0.02262954
v 0.01200000 0.00375000 0.02251904
v 0.01200000 0.00353582 0.02236907
v 0.01200000 0.00335093 0.02218418
v 0.01200000 0.00320096 0.02197000
v 0.01200000 0.00309046 0.02173303
v 0.01200000 0.00302279 0.02148047
v 0.01200000 0.00300000 0.02122000
v 0.01200000 0.00302279 0.02095953
v 0.01200000 0.00309046 0.02070697
v 0.01200000 0.00320096 0.02047000
v 0.01200000 0.00335093 0.02025582
v 0.01200000 0.00353582 0.02007093
v 0.01200000 0.00375000 0.01992096
v 0.01200000 0.00398697 0.01981046
v 0.01200000 0.00423953 0.01974279
v 0.00700000 -0.01500000 0.01572000
v 0.01200000 -0.01500000 0.01572000
v 0.00700000 -0.01473953 0.01574279
v 0.01200000 -0.01473953 0.01574279
v 0.00700000 -0.01448697 0.01581046
v 0.01200000 -0.01448697 0.01581046
v 0.00700000 -0.01425000 0.01592096
v 0.01200000 -0.01425000 0.01592096
v 0.00700000 -0.01403582 0.01607093
v 0.01200000 -0.01403582 0.01607093
v 0.00700000 -0.01385093 0.01625582
v 0.01200000 -0.01385093 0.01625582
v 0.00700000 -0.01370096 0.01647000
v 0.01200000 -0.01370096 0.01647000
v 0.00700000 -0.01359046 0.01670697
v 0.01200000 -0.01359046 0.01670697
v 0.00700000 -0.01352279 0.01695953
v 0.01200000 -0.01352279 0.01695953
v 0.00700000 -0.01350000 0.01722000
v 0.01200000 -0.01350000 0.01722000
v 0.00700000 -0.01352279 0.01748047
v 0.01200000 -0.01352279 0.01748047
v 0.00700000 -0.01359046 0.01773303
v 0.01200000 -0.01359046 0.01773303
v 0.00700000 -0.01370096 0.01797000
v 0.01200000 -0.01370096 0.01797000
v 0.00700000 -0.01385093 0.01818418
v 0.01200000 -0.01385093 0.01818418
v 0.00700000 -0.01403582 0.01836907
v 0.01200000 -0.01403582 0.01836907
v 0.00700000 -0.01425000 0.01851904
v 0.01200000 -0.01425000 0.01851904
v 0.00700000 -0.01448697 0.01862954
v 0.01200000 -0.01448697 0.01862954
v 0.00700000 -0.01473953 0.01869721
v 0.01200000 -0.01473953 0.01869721
v 0.00700000 -0.01500000 0.01872000
v 0.01200000 -0.01500000 0.01872000
v 0.00700000 -0.01526047 0.01869721
v 0.01200000 -0.01526047 0.01869721
v 0.00700000 -0.01551303 0.01862954
v 0.01200000 -0.01551303 0.01862954
v 0.00700000 -0.01575000 0.01851904
v 0.01200000 -0.01575000 0.01851904
v 0.00700000 -0.01596418 0.01836907
v 0.01200000 -0.01596418 0.01836907
v 0.00700000 -0.01614907 0.01818418
v 0.01200000 -0.01614907 0.01818418
v 0.00700000 -0.01629904 0.01797000
v 0.01200000 -0.01629904 0.01797000
v 0.00700000 -0.01640954 0.01773303
v 0.01200000 -0.01640954 0.01773303
v 0.00700000 -0.01647721 0.01748047
v 0.01200000 -0.01647721 0.01748047
v 0.00700000 -0.01650000 0.01722000
v 0.01200000 -0.01650000 0.01722000
v 0.00700000 -0.01647721 0.01695953
v 0.01200000 -0.01647721 0.01695953
v 0.00700000 -0.01640954 0.01670697
v 0.01200000 -0.01640954 0.01670697
v 0.00700000 -0.01629904 0.01647000
v 0.01200000 -0.01629904 0.01647000
v 0.00700000 -0.01614907 0.01625582
v 0.01200000 -0.01614907 0.01625582
v 0.00700000 -0.01596418 0.01607093
v 0.01200000 -0.01596418 0.01607093
v 0.00700000 -0.01575000 0.01592096
v 0.01200000 -0.01575000 0.01592096
v 0.00700000 -0.01551303 0.01581046
v 0.01200000 -0.01551303 0.01581046
v 0.00700000 -0.01526047 0.01574279
v 0.01200000 -0.01526047 0.01574279
v 0.01200000 0.01500000 0.01572000
v 0.00700000 0.01500000 0.01572000
v 0.01200000 0.01473953 0.01574279
v 0.00700000 0.01473953 0.01574279
v 0.01200000 0.01448697 0.01581046
v 0.00700000 0.01448697 0.01581046
v 0.01200000 0.01425000 0.01592096
v 0.00700000 0.01425000 0.01592096
v 0.01200000 0.01403582 0.01607093
v 0.00700000 0.01403582 0.01607093
v 0.01200000 0.01385093 0.01625582
v 0.00700000 0.01385093 0.01625582
v 0.01200000 0.01370096 0.01647000
v 0.00700000 0.01370096 0.01647000
v 0.01200000 0.01359046 0.01670697
v 0.00700000 0.01359046 0.01670697
v 0.01200000 0.01352279 0.01695953
v 0.00700000 0.01352279 0.01695953
v 0.01200000 0.01350000 0.01722000
v 0.00700000 0.01350000 0.01722000
v 0.01200000 0.01352279 0.01748047
v 0.00700000 0.01352279 0.01748047
v 0.01200000 0.01359046 0.01773303
v 0.00700000 0.01359046 0.01773303
v 0.01200000 0.01370096 0.01797000
v 0.00700000 0.01370096 0.01797000
v 0.01200000 0.01385093 0.01818418
v 0.00700000 0.01385093 0.01818418
v 0.01200000 0.01403582 0.01836907
v 0.00700000 0.01403582 0.01836907
v 0.01200000 0.01425000 0.01851904
v 0.00700000 0.01425000 0.01851904
v 0.01200000 0.01448697 0.01862954
v 0.00700000 0.01448697 0.01862954
v 0.01200000 0.01473953 0.01869721
v 0.00700000 0.01473953 0.01869721
v 0.01200000 0.01500000 0.01872000
v 0.00700000 0.01500000 0.01872000
v 0.01200000 0.01526047 0.01869721
v 0.00700000 0.01526047 0.01869721
v 0.01200000 0.01551303 0.01862954
v 0.00700000 0.01551303 0.01862954
v 0.01200000 0.01575000 0.01851904
v 0.00700000 0.01575000 0.01851904
v 0.01200000 0.01596418 0.01836907
v 0.00700000 0.01596418 0.01836907
v 0.01200000 0.01614907 0.01818418
v 0.00700000 0.01614907 0.01818418
v 0.01200000 0.01629904 0.01797000
v 0.00700000 0.01629904 0.01797000
v 0.01200000 0.01640954 0.01773303
v 0.00700000 0.01640954 0.01773303
v 0.01200000 0.01647721 0.01748047
v 0.00700000 0.01647721 0.01748047
v 0.01200000 0.01650000 0.01722000
v 0.00700000 0.01650000 0.01722000
v 0.01200000 0.01647721 0.01695953
v 0.00700000 0.01647721 0.01695953
v 0.01200000 0.01640954 0.01670697
v 0.00700000 0.01640954 0.01670697
v 0.01200000 0.01629904 0.01647000
v 0.00700000 0.01629904 0.01647000
v 0.01200000 0.01614907 0.01625582
v 0.00700000 0.01614907 0.01625582
v 0.01200000 0.01596418 0.01607093
v 0.00700000 0.01596418 0.01607093
v 0.01200000 0.01575000 0.01592096
v 0.00700000 0.01575000 0.01592096
v 0.01200000 0.01551303 0.01581046
v 0.00700000 0.01551303 0.01581046
v 0.01200000 0.01526047 0.01574279
v 0.00700000 0.01526047 0.01574279
v 0.01080000 -0.01043301 0.01397000
v 0.01080000 -0.00956699 0.01397000
v 0.01180000 -0.01043301 0.01397000
v 0.01180000 -0.00956699 0.01397000
v 0.01080000 -0.01086603 0.01322000
v 0.01180000 -0.01086603 0.01322000
v 0.01080000 -0.01043301 0.01247000
v 0.01180000 -0.01043301 0.01247000
v 0.01080000 -0.00956699 0.01247000
v 0.01180000 -0.00956699 0.01247000
v 0.01080000 -0.00913398 0.01322000
v 0.01180000 -0.00913398 0.01322000
v 0.00480000 -0.01056475 0.01372033
v 0.00480000 -0.00943525 0.01271967
v 0.00480000 -0.00957139 0.01259906
v 0.00480000 -0.01042860 0.01384094
v 0.00480000 -0.01026755 0.01392547
v 0.00480000 -0.01009095 0.01396900
v 0.00480000 -0.00973245 0.01251453
v 0.00480000 -0.00990906 0.01247100
v 0.00480000 -0.01009095 0.01247100
v 0.00480000 -0.00990906 0.01396900
v 0.00480000 -0.00973245 0.01392547
v 0.00480000 -0.00957139 0.01384094
v 0.00480000 -0.01026755 0.01251453
v 0.00480000 -0.01042860 0.01259906
v 0.00480000 -0.01056475 0.01271967
v 0.00480000 -0.00943525 0.01372033
v 0.00480000 -0.00933192 0.01357063
v 0.00480000 -0.00926742 0.01340056
v 0.00480000 -0.01073258 0.01303944
v 0.00480000 -0.01075450 0.01322000
v 0.00480000 -0.01073258 0.01340056
v 0.00480000 -0.01066808 0.01286937
v 0.00480000 -0.01066808 0.01357063
v 0.00480000 -0.00924550 0.01322000
v 0.00480000 -0.00926742 0.01303944
v 0.00480000 -0.00933192 0.01286937
v 0.00504550 -0.00900000 0.01322000
v 0.00504550 -0.00902906 0.01298068
v 0.00504550 -0.00911454 0.01275528
v 0.00504550 -0.00925149 0.01255688
v 0.00504550 -0.00943193 0.01239702
v 0.00504550 -0.00964539 0.01228498
v 0.00504550 -0.00987946 0.01222729
v 0.00504550 -0.01012054 0.01222729
v 0.00504550 -0.01035460 0.01228498
v 0.00504550 -0.01056806 0.01239702
v 0.00504550 -0.01074851 0.01255688
v 0.00504550 -0.01088546 0.01275528
v 0.00504550 -0.01097094 0.01298068
v 0.00504550 -0.01100000 0.01322000
v 0.00504550 -0.01097094 0.01345932
v 0.00504550 -0.01088546 0.01368472
v 0.00504550 -0.01074851 0.01388312
v 0.00504550 -0.01056806 0.01404298
v 0.00504550 -0.01035460 0.01415502
v 0.00504550 -0.01012054 0.01421271
v 0.00504550 -0.00987946 0.01421271
v 0.00504550 -0.00964539 0.01415502
v 0.00504550 -0.00943193 0.01404298
v 0.00504550 -0.00925149 0.01388312
v 0.00504550 -0.00911454 0.01368472
v 0.00504550 -0.00902906 0.01345932
v 0.00980000 -0.01100000 0.01322000
v 0.00980000 -0.01097094 0.01345932
v 0.00980000 -0.01088546 0.01368472
v 0.00980000 -0.01074851 0.01388312
v 0.00980000 -0.01056806 0.01404298
v 0.00980000 -0.01035460 0.01415502
v 0.00980000 -0.01012054 0.01421271
v 0.00980000 -0.00987946 0.01421271
v 0.00980000 -0.00964539 0.01415502
v 0.00980000 -0.00943193 0.01404298
v 0.00980000 -0.00925149 0.01388312
v 0.00980000 -0.00911454 0.01368472
v 0.00980000 -0.00902906 0.01345932
v 0.00980000 -0.00900000 0.01322000
v 0.00980000 -0.00902906 0.01298068
v 0.00980000 -0.00911454 0.01275528
v 0.00980000 -0.00925149 0.01255688
v 0.00980000 -0.00943193 0.01239702
v 0.00980000 -0.00964539 0.01228498
v 0.00980000 -0.00987946 0.01222729
v 0.00980000 -0.01012054 0.01222729
v 0.00980000 -0.01035460 0.01228498
v 0.00980000 -0.01056806 0.01239702
v 0.00980000 -0.01074851 0.01255688
v 0.00980000 -0.01088546 0.01275528
v 0.00980000 -0.01097094 0.01298068
v 0.00980000 -0.01178542 0.01257016
v 0.00980000 -0.01187113 0.01289007
v 0.00980000 -0.01190000 0.01322000
v 0.00980000 -0.01000000 0.01132000
v 0.00980000 -0.01032993 0.01134886
v 0.00980000 -0.01064984 0.01143458
v 0.00980000 -0.01095000 0.01157455
v 0.00980000 -0.01122130 0.01176452
v 0.00980000 -0.01145548 0.01199870
v 0.00980000 -0.01164545 0.01227000
v 0.00980000 -0.00877870 0.01176452
v 0.00980000 -0.00905000 0.01157455
v 0.00980000 -0.00935016 0.01143458
v 0.00980000 -0.00967007 0.01134886
v 0.00980000 -0.00821458 0.01386984
v 0.00980000 -0.00812887 0.01354993
v 0.00980000 -0.00810000 0.01322000
v 0.00980000 -0.01122130 0.01467548
v 0.00980000 -0.01095000 0.01486545
v 0.00980000 -0.01064984 0.01500542
v 0.00980000 -0.00812887 0.01289007
v 0.00980000 -0.00821458 0.01257016
v 0.00980000 -0.00835455 0.01227000
v 0.00980000 -0.00854452 0.01199870
v 0.00980000 -0.01187113 0.01354993
v 0.00980000 -0.01178542 0.01386984
v 0.00980000 -0.01164545 0.01417000
v 0.00980000 -0.01145548 0.01444130
v 0.00980000 -0.00877870 0.01467548
v 0.00980000 -0.00854452 0.01444130
v 0.00980000 -0.00835455 0.01417000
v 0.00980000 -0.01032993 0.01509114
v 0.00980000 -0.01000000 0.01512000
v 0.00980000 -0.00967007 0.01509114
v 0.00980000 -0.00935016 0.01500542
v 0.00980000 -0.00905000 0.01486545
v 0.01180000 -0.00830000 0.01322000
v 0.01160000 -0.00810000 0.01322000
v 0.01160000 -0.00812887 0.01354993
v 0.01180000 -0.00832583 0.01351520
v 0.01160000 -0.00821458 0.01386984
v 0.01180000 -0.00840252 0.01380143
v 0.01160000 -0.00835455 0.01417000
v 0.01180000 -0.00852776 0.01407000
v 0.01160000 -0.00854452 0.01444130
v 0.01180000 -0.00869772 0.01431274
v 0.01160000 -0.00877870 0.01467548
v 0.01180000 -0.00890726 0.01452228
v 0.01160000 -0.00905000 0.01486545
v 0.01180000 -0.00915000 0.01469224
v 0.01160000 -0.00935016 0.01500542
v 0.01180000 -0.00941857 0.01481748
v 0.01160000 -0.00967007 0.01509114
v 0.01180000 -0.00970480 0.01489417
v 0.01160000 -0.01000000 0.01512000
v 0.01180000 -0.01000000 0.01492000
v 0.01160000 -0.01032993 0.01509114
v 0.01180000 -0.01029520 0.01489417
v 0.01160000 -0.01064984 0.01500542
v 0.01180000 -0.01058143 0.01481748
v 0.01160000 -0.01095000 0.01486545
v 0.01180000 -0.01085000 0.01469224
v 0.01160000 -0.01122130 0.01467548
v 0.01180000 -0.01109274 0.01452228
v 0.01160000 -0.01145548 0.01444130
v 0.01180000 -0.01130228 0.01431274
v 0.01160000 -0.01164545 0.01417000
v 0.01180000 -0.01147224 0.01407000
v 0.01160000 -0.01178542 0.01386984
v 0.01180000 -0.01159748 0.01380143
v 0.01160000 -0.01187113 0.01354993
v 0.01180000 -0.01167417 0.01351520
v 0.01160000 -0.01190000 0.01322000
v 0.01180000 -0.01170000 0.01322000
v 0.01160000 -0.00812887 0.01289007
v 0.01160000 -0.00821458 0.01257016
v 0.01160000 -0.00835455 0.01227000
v 0.01160000 -0.00854452 0.01199870
v 0.01160000 -0.00877870 0.01176452
v 0.01160000 -0.00905000 0.01157455
v 0.01160000 -0.00935016 0.01143458
v 0.01160000 -0.00967007 0.01134886
v 0.01160000 -0.01000000 0.01132000
v 0.01160000 -0.01032993 0.01134886
v 0.01160000 -0.01064984 0.01143458
v 0.01160000 -0.01095000 0.01157455
v 0.01160000 -0.01122130 0.01176452
v 0.01160000 -0.01145548 0.01199870
v 0.01160000 -0.01164545 0.01227000
v 0.01160000 -0.01178542 0.01257016
v 0.01160000 -0.01187113 0.01289007
v 0.01180000 -0.01167417 0.01292480
v 0.01180000 -0.01159748 0.01263857
v 0.01180000 -0.01147224 0.01237000
v 0.01180000 -0.01130228 0.01212726
v 0.01180000 -0.01109274 0.01191772
v 0.01180000 -0.01085000 0.01174776
v 0.01180000 -0.01058143 0.01162252
v 0.01180000 -0.01029520 0.01154583
v 0.01180000 -0.01000000 0.01152000
v 0.01180000 -0.00970480 0.01154583
v 0.01180000 -0.00941857 0.01162252
v 0.01180000 -0.00915000 0.01174776
v 0.01180000 -0.00890726 0.01191772
v 0.01180000 -0.00869772 0.01212726
v 0.01180000 -0.00852776 0.01237000
v 0.01180000 -0.00840252 0.01263857
v 0.01180000 -0.00832583 0.01292480
v 0.00051931 0.02200000 0.01322000
v 0.00100000 0.02160000 0.01391282
v 0.00100000 0.02130718 0.01362000
v 0.00100000 0.02200000 0.01402000
v 0.00100000 0.02130718 0.01282000
v 0.00100000 0.02160000 0.01252718
v 0.00100000 0.02120000 0.01322000
v 0.00100000 0.02240000 0.01252718
v 0.00100000 0.02269282 0.01282000
v 0.00100000 0.02200000 0.01242000
v 0.00100000 0.02269282 0.01362000
v 0.00100000 0.02240000 0.01391282
v 0.00100000 0.02280000 0.01322000
v 0.00051931 0.02200000 0.02122000
v 0.00100000 0.02160000 0.02191282
v 0.00100000 0.02130718 0.02162000
v 0.00100000 0.02200000 0.02202000
v 0.00100000 0.02130718 0.02082000
v 0.00100000 0.02160000 0.02052718
v 0.00100000 0.02120000 0.02122000
v 0.00100000 0.02240000 0.02052718
v 0.00100000 0.02269282 0.02082000
v 0.00100000 0.02200000 0.02042000
v 0.00100000 0.02269282 0.02162000
v 0.00100000 0.02240000 0.02191282
v 0.00100000 0.02280000 0.02122000
v 0.00051931 0.01000000 0.01322000
v 0.00100000 0.00960000 0.01391282
v 0.00100000 0.00930718 0.01362000
v 0.00100000 0.01000000 0.01402000
v 0.00100000 0.00930718 0.01282000
v 0.00100000 0.00960000 0.01252718
v 0.00100000 0.00920000 0.01322000
v 0.00100000 0.01040000 0.01252718
v 0.00100000 0.01069282 0.01282000
v 0.00100000 0.01000000 0.01242000
v 0.00100000 0.01069282 0.01362000
v 0.00100000 0.01040000 0.01391282
v 0.00100000 0.01080000 0.01322000
v 0.00051931 0.01000000 0.02122000
v 0.00100000 0.00960000 0.02191282
v 0.00100000 0.00930718 0.02162000
v 0.00100000 0.01000000 0.02202000
v 0.00100000 0.00930718 0.02082000
v 0.00100000 0.00960000 0.02052718
v 0.00100000 0.00920000 0.02122000
v 0.00100000 0.01040000 0.02052718
v 0.00100000 0.01069282 0.02082000
v 0.00100000 0.01000000 0.02042000
v 0.00100000 0.01069282 0.02162000
v 0.00100000 0.01040000 0.02191282
v 0.00100000 0.01080000 0.02122000
v 0.00700000 0.02200000 0.01242000
v 0.00700000 0.02160000 0.01252718
v 0.00700000 0.02130718 0.01282000
v 0.00700000 0.02120000 0.01322000
v 0.00700000 0.02130718 0.01362000
v 0.00700000 0.02160000 0.01391282
v 0.00700000 0.02200000 0.01402000
v 0.00700000 0.02240000 0.01391282
v 0.00700000 0.02269282 0.01362000
v 0.00700000 0.02280000 0.01322000
v 0.00700000 0.02269282 0.01282000
v 0.00700000 0.02240000 0.01252718
v 0.00700000 0.02200000 0.02042000
v 0.00700000 0.02160000 0.02052718
v 0.00700000 0.02130718 0.02082000
v 0.00700000 0.02120000 0.02122000
v 0.00700000 0.02130718 0.02162000
v 0.00700000 0.02160000 0.02191282
v 0.00700000 0.02200000 0.02202000
v 0.00700000 0.02240000 0.02191282
v 0.00700000 0.02269282 0.02162000
v 0.00700000 0.02280000 0.02122000
v 0.00700000 0.02269282 0.02082000
v 0.00700000 0.02240000 0.02052718
v 0.00685000 0.01900000 0.02397000
v 0.00685000 0.01900000 0.01047000
v 0.00700000 0.01900000 0.02397000
v 0.00700000 0.01900000 0.01047000
v 0.00700000 0.00770000 0.02397000
v 0.00680000 0.00750000 0.02397000
v 0.00700000 0.00770000 0.01047000
v 0.00680000 0.00750000 0.01047000
v 0.00685000 0.01300000 0.02397000
v 0.00700000 0.01300000 0.02397000
v 0.00685000 0.01300000 0.01047000
v 0.00700000 0.01300000 0.01047000
v 0.00700000 0.01000000 0.01242000
v 0.00700000 0.00960000 0.01252718
v 0.00700000 0.00930718 0.01282000
v 0.00700000 0.00920000 0.01322000
v 0.00700000 0.00930718 0.01362000
v 0.00700000 0.00960000 0.01391282
v 0.00700000 0.01000000 0.01402000
v 0.00700000 0.01040000 0.01391282
v 0.00700000 0.01069282 0.01362000
v 0.00700000 0.01080000 0.01322000
v 0.00700000 0.01069282 0.01282000
v 0.00700000 0.01040000 0.01252718
v 0.00700000 0.01000000 0.02042000
v 0.00700000 0.00960000 0.02052718
v 0.00700000 0.00930718 0.02082000
v 0.00700000 0.00920000 0.02122000
v 0.00700000 0.00930718 0.02162000
v 0.00700000 0.00960000 0.02191282
v 0.00700000 0.01000000 0.02202000
v 0.00700000 0.01040000 0.02191282
v 0.00700000 0.01069282 0.02162000
v 0.00700000 0.01080000 0.02122000
v 0.00700000 0.01069282 0.02082000
v 0.00700000 0.01040000 0.02052718
v 0.00290000 0.00750000 0.02397000
v 0.00290000 0.00750000 0.01047000
v 0.00294019 0.00765000 0.02397000
v 0.00294019 0.00765000 0.01047000
v 0.00305000 0.00775981 0.02397000
v 0.00305000 0.00775981 0.01047000
v 0.00320000 0.00780000 0.02397000
v 0.00320000 0.00780000 0.01047000
v 0.00335000 0.00775981 0.02397000
v 0.00335000 0.00775981 0.01047000
v 0.00345981 0.00765000 0.02397000
v 0.00345981 0.00765000 0.01047000
v 0.00350000 0.00750000 0.02397000
v 0.00350000 0.00750000 0.01047000
v 0.00680000 0.02450000 0.02397000
v 0.00700000 0.02430000 0.02397000
v 0.00680000 0.02450000 0.01047000
v 0.00700000 0.02430000 0.01047000
v 0.00070000 0.00750000 0.02397000
v 0.00070000 0.00750000 0.01047000
v 0.00650000 0.02420000 0.02847000
v 0.00670000 0.02400000 0.02847000
v 0.00650000 0.02420000 0.02397000
v 0.00670000 0.02400000 0.02397000
v 0.00670000 0.00800000 0.02397000
v 0.00650000 0.00780000 0.02397000
v 0.00070000 0.02420000 0.02397000
v 0.00050000 0.02450000 0.02397000
v 0.00050000 0.02400000 0.02397000
v 0.00070000 0.00780000 0.02397000
v 0.00050000 0.00800000 0.02397000
v 0.00050000 0.00770000 0.02397000
v 0.00650000 0.00780000 0.02847000
v 0.00670000 0.00800000 0.02847000
v 0.00450000 0.01864350 0.02827000
v 0.00555065 0.01842060 0.02827000
v 0.00450000 0.01878549 0.02827000
v 0.00555065 0.01856219 0.02827000
v 0.00450000 0.02043781 0.02827000
v 0.00555065 0.02021451 0.02827000
v 0.00450000 0.02057940 0.02827000
v 0.00555065 0.02035650 0.02827000
v 0.00550000 0.01600000 0.02310948
v 0.00580000 0.01548039 0.02347000
v 0.00601962 0.01570000 0.02347000
v 0.00550000 0.01540000 0.02347000
v 0.00601962 0.01630000 0.02347000
v 0.00580000 0.01651962 0.02347000
v 0.00610000 0.01600000 0.02347000
v 0.00520000 0.01651962 0.02347000
v 0.00498038 0.01630000 0.02347000
v 0.00550000 0.01660000 0.02347000
v 0.00498038 0.01570000 0.02347000
v 0.00520000 0.01548039 0.02347000
v 0.00490000 0.01600000 0.02347000
v 0.00499300 0.02086536 0.02827000
v 0.00450000 0.02097007 0.02827000
v 0.00450000 0.02082808 0.02827000
v 0.00511357 0.02138533 0.02827000
v 0.00555065 0.02129292 0.02827000
v 0.00555065 0.02143451 0.02827000
v 0.00555065 0.02060518 0.02827000
v 0.00555065 0.02074757 0.02827000
v 0.00511357 0.02083958 0.02827000
v 0.00450000 0.02165781 0.02827000
v 0.00450000 0.02151622 0.02827000
v 0.00499300 0.02141072 0.02827000
v 0.00489290 0.01917274 0.02827000
v 0.00479191 0.01921543 0.02827000
v 0.00450000 0.01922296 0.02827000
v 0.00481824 0.01983974 0.02827000
v 0.00468601 0.01990554 0.02827000
v 0.00450000 0.01987580 0.02827000
v 0.00472429 0.01924487 0.02827000
v 0.00467689 0.01926421 0.02827000
v 0.00450000 0.01938954 0.02827000
v 0.00496087 0.01914284 0.02827000
v 0.00555065 0.01868792 0.02827000
v 0.00555065 0.01884419 0.02827000
v 0.00450000 0.02003087 0.02827000
v 0.00473767 0.01991115 0.02827000
v 0.00476375 0.01991348 0.02827000
v 0.00478879 0.01991432 0.02827000
v 0.00482840 0.01991665 0.02827000
v 0.00503068 0.01992537 0.02827000
v 0.00555065 0.02008680 0.02827000
v 0.00555065 0.01994719 0.02827000
v 0.00481833 0.01927334 0.02827000
v 0.00482164 0.01927355 0.02827000
v 0.00513697 0.01941810 0.02827000
v 0.00493628 0.01927968 0.02827000
v 0.00534599 0.01943158 0.02827000
v 0.00555065 0.01930586 0.02827000
v 0.00555065 0.01945062 0.02827000
v 0.00525516 0.01947298 0.02827000
v 0.00524969 0.01961256 0.02827000
v 0.00518813 0.01950694 0.02827000
v 0.00494818 0.01977347 0.02827000
v 0.00484417 0.01982672 0.02827000
v 0.00508073 0.01782563 0.02827000
v 0.00515601 0.01785938 0.02827000
v 0.00510881 0.01796449 0.02827000
v 0.00537693 0.01807673 0.02827000
v 0.00555065 0.01803826 0.02827000
v 0.00555065 0.01817192 0.02827000
v 0.00450000 0.01839482 0.02827000
v 0.00450000 0.01825323 0.02827000
v 0.00513975 0.01812432 0.02827000
v 0.00527217 0.01809235 0.02827000
v 0.00525447 0.01803028 0.02827000
v 0.00479792 0.01771010 0.02827000
v 0.00485180 0.01772969 0.02827000
v 0.00498892 0.01778567 0.02827000
v 0.00476707 0.01769969 0.02827000
v 0.00450000 0.01771065 0.02827000
v 0.00465825 0.01766583 0.02827000
v 0.00450000 0.01756549 0.02827000
v 0.00509887 0.01757645 0.02827000
v 0.00555065 0.01734219 0.02827000
v 0.00555065 0.01748458 0.02827000
v 0.00670000 0.02400000 0.00597000
v 0.00650000 0.02420000 0.00597000
v 0.00670000 0.02400000 0.01047000
v 0.00650000 0.02420000 0.01047000
v 0.00050000 0.02400000 0.02847000
v 0.00070000 0.02420000 0.02847000
v 0.00050000 0.02450000 0.01047000
v 0.00070000 0.02420000 0.00597000
v 0.00050000 0.02400000 0.00597000
v 0.00070000 0.02420000 0.01047000
v 0.00050000 0.02400000 0.01047000
v 0.00160000 0.01950000 0.00597000
v 0.00160000 0.01950000 0.02847000
v 0.00050000 0.01950000 0.00597000
v 0.00050000 0.01950000 0.02847000
v 0.00050000 0.00770000 0.01047000
v 0.00050000 0.00800000 0.02847000
v 0.00070000 0.00780000 0.02847000
v 0.00050000 0.01250000 0.00597000
v 0.00050000 0.01250000 0.02847000
v 0.00160000 0.01250000 0.00597000
v 0.00160000 0.01250000 0.02847000
v 0.00650000 0.00780000 0.00597000
v 0.00670000 0.00800000 0.00597000
v 0.00650000 0.00780000 0.01047000
v 0.00670000 0.00800000 0.01047000
v 0.00050000 0.00800000 0.01047000
v 0.00070000 0.00780000 0.01047000
v 0.00050000 0.00800000 0.00597000
v 0.00070000 0.00780000 0.00597000
v 0.00561570 0.01268109 0.00617000
v 0.00561570 0.01253320 0.00617000
v 0.00450000 0.01268109 0.00617000
v 0.00475912 0.01253320 0.00617000
v 0.00450000 0.01182199 0.00617000
v 0.00450000 0.01197030 0.00617000
v 0.00561570 0.01182199 0.00617000
v 0.00535573 0.01197030 0.00617000
v 0.00561570 0.01197957 0.00617000
v 0.00450000 0.01252309 0.00617000
v 0.00450000 0.00928428 0.00617000
v 0.00450000 0.00943259 0.00617000
v 0.00561570 0.00928428 0.00617000
v 0.00544801 0.00943259 0.00617000
v 0.00450000 0.01021248 0.00617000
v 0.00450000 0.01036079 0.00617000
v 0.00544801 0.01021248 0.00617000
v 0.00561570 0.01036079 0.00617000
v 0.00561570 0.01015560 0.00617000
v 0.00530709 0.01004952 0.00617000
v 0.00511147 0.00998231 0.00617000
v 0.00450000 0.00989143 0.00617000
v 0.00466516 0.00983244 0.00617000
v 0.00450000 0.00975196 0.00617000
v 0.00473295 0.00981016 0.00617000
v 0.00482948 0.00977809 0.00617000
v 0.00561570 0.00950970 0.00617000
v 0.00550000 0.01600000 0.01133052
v 0.00580000 0.01651962 0.01097000
v 0.00601962 0.01630000 0.01097000
v 0.00550000 0.01660000 0.01097000
v 0.00601962 0.01570000 0.01097000
v 0.00580000 0.01548039 0.01097000
v 0.00610000 0.01600000 0.01097000
v 0.00520000 0.01548039 0.01097000
v 0.00498038 0.01570000 0.01097000
v 0.00550000 0.01540000 0.01097000
v 0.00498038 0.01630000 0.01097000
v 0.00520000 0.01651962 0.01097000
v 0.00490000 0.01600000 0.01097000
v 0.00507260 0.01113100 0.00617000
v 0.00494409 0.01113100 0.00617000
v 0.00507260 0.01159489 0.00617000
v 0.00494409 0.01144700 0.00617000
v 0.00465547 0.01159489 0.00617000
v 0.00505785 0.01071598 0.00617000
v 0.00508915 0.01056906 0.00617000
v 0.00480868 0.01076642 0.00617000
v 0.00477926 0.01062388 0.00617000
v 0.00468509 0.01086938 0.00617000
v 0.00461203 0.01074662 0.00617000
v 0.00461359 0.01105172 0.00617000
v 0.00450079 0.01096586 0.00617000
v 0.00460870 0.01112299 0.00617000
v 0.00449713 0.01128590 0.00617000
v 0.00461734 0.01121737 0.00617000
v 0.00472836 0.01144700 0.00617000
v 0.00468555 0.01138933 0.00617000
v 0.00464620 0.01130922 0.00617000
v 0.00546940 0.01150675 0.00617000
v 0.00556938 0.01139602 0.00617000
v 0.00544353 0.01133466 0.00617000
v 0.00526809 0.01144152 0.00617000
v 0.00530391 0.01157761 0.00617000
v 0.00534278 0.01141371 0.00617000
v 0.00540039 0.01137958 0.00617000
v 0.00534109 0.01078871 0.00617000
v 0.00539407 0.01082848 0.00617000
v 0.00540722 0.01066404 0.00617000
v 0.00556640 0.01083016 0.00617000
v 0.00563550 0.01112341 0.00617000
v 0.00549920 0.01120152 0.00617000
v 0.00547750 0.01127425 0.00617000
v 0.00517440 0.01072662 0.00617000
v 0.00519361 0.01073054 0.00617000
v 0.00528368 0.01075811 0.00617000
v 0.00543953 0.01088088 0.00617000
v 0.00547581 0.01094687 0.00617000
v 0.00561786 0.01096746 0.00617000
v 0.00549883 0.01102708 0.00617000
v 0.00550699 0.01112088 0.00617000
v 0.00560601 0.01358991 0.00617000
v 0.00560601 0.01287870 0.00617000
v 0.00546781 0.01287870 0.00617000
v 0.00450000 0.01304681 0.00617000
v 0.00450000 0.01318501 0.00617000
v 0.00464441 0.01305976 0.00617000
v 0.00470064 0.01306933 0.00617000
v 0.00546781 0.01341211 0.00617000
v 0.00536042 0.01348874 0.00617000
v 0.00549351 0.01358991 0.00617000
v 0.00481727 0.01309484 0.00617000
v 0.00486320 0.01325135 0.00617000
v 0.00517508 0.01322761 0.00617000
v 0.00519099 0.01338851 0.00617000
v 0.00528447 0.01344109 0.00617000
v 0.00461061 0.01458897 0.00617000
v 0.00485434 0.01471572 0.00617000
v 0.00489100 0.01456741 0.00617000
v 0.00476771 0.01452359 0.00617000
v 0.00467949 0.01445196 0.00617000
v 0.00450612 0.01442463 0.00617000
v 0.00462577 0.01435716 0.00617000
v 0.00448020 0.01425773 0.00617000
v 0.00460870 0.01424340 0.00617000
v 0.00448744 0.01415065 0.00617000
v 0.00462103 0.01414576 0.00617000
v 0.00449816 0.01409562 0.00617000
v 0.00455309 0.01396701 0.00617000
v 0.00527441 0.01453792 0.00617000
v 0.00530896 0.01468580 0.00617000
v 0.00541818 0.01446238 0.00617000
v 0.00546383 0.01461244 0.00617000
v 0.00548704 0.01436412 0.00617000
v 0.00558805 0.01446816 0.00617000
v 0.00550699 0.01424719 0.00617000
v 0.00563531 0.01424099 0.00617000
v 0.00546485 0.01406976 0.00617000
v 0.00556766 0.01398849 0.00617000
v 0.00536660 0.01396226 0.00617000
v 0.00552447 0.01392546 0.00617000
v 0.00527989 0.01391982 0.00617000
v 0.00532863 0.01378487 0.00617000
v 0.00494910 0.01389415 0.00617000
v 0.00498205 0.01374192 0.00617000
v 0.00477267 0.01394889 0.00617000
v 0.00470159 0.01382831 0.00617000
v 0.00466969 0.01404067 0.00617000
v 0.00466053 0.01405506 0.00617000
v 0.00300000 0.01250000 0.02847000
v 0.00300000 0.01250000 0.00597000
v 0.00290622 0.01285000 0.00597000
v 0.00290622 0.01285000 0.02847000
v 0.00265000 0.01310622 0.00597000
v 0.00265000 0.01310622 0.02847000
v 0.00230000 0.01320000 0.00597000
v 0.00230000 0.01320000 0.02847000
v 0.00195000 0.01310622 0.00597000
v 0.00195000 0.01310622 0.02847000
v 0.00169378 0.01285000 0.00597000
v 0.00169378 0.01285000 0.02847000
v 0.00670000 0.02292890 0.02847000
v 0.00670000 0.02059229 0.02847000
v 0.00670000 0.01943614 0.02847000
v 0.00670000 0.01855426 0.02847000
v 0.00670000 0.01697109 0.02847000
v 0.00670000 0.01840771 0.02847000
v 0.00470000 0.02420000 0.02847000
v 0.00582532 0.02420000 0.02847000
v 0.00470000 0.00780000 0.02847000
v 0.00582532 0.00780000 0.02847000
v 0.00450000 0.01864350 0.02847000
v 0.00450000 0.01878549 0.02847000
v 0.00555065 0.01856219 0.02847000
v 0.00555065 0.01855426 0.02847000
v 0.00555065 0.01842060 0.02847000
v 0.00492063 0.01855426 0.02847000
v 0.00450000 0.02043781 0.02847000
v 0.00450000 0.02057940 0.02847000
v 0.00555065 0.02035650 0.02847000
v 0.00555065 0.02021451 0.02847000
v 0.00550000 0.01660000 0.02847000
v 0.00580000 0.01651962 0.02847000
v 0.00601962 0.01630000 0.02847000
v 0.00610000 0.01600000 0.02847000
v 0.00601962 0.01570000 0.02847000
v 0.00580000 0.01548039 0.02847000
v 0.00550000 0.01540000 0.02847000
v 0.00520000 0.01548039 0.02847000
v 0.00498038 0.01570000 0.02847000
v 0.00490000 0.01600000 0.02847000
v 0.00498038 0.01630000 0.02847000
v 0.00520000 0.01651962 0.02847000
v 0.00450000 0.02151622 0.02847000
v 0.00450000 0.02165781 0.02847000
v 0.00555065 0.02143451 0.02847000
v 0.00555065 0.02129292 0.02847000
v 0.00511357 0.02138533 0.02847000
v 0.00511357 0.02083958 0.02847000
v 0.00555065 0.02074757 0.02847000
v 0.00555065 0.02060518 0.02847000
v 0.00450000 0.02082808 0.02847000
v 0.00450000 0.02097007 0.02847000
v 0.00499300 0.02086536 0.02847000
v 0.00499300 0.02141072 0.02847000
v 0.00534599 0.01943158 0.02847000
v 0.00513697 0.01941810 0.02847000
v 0.00518813 0.01950694 0.02847000
v 0.00525516 0.01947298 0.02847000
v 0.00450000 0.01987580 0.02847000
v 0.00450000 0.02003087 0.02847000
v 0.00555065 0.02008680 0.02847000
v 0.00555065 0.01994719 0.02847000
v 0.00503068 0.01992537 0.02847000
v 0.00482840 0.01991665 0.02847000
v 0.00476375 0.01991348 0.02847000
v 0.00478879 0.01991432 0.02847000
v 0.00468601 0.01990554 0.02847000
v 0.00473767 0.01991115 0.02847000
v 0.00494818 0.01977347 0.02847000
v 0.00484417 0.01982672 0.02847000
v 0.00481824 0.01983974 0.02847000
v 0.00555065 0.01945062 0.02847000
v 0.00524969 0.01961256 0.02847000
v 0.00555065 0.01943614 0.02847000
v 0.00555065 0.01930586 0.02847000
v 0.00493628 0.01927968 0.02847000
v 0.00467689 0.01926421 0.02847000
v 0.00481833 0.01927334 0.02847000
v 0.00482164 0.01927355 0.02847000
v 0.00479191 0.01921543 0.02847000
v 0.00472429 0.01924487 0.02847000
v 0.00496087 0.01914284 0.02847000
v 0.00489290 0.01917274 0.02847000
v 0.00555065 0.01884419 0.02847000
v 0.00555065 0.01868792 0.02847000
v 0.00470000 0.01912111 0.02847000
v 0.00450000 0.01922296 0.02847000
v 0.00450000 0.01938954 0.02847000
v 0.00485180 0.01772969 0.02847000
v 0.00498892 0.01778567 0.02847000
v 0.00515601 0.01785938 0.02847000
v 0.00508073 0.01782563 0.02847000
v 0.00465825 0.01766583 0.02847000
v 0.00476707 0.01769969 0.02847000
v 0.00479792 0.01771010 0.02847000
v 0.00555065 0.01748458 0.02847000
v 0.00509887 0.01757645 0.02847000
v 0.00555065 0.01734219 0.02847000
v 0.00450000 0.01756549 0.02847000
v 0.00450000 0.01771065 0.02847000
v 0.00510881 0.01796449 0.02847000
v 0.00537693 0.01807673 0.02847000
v 0.00525447 0.01803028 0.02847000
v 0.00513975 0.01812432 0.02847000
v 0.00527217 0.01809235 0.02847000
v 0.00450000 0.01825323 0.02847000
v 0.00450000 0.01839482 0.02847000
v 0.00555065 0.01817192 0.02847000
v 0.00555065 0.01803826 0.02847000
v 0.00670000 0.01046397 0.00597000
v 0.00670000 0.01170844 0.00597000
v 0.00670000 0.01277989 0.00597000
v 0.00670000 0.01366225 0.00597000
v 0.00670000 0.01505786 0.00597000
v 0.00670000 0.02040000 0.00597000
v 0.00586914 0.02420000 0.00597000
v 0.00562560 0.02420000 0.00597000
v 0.00447940 0.02420000 0.00597000
v 0.00470000 0.02420000 0.00597000
v 0.00050000 0.02059229 0.02847000
v 0.00050000 0.02292890 0.02847000
v 0.00050000 0.02040000 0.00597000
v 0.00169378 0.01915000 0.00597000
v 0.00169378 0.01915000 0.02847000
v 0.00195000 0.01889378 0.00597000
v 0.00195000 0.01889378 0.02847000
v 0.00230000 0.01880000 0.00597000
v 0.00230000 0.01880000 0.02847000
v 0.00265000 0.01889378 0.00597000
v 0.00265000 0.01889378 0.02847000
v 0.00290622 0.01915000 0.00597000
v 0.00290622 0.01915000 0.02847000
v 0.00300000 0.01950000 0.00597000
v 0.00300000 0.01950000 0.02847000
v 0.00050000 0.01170844 0.00597000
v 0.00050000 0.01046397 0.00597000
v 0.00447940 0.00780000 0.00597000
v 0.00470000 0.00780000 0.00597000
v 0.00562560 0.00780000 0.00597000
v 0.00586914 0.00780000 0.00597000
v 0.00535573 0.01197030 0.00597000
v 0.00470000 0.01197030 0.00597000
v 0.00450000 0.01197030 0.00597000
v 0.00470000 0.01239389 0.00597000
v 0.00450000 0.01252309 0.00597000
v 0.00450000 0.01268109 0.00597000
v 0.00561570 0.01268109 0.00597000
v 0.00470000 0.01268109 0.00597000
v 0.00561570 0.01253320 0.00597000
v 0.00475912 0.01253320 0.00597000
v 0.00561570 0.01197957 0.00597000
v 0.00561570 0.01182199 0.00597000
v 0.00470000 0.01182199 0.00597000
v 0.00450000 0.01182199 0.00597000
v 0.00544801 0.00943259 0.00597000
v 0.00470000 0.00943259 0.00597000
v 0.00450000 0.00943259 0.00597000
v 0.00470000 0.00968459 0.00597000
v 0.00450000 0.00975196 0.00597000
v 0.00450000 0.00989143 0.00597000
v 0.00544801 0.01021248 0.00597000
v 0.00470000 0.00995916 0.00597000
v 0.00470000 0.01021248 0.00597000
v 0.00450000 0.01021248 0.00597000
v 0.00450000 0.01036079 0.00597000
v 0.00561570 0.01036079 0.00597000
v 0.00470000 0.01036079 0.00597000
v 0.00561570 0.01015560 0.00597000
v 0.00530709 0.01004952 0.00597000
v 0.00511147 0.00998231 0.00597000
v 0.00466516 0.00983244 0.00597000
v 0.00473295 0.00981016 0.00597000
v 0.00482948 0.00977809 0.00597000
v 0.00561570 0.00950970 0.00597000
v 0.00561570 0.00928428 0.00597000
v 0.00470000 0.00928428 0.00597000
v 0.00450000 0.00928428 0.00597000
v 0.00550000 0.01540000 0.00597000
v 0.00580000 0.01548039 0.00597000
v 0.00601962 0.01570000 0.00597000
v 0.00610000 0.01600000 0.00597000
v 0.00601962 0.01630000 0.00597000
v 0.00580000 0.01651962 0.00597000
v 0.00550000 0.01660000 0.00597000
v 0.00520000 0.01651962 0.00597000
v 0.00498038 0.01630000 0.00597000
v 0.00490000 0.01600000 0.00597000
v 0.00498038 0.01570000 0.00597000
v 0.00520000 0.01548039 0.00597000
v 0.00505785 0.01071598 0.00597000
v 0.00517440 0.01072662 0.00597000
v 0.00528368 0.01075811 0.00597000
v 0.00519361 0.01073054 0.00597000
v 0.00534109 0.01078871 0.00597000
v 0.00539407 0.01082848 0.00597000
v 0.00543953 0.01088088 0.00597000
v 0.00547581 0.01094687 0.00597000
v 0.00549883 0.01102708 0.00597000
v 0.00550699 0.01112088 0.00597000
v 0.00549920 0.01120152 0.00597000
v 0.00547750 0.01127425 0.00597000
v 0.00544353 0.01133466 0.00597000
v 0.00540039 0.01137958 0.00597000
v 0.00534278 0.01141371 0.00597000
v 0.00526809 0.01144152 0.00597000
v 0.00530391 0.01157761 0.00597000
v 0.00546940 0.01150675 0.00597000
v 0.00556938 0.01139602 0.00597000
v 0.00563550 0.01112341 0.00597000
v 0.00561786 0.01096746 0.00597000
v 0.00556640 0.01083016 0.00597000
v 0.00540722 0.01066404 0.00597000
v 0.00508915 0.01056906 0.00597000
v 0.00477926 0.01062388 0.00597000
v 0.00461203 0.01074662 0.00597000
v 0.00450079 0.01096586 0.00597000
v 0.00449713 0.01128590 0.00597000
v 0.00465547 0.01159489 0.00597000
v 0.00507260 0.01159489 0.00597000
v 0.00470000 0.01159489 0.00597000
v 0.00507260 0.01113100 0.00597000
v 0.00494409 0.01113100 0.00597000
v 0.00494409 0.01144700 0.00597000
v 0.00472836 0.01144700 0.00597000
v 0.00468555 0.01138933 0.00597000
v 0.00464620 0.01130922 0.00597000
v 0.00461734 0.01121737 0.00597000
v 0.00460870 0.01112299 0.00597000
v 0.00461359 0.01105172 0.00597000
v 0.00468509 0.01086938 0.00597000
v 0.00480868 0.01076642 0.00597000
v 0.00450000 0.01304681 0.00597000
v 0.00481727 0.01309484 0.00597000
v 0.00470064 0.01306933 0.00597000
v 0.00464441 0.01305976 0.00597000
v 0.00450000 0.01318501 0.00597000
v 0.00486320 0.01325135 0.00597000
v 0.00519099 0.01338851 0.00597000
v 0.00549351 0.01358991 0.00597000
v 0.00528447 0.01344109 0.00597000
v 0.00536042 0.01348874 0.00597000
v 0.00560601 0.01358991 0.00597000
v 0.00560601 0.01287870 0.00597000
v 0.00546781 0.01287870 0.00597000
v 0.00546781 0.01341211 0.00597000
v 0.00517508 0.01322761 0.00597000
v 0.00448020 0.01425773 0.00597000
v 0.00450612 0.01442463 0.00597000
v 0.00461061 0.01458897 0.00597000
v 0.00485434 0.01471572 0.00597000
v 0.00489100 0.01456741 0.00597000
v 0.00476771 0.01452359 0.00597000
v 0.00467949 0.01445196 0.00597000
v 0.00462577 0.01435716 0.00597000
v 0.00460870 0.01424340 0.00597000
v 0.00462103 0.01414576 0.00597000
v 0.00466053 0.01405506 0.00597000
v 0.00466969 0.01404067 0.00597000
v 0.00477267 0.01394889 0.00597000
v 0.00494910 0.01389415 0.00597000
v 0.00527989 0.01391982 0.00597000
v 0.00536660 0.01396226 0.00597000
v 0.00546485 0.01406976 0.00597000
v 0.00550699 0.01424719 0.00597000
v 0.00548704 0.01436412 0.00597000
v 0.00541818 0.01446238 0.00597000
v 0.00527441 0.01453792 0.00597000
v 0.00530896 0.01468580 0.00597000
v 0.00546383 0.01461244 0.00597000
v 0.00558805 0.01446816 0.00597000
v 0.00563531 0.01424099 0.00597000
v 0.00556766 0.01398849 0.00597000
v 0.00552447 0.01392546 0.00597000
v 0.00532863 0.01378487 0.00597000
v 0.00498205 0.01374192 0.00597000
v 0.00470159 0.01382831 0.00597000
v 0.00455309 0.01396701 0.00597000
v 0.00449816 0.01409562 0.00597000
v 0.00448744 0.01415065 0.00597000
v 0.00380000 0.01250000 0.00597000
v 0.00380000 0.01250000 0.02847000
v 0.00470000 0.01697109 0.02847000
v 0.00380000 0.01697109 0.02847000
v 0.00380000 0.01840771 0.02847000
v 0.00470000 0.01840771 0.02847000
v 0.00470000 0.01855426 0.02847000
v 0.00380000 0.01855426 0.02847000
v 0.00380000 0.01950000 0.02847000
v 0.00380000 0.01943614 0.02847000
v 0.00470000 0.01943614 0.02847000
v 0.00470000 0.02292890 0.02847000
v 0.00582532 0.01943614 0.02847000
v 0.00582532 0.01855426 0.02847000
v 0.00582532 0.01840771 0.02847000
v 0.00470000 0.02059229 0.02847000
v 0.00582532 0.02059229 0.02847000
v 0.00582532 0.01697109 0.02847000
v 0.00582532 0.02292890 0.02847000
v 0.00380000 0.01950000 0.00597000
v 0.00470000 0.01505786 0.00597000
v 0.00562560 0.02040000 0.00597000
v 0.00586914 0.02040000 0.00597000
v 0.00470000 0.01046397 0.00597000
v 0.00447940 0.02040000 0.00597000
v 0.00380000 0.01505786 0.00597000
v 0.00447940 0.01505786 0.00597000
v 0.00380000 0.01366225 0.00597000
v 0.00447940 0.01366225 0.00597000
v 0.00380000 0.01277989 0.00597000
v 0.00447940 0.01277989 0.00597000
v 0.00447940 0.01170844 0.00597000
v 0.00470000 0.01170844 0.00597000
v 0.00562560 0.01170844 0.00597000
v 0.00562560 0.01277989 0.00597000
v 0.00470000 0.01277989 0.00597000
v 0.00447940 0.01046397 0.00597000
v 0.00562560 0.01046397 0.00597000
v 0.00470000 0.02040000 0.00597000
v 0.00470000 0.01366225 0.00597000
v 0.00562560 0.01366225 0.00597000
v 0.00562560 0.01505786 0.00597000
v 0.00586914 0.01505786 0.00597000
v 0.00586914 0.01366225 0.00597000
v 0.00586914 0.01046397 0.00597000
v 0.00586914 0.01277989 0.00597000
v 0.00586914 0.01170844 0.00597000
v 0.01500000 -0.00377831 0.01447000
v 0.01500000 -0.00522169 0.01447000
v 0.01500000 -0.00305662 0.01322000
v 0.01500000 -0.00594338 0.01322000
v 0.01500000 -0.00377831 0.01197000
v 0.01500000 -0.00522169 0.01197000
v 0.01590000 -0.00522169 0.01447000
v 0.01590000 -0.00594338 0.01322000
v 0.01590000 -0.00522169 0.01197000
v 0.01590000 -0.00377831 0.01197000
v 0.01590000 -0.00305662 0.01322000
v 0.01590000 -0.00377831 0.01447000
v 0.01595000 -0.00595885 0.01322000
v 0.01598660 -0.00525056 0.01452000
v 0.01598660 -0.00600111 0.01322000
v 0.01600000 -0.00527942 0.01457000
v 0.01600000 -0.00605885 0.01322000
v 0.01592588 -0.00594731 0.01322000
v 0.01592588 -0.00522366 0.01447341
v 0.01595000 -0.00522942 0.01448340
v 0.01592588 -0.00522366 0.01196659
v 0.01595000 -0.00522942 0.01195660
v 0.01598660 -0.00525056 0.01192000
v 0.01600000 -0.00527942 0.01187000
v 0.01592588 -0.00377634 0.01196659
v 0.01595000 -0.00377058 0.01195660
v 0.01598660 -0.00374944 0.01192000
v 0.01600000 -0.00372058 0.01187000
v 0.01592588 -0.00305269 0.01322000
v 0.01595000 -0.00304115 0.01322000
v 0.01598660 -0.00299889 0.01322000
v 0.01600000 -0.00294115 0.01322000
v 0.01592588 -0.00377634 0.01447341
v 0.01595000 -0.00377058 0.01448340
v 0.01598660 -0.00374944 0.01452000
v 0.01600000 -0.00372058 0.01457000
v 0.01600000 -0.00186769 0.01261919
v 0.01600000 -0.00181248 0.01296074
v 0.01600000 -0.00180139 0.01330654
v 0.01600000 -0.00183461 0.01365092
v 0.01600000 -0.00274978 0.01116410
v 0.01600000 -0.00250125 0.01140479
v 0.01600000 -0.00716539 0.01365092
v 0.01600000 -0.00719861 0.01330654
v 0.01600000 -0.00191160 0.01398822
v 0.01600000 -0.00203109 0.01431292
v 0.01600000 -0.00219111 0.01461966
v 0.01600000 -0.00238905 0.01490342
v 0.01600000 -0.00262166 0.01515954
v 0.01600000 -0.00708840 0.01398822
v 0.01600000 -0.00228553 0.01167529
v 0.01600000 -0.00210618 0.01197115
v 0.01600000 -0.00196614 0.01228751
v 0.01600000 -0.00625022 0.01116410
v 0.01600000 -0.00597294 0.01095716
v 0.01600000 -0.00567149 0.01078738
v 0.01600000 -0.00535079 0.01065755
v 0.01600000 -0.00450000 0.01052000
v 0.01600000 -0.00467299 0.01052555
v 0.01600000 -0.00501613 0.01056979
v 0.01600000 -0.00432701 0.01052555
v 0.01600000 -0.00398387 0.01056979
v 0.01600000 -0.00364921 0.01065755
v 0.01600000 -0.00332851 0.01078738
v 0.01600000 -0.00302706 0.01095716
v 0.01600000 -0.00718752 0.01296074
v 0.01600000 -0.00713231 0.01261919
v 0.01600000 -0.00703386 0.01228751
v 0.01600000 -0.00637834 0.01515954
v 0.01600000 -0.00611490 0.01538382
v 0.01600000 -0.00582494 0.01557256
v 0.01600000 -0.00484527 0.01589783
v 0.01600000 -0.00518487 0.01583170
v 0.01600000 -0.00551322 0.01572268
v 0.01600000 -0.00689382 0.01197115
v 0.01600000 -0.00671447 0.01167529
v 0.01600000 -0.00649875 0.01140479
v 0.01600000 -0.00288510 0.01538382
v 0.01600000 -0.00317506 0.01557256
v 0.01600000 -0.00348678 0.01572268
v 0.01600000 -0.00381513 0.01583170
v 0.01600000 -0.00415473 0.01589783
v 0.01600000 -0.00450000 0.01592000
v 0.01600000 -0.00661094 0.01490342
v 0.01600000 -0.00680889 0.01461966
v 0.01600000 -0.00696891 0.01431292
v 0.01599382 -0.00467521 0.01049101
v 0.01599382 -0.00502274 0.01053582
v 0.01599382 -0.00536170 0.01062470
v 0.01599382 -0.00568650 0.01075620
v 0.01599382 -0.00599183 0.01092815
v 0.01599382 -0.00627265 0.01113774
v 0.01599382 -0.00652437 0.01138152
v 0.01599382 -0.00674285 0.01165548
v 0.01599382 -0.00692450 0.01195514
v 0.01599382 -0.00706635 0.01227556
v 0.01599382 -0.00716605 0.01261149
v 0.01599382 -0.00722198 0.01295741
v 0.01599382 -0.00723321 0.01330765
v 0.01599382 -0.00719956 0.01365644
v 0.01599382 -0.00712158 0.01399807
v 0.01599382 -0.00700056 0.01432693
v 0.01599382 -0.00683848 0.01463760
v 0.01599382 -0.00663801 0.01492500
v 0.01599382 -0.00640242 0.01518441
v 0.01599382 -0.00613560 0.01541155
v 0.01599382 -0.00584192 0.01560272
v 0.01599382 -0.00552621 0.01575476
v 0.01599382 -0.00519365 0.01586518
v 0.01599382 -0.00484969 0.01593216
v 0.01599382 -0.00450000 0.01595461
v 0.01599382 -0.00415031 0.01593216
v 0.01599382 -0.00380635 0.01586518
v 0.01599382 -0.00347379 0.01575476
v 0.01599382 -0.00315808 0.01560272
v 0.01599382 -0.00286440 0.01541155
v 0.01599382 -0.00259758 0.01518441
v 0.01599382 -0.00236199 0.01492500
v 0.01599382 -0.00216152 0.01463760
v 0.01599382 -0.00199944 0.01432693
v 0.01599382 -0.00187842 0.01399807
v 0.01599382 -0.00180044 0.01365644
v 0.01599382 -0.00176679 0.01330765
v 0.01599382 -0.00177802 0.01295741
v 0.01599382 -0.00183395 0.01261149
v 0.01599382 -0.00193365 0.01227556
v 0.01599382 -0.00207550 0.01195514
v 0.01599382 -0.00225715 0.01165548
v 0.01599382 -0.00247563 0.01138152
v 0.01599382 -0.00272735 0.01113774
v 0.01599382 -0.00300817 0.01092815
v 0.01599382 -0.00331350 0.01075620
v 0.01599382 -0.00363830 0.01062470
v 0.01599382 -0.00397726 0.01053582
v 0.01599382 -0.00432479 0.01049101
v 0.01590000 -0.00170000 0.01322000
v 0.01593461 -0.00170762 0.01330955
v 0.01590000 -0.00171294 0.01295114
v 0.01593461 -0.00171909 0.01295173
v 0.01590000 -0.00174500 0.01272004
v 0.01593461 -0.00177623 0.01259832
v 0.01590000 -0.00177020 0.01259694
v 0.01593461 -0.00187809 0.01225511
v 0.01593461 -0.00202300 0.01192775
v 0.01590000 -0.00187854 0.01223615
v 0.01590000 -0.00187229 0.01225298
v 0.01593461 -0.00220859 0.01162161
v 0.01590000 -0.00209634 0.01178388
v 0.01590000 -0.00201752 0.01192489
v 0.01590000 -0.00275423 0.01103087
v 0.01590000 -0.00268496 0.01108795
v 0.01593461 -0.00268897 0.01109266
v 0.01590000 -0.00242722 0.01133756
v 0.01593461 -0.00243180 0.01134171
v 0.01590000 -0.00239140 0.01137777
v 0.01590000 -0.00220352 0.01161807
v 0.01590000 -0.00297250 0.01087335
v 0.01593461 -0.00297587 0.01087853
v 0.01590000 -0.00317317 0.01075433
v 0.01593461 -0.00328781 0.01070286
v 0.01590000 -0.00328513 0.01069729
v 0.01593461 -0.00361964 0.01056851
v 0.01590000 -0.00361770 0.01056264
v 0.01590000 -0.00363475 0.01055704
v 0.01593461 -0.00396594 0.01047770
v 0.01590000 -0.00396476 0.01047163
v 0.01590000 -0.00412415 0.01044534
v 0.01593461 -0.00432100 0.01043192
v 0.01590000 -0.00432060 0.01042575
v 0.01590000 -0.00462562 0.01042282
v 0.01593461 -0.00467900 0.01043192
v 0.01590000 -0.00467940 0.01042575
v 0.01593461 -0.00503406 0.01047770
v 0.01590000 -0.00503524 0.01047163
v 0.01593461 -0.00602413 0.01087853
v 0.01590000 -0.00571487 0.01069729
v 0.01593461 -0.00571219 0.01070286
v 0.01590000 -0.00560047 0.01064532
v 0.01593461 -0.00538036 0.01056851
v 0.01590000 -0.00538230 0.01056264
v 0.01590000 -0.00512306 0.01049020
v 0.01593461 -0.00631103 0.01109266
v 0.01590000 -0.00604251 0.01088319
v 0.01590000 -0.00602750 0.01087335
v 0.01593461 -0.00656820 0.01134171
v 0.01590000 -0.00643498 0.01119617
v 0.01590000 -0.00631504 0.01108795
v 0.01590000 -0.00702271 0.01200513
v 0.01590000 -0.00698248 0.01192489
v 0.01593461 -0.00697700 0.01192775
v 0.01590000 -0.00679648 0.01161807
v 0.01593461 -0.00679141 0.01162161
v 0.01590000 -0.00676525 0.01157420
v 0.01590000 -0.00657278 0.01133756
v 0.01590000 -0.00712771 0.01225298
v 0.01593461 -0.00712191 0.01225511
v 0.01590000 -0.00719910 0.01247510
v 0.01593461 -0.00722377 0.01259832
v 0.01590000 -0.00722980 0.01259694
v 0.01593461 -0.00728091 0.01295173
v 0.01590000 -0.00728706 0.01295114
v 0.01590000 -0.00728873 0.01296901
v 0.01593461 -0.00729238 0.01330955
v 0.01590000 -0.00729856 0.01330974
v 0.01590000 -0.00728873 0.01347099
v 0.01593461 -0.00725801 0.01366589
v 0.01590000 -0.00726411 0.01366688
v 0.01590000 -0.00719910 0.01396490
v 0.01593461 -0.00717834 0.01401492
v 0.01590000 -0.00718427 0.01401668
v 0.01593461 -0.00705470 0.01435089
v 0.01590000 -0.00706036 0.01435339
v 0.01593461 -0.00644361 0.01522694
v 0.01590000 -0.00668913 0.01496577
v 0.01593461 -0.00668430 0.01496192
v 0.01590000 -0.00676525 0.01486580
v 0.01593461 -0.00688911 0.01466830
v 0.01590000 -0.00689440 0.01467150
v 0.01590000 -0.00702271 0.01443487
v 0.01593461 -0.00617101 0.01545900
v 0.01590000 -0.00643498 0.01524383
v 0.01590000 -0.00644791 0.01523138
v 0.01593461 -0.00587098 0.01565431
v 0.01590000 -0.00604251 0.01555680
v 0.01590000 -0.00617471 0.01546396
v 0.01590000 -0.00512306 0.01594980
v 0.01590000 -0.00521023 0.01592842
v 0.01593461 -0.00520867 0.01592245
v 0.01590000 -0.00555075 0.01581537
v 0.01593461 -0.00554843 0.01580964
v 0.01590000 -0.00560047 0.01579468
v 0.01590000 -0.00587401 0.01565969
v 0.01590000 -0.00485806 0.01599701
v 0.01593461 -0.00485727 0.01599088
v 0.01590000 -0.00462562 0.01601718
v 0.01593461 -0.00450000 0.01601382
v 0.01590000 -0.00450000 0.01602000
v 0.01593461 -0.00414273 0.01599088
v 0.01590000 -0.00414194 0.01599701
v 0.01590000 -0.00412415 0.01599466
v 0.01593461 -0.00379134 0.01592245
v 0.01590000 -0.00378977 0.01592842
v 0.01590000 -0.00363475 0.01588296
v 0.01593461 -0.00345157 0.01580964
v 0.01590000 -0.00344925 0.01581537
v 0.01590000 -0.00317317 0.01568567
v 0.01593461 -0.00312902 0.01565431
v 0.01590000 -0.00312599 0.01565969
v 0.01593461 -0.00282899 0.01545900
v 0.01590000 -0.00282529 0.01546396
v 0.01593461 -0.00211089 0.01466830
v 0.01590000 -0.00231087 0.01496577
v 0.01593461 -0.00231570 0.01496192
v 0.01590000 -0.00239140 0.01506223
v 0.01593461 -0.00255639 0.01522694
v 0.01590000 -0.00255209 0.01523138
v 0.01590000 -0.00275423 0.01540913
v 0.01593461 -0.00194530 0.01435089
v 0.01590000 -0.00209634 0.01465612
v 0.01590000 -0.00210560 0.01467150
v 0.01593461 -0.00182166 0.01401492
v 0.01590000 -0.00187854 0.01420385
v 0.01590000 -0.00193964 0.01435339
v 0.01590000 -0.00170144 0.01330974
v 0.01590000 -0.00173589 0.01366688
v 0.01593461 -0.00174199 0.01366589
v 0.01590000 -0.00174500 0.01371996
v 0.01590000 -0.00181573 0.01401668
v 0.01597071 -0.00450000 0.01599071
v 0.01597071 -0.00485431 0.01596796
v 0.01597071 -0.00520280 0.01590009
v 0.01597071 -0.00553976 0.01578822
v 0.01597071 -0.00585964 0.01563417
v 0.01597071 -0.00615719 0.01544049
v 0.01597071 -0.00642753 0.01521034
v 0.01597071 -0.00666623 0.01494751
v 0.01597071 -0.00686935 0.01465632
v 0.01597071 -0.00703357 0.01434154
v 0.01597071 -0.00715619 0.01400834
v 0.01597071 -0.00723520 0.01366221
v 0.01597071 -0.00726929 0.01330881
v 0.01597071 -0.00725791 0.01295395
v 0.01597071 -0.00720124 0.01260346
v 0.01597071 -0.00710022 0.01226309
v 0.01597071 -0.00695651 0.01193844
v 0.01597071 -0.00677246 0.01163483
v 0.01597071 -0.00655110 0.01135725
v 0.01597071 -0.00629605 0.01111025
v 0.01597071 -0.00601152 0.01089790
v 0.01597071 -0.00570217 0.01072368
v 0.01597071 -0.00537307 0.01059044
v 0.01597071 -0.00502965 0.01050038
v 0.01597071 -0.00467752 0.01045498
v 0.01597071 -0.00432248 0.01045498
v 0.01597071 -0.00397035 0.01050038
v 0.01597071 -0.00362693 0.01059044
v 0.01597071 -0.00329783 0.01072368
v 0.01597071 -0.00298848 0.01089790
v 0.01597071 -0.00270395 0.01111025
v 0.01597071 -0.00244890 0.01135725
v 0.01597071 -0.00222754 0.01163483
v 0.01597071 -0.00204349 0.01193844
v 0.01597071 -0.00189978 0.01226309
v 0.01597071 -0.00179876 0.01260346
v 0.01597071 -0.00174209 0.01295395
v 0.01597071 -0.00173071 0.01330881
v 0.01597071 -0.00176480 0.01366221
v 0.01597071 -0.00184381 0.01400834
v 0.01597071 -0.00196643 0.01434154
v 0.01597071 -0.00213065 0.01465632
v 0.01597071 -0.00233377 0.01494751
v 0.01597071 -0.00257246 0.01521034
v 0.01597071 -0.00284281 0.01544049
v 0.01597071 -0.00314036 0.01563417
v 0.01597071 -0.00346024 0.01578822
v 0.01597071 -0.00379720 0.01590009
v 0.01597071 -0.00414569 0.01596796
v 0.01350000 -0.00174500 0.01272004
v 0.01350000 -0.00170000 0.01322000
v 0.01350000 -0.00187854 0.01223615
v 0.01350000 -0.00209634 0.01178388
v 0.01350000 -0.00239140 0.01137777
v 0.01350000 -0.00275423 0.01103087
v 0.01350000 -0.00317317 0.01075433
v 0.01350000 -0.00363475 0.01055704
v 0.01350000 -0.00412415 0.01044534
v 0.01350000 -0.00462562 0.01042282
v 0.01350000 -0.00512306 0.01049020
v 0.01350000 -0.00560047 0.01064532
v 0.01350000 -0.00604251 0.01088319
v 0.01350000 -0.00643498 0.01119617
v 0.01350000 -0.00676525 0.01157420
v 0.01350000 -0.00702271 0.01200513
v 0.01350000 -0.00719910 0.01247510
v 0.01350000 -0.00728873 0.01296901
v 0.01350000 -0.00728873 0.01347099
v 0.01350000 -0.00719910 0.01396490
v 0.01350000 -0.00702271 0.01443487
v 0.01350000 -0.00676525 0.01486580
v 0.01350000 -0.00643498 0.01524383
v 0.01350000 -0.00604251 0.01555680
v 0.01350000 -0.00560047 0.01579468
v 0.01350000 -0.00512306 0.01594980
v 0.01350000 -0.00462562 0.01601718
v 0.01350000 -0.00412415 0.01599466
v 0.01350000 -0.00363475 0.01588296
v 0.01350000 -0.00317317 0.01568567
v 0.01350000 -0.00275423 0.01540913
v 0.01350000 -0.00239140 0.01506223
v 0.01350000 -0.00209634 0.01465612
v 0.01350000 -0.00187854 0.01420385
v 0.01350000 -0.00174500 0.01371996
v 0.00750000 -0.00300000 0.01322000
v 0.00750000 -0.00304359 0.01286103
v 0.00750000 -0.00450000 0.01322000
v 0.00750000 -0.00304359 0.01357897
v 0.00750000 -0.00364790 0.01445448
v 0.00750000 -0.00337723 0.01421468
v 0.00750000 -0.00317182 0.01391708
v 0.00750000 -0.00468080 0.01470906
v 0.00750000 -0.00431920 0.01470906
v 0.00750000 -0.00396809 0.01462252
v 0.00750000 -0.00562277 0.01421468
v 0.00750000 -0.00535210 0.01445448
v 0.00750000 -0.00503191 0.01462252
v 0.00750000 -0.00600000 0.01322000
v 0.00750000 -0.00595641 0.01357897
v 0.00750000 -0.00582818 0.01391708
v 0.00750000 -0.00562277 0.01222532
v 0.00750000 -0.00582818 0.01252292
v 0.00750000 -0.00595641 0.01286103
v 0.00750000 -0.00468080 0.01173094
v 0.00750000 -0.00503191 0.01181748
v 0.00750000 -0.00535210 0.01198552
v 0.00750000 -0.00364790 0.01198552
v 0.00750000 -0.00396809 0.01181748
v 0.00750000 -0.00431920 0.01173094
v 0.00750000 -0.00317182 0.01252292
v 0.00750000 -0.00337723 0.01222532
v 0.01350000 -0.00562277 0.01222532
v 0.01350000 -0.00582818 0.01252292
v 0.01350000 -0.00595641 0.01286103
v 0.01350000 -0.00468080 0.01173094
v 0.01350000 -0.00503191 0.01181748
v 0.01350000 -0.00535210 0.01198552
v 0.01350000 -0.00396809 0.01462252
v 0.01350000 -0.00364790 0.01445448
v 0.01350000 -0.00337723 0.01421468
v 0.01350000 -0.00317182 0.01391708
v 0.01350000 -0.00364790 0.01198552
v 0.01350000 -0.00396809 0.01181748
v 0.01350000 -0.00431920 0.01173094
v 0.01350000 -0.00304359 0.01286103
v 0.01350000 -0.00317182 0.01252292
v 0.01350000 -0.00337723 0.01222532
v 0.01350000 -0.00304359 0.01357897
v 0.01350000 -0.00300000 0.01322000
v 0.01350000 -0.00503191 0.01462252
v 0.01350000 -0.00468080 0.01470906
v 0.01350000 -0.00431920 0.01470906
v 0.01350000 -0.00582818 0.01391708
v 0.01350000 -0.00562277 0.01421468
v 0.01350000 -0.00535210 0.01445448
v 0.01350000 -0.00600000 0.01322000
v 0.01350000 -0.00595641 0.01357897
v 0.01080000 0.00956699 0.01397000
v 0.01080000 0.01043301 0.01397000
v 0.01180000 0.00956699 0.01397000
v 0.01180000 0.01043301 0.01397000
v 0.01080000 0.00913398 0.01322000
v 0.01180000 0.00913398 0.01322000
v 0.01080000 0.00956699 0.01247000
v 0.01180000 0.00956699 0.01247000
v 0.01080000 0.01043301 0.01247000
v 0.01180000 0.01043301 0.01247000
v 0.01080000 0.01086603 0.01322000
v 0.01180000 0.01086603 0.01322000
v 0.00480000 0.00943525 0.01372033
v 0.00480000 0.01056475 0.01271967
v 0.00480000 0.01042860 0.01259906
v 0.00480000 0.00957139 0.01384094
v 0.00480000 0.00973245 0.01392547
v 0.00480000 0.00990906 0.01396900
v 0.00480000 0.01026755 0.01251453
v 0.00480000 0.01009095 0.01247100
v 0.00480000 0.00990906 0.01247100
v 0.00480000 0.01009095 0.01396900
v 0.00480000 0.01026755 0.01392547
v 0.00480000 0.01042860 0.01384094
v 0.00480000 0.00973245 0.01251453
v 0.00480000 0.00957139 0.01259906
v 0.00480000 0.00943525 0.01271967
v 0.00480000 0.01056475 0.01372033
v 0.00480000 0.01066808 0.01357063
v 0.00480000 0.01073258 0.01340056
v 0.00480000 0.00926742 0.01303944
v 0.00480000 0.00924550 0.01322000
v 0.00480000 0.00926742 0.01340056
v 0.00480000 0.00933192 0.01286937
v 0.00480000 0.00933192 0.01357063
v 0.00480000 0.01075450 0.01322000
v 0.00480000 0.01073258 0.01303944
v 0.00480000 0.01066808 0.01286937
v 0.00504550 0.01100000 0.01322000
v 0.00504550 0.01097094 0.01298068
v 0.00504550 0.01088546 0.01275528
v 0.00504550 0.01074851 0.01255688
v 0.00504550 0.01056806 0.01239702
v 0.00504550 0.01035460 0.01228498
v 0.00504550 0.01012054 0.01222729
v 0.00504550 0.00987946 0.01222729
v 0.00504550 0.00964539 0.01228498
v 0.00504550 0.00943193 0.01239702
v 0.00504550 0.00925149 0.01255688
v 0.00504550 0.00911454 0.01275528
v 0.00504550 0.00902906 0.01298068
v 0.00504550 0.00900000 0.01322000
v 0.00504550 0.00902906 0.01345932
v 0.00504550 0.00911454 0.01368472
v 0.00504550 0.00925149 0.01388312
v 0.00504550 0.00943193 0.01404298
v 0.00504550 0.00964539 0.01415502
v 0.00504550 0.00987946 0.01421271
v 0.00504550 0.01012054 0.01421271
v 0.00504550 0.01035460 0.01415502
v 0.00504550 0.01056806 0.01404298
v 0.00504550 0.01074851 0.01388312
v 0.00504550 0.01088546 0.01368472
v 0.00504550 0.01097094 0.01345932
v 0.00980000 0.00900000 0.01322000
v 0.00980000 0.00902906 0.01345932
v 0.00980000 0.00911454 0.01368472
v 0.00980000 0.00925149 0.01388312
v 0.00980000 0.00943193 0.01404298
v 0.00980000 0.00964539 0.01415502
v 0.00980000 0.00987946 0.01421271
v 0.00980000 0.01012054 0.01421271
v 0.00980000 0.01035460 0.01415502
v 0.00980000 0.01056806 0.01404298
v 0.00980000 0.01074851 0.01388312
v 0.00980000 0.01088546 0.01368472
v 0.00980000 0.01097094 0.01345932
v 0.00980000 0.01100000 0.01322000
v 0.00980000 0.01097094 0.01298068
v 0.00980000 0.01088546 0.01275528
v 0.00980000 0.01074851 0.01255688
v 0.00980000 0.01056806 0.01239702
v 0.00980000 0.01035460 0.01228498
v 0.00980000 0.01012054 0.01222729
v 0.00980000 0.00987946 0.01222729
v 0.00980000 0.00964539 0.01228498
v 0.00980000 0.00943193 0.01239702
v 0.00980000 0.00925149 0.01255688
v 0.00980000 0.00911454 0.01275528
v 0.00980000 0.00902906 0.01298068
v 0.00980000 0.00821458 0.01257016
v 0.00980000 0.00812887 0.01289007
v 0.00980000 0.00810000 0.01322000
v 0.00980000 0.01000000 0.01132000
v 0.00980000 0.00967007 0.01134886
v 0.00980000 0.00935016 0.01143458
v 0.00980000 0.00905000 0.01157455
v 0.00980000 0.00877870 0.01176452
v 0.00980000 0.00854452 0.01199870
v 0.00980000 0.00835455 0.01227000
v 0.00980000 0.01122130 0.01176452
v 0.00980000 0.01095000 0.01157455
v 0.00980000 0.01064984 0.01143458
v 0.00980000 0.01032993 0.01134886
v 0.00980000 0.01178542 0.01386984
v 0.00980000 0.01187113 0.01354993
v 0.00980000 0.01190000 0.01322000
v 0.00980000 0.00877870 0.01467548
v 0.00980000 0.00905000 0.01486545
v 0.00980000 0.00935016 0.01500542
v 0.00980000 0.01187113 0.01289007
v 0.00980000 0.01178542 0.01257016
v 0.00980000 0.01164545 0.01227000
v 0.00980000 0.01145548 0.01199870
v 0.00980000 0.00812887 0.01354993
v 0.00980000 0.00821458 0.01386984
v 0.00980000 0.00835455 0.01417000
v 0.00980000 0.00854452 0.01444130
v 0.00980000 0.01122130 0.01467548
v 0.00980000 0.01145548 0.01444130
v 0.00980000 0.01164545 0.01417000
v 0.00980000 0.00967007 0.01509114
v 0.00980000 0.01000000 0.01512000
v 0.00980000 0.01032993 0.01509114
v 0.00980000 0.01064984 0.01500542
v 0.00980000 0.01095000 0.01486545
v 0.01180000 0.01170000 0.01322000
v 0.01160000 0.01190000 0.01322000
v 0.01160000 0.01187113 0.01354993
v 0.01180000 0.01167417 0.01351520
v 0.01160000 0.01178542 0.01386984
v 0.01180000 0.01159748 0.01380143
v 0.01160000 0.01164545 0.01417000
v 0.01180000 0.01147224 0.01407000
v 0.01160000 0.01145548 0.01444130
v 0.01180000 0.01130228 0.01431274
v 0.01160000 0.01122130 0.01467548
v 0.01180000 0.01109274 0.01452228
v 0.01160000 0.01095000 0.01486545
v 0.01180000 0.01085000 0.01469224
v 0.01160000 0.01064984 0.01500542
v 0.01180000 0.01058143 0.01481748
v 0.01160000 0.01032993 0.01509114
v 0.01180000 0.01029520 0.01489417
v 0.01160000 0.01000000 0.01512000
v 0.01180000 0.01000000 0.01492000
v 0.01160000 0.00967007 0.01509114
v 0.01180000 0.00970480 0.01489417
v 0.01160000 0.00935016 0.01500542
v 0.01180000 0.00941857 0.01481748
v 0.01160000 0.00905000 0.01486545
v 0.01180000 0.00915000 0.01469224
v 0.01160000 0.00877870 0.01467548
v 0.01180000 0.00890726 0.01452228
v 0.01160000 0.00854452 0.01444130
v 0.01180000 0.00869772 0.01431274
v 0.01160000 0.00835455 0.01417000
v 0.01180000 0.00852776 0.01407000
v 0.01160000 0.00821458 0.01386984
v 0.01180000 0.00840252 0.01380143
v 0.01160000 0.00812887 0.01354993
v 0.01180000 0.00832583 0.01351520
v 0.01160000 0.00810000 0.01322000
v 0.01180000 0.00830000 0.01322000
v 0.01160000 0.01187113 0.01289007
v 0.01160000 0.01178542 0.01257016
v 0.01160000 0.01164545 0.01227000
v 0.01160000 0.01145548 0.01199870
v 0.01160000 0.01122130 0.01176452
v 0.01160000 0.01095000 0.01157455
v 0.01160000 0.01064984 0.01143458
v 0.01160000 0.01032993 0.01134886
v 0.01160000 0.01000000 0.01132000
v 0.01160000 0.00967007 0.01134886
v 0.01160000 0.00935016 0.01143458
v 0.01160000 0.00905000 0.01157455
v 0.01160000 0.00877870 0.01176452
v 0.01160000 0.00854452 0.01199870
v 0.01160000 0.00835455 0.01227000
v 0.01160000 0.00821458 0.01257016
v 0.01160000 0.00812887 0.01289007
v 0.01180000 0.00832583 0.01292480
v 0.01180000 0.00840252 0.01263857
v 0.01180000 0.00852776 0.01237000
v 0.01180000 0.00869772 0.01212726
v 0.01180000 0.00890726 0.01191772
v 0.01180000 0.00915000 0.01174776
v 0.01180000 0.00941857 0.01162252
v 0.01180000 0.00970480 0.01154583
v 0.01180000 0.01000000 0.01152000
v 0.01180000 0.01029520 0.01154583
v 0.01180000 0.01058143 0.01162252
v 0.01180000 0.01085000 0.01174776
v 0.01180000 0.01109274 0.01191772
v 0.01180000 0.01130228 0.01212726
v 0.01180000 0.01147224 0.01237000
v 0.01180000 0.01159748 0.01263857
v 0.01180000 0.01167417 0.01292480
v 0.01500000 0.00522169 0.01447000
v 0.01500000 0.00377831 0.01447000
v 0.01500000 0.00594338 0.01322000
v 0.01500000 0.00305662 0.01322000
v 0.01500000 0.00522169 0.01197000
v 0.01500000 0.00377831 0.01197000
v 0.01590000 0.00377831 0.01447000
v 0.01590000 0.00305662 0.01322000
v 0.01590000 0.00377831 0.01197000
v 0.01590000 0.00522169 0.01197000
v 0.01590000 0.00594338 0.01322000
v 0.01590000 0.00522169 0.01447000
v 0.01595000 0.00304115 0.01322000
v 0.01598660 0.00374944 0.01452000
v 0.01598660 0.00299889 0.01322000
v 0.01600000 0.00372058 0.01457000
v 0.01600000 0.00294115 0.01322000
v 0.01592588 0.00305269 0.01322000
v 0.01592588 0.00377634 0.01447341
v 0.01595000 0.00377058 0.01448340
v 0.01592588 0.00377634 0.01196659
v 0.01595000 0.00377058 0.01195660
v 0.01598660 0.00374944 0.01192000
v 0.01600000 0.00372058 0.01187000
v 0.01592588 0.00522366 0.01196659
v 0.01595000 0.00522942 0.01195660
v 0.01598660 0.00525056 0.01192000
v 0.01600000 0.00527942 0.01187000
v 0.01592588 0.00594731 0.01322000
v 0.01595000 0.00595885 0.01322000
v 0.01598660 0.00600111 0.01322000
v 0.01600000 0.00605885 0.01322000
v 0.01592588 0.00522366 0.01447341
v 0.01595000 0.00522942 0.01448340
v 0.01598660 0.00525056 0.01452000
v 0.01600000 0.00527942 0.01457000
v 0.01600000 0.00713231 0.01261919
v 0.01600000 0.00718752 0.01296074
v 0.01600000 0.00719861 0.01330654
v 0.01600000 0.00716539 0.01365092
v 0.01600000 0.00625022 0.01116410
v 0.01600000 0.00649875 0.01140479
v 0.01600000 0.00183461 0.01365092
v 0.01600000 0.00180139 0.01330654
v 0.01600000 0.00708840 0.01398822
v 0.01600000 0.00696891 0.01431292
v 0.01600000 0.00680889 0.01461966
v 0.01600000 0.00661094 0.01490342
v 0.01600000 0.00637834 0.01515954
v 0.01600000 0.00191160 0.01398822
v 0.01600000 0.00671447 0.01167529
v 0.01600000 0.00689382 0.01197115
v 0.01600000 0.00703386 0.01228751
v 0.01600000 0.00274978 0.01116410
v 0.01600000 0.00302706 0.01095716
v 0.01600000 0.00332851 0.01078738
v 0.01600000 0.00364921 0.01065755
v 0.01600000 0.00450000 0.01052000
v 0.01600000 0.00432701 0.01052555
v 0.01600000 0.00398387 0.01056979
v 0.01600000 0.00467299 0.01052555
v 0.01600000 0.00501613 0.01056979
v 0.01600000 0.00535079 0.01065755
v 0.01600000 0.00567149 0.01078738
v 0.01600000 0.00597294 0.01095716
v 0.01600000 0.00181248 0.01296074
v 0.01600000 0.00186769 0.01261919
v 0.01600000 0.00196614 0.01228751
v 0.01600000 0.00262166 0.01515954
v 0.01600000 0.00288510 0.01538382
v 0.01600000 0.00317506 0.01557256
v 0.01600000 0.00415473 0.01589783
v 0.01600000 0.00381513 0.01583170
v 0.01600000 0.00348678 0.01572268
v 0.01600000 0.00210618 0.01197115
v 0.01600000 0.00228553 0.01167529
v 0.01600000 0.00250125 0.01140479
v 0.01600000 0.00611490 0.01538382
v 0.01600000 0.00582494 0.01557256
v 0.01600000 0.00551322 0.01572268
v 0.01600000 0.00518487 0.01583170
v 0.01600000 0.00484527 0.01589783
v 0.01600000 0.00450000 0.01592000
v 0.01600000 0.00238905 0.01490342
v 0.01600000 0.00219111 0.01461966
v 0.01600000 0.00203109 0.01431292
v 0.01599382 0.00432479 0.01049101
v 0.01599382 0.00397726 0.01053582
v 0.01599382 0.00363830 0.01062470
v 0.01599382 0.00331350 0.01075620
v 0.01599382 0.00300817 0.01092815
v 0.01599382 0.00272735 0.01113774
v 0.01599382 0.00247563 0.01138152
v 0.01599382 0.00225715 0.01165548
v 0.01599382 0.00207550 0.01195514
v 0.01599382 0.00193365 0.01227556
v 0.01599382 0.00183395 0.01261149
v 0.01599382 0.00177802 0.01295741
v 0.01599382 0.00176679 0.01330765
v 0.01599382 0.00180044 0.01365644
v 0.01599382 0.00187842 0.01399807
v 0.01599382 0.00199944 0.01432693
v 0.01599382 0.00216152 0.01463760
v 0.01599382 0.00236199 0.01492500
v 0.01599382 0.00259758 0.01518441
v 0.01599382 0.00286440 0.01541155
v 0.01599382 0.00315808 0.01560272
v 0.01599382 0.00347379 0.01575476
v 0.01599382 0.00380635 0.01586518
v 0.01599382 0.00415031 0.01593216
v 0.01599382 0.00450000 0.01595461
v 0.01599382 0.00484969 0.01593216
v 0.01599382 0.00519365 0.01586518
v 0.01599382 0.00552621 0.01575476
v 0.01599382 0.00584192 0.01560272
v 0.01599382 0.00613560 0.01541155
v 0.01599382 0.00640242 0.01518441
v 0.01599382 0.00663801 0.01492500
v 0.01599382 0.00683848 0.01463760
v 0.01599382 0.00700056 0.01432693
v 0.01599382 0.00712158 0.01399807
v 0.01599382 0.00719956 0.01365644
v 0.01599382 0.00723321 0.01330765
v 0.01599382 0.00722198 0.01295741
v 0.01599382 0.00716605 0.01261149
v 0.01599382 0.00706635 0.01227556
v 0.01599382 0.00692450 0.01195514
v 0.01599382 0.00674285 0.01165548
v 0.01599382 0.00652437 0.01138152
v 0.01599382 0.00627265 0.01113774
v 0.01599382 0.00599183 0.01092815
v 0.01599382 0.00568650 0.01075620
v 0.01599382 0.00536170 0.01062470
v 0.01599382 0.00502274 0.01053582
v 0.01599382 0.00467521 0.01049101
v 0.01590000 0.00730000 0.01322000
v 0.01593461 0.00729238 0.01330955
v 0.01590000 0.00728706 0.01295114
v 0.01593461 0.00728091 0.01295173
v 0.01590000 0.00725500 0.01272004
v 0.01593461 0.00722377 0.01259832
v 0.01590000 0.00722980 0.01259694
v 0.01593461 0.00712191 0.01225511
v 0.01593461 0.00697700 0.01192775
v 0.01590000 0.00712146 0.01223615
v 0.01590000 0.00712771 0.01225298
v 0.01593461 0.00679141 0.01162161
v 0.01590000 0.00690366 0.01178388
v 0.01590000 0.00698248 0.01192489
v 0.01590000 0.00624577 0.01103087
v 0.01590000 0.00631504 0.01108795
v 0.01593461 0.00631103 0.01109266
v 0.01590000 0.00657278 0.01133756
v 0.01593461 0.00656820 0.01134171
v 0.01590000 0.00660860 0.01137777
v 0.01590000 0.00679648 0.01161807
v 0.01590000 0.00602750 0.01087335
v 0.01593461 0.00602413 0.01087853
v 0.01590000 0.00582683 0.01075433
v 0.01593461 0.00571219 0.01070286
v 0.01590000 0.00571487 0.01069729
v 0.01593461 0.00538036 0.01056851
v 0.01590000 0.00538230 0.01056264
v 0.01590000 0.00536525 0.01055704
v 0.01593461 0.00503406 0.01047770
v 0.01590000 0.00503524 0.01047163
v 0.01590000 0.00487585 0.01044534
v 0.01593461 0.00467900 0.01043192
v 0.01590000 0.00467940 0.01042575
v 0.01590000 0.00437438 0.01042282
v 0.01593461 0.00432100 0.01043192
v 0.01590000 0.00432060 0.01042575
v 0.01593461 0.00396594 0.01047770
v 0.01590000 0.00396476 0.01047163
v 0.01593461 0.00297587 0.01087853
v 0.01590000 0.00328513 0.01069729
v 0.01593461 0.00328781 0.01070286
v 0.01590000 0.00339953 0.01064532
v 0.01593461 0.00361964 0.01056851
v 0.01590000 0.00361770 0.01056264
v 0.01590000 0.00387694 0.01049020
v 0.01593461 0.00268897 0.01109266
v 0.01590000 0.00295749 0.01088319
v 0.01590000 0.00297250 0.01087335
v 0.01593461 0.00243180 0.01134171
v 0.01590000 0.00256502 0.01119617
v 0.01590000 0.00268496 0.01108795
v 0.01590000 0.00197729 0.01200513
v 0.01590000 0.00201752 0.01192489
v 0.01593461 0.00202300 0.01192775
v 0.01590000 0.00220352 0.01161807
v 0.01593461 0.00220859 0.01162161
v 0.01590000 0.00223475 0.01157420
v 0.01590000 0.00242722 0.01133756
v 0.01590000 0.00187229 0.01225298
v 0.01593461 0.00187809 0.01225511
v 0.01590000 0.00180090 0.01247510
v 0.01593461 0.00177623 0.01259832
v 0.01590000 0.00177020 0.01259694
v 0.01593461 0.00171909 0.01295173
v 0.01590000 0.00171294 0.01295114
v 0.01590000 0.00171127 0.01296901
v 0.01593461 0.00170762 0.01330955
v 0.01590000 0.00170144 0.01330974
v 0.01590000 0.00171127 0.01347099
v 0.01593461 0.00174199 0.01366589
v 0.01590000 0.00173589 0.01366688
v 0.01590000 0.00180090 0.01396490
v 0.01593461 0.00182166 0.01401492
v 0.01590000 0.00181573 0.01401668
v 0.01593461 0.00194530 0.01435089
v 0.01590000 0.00193964 0.01435339
v 0.01593461 0.00255639 0.01522694
v 0.01590000 0.00231087 0.01496577
v 0.01593461 0.00231570 0.01496192
v 0.01590000 0.00223475 0.01486580
v 0.01593461 0.00211089 0.01466830
v 0.01590000 0.00210560 0.01467150
v 0.01590000 0.00197729 0.01443487
v 0.01593461 0.00282899 0.01545900
v 0.01590000 0.00256502 0.01524383
v 0.01590000 0.00255209 0.01523138
v 0.01593461 0.00312902 0.01565431
v 0.01590000 0.00295749 0.01555680
v 0.01590000 0.00282529 0.01546396
v 0.01590000 0.00387694 0.01594980
v 0.01590000 0.00378977 0.01592842
v 0.01593461 0.00379134 0.01592245
v 0.01590000 0.00344925 0.01581537
v 0.01593461 0.00345157 0.01580964
v 0.01590000 0.00339953 0.01579468
v 0.01590000 0.00312599 0.01565969
v 0.01590000 0.00414194 0.01599701
v 0.01593461 0.00414273 0.01599088
v 0.01590000 0.00437438 0.01601718
v 0.01593461 0.00450000 0.01601382
v 0.01590000 0.00450000 0.01602000
v 0.01593461 0.00485727 0.01599088
v 0.01590000 0.00485806 0.01599701
v 0.01590000 0.00487585 0.01599466
v 0.01593461 0.00520867 0.01592245
v 0.01590000 0.00521023 0.01592842
v 0.01590000 0.00536525 0.01588296
v 0.01593461 0.00554843 0.01580964
v 0.01590000 0.00555075 0.01581537
v 0.01590000 0.00582683 0.01568567
v 0.01593461 0.00587098 0.01565431
v 0.01590000 0.00587401 0.01565969
v 0.01593461 0.00617101 0.01545900
v 0.01590000 0.00617471 0.01546396
v 0.01593461 0.00688911 0.01466830
v 0.01590000 0.00668913 0.01496577
v 0.01593461 0.00668430 0.01496192
v 0.01590000 0.00660860 0.01506223
v 0.01593461 0.00644361 0.01522694
v 0.01590000 0.00644791 0.01523138
v 0.01590000 0.00624577 0.01540913
v 0.01593461 0.00705470 0.01435089
v 0.01590000 0.00690366 0.01465612
v 0.01590000 0.00689440 0.01467150
v 0.01593461 0.00717834 0.01401492
v 0.01590000 0.00712146 0.01420385
v 0.01590000 0.00706036 0.01435339
v 0.01590000 0.00729856 0.01330974
v 0.01590000 0.00726411 0.01366688
v 0.01593461 0.00725801 0.01366589
v 0.01590000 0.00725500 0.01371996
v 0.01590000 0.00718427 0.01401668
v 0.01597071 0.00450000 0.01599071
v 0.01597071 0.00414569 0.01596796
v 0.01597071 0.00379720 0.01590009
v 0.01597071 0.00346024 0.01578822
v 0.01597071 0.00314036 0.01563417
v 0.01597071 0.00284281 0.01544049
v 0.01597071 0.00257246 0.01521034
v 0.01597071 0.00233377 0.01494751
v 0.01597071 0.00213065 0.01465632
v 0.01597071 0.00196643 0.01434154
v 0.01597071 0.00184381 0.01400834
v 0.01597071 0.00176480 0.01366221
v 0.01597071 0.00173071 0.01330881
v 0.01597071 0.00174209 0.01295395
v 0.01597071 0.00179876 0.01260346
v 0.01597071 0.00189978 0.01226309
v 0.01597071 0.00204349 0.01193844
v 0.01597071 0.00222754 0.01163483
v 0.01597071 0.00244890 0.01135725
v 0.01597071 0.00270395 0.01111025
v 0.01597071 0.00298848 0.01089790
v 0.01597071 0.00329783 0.01072368
v 0.01597071 0.00362693 0.01059044
v 0.01597071 0.00397035 0.01050038
v 0.01597071 0.00432248 0.01045498
v 0.01597071 0.00467752 0.01045498
v 0.01597071 0.00502965 0.01050038
v 0.01597071 0.00537307 0.01059044
v 0.01597071 0.00570217 0.01072368
v 0.01597071 0.00601152 0.01089790
v 0.01597071 0.00629605 0.01111025
v 0.01597071 0.00655110 0.01135725
v 0.01597071 0.00677246 0.01163483
v 0.01597071 0.00695651 0.01193844
v 0.01597071 0.00710022 0.01226309
v 0.01597071 0.00720124 0.01260346
v 0.01597071 0.00725791 0.01295395
v 0.01597071 0.00726929 0.01330881
v 0.01597071 0.00723520 0.01366221
v 0.01597071 0.00715619 0.01400834
v 0.01597071 0.00703357 0.01434154
v 0.01597071 0.00686935 0.01465632
v 0.01597071 0.00666623 0.01494751
v 0.01597071 0.00642753 0.01521034
v 0.01597071 0.00615719 0.01544049
v 0.01597071 0.00585964 0.01563417
v 0.01597071 0.00553976 0.01578822
v 0.01597071 0.00520280 0.01590009
v 0.01597071 0.00485431 0.01596796
v 0.01350000 0.00725500 0.01272004
v 0.01350000 0.00730000 0.01322000
v 0.01350000 0.00712146 0.01223615
v 0.01350000 0.00690366 0.01178388
v 0.01350000 0.00660860 0.01137777
v 0.01350000 0.00624577 0.01103087
v 0.01350000 0.00582683 0.01075433
v 0.01350000 0.00536525 0.01055704
v 0.01350000 0.00487585 0.01044534
v 0.01350000 0.00437438 0.01042282
v 0.01350000 0.00387694 0.01049020
v 0.01350000 0.00339953 0.01064532
v 0.01350000 0.00295749 0.01088319
v 0.01350000 0.00256502 0.01119617
v 0.01350000 0.00223475 0.01157420
v 0.01350000 0.00197729 0.01200513
v 0.01350000 0.00180090 0.01247510
v 0.01350000 0.00171127 0.01296901
v 0.01350000 0.00171127 0.01347099
v 0.01350000 0.00180090 0.01396490
v 0.01350000 0.00197729 0.01443487
v 0.01350000 0.00223475 0.01486580
v 0.01350000 0.00256502 0.01524383
v 0.01350000 0.00295749 0.01555680
v 0.01350000 0.00339953 0.01579468
v 0.01350000 0.00387694 0.01594980
v 0.01350000 0.00437438 0.01601718
v 0.01350000 0.00487585 0.01599466
v 0.01350000 0.00536525 0.01588296
v 0.01350000 0.00582683 0.01568567
v 0.01350000 0.00624577 0.01540913
v 0.01350000 0.00660860 0.01506223
v 0.01350000 0.00690366 0.01465612
v 0.01350000 0.00712146 0.01420385
v 0.01350000 0.00725500 0.01371996
v 0.00750000 0.00600000 0.01322000
v 0.00750000 0.00595641 0.01286103
v 0.00750000 0.00450000 0.01322000
v 0.00750000 0.00595641 0.01357897
v 0.00750000 0.00535210 0.01445448
v 0.00750000 0.00562277 0.01421468
v 0.00750000 0.00582818 0.01391708
v 0.00750000 0.00431920 0.01470906
v 0.00750000 0.00468080 0.01470906
v 0.00750000 0.00503191 0.01462252
v 0.00750000 0.00337723 0.01421468
v 0.00750000 0.00364790 0.01445448
v 0.00750000 0.00396809 0.01462252
v 0.00750000 0.00300000 0.01322000
v 0.00750000 0.00304359 0.01357897
v 0.00750000 0.00317182 0.01391708
v 0.00750000 0.00337723 0.01222532
v 0.00750000 0.00317182 0.01252292
v 0.00750000 0.00304359 0.01286103
v 0.00750000 0.00431920 0.01173094
v 0.00750000 0.00396809 0.01181748
v 0.00750000 0.00364790 0.01198552
v 0.00750000 0.00535210 0.01198552
v 0.00750000 0.00503191 0.01181748
v 0.00750000 0.00468080 0.01173094
v 0.00750000 0.00582818 0.01252292
v 0.00750000 0.00562277 0.01222532
v 0.01350000 0.00337723 0.01222532
v 0.01350000 0.00317182 0.01252292
v 0.01350000 0.00304359 0.01286103
v 0.01350000 0.00431920 0.01173094
v 0.01350000 0.00396809 0.01181748
v 0.01350000 0.00364790 0.01198552
v 0.01350000 0.00503191 0.01462252
v 0.01350000 0.00535210 0.01445448
v 0.01350000 0.00562277 0.01421468
v 0.01350000 0.00582818 0.01391708
v 0.01350000 0.00535210 0.01198552
v 0.01350000 0.00503191 0.01181748
v 0.01350000 0.00468080 0.01173094
v 0.01350000 0.00595641 0.01286103
v 0.01350000 0.00582818 0.01252292
v 0.01350000 0.00562277 0.01222532
v 0.01350000 0.00595641 0.01357897
v 0.01350000 0.00600000 0.01322000
v 0.01350000 0.00396809 0.01462252
v 0.01350000 0.00431920 0.01470906
v 0.01350000 0.00468080 0.01470906
v 0.01350000 0.00317182 0.01391708
v 0.01350000 0.00337723 0.01421468
v 0.01350000 0.00364790 0.01445448
v 0.01350000 0.00300000 0.01322000
v 0.01350000 0.00304359 0.01357897
v 0.01350000 0.01670000 0.01722000
v 0.01200000 0.01670000 0.01722000
v 0.01350000 0.01647224 0.01637000
v 0.01200000 0.01647224 0.01637000
v 0.01350000 0.01585000 0.01574776
v 0.01200000 0.01585000 0.01574776
v 0.01350000 0.01500000 0.01552000
v 0.01200000 0.01500000 0.01552000
v 0.01350000 0.01415000 0.01574776
v 0.01200000 0.01415000 0.01574776
v 0.01350000 0.01352776 0.01637000
v 0.01200000 0.01352776 0.01637000
v 0.01350000 0.01330000 0.01722000
v 0.01200000 0.01330000 0.01722000
v 0.01350000 0.01352776 0.01807000
v 0.01200000 0.01352776 0.01807000
v 0.01350000 0.01415000 0.01869224
v 0.01200000 0.01415000 0.01869224
v 0.01350000 0.01500000 0.01892000
v 0.01200000 0.01500000 0.01892000
v 0.01350000 0.01585000 0.01869224
v 0.01200000 0.01585000 0.01869224
v 0.01350000 0.01647224 0.01807000
v 0.01200000 0.01647224 0.01807000
v 0.01350000 -0.01330000 0.01722000
v 0.01200000 -0.01330000 0.01722000
v 0.01350000 -0.01352776 0.01637000
v 0.01200000 -0.01352776 0.01637000
v 0.01350000 -0.01415000 0.01574776
v 0.01200000 -0.01415000 0.01574776
v 0.01350000 -0.01500000 0.01552000
v 0.01200000 -0.01500000 0.01552000
v 0.01350000 -0.01585000 0.01574776
v 0.01200000 -0.01585000 0.01574776
v 0.01350000 -0.01647224 0.01637000
v 0.01200000 -0.01647224 0.01637000
v 0.01350000 -0.01670000 0.01722000
v 0.01200000 -0.01670000 0.01722000
v 0.01350000 -0.01647224 0.01807000
v 0.01200000 -0.01647224 0.01807000
v 0.01350000 -0.01585000 0.01869224
v 0.01200000 -0.01585000 0.01869224
v 0.01350000 -0.01500000 0.01892000
v 0.01200000 -0.01500000 0.01892000
v 0.01350000 -0.01415000 0.01869224
v 0.01200000 -0.01415000 0.01869224
v 0.01350000 -0.01352776 0.01807000
v 0.01200000 -0.01352776 0.01807000
v 0.01350000 0.00620000 0.01322000
v 0.01200000 0.00620000 0.01322000
v 0.01350000 0.00597224 0.01237000
v 0.01200000 0.00597224 0.01237000
v 0.01350000 0.00535000 0.01174776
v 0.01200000 0.00535000 0.01174776
v 0.01350000 0.00450000 0.01152000
v 0.01200000 0.00450000 0.01152000
v 0.01350000 0.00365000 0.01174776
v 0.01200000 0.00365000 0.01174776
v 0.01350000 0.00302776 0.01237000
v 0.01200000 0.00302776 0.01237000
v 0.01350000 0.00280000 0.01322000
v 0.01200000 0.00280000 0.01322000
v 0.01350000 0.00302776 0.01407000
v 0.01200000 0.00302776 0.01407000
v 0.01350000 0.00365000 0.01469224
v 0.01200000 0.00365000 0.01469224
v 0.01350000 0.00450000 0.01492000
v 0.01200000 0.00450000 0.01492000
v 0.01350000 0.00535000 0.01469224
v 0.01200000 0.00535000 0.01469224
v 0.01350000 0.00597224 0.01407000
v 0.01200000 0.00597224 0.01407000
v 0.01350000 -0.00280000 0.01322000
v 0.01200000 -0.00280000 0.01322000
v 0.01350000 -0.00302776 0.01237000
v 0.01200000 -0.00302776 0.01237000
v 0.01350000 -0.00365000 0.01174776
v 0.01200000 -0.00365000 0.01174776
v 0.01350000 -0.00450000 0.01152000
v 0.01200000 -0.00450000 0.01152000
v 0.01350000 -0.00535000 0.01174776
v 0.01200000 -0.00535000 0.01174776
v 0.01350000 -0.00597224 0.01237000
v 0.01200000 -0.00597224 0.01237000
v 0.01350000 -0.00620000 0.01322000
v 0.01200000 -0.00620000 0.01322000
v 0.01350000 -0.00597224 0.01407000
v 0.01200000 -0.00597224 0.01407000
v 0.01350000 -0.00535000 0.01469224
v 0.01200000 -0.00535000 0.01469224
v 0.01350000 -0.00450000 0.01492000
v 0.01200000 -0.00450000 0.01492000
v 0.01350000 -0.00365000 0.01469224
v 0.01200000 -0.00365000 0.01469224
v 0.01350000 -0.00302776 0.01407000
v 0.01200000 -0.00302776 0.01407000
v 0.01350000 -0.00280000 0.02122000
v 0.01200000 -0.00280000 0.02122000
v 0.01350000 -0.00302776 0.02037000
v 0.01200000 -0.00302776 0.02037000
v 0.01350000 -0.00365000 0.01974776
v 0.01200000 -0.00365000 0.01974776
v 0.01350000 -0.00450000 0.01952000
v 0.01200000 -0.00450000 0.01952000
v 0.01350000 -0.00535000 0.01974776
v 0.01200000 -0.00535000 0.01974776
v 0.01350000 -0.00597224 0.02037000
v 0.01200000 -0.00597224 0.02037000
v 0.01350000 -0.00620000 0.02122000
v 0.01200000 -0.00620000 0.02122000
v 0.01350000 -0.00597224 0.02207000
v 0.01200000 -0.00597224 0.02207000
v 0.01350000 -0.00535000 0.02269224
v 0.01200000 -0.00535000 0.02269224
v 0.01350000 -0.00450000 0.02292000
v 0.01200000 -0.00450000 0.02292000
v 0.01350000 -0.00365000 0.02269224
v 0.01200000 -0.00365000 0.02269224
v 0.01350000 -0.00302776 0.02207000
v 0.01200000 -0.00302776 0.02207000
v 0.01350000 0.00620000 0.02122000
v 0.01200000 0.00620000 0.02122000
v 0.01350000 0.00597224 0.02037000
v 0.01200000 0.00597224 0.02037000
v 0.01350000 0.00535000 0.01974776
v 0.01200000 0.00535000 0.01974776
v 0.01350000 0.00450000 0.01952000
v 0.01200000 0.00450000 0.01952000
v 0.01350000 0.00365000 0.01974776
v 0.01200000 0.00365000 0.01974776
v 0.01350000 0.00302776 0.02037000
v 0.01200000 0.00302776 0.02037000
v 0.01350000 0.00280000 0.02122000
v 0.01200000 0.00280000 0.02122000
v 0.01637339 -0.02834361 0.02440188
v 0.01645319 -0.02864335 0.02468728
v 0.01702834 -0.02829945 0.02416850
v 0.01717362 -0.02859478 0.02445390
v 0.01765115 -0.02811664 0.02394657
v 0.01785872 -0.02839367 0.02423196
v 0.07978099 -0.00230015 0.00382000
v 0.08086957 -0.00221110 0.00382000
v 0.01765115 -0.02811664 0.00382000
v 0.01432344 -0.02741089 0.00382000
v 0.01365628 -0.02630194 0.00382000
v 0.01402296 -0.02703883 0.02495033
v 0.01350000 -0.02534628 0.00382000
v 0.01350000 -0.02534629 0.01522000
v 0.01365658 -0.02630199 0.02498626
v 0.01350000 -0.02534629 0.01922000
v 0.01350000 -0.02534629 0.02395882
v 0.01358542 -0.02605723 0.02499172
v 0.01350000 -0.02534629 0.02499765
v 0.01667339 -0.02834127 0.00382000
v 0.01539566 -0.02813563 0.00382000
v 0.01534875 -0.02811671 0.02471052
v 0.01444483 -0.02753174 0.02489287
v 0.01529952 -0.02839375 0.02500319
v 0.01428165 -0.02775029 0.02518987
v 0.01331397 -0.02612833 0.02529105
v 0.01380664 -0.02720808 0.02524869
v 0.01321779 -0.02534629 0.02529712
v 0.01368501 0.02636970 0.02498393
v 0.01366577 0.02631642 0.00382000
v 0.01433835 0.02741319 0.00382000
v 0.01561207 0.02819856 0.02464176
v 0.01540849 0.02812738 0.00382000
v 0.01667939 0.02832762 0.00382000
v 0.01637339 0.02833031 0.02440188
v 0.01765115 0.02810334 0.00382000
v 0.01765115 0.02810334 0.02394657
v 0.01350000 0.02533299 0.02499765
v 0.01350000 0.02533299 0.02395882
v 0.01350000 0.02533299 0.00382000
v 0.01350000 0.02533299 0.01522000
v 0.01350000 0.02533299 0.01922000
v 0.01541048 0.02812799 0.02469496
v 0.01466225 0.02770417 0.02485646
v 0.01424461 0.02731125 0.02492232
v 0.01785872 0.02838037 0.02423196
v 0.01645319 0.02863005 0.02468728
v 0.01559596 0.02848512 0.02493282
v 0.01342611 0.02647335 0.02528308
v 0.01321779 0.02533299 0.02529712
v 0.01405622 0.02750907 0.02522001
v 0.01452645 0.02794128 0.02515261
v 0.01350000 -0.02102314 0.02499765
v 0.01350000 -0.00975000 0.02499765
v 0.01350000 -0.00000000 0.02499765
v 0.01350000 0.00975000 0.02499765
v 0.01350000 0.00975000 0.01522000
v 0.01350000 -0.00975000 0.02395882
v 0.01350000 -0.02102314 0.02395882
v 0.01350000 -0.02102314 0.01922000
v 0.01350000 -0.00000000 0.02395882
v 0.01350000 0.00975000 0.02395882
v 0.01350000 0.00975000 0.01922000
v 0.01350000 0.00597224 0.02207000
v 0.01350000 -0.00000000 0.01922000
v 0.01350000 0.00302776 0.02207000
v 0.01350000 0.00365000 0.02269224
v 0.01350000 0.00450000 0.02292000
v 0.01350000 0.00535000 0.02269224
v 0.01350000 -0.00975000 0.01922000
v 0.01350000 -0.00000000 0.01522000
v 0.01350000 -0.00975000 0.01522000
v 0.01350000 -0.02102314 0.01522000
v 0.01350000 0.00975000 0.00382000
v 0.01350000 -0.00000000 0.00382000
v 0.01350000 -0.00975000 0.00382000
v 0.01350000 -0.02102314 0.00382000
v 0.01200000 0.00302776 0.02207000
v 0.01200000 0.00365000 0.02269224
v 0.01200000 0.00450000 0.02292000
v 0.01200000 0.00535000 0.02269224
v 0.01200000 0.00597224 0.02207000
v 0.01200000 -0.00975000 0.01522000
v 0.01200000 -0.02800665 0.00428795
v 0.01200000 -0.02873870 0.00502000
v 0.01200000 -0.02700665 0.00402000
v 0.01200000 -0.02900665 0.00602000
v 0.01200000 -0.00975000 0.00402000
v 0.01200000 0.02899335 0.00602000
v 0.01200000 0.02872540 0.00502000
v 0.01200000 0.02284667 0.00777000
v 0.01200000 0.02799335 0.00428795
v 0.01200000 0.02699335 0.00402000
v 0.01200000 0.02284667 0.02382000
v 0.01200000 0.02699335 0.02382000
v 0.01200000 0.02899335 0.01922000
v 0.01200000 0.02799335 0.02355205
v 0.01200000 0.02872540 0.02282000
v 0.01200000 0.02899335 0.02182000
v 0.01200000 -0.00975000 0.02382000
v 0.01200000 -0.00975000 0.01922000
v 0.01200000 -0.02700665 0.02382000
v 0.01200000 -0.02900665 0.01922000
v 0.01200000 -0.02842086 0.02323421
v 0.01200000 -0.02777202 0.02366776
v 0.01200000 -0.02885441 0.02258537
v 0.01200000 -0.02900665 0.02182000
v 0.01200000 -0.00000000 0.02382000
v 0.01200000 -0.00000000 0.01922000
v 0.01200000 0.00975000 0.02382000
v 0.01200000 0.00975000 0.01922000
v 0.01200000 -0.02900665 0.01522000
v 0.01200000 -0.00000000 0.01522000
v 0.01200000 0.02284667 0.01922000
v 0.01200000 0.02284667 0.01522000
v 0.01200000 0.00975000 0.01522000
v 0.01200000 -0.00975000 0.00777000
v 0.01200000 -0.02900665 0.00777000
v 0.01200000 -0.00000000 0.00777000
v 0.01200000 0.00975000 0.00777000
v 0.01200000 0.02899335 0.01522000
v 0.01200000 0.02899335 0.00777000
v 0.01200000 0.02284667 0.00402000
v 0.01200000 0.00975000 0.00402000
v 0.01200000 -0.00000000 0.00402000
v 0.00800000 0.02899335 0.02182000
v 0.00800000 0.02872540 0.02282000
v 0.00800000 0.02799335 0.02355205
v 0.00800000 0.02699335 0.02382000
v 0.00800000 0.02899335 0.00602000
v 0.00800000 0.02699335 0.00402000
v 0.00800000 0.02799335 0.00428795
v 0.00800000 0.02872540 0.00502000
v 0.00800000 -0.02700665 0.00402000
v 0.00800000 -0.02900665 0.00602000
v 0.00800000 -0.02873870 0.00502000
v 0.00800000 -0.02800665 0.00428795
v 0.00800000 -0.02900665 0.02182000
v 0.00800000 -0.02700665 0.02382000
v 0.00800000 -0.02800665 0.02355205
v 0.00800000 -0.02842086 0.02323421
v 0.00800000 -0.02873870 0.02282000
v 0.00750000 -0.02700665 0.02432000
v 0.00750000 0.02699335 0.02432000
v 0.00750000 0.02824335 0.02398506
v 0.00750000 0.02915841 0.02307000
v 0.00750000 0.02949335 0.02182000
v 0.00750000 0.02949335 0.00602000
v 0.00750000 0.02915841 0.00477000
v 0.00750000 0.02824335 0.00385494
v 0.00750000 0.02699335 0.00352000
v 0.00750000 -0.02700665 0.00352000
v 0.00750000 -0.02825665 0.00385494
v 0.00750000 -0.02917171 0.00477000
v 0.00750000 -0.02950665 0.00602000
v 0.00750000 -0.02950665 0.02182000
v 0.00750000 -0.02825665 0.02398506
v 0.00750000 -0.02917171 0.02307000
v 0.01428824 -0.02931349 0.00306323
v 0.01233254 -0.02950665 0.00309737
v 0.01616838 0.02872817 0.00303042
v 0.01002580 -0.02950665 0.00313764
v 0.00872696 0.02874335 0.00316031
v 0.00927591 0.02929239 0.00315072
v 0.00852603 0.02799335 0.00316381
v 0.01002580 0.02949335 0.00313764
v 0.00852603 -0.02800665 0.00316381
v 0.01233254 0.02949335 0.00309737
v 0.01428824 0.02930019 0.00306323
v 0.07460330 0.00444887 0.00201043
v 0.07460330 -0.00446217 0.00201043
v 0.01616838 -0.02874147 0.00303042
v 0.00927591 -0.02930569 0.00315072
v 0.00872696 -0.02875665 0.00316031
v 0.07541642 -0.00364396 0.00199624
v 0.07509165 -0.00413437 0.00200191
v 0.07552771 -0.00307694 0.00199430
v 0.07552771 0.00306365 0.00199430
v 0.07541239 0.00364045 0.00199631
v 0.07508416 0.00412856 0.00200204
v 0.00850508 0.02799335 0.00196400
v 0.00819989 0.02799335 0.00166928
v 0.00870601 0.02874335 0.00196049
v 0.00844101 0.02889335 0.00166507
v 0.00925497 0.02929239 0.00195091
v 0.00909976 0.02955220 0.00165357
v 0.01000485 0.02949335 0.00193782
v 0.00999962 0.02979335 0.00163786
v 0.01231160 0.02949335 0.00189755
v 0.01230637 0.02979335 0.00159760
v 0.01426729 0.02930019 0.00186342
v 0.01432073 0.02959440 0.00156244
v 0.01614743 0.02872817 0.00183060
v 0.01625727 0.02900521 0.00152864
v 0.07458236 0.00444887 0.00081061
v 0.07469220 0.00472591 0.00050865
v 0.07506322 0.00412856 0.00080222
v 0.07526923 0.00434154 0.00049858
v 0.07539144 0.00364045 0.00079649
v 0.07566310 0.00375582 0.00049170
v 0.07550676 0.00306365 0.00079448
v 0.07580148 0.00306365 0.00048929
v 0.07550676 -0.00307694 0.00079448
v 0.07580148 -0.00307694 0.00048929
v 0.07539414 -0.00364723 0.00079644
v 0.07566634 -0.00376128 0.00049165
v 0.07506572 -0.00413937 0.00080218
v 0.07527223 -0.00435185 0.00049853
v 0.07458236 -0.00446217 0.00081061
v 0.07469220 -0.00473921 0.00050865
v 0.01614743 -0.02874147 0.00183060
v 0.01625727 -0.02901851 0.00152864
v 0.01426729 -0.02931349 0.00186342
v 0.01432073 -0.02960769 0.00156244
v 0.01231160 -0.02950665 0.00189755
v 0.01230637 -0.02980665 0.00159760
v 0.01000485 -0.02950665 0.00193782
v 0.00999962 -0.02980665 0.00163786
v 0.00925497 -0.02930569 0.00195091
v 0.00909976 -0.02956550 0.00165357
v 0.00870601 -0.02875665 0.00196049
v 0.00844101 -0.02890665 0.00166507
v 0.00850508 -0.02800665 0.00196400
v 0.00819989 -0.02800665 0.00166928
v 0.00799127 0.03019335 0.00167292
v 0.00799127 -0.03020665 0.00167292
v 0.08507150 0.00084435 0.00032748
v 0.01249997 0.03019335 0.00159422
v 0.01622178 -0.02946422 0.00152926
v 0.08507150 -0.00085765 0.00032748
v 0.08519477 0.00065966 0.00032533
v 0.08519477 -0.00067295 0.00032533
v 0.08519367 -0.00069367 0.00032535
v 0.01622178 0.02945093 0.00152926
v 0.01439974 0.03000562 0.00156106
v 0.01249997 -0.03020665 0.00159422
v 0.01439533 -0.03001980 0.00156114
v 0.08517512 -0.00075942 0.00032567
v 0.08513247 -0.00081798 0.00032642
v 0.08518153 0.00073120 0.00032556
v 0.08514377 0.00079307 0.00032622
v 0.08509015 0.00083543 0.00032715
v 0.08519185 -0.00113468 0.00062743
v 0.08534427 -0.00103553 0.00062637
v 0.08545088 -0.00088912 0.00062563
v 0.08549726 -0.00072476 0.00062530
v 0.08550000 -0.00067295 0.00062528
v 0.01634212 -0.02974126 0.00182921
v 0.01250520 -0.03050665 0.00189417
v 0.01445919 -0.03031402 0.00186109
v 0.00800000 -0.03050665 0.00197281
v 0.00784564 -0.03035229 0.00182112
v 0.00750000 -0.03000665 0.00217284
v 0.00750000 0.02999335 0.00217284
v 0.00784564 0.03033899 0.00182112
v 0.00800000 0.03049335 0.00197281
v 0.01250520 0.03049335 0.00189417
v 0.01634212 0.02972796 0.00182921
v 0.01446373 0.03029981 0.00186101
v 0.08519185 0.00112139 0.00062743
v 0.08550000 0.00065966 0.00062528
v 0.08546690 0.00083851 0.00062551
v 0.08537252 0.00099320 0.00062617
v 0.08523846 0.00109908 0.00062711
v 0.08550000 0.00065966 0.00210184
v 0.08550000 -0.00067295 0.00210184
v 0.08519185 -0.00113468 0.00214176
v 0.08531787 -0.00105881 0.00212543
v 0.08547866 -0.00081730 0.00210460
v 0.08546524 -0.00085609 0.00210634
v 0.08541641 -0.00094978 0.00211266
v 0.01634212 -0.02974126 0.02444438
v 0.01647584 -0.02968570 0.02440188
v 0.01250520 -0.03050665 0.02501987
v 0.01436765 -0.03033185 0.02488244
v 0.01610976 -0.02983434 0.02451232
v 0.00800000 -0.03050665 0.02502000
v 0.01244688 -0.03050665 0.02502000
v 0.00750000 -0.03000665 0.02482000
v 0.00785000 -0.03035665 0.02517000
v 0.00750000 0.02999335 0.02482000
v 0.00785000 0.03034335 0.02517000
v 0.00800000 0.03049335 0.02502000
v 0.01250520 0.03049335 0.02501987
v 0.01244688 0.03049335 0.02502000
v 0.01631631 0.02945093 0.02473078
v 0.01634212 0.02972796 0.02444438
v 0.01450221 0.03029208 0.02486237
v 0.01448945 0.02999811 0.02515864
v 0.01273752 0.03049063 0.02501681
v 0.01273725 0.03019071 0.02531674
v 0.01250658 0.03019335 0.02531986
v 0.08519185 0.00112139 0.00214176
v 0.01647584 0.02967240 0.02440188
v 0.08531778 0.00104559 0.00212545
v 0.08534504 0.00102150 0.00212191
v 0.08541633 0.00093661 0.00211268
v 0.08547863 0.00080410 0.00210460
v 0.08516919 0.00084435 0.00242716
v 0.08521952 0.00081405 0.00241086
v 0.08529245 0.00065966 0.00238723
v 0.08528390 0.00071744 0.00239000
v 0.08525901 0.00077042 0.00239807
v 0.08529245 -0.00067295 0.00238723
v 0.08528391 -0.00073071 0.00239000
v 0.08516919 -0.00085765 0.00242716
v 0.08521956 -0.00082731 0.00241085
v 0.08525904 -0.00078367 0.00239806
v 0.01645319 -0.02940866 0.02468728
v 0.01631631 -0.02946422 0.02473078
v 0.01250658 -0.03020665 0.02531986
v 0.01435584 -0.03003709 0.02517919
v 0.01608555 -0.02955453 0.02480034
v 0.01244688 -0.03020665 0.02532000
v 0.01244688 0.03019335 0.02532000
v 0.00800000 0.03019335 0.02532000
v 0.00800000 -0.03020665 0.02532000
v 0.01645319 0.02939536 0.02468728
v 0.08086957 0.00219780 0.00382000
v 0.07978099 0.00228685 0.00382000
v 0.01080000 -0.01043301 0.02197000
v 0.01080000 -0.00956699 0.02197000
v 0.01180000 -0.01043301 0.02197000
v 0.01180000 -0.00956699 0.02197000
v 0.01080000 -0.01086603 0.02122000
v 0.01180000 -0.01086603 0.02122000
v 0.01080000 -0.01043301 0.02047000
v 0.01180000 -0.01043301 0.02047000
v 0.01080000 -0.00956699 0.02047000
v 0.01180000 -0.00956699 0.02047000
v 0.01080000 -0.00913398 0.02122000
v 0.01180000 -0.00913398 0.02122000
v 0.00480000 -0.01056475 0.02172033
v 0.00480000 -0.00943525 0.02071967
v 0.00480000 -0.00957139 0.02059906
v 0.00480000 -0.01042860 0.02184094
v 0.00480000 -0.01026755 0.02192547
v 0.00480000 -0.01009095 0.02196900
v 0.00480000 -0.00973245 0.02051453
v 0.00480000 -0.00990906 0.02047100
v 0.00480000 -0.01009095 0.02047100
v 0.00480000 -0.00990906 0.02196900
v 0.00480000 -0.00973245 0.02192547
v 0.00480000 -0.00957139 0.02184094
v 0.00480000 -0.01026755 0.02051453
v 0.00480000 -0.01042860 0.02059906
v 0.00480000 -0.01056475 0.02071967
v 0.00480000 -0.00943525 0.02172033
v 0.00480000 -0.00933192 0.02157063
v 0.00480000 -0.00926742 0.02140056
v 0.00480000 -0.01073258 0.02103944
v 0.00480000 -0.01075450 0.02122000
v 0.00480000 -0.01073258 0.02140056
v 0.00480000 -0.01066808 0.02086937
v 0.00480000 -0.01066808 0.02157063
v 0.00480000 -0.00924550 0.02122000
v 0.00480000 -0.00926742 0.02103944
v 0.00480000 -0.00933192 0.02086937
v 0.00504550 -0.00900000 0.02122000
v 0.00504550 -0.00902906 0.02098068
v 0.00504550 -0.00911454 0.02075528
v 0.00504550 -0.00925149 0.02055688
v 0.00504550 -0.00943193 0.02039702
v 0.00504550 -0.00964539 0.02028498
v 0.00504550 -0.00987946 0.02022729
v 0.00504550 -0.01012054 0.02022729
v 0.00504550 -0.01035460 0.02028498
v 0.00504550 -0.01056806 0.02039702
v 0.00504550 -0.01074851 0.02055688
v 0.00504550 -0.01088546 0.02075528
v 0.00504550 -0.01097094 0.02098068
v 0.00504550 -0.01100000 0.02122000
v 0.00504550 -0.01097094 0.02145931
v 0.00504550 -0.01088546 0.02168472
v 0.00504550 -0.01074851 0.02188312
v 0.00504550 -0.01056806 0.02204298
v 0.00504550 -0.01035460 0.02215502
v 0.00504550 -0.01012054 0.02221271
v 0.00504550 -0.00987946 0.02221271
v 0.00504550 -0.00964539 0.02215502
v 0.00504550 -0.00943193 0.02204298
v 0.00504550 -0.00925149 0.02188312
v 0.00504550 -0.00911454 0.02168472
v 0.00504550 -0.00902906 0.02145931
v 0.00980000 -0.01100000 0.02122000
v 0.00980000 -0.01097094 0.02145931
v 0.00980000 -0.01088546 0.02168472
v 0.00980000 -0.01074851 0.02188312
v 0.00980000 -0.01056806 0.02204298
v 0.00980000 -0.01035460 0.02215502
v 0.00980000 -0.01012054 0.02221271
v 0.00980000 -0.00987946 0.02221271
v 0.00980000 -0.00964539 0.02215502
v 0.00980000 -0.00943193 0.02204298
v 0.00980000 -0.00925149 0.02188312
v 0.00980000 -0.00911454 0.02168472
v 0.00980000 -0.00902906 0.02145931
v 0.00980000 -0.00900000 0.02122000
v 0.00980000 -0.00902906 0.02098068
v 0.00980000 -0.00911454 0.02075528
v 0.00980000 -0.00925149 0.02055688
v 0.00980000 -0.00943193 0.02039702
v 0.00980000 -0.00964539 0.02028498
v 0.00980000 -0.00987946 0.02022729
v 0.00980000 -0.01012054 0.02022729
v 0.00980000 -0.01035460 0.02028498
v 0.00980000 -0.01056806 0.02039702
v 0.00980000 -0.01074851 0.02055688
v 0.00980000 -0.01088546 0.02075528
v 0.00980000 -0.01097094 0.02098068
v 0.00980000 -0.01178542 0.02057016
v 0.00980000 -0.01187113 0.02089007
v 0.00980000 -0.01190000 0.02122000
v 0.00980000 -0.01000000 0.01932000
v 0.00980000 -0.01032993 0.01934887
v 0.00980000 -0.01064984 0.01943458
v 0.00980000 -0.01095000 0.01957455
v 0.00980000 -0.01122130 0.01976452
v 0.00980000 -0.01145548 0.01999870
v 0.00980000 -0.01164545 0.02027000
v 0.00980000 -0.00877870 0.01976452
v 0.00980000 -0.00905000 0.01957455
v 0.00980000 -0.00935016 0.01943458
v 0.00980000 -0.00967007 0.01934887
v 0.00980000 -0.00821458 0.02186984
v 0.00980000 -0.00812887 0.02154993
v 0.00980000 -0.00810000 0.02122000
v 0.00980000 -0.01122130 0.02267548
v 0.00980000 -0.01095000 0.02286545
v 0.00980000 -0.01064984 0.02300542
v 0.00980000 -0.00812887 0.02089007
v 0.00980000 -0.00821458 0.02057016
v 0.00980000 -0.00835455 0.02027000
v 0.00980000 -0.00854452 0.01999870
v 0.00980000 -0.01187113 0.02154993
v 0.00980000 -0.01178542 0.02186984
v 0.00980000 -0.01164545 0.02217000
v 0.00980000 -0.01145548 0.02244130
v 0.00980000 -0.00877870 0.02267548
v 0.00980000 -0.00854452 0.02244130
v 0.00980000 -0.00835455 0.02217000
v 0.00980000 -0.01032993 0.02309114
v 0.00980000 -0.01000000 0.02312000
v 0.00980000 -0.00967007 0.02309114
v 0.00980000 -0.00935016 0.02300542
v 0.00980000 -0.00905000 0.02286545
v 0.01180000 -0.00830000 0.02122000
v 0.01160000 -0.00810000 0.02122000
v 0.01160000 -0.00812887 0.02154993
v 0.01180000 -0.00832583 0.02151520
v 0.01160000 -0.00821458 0.02186984
v 0.01180000 -0.00840252 0.02180143
v 0.01160000 -0.00835455 0.02217000
v 0.01180000 -0.00852776 0.02207000
v 0.01160000 -0.00854452 0.02244130
v 0.01180000 -0.00869772 0.02231274
v 0.01160000 -0.00877870 0.02267548
v 0.01180000 -0.00890726 0.02252228
v 0.01160000 -0.00905000 0.02286545
v 0.01180000 -0.00915000 0.02269224
v 0.01160000 -0.00935016 0.02300542
v 0.01180000 -0.00941857 0.02281748
v 0.01160000 -0.00967007 0.02309114
v 0.01180000 -0.00970480 0.02289417
v 0.01160000 -0.01000000 0.02312000
v 0.01180000 -0.01000000 0.02292000
v 0.01160000 -0.01032993 0.02309114
v 0.01180000 -0.01029520 0.02289417
v 0.01160000 -0.01064984 0.02300542
v 0.01180000 -0.01058143 0.02281748
v 0.01160000 -0.01095000 0.02286545
v 0.01180000 -0.01085000 0.02269224
v 0.01160000 -0.01122130 0.02267548
v 0.01180000 -0.01109274 0.02252228
v 0.01160000 -0.01145548 0.02244130
v 0.01180000 -0.01130228 0.02231274
v 0.01160000 -0.01164545 0.02217000
v 0.01180000 -0.01147224 0.02207000
v 0.01160000 -0.01178542 0.02186984
v 0.01180000 -0.01159748 0.02180143
v 0.01160000 -0.01187113 0.02154993
v 0.01180000 -0.01167417 0.02151520
v 0.01160000 -0.01190000 0.02122000
v 0.01180000 -0.01170000 0.02122000
v 0.01160000 -0.00812887 0.02089007
v 0.01160000 -0.00821458 0.02057016
v 0.01160000 -0.00835455 0.02027000
v 0.01160000 -0.00854452 0.01999870
v 0.01160000 -0.00877870 0.01976452
v 0.01160000 -0.00905000 0.01957455
v 0.01160000 -0.00935016 0.01943458
v 0.01160000 -0.00967007 0.01934887
v 0.01160000 -0.01000000 0.01932000
v 0.01160000 -0.01032993 0.01934887
v 0.01160000 -0.01064984 0.01943458
v 0.01160000 -0.01095000 0.01957455
v 0.01160000 -0.01122130 0.01976452
v 0.01160000 -0.01145548 0.01999870
v 0.01160000 -0.01164545 0.02027000
v 0.01160000 -0.01178542 0.02057016
v 0.01160000 -0.01187113 0.02089007
v 0.01180000 -0.01167417 0.02092480
v 0.01180000 -0.01159748 0.02063857
v 0.01180000 -0.01147224 0.02037000
v 0.01180000 -0.01130228 0.02012726
v 0.01180000 -0.01109274 0.01991772
v 0.01180000 -0.01085000 0.01974776
v 0.01180000 -0.01058143 0.01962252
v 0.01180000 -0.01029520 0.01954583
v 0.01180000 -0.01000000 0.01952000
v 0.01180000 -0.00970480 0.01954583
v 0.01180000 -0.00941857 0.01962252
v 0.01180000 -0.00915000 0.01974776
v 0.01180000 -0.00890726 0.01991772
v 0.01180000 -0.00869772 0.02012726
v 0.01180000 -0.00852776 0.02037000
v 0.01180000 -0.00840252 0.02063857
v 0.01180000 -0.00832583 0.02092480
v 0.01194130 0.02920000 0.00110392
v 0.01049082 0.02920000 0.00112924
v 0.01197621 0.02920000 0.00310361
v 0.01052572 0.02920000 0.00312893
v 0.01587074 0.02842698 0.00303563
v 0.01583584 0.02842698 0.00103594
v 0.01392655 0.02900488 0.00106927
v 0.01396146 0.02900488 0.00306896
v 0.07416522 0.00433665 0.00201810
v 0.07413031 0.00433665 0.00001841
v 0.07471732 0.00396827 0.00200846
v 0.07468242 0.00396826 0.00000877
v 0.07508629 0.00341650 0.00200202
v 0.07505138 0.00341650 0.00000233
v 0.07521587 0.00276548 0.00199976
v 0.07518096 0.00276548 0.00000007
v 0.07521587 -0.00276549 0.00199976
v 0.07518096 -0.00276549 0.00000007
v 0.07416522 -0.00433666 0.00201810
v 0.07413031 -0.00433666 0.00001840
v 0.07468241 -0.00396828 0.00000877
v 0.07471732 -0.00396827 0.00200846
v 0.07505138 -0.00341651 0.00000233
v 0.07508630 -0.00341651 0.00200202
v 0.01583585 -0.02842698 0.00103594
v 0.01587075 -0.02842698 0.00303564
v 0.01396146 -0.02900488 0.00306896
v 0.01392656 -0.02900488 0.00106927
v 0.01197621 -0.02920000 0.00310361
v 0.01194131 -0.02920000 0.00110392
v 0.01052572 -0.02920000 0.00312893
v 0.01049082 -0.02920000 0.00112924
v 0.00882598 -0.02750000 0.00315860
v 0.00879108 -0.02750000 0.00115891
v 0.00892046 -0.02815056 0.00115665
v 0.00895537 -0.02815056 0.00315634
v 0.00928892 -0.02870208 0.00115022
v 0.00932382 -0.02870208 0.00314991
v 0.00984036 -0.02907059 0.00114059
v 0.00987526 -0.02907059 0.00314029
v 0.00882598 0.02750000 0.00315860
v 0.00879108 0.02750000 0.00115891
v 0.00928892 0.02870208 0.00115022
v 0.00984035 0.02907060 0.00114059
v 0.00892046 0.02815056 0.00115665
v 0.00987526 0.02907060 0.00314029
v 0.00932383 0.02870208 0.00314991
v 0.00895537 0.02815056 0.00315634
v 0.01080000 -0.02243301 0.02197000
v 0.01080000 -0.02156699 0.02197000
v 0.01180000 -0.02243301 0.02197000
v 0.01180000 -0.02156699 0.02197000
v 0.01080000 -0.02286603 0.02122000
v 0.01180000 -0.02286603 0.02122000
v 0.01080000 -0.02243301 0.02047000
v 0.01180000 -0.02243301 0.02047000
v 0.01080000 -0.02156699 0.02047000
v 0.01180000 -0.02156699 0.02047000
v 0.01080000 -0.02113397 0.02122000
v 0.01180000 -0.02113397 0.02122000
v 0.00480000 -0.02256475 0.02172033
v 0.00480000 -0.02143525 0.02071967
v 0.00480000 -0.02157140 0.02059906
v 0.00480000 -0.02242861 0.02184094
v 0.00480000 -0.02226755 0.02192547
v 0.00480000 -0.02209095 0.02196900
v 0.00480000 -0.02173245 0.02051453
v 0.00480000 -0.02190905 0.02047100
v 0.00480000 -0.02209095 0.02047100
v 0.00480000 -0.02190905 0.02196900
v 0.00480000 -0.02173245 0.02192547
v 0.00480000 -0.02157140 0.02184094
v 0.00480000 -0.02226755 0.02051453
v 0.00480000 -0.02242861 0.02059906
v 0.00480000 -0.02256475 0.02071967
v 0.00480000 -0.02143525 0.02172033
v 0.00480000 -0.02133192 0.02157063
v 0.00480000 -0.02126743 0.02140056
v 0.00480000 -0.02273258 0.02103944
v 0.00480000 -0.02275450 0.02122000
v 0.00480000 -0.02273258 0.02140056
v 0.00480000 -0.02266808 0.02086937
v 0.00480000 -0.02266808 0.02157063
v 0.00480000 -0.02124550 0.02122000
v 0.00480000 -0.02126743 0.02103944
v 0.00480000 -0.02133192 0.02086937
v 0.00504550 -0.02100000 0.02122000
v 0.00504550 -0.02102906 0.02098068
v 0.00504550 -0.02111454 0.02075528
v 0.00504550 -0.02125149 0.02055688
v 0.00504550 -0.02143194 0.02039702
v 0.00504550 -0.02164540 0.02028498
v 0.00504550 -0.02187946 0.02022729
v 0.00504550 -0.02212054 0.02022729
v 0.00504550 -0.02235460 0.02028498
v 0.00504550 -0.02256807 0.02039702
v 0.00504550 -0.02274851 0.02055688
v 0.00504550 -0.02288546 0.02075528
v 0.00504550 -0.02297094 0.02098068
v 0.00504550 -0.02300000 0.02122000
v 0.00504550 -0.02297094 0.02145931
v 0.00504550 -0.02288546 0.02168472
v 0.00504550 -0.02274851 0.02188312
v 0.00504550 -0.02256807 0.02204298
v 0.00504550 -0.02235460 0.02215502
v 0.00504550 -0.02212054 0.02221271
v 0.00504550 -0.02187946 0.02221271
v 0.00504550 -0.02164540 0.02215502
v 0.00504550 -0.02143194 0.02204298
v 0.00504550 -0.02125149 0.02188312
v 0.00504550 -0.02111454 0.02168472
v 0.00504550 -0.02102906 0.02145931
v 0.00980000 -0.02300000 0.02122000
v 0.00980000 -0.02297094 0.02145931
v 0.00980000 -0.02288546 0.02168472
v 0.00980000 -0.02274851 0.02188312
v 0.00980000 -0.02256807 0.02204298
v 0.00980000 -0.02235460 0.02215502
v 0.00980000 -0.02212054 0.02221271
v 0.00980000 -0.02187946 0.02221271
v 0.00980000 -0.02164540 0.02215502
v 0.00980000 -0.02143194 0.02204298
v 0.00980000 -0.02125149 0.02188312
v 0.00980000 -0.02111454 0.02168472
v 0.00980000 -0.02102906 0.02145931
v 0.00980000 -0.02100000 0.02122000
v 0.00980000 -0.02102906 0.02098068
v 0.00980000 -0.02111454 0.02075528
v 0.00980000 -0.02125149 0.02055688
v 0.00980000 -0.02143194 0.02039702
v 0.00980000 -0.02164540 0.02028498
v 0.00980000 -0.02187946 0.02022729
v 0.00980000 -0.02212054 0.02022729
v 0.00980000 -0.02235460 0.02028498
v 0.00980000 -0.02256807 0.02039702
v 0.00980000 -0.02274851 0.02055688
v 0.00980000 -0.02288546 0.02075528
v 0.00980000 -0.02297094 0.02098068
v 0.00980000 -0.02378542 0.02057016
v 0.00980000 -0.02387113 0.02089007
v 0.00980000 -0.02390000 0.02122000
v 0.00980000 -0.02200000 0.01932000
v 0.00980000 -0.02232993 0.01934887
v 0.00980000 -0.02264984 0.01943458
v 0.00980000 -0.02295000 0.01957455
v 0.00980000 -0.02322130 0.01976452
v 0.00980000 -0.02345548 0.01999870
v 0.00980000 -0.02364545 0.02027000
v 0.00980000 -0.02077870 0.01976452
v 0.00980000 -0.02105000 0.01957455
v 0.00980000 -0.02135016 0.01943458
v 0.00980000 -0.02167007 0.01934887
v 0.00980000 -0.02021458 0.02186984
v 0.00980000 -0.02012886 0.02154993
v 0.00980000 -0.02010000 0.02122000
v 0.00980000 -0.02322130 0.02267548
v 0.00980000 -0.02295000 0.02286545
v 0.00980000 -0.02264984 0.02300542
v 0.00980000 -0.02012886 0.02089007
v 0.00980000 -0.02021458 0.02057016
v 0.00980000 -0.02035455 0.02027000
v 0.00980000 -0.02054452 0.01999870
v 0.00980000 -0.02387113 0.02154993
v 0.00980000 -0.02378542 0.02186984
v 0.00980000 -0.02364545 0.02217000
v 0.00980000 -0.02345548 0.02244130
v 0.00980000 -0.02077870 0.02267548
v 0.00980000 -0.02054452 0.02244130
v 0.00980000 -0.02035455 0.02217000
v 0.00980000 -0.02232993 0.02309114
v 0.00980000 -0.02200000 0.02312000
v 0.00980000 -0.02167007 0.02309114
v 0.00980000 -0.02135016 0.02300542
v 0.00980000 -0.02105000 0.02286545
v 0.01180000 -0.02030000 0.02122000
v 0.01160000 -0.02010000 0.02122000
v 0.01160000 -0.02012886 0.02154993
v 0.01180000 -0.02032583 0.02151520
v 0.01160000 -0.02021458 0.02186984
v 0.01180000 -0.02040252 0.02180143
v 0.01160000 -0.02035455 0.02217000
v 0.01180000 -0.02052776 0.02207000
v 0.01160000 -0.02054452 0.02244130
v 0.01180000 -0.02069772 0.02231274
v 0.01160000 -0.02077870 0.02267548
v 0.01180000 -0.02090726 0.02252228
v 0.01160000 -0.02105000 0.02286545
v 0.01180000 -0.02115000 0.02269224
v 0.01160000 -0.02135016 0.02300542
v 0.01180000 -0.02141857 0.02281748
v 0.01160000 -0.02167007 0.02309114
v 0.01180000 -0.02170480 0.02289417
v 0.01160000 -0.02200000 0.02312000
v 0.01180000 -0.02200000 0.02292000
v 0.01160000 -0.02232993 0.02309114
v 0.01180000 -0.02229520 0.02289417
v 0.01160000 -0.02264984 0.02300542
v 0.01180000 -0.02258143 0.02281748
v 0.01160000 -0.02295000 0.02286545
v 0.01180000 -0.02285000 0.02269224
v 0.01160000 -0.02322130 0.02267548
v 0.01180000 -0.02309274 0.02252228
v 0.01160000 -0.02345548 0.02244130
v 0.01180000 -0.02330228 0.02231274
v 0.01160000 -0.02364545 0.02217000
v 0.01180000 -0.02347224 0.02207000
v 0.01160000 -0.02378542 0.02186984
v 0.01180000 -0.02359748 0.02180143
v 0.01160000 -0.02387113 0.02154993
v 0.01180000 -0.02367417 0.02151520
v 0.01160000 -0.02390000 0.02122000
v 0.01180000 -0.02370000 0.02122000
v 0.01160000 -0.02012886 0.02089007
v 0.01160000 -0.02021458 0.02057016
v 0.01160000 -0.02035455 0.02027000
v 0.01160000 -0.02054452 0.01999870
v 0.01160000 -0.02077870 0.01976452
v 0.01160000 -0.02105000 0.01957455
v 0.01160000 -0.02135016 0.01943458
v 0.01160000 -0.02167007 0.01934887
v 0.01160000 -0.02200000 0.01932000
v 0.01160000 -0.02232993 0.01934887
v 0.01160000 -0.02264984 0.01943458
v 0.01160000 -0.02295000 0.01957455
v 0.01160000 -0.02322130 0.01976452
v 0.01160000 -0.02345548 0.01999870
v 0.01160000 -0.02364545 0.02027000
v 0.01160000 -0.02378542 0.02057016
v 0.01160000 -0.02387113 0.02089007
v 0.01180000 -0.02367417 0.02092480
v 0.01180000 -0.02359748 0.02063857
v 0.01180000 -0.02347224 0.02037000
v 0.01180000 -0.02330228 0.02012726
v 0.01180000 -0.02309274 0.01991772
v 0.01180000 -0.02285000 0.01974776
v 0.01180000 -0.02258143 0.01962252
v 0.01180000 -0.02229520 0.01954583
v 0.01180000 -0.02200000 0.01952000
v 0.01180000 -0.02170480 0.01954583
v 0.01180000 -0.02141857 0.01962252
v 0.01180000 -0.02115000 0.01974776
v 0.01180000 -0.02090726 0.01991772
v 0.01180000 -0.02069772 0.02012726
v 0.01180000 -0.02052776 0.02037000
v 0.01180000 -0.02040252 0.02063857
v 0.01180000 -0.02032583 0.02092480
v 0.01080000 -0.02243301 0.01397000
v 0.01080000 -0.02156699 0.01397000
v 0.01180000 -0.02243301 0.01397000
v 0.01180000 -0.02156699 0.01397000
v 0.01080000 -0.02286603 0.01322000
v 0.01180000 -0.02286603 0.01322000
v 0.01080000 -0.02243301 0.01247000
v 0.01180000 -0.02243301 0.01247000
v 0.01080000 -0.02156699 0.01247000
v 0.01180000 -0.02156699 0.01247000
v 0.01080000 -0.02113397 0.01322000
v 0.01180000 -0.02113397 0.01322000
v 0.00480000 -0.02256475 0.01372033
v 0.00480000 -0.02143525 0.01271967
v 0.00480000 -0.02157140 0.01259906
v 0.00480000 -0.02242861 0.01384094
v 0.00480000 -0.02226755 0.01392547
v 0.00480000 -0.02209095 0.01396900
v 0.00480000 -0.02173245 0.01251453
v 0.00480000 -0.02190905 0.01247100
v 0.00480000 -0.02209095 0.01247100
v 0.00480000 -0.02190905 0.01396900
v 0.00480000 -0.02173245 0.01392547
v 0.00480000 -0.02157140 0.01384094
v 0.00480000 -0.02226755 0.01251453
v 0.00480000 -0.02242861 0.01259906
v 0.00480000 -0.02256475 0.01271967
v 0.00480000 -0.02143525 0.01372033
v 0.00480000 -0.02133192 0.01357063
v 0.00480000 -0.02126743 0.01340056
v 0.00480000 -0.02273258 0.01303944
v 0.00480000 -0.02275450 0.01322000
v 0.00480000 -0.02273258 0.01340056
v 0.00480000 -0.02266808 0.01286937
v 0.00480000 -0.02266808 0.01357063
v 0.00480000 -0.02124550 0.01322000
v 0.00480000 -0.02126743 0.01303944
v 0.00480000 -0.02133192 0.01286937
v 0.00504550 -0.02100000 0.01322000
v 0.00504550 -0.02102906 0.01298068
v 0.00504550 -0.02111454 0.01275528
v 0.00504550 -0.02125149 0.01255688
v 0.00504550 -0.02143194 0.01239702
v 0.00504550 -0.02164540 0.01228498
v 0.00504550 -0.02187946 0.01222729
v 0.00504550 -0.02212054 0.01222729
v 0.00504550 -0.02235460 0.01228498
v 0.00504550 -0.02256807 0.01239702
v 0.00504550 -0.02274851 0.01255688
v 0.00504550 -0.02288546 0.01275528
v 0.00504550 -0.02297094 0.01298068
v 0.00504550 -0.02300000 0.01322000
v 0.00504550 -0.02297094 0.01345932
v 0.00504550 -0.02288546 0.01368472
v 0.00504550 -0.02274851 0.01388312
v 0.00504550 -0.02256807 0.01404298
v 0.00504550 -0.02235460 0.01415502
v 0.00504550 -0.02212054 0.01421271
v 0.00504550 -0.02187946 0.01421271
v 0.00504550 -0.02164540 0.01415502
v 0.00504550 -0.02143194 0.01404298
v 0.00504550 -0.02125149 0.01388312
v 0.00504550 -0.02111454 0.01368472
v 0.00504550 -0.02102906 0.01345932
v 0.00980000 -0.02300000 0.01322000
v 0.00980000 -0.02297094 0.01345932
v 0.00980000 -0.02288546 0.01368472
v 0.00980000 -0.02274851 0.01388312
v 0.00980000 -0.02256807 0.01404298
v 0.00980000 -0.02235460 0.01415502
v 0.00980000 -0.02212054 0.01421271
v 0.00980000 -0.02187946 0.01421271
v 0.00980000 -0.02164540 0.01415502
v 0.00980000 -0.02143194 0.01404298
v 0.00980000 -0.02125149 0.01388312
v 0.00980000 -0.02111454 0.01368472
v 0.00980000 -0.02102906 0.01345932
v 0.00980000 -0.02100000 0.01322000
v 0.00980000 -0.02102906 0.01298068
v 0.00980000 -0.02111454 0.01275528
v 0.00980000 -0.02125149 0.01255688
v 0.00980000 -0.02143194 0.01239702
v 0.00980000 -0.02164540 0.01228498
v 0.00980000 -0.02187946 0.01222729
v 0.00980000 -0.02212054 0.01222729
v 0.00980000 -0.02235460 0.01228498
v 0.00980000 -0.02256807 0.01239702
v 0.00980000 -0.02274851 0.01255688
v 0.00980000 -0.02288546 0.01275528
v 0.00980000 -0.02297094 0.01298068
v 0.00980000 -0.02378542 0.01257016
v 0.00980000 -0.02387113 0.01289007
v 0.00980000 -0.02390000 0.01322000
v 0.00980000 -0.02200000 0.01132000
v 0.00980000 -0.02232993 0.01134886
v 0.00980000 -0.02264984 0.01143458
v 0.00980000 -0.02295000 0.01157455
v 0.00980000 -0.02322130 0.01176452
v 0.00980000 -0.02345548 0.01199870
v 0.00980000 -0.02364545 0.01227000
v 0.00980000 -0.02077870 0.01176452
v 0.00980000 -0.02105000 0.01157455
v 0.00980000 -0.02135016 0.01143458
v 0.00980000 -0.02167007 0.01134886
v 0.00980000 -0.02021458 0.01386984
v 0.00980000 -0.02012886 0.01354993
v 0.00980000 -0.02010000 0.01322000
v 0.00980000 -0.02322130 0.01467548
v 0.00980000 -0.02295000 0.01486545
v 0.00980000 -0.02264984 0.01500542
v 0.00980000 -0.02012886 0.01289007
v 0.00980000 -0.02021458 0.01257016
v 0.00980000 -0.02035455 0.01227000
v 0.00980000 -0.02054452 0.01199870
v 0.00980000 -0.02387113 0.01354993
v 0.00980000 -0.02378542 0.01386984
v 0.00980000 -0.02364545 0.01417000
v 0.00980000 -0.02345548 0.01444130
v 0.00980000 -0.02077870 0.01467548
v 0.00980000 -0.02054452 0.01444130
v 0.00980000 -0.02035455 0.01417000
v 0.00980000 -0.02232993 0.01509114
v 0.00980000 -0.02200000 0.01512000
v 0.00980000 -0.02167007 0.01509114
v 0.00980000 -0.02135016 0.01500542
v 0.00980000 -0.02105000 0.01486545
v 0.01180000 -0.02030000 0.01322000
v 0.01160000 -0.02010000 0.01322000
v 0.01160000 -0.02012886 0.01354993
v 0.01180000 -0.02032583 0.01351520
v 0.01160000 -0.02021458 0.01386984
v 0.01180000 -0.02040252 0.01380143
v 0.01160000 -0.02035455 0.01417000
v 0.01180000 -0.02052776 0.01407000
v 0.01160000 -0.02054452 0.01444130
v 0.01180000 -0.02069772 0.01431274
v 0.01160000 -0.02077870 0.01467548
v 0.01180000 -0.02090726 0.01452228
v 0.01160000 -0.02105000 0.01486545
v 0.01180000 -0.02115000 0.01469224
v 0.01160000 -0.02135016 0.01500542
v 0.01180000 -0.02141857 0.01481748
v 0.01160000 -0.02167007 0.01509114
v 0.01180000 -0.02170480 0.01489417
v 0.01160000 -0.02200000 0.01512000
v 0.01180000 -0.02200000 0.01492000
v 0.01160000 -0.02232993 0.01509114
v 0.01180000 -0.02229520 0.01489417
v 0.01160000 -0.02264984 0.01500542
v 0.01180000 -0.02258143 0.01481748
v 0.01160000 -0.02295000 0.01486545
v 0.01180000 -0.02285000 0.01469224
v 0.01160000 -0.02322130 0.01467548
v 0.01180000 -0.02309274 0.01452228
v 0.01160000 -0.02345548 0.01444130
v 0.01180000 -0.02330228 0.01431274
v 0.01160000 -0.02364545 0.01417000
v 0.01180000 -0.02347224 0.01407000
v 0.01160000 -0.02378542 0.01386984
v 0.01180000 -0.02359748 0.01380143
v 0.01160000 -0.02387113 0.01354993
v 0.01180000 -0.02367417 0.01351520
v 0.01160000 -0.02390000 0.01322000
v 0.01180000 -0.02370000 0.01322000
v 0.01160000 -0.02012886 0.01289007
v 0.01160000 -0.02021458 0.01257016
v 0.01160000 -0.02035455 0.01227000
v 0.01160000 -0.02054452 0.01199870
v 0.01160000 -0.02077870 0.01176452
v 0.01160000 -0.02105000 0.01157455
v 0.01160000 -0.02135016 0.01143458
v 0.01160000 -0.02167007 0.01134886
v 0.01160000 -0.02200000 0.01132000
v 0.01160000 -0.02232993 0.01134886
v 0.01160000 -0.02264984 0.01143458
v 0.01160000 -0.02295000 0.01157455
v 0.01160000 -0.02322130 0.01176452
v 0.01160000 -0.02345548 0.01199870
v 0.01160000 -0.02364545 0.01227000
v 0.01160000 -0.02378542 0.01257016
v 0.01160000 -0.02387113 0.01289007
v 0.01180000 -0.02367417 0.01292480
v 0.01180000 -0.02359748 0.01263857
v 0.01180000 -0.02347224 0.01237000
v 0.01180000 -0.02330228 0.01212726
v 0.01180000 -0.02309274 0.01191772
v 0.01180000 -0.02285000 0.01174776
v 0.01180000 -0.02258143 0.01162252
v 0.01180000 -0.02229520 0.01154583
v 0.01180000 -0.02200000 0.01152000
v 0.01180000 -0.02170480 0.01154583
v 0.01180000 -0.02141857 0.01162252
v 0.01180000 -0.02115000 0.01174776
v 0.01180000 -0.02090726 0.01191772
v 0.01180000 -0.02069772 0.01212726
v 0.01180000 -0.02052776 0.01237000
v 0.01180000 -0.02040252 0.01263857
v 0.01180000 -0.02032583 0.01292480
v 0.01080000 0.00956699 0.02197000
v 0.01080000 0.01043301 0.02197000
v 0.01180000 0.00956699 0.02197000
v 0.01180000 0.01043301 0.02197000
v 0.01080000 0.00913398 0.02122000
v 0.01180000 0.00913398 0.02122000
v 0.01080000 0.00956699 0.02047000
v 0.01180000 0.00956699 0.02047000
v 0.01080000 0.01043301 0.02047000
v 0.01180000 0.01043301 0.02047000
v 0.01080000 0.01086603 0.02122000
v 0.01180000 0.01086603 0.02122000
v 0.00480000 0.00943525 0.02172033
v 0.00480000 0.01056475 0.02071967
v 0.00480000 0.01042860 0.02059906
v 0.00480000 0.00957139 0.02184094
v 0.00480000 0.00973245 0.02192547
v 0.00480000 0.00990906 0.02196900
v 0.00480000 0.01026755 0.02051453
v 0.00480000 0.01009095 0.02047100
v 0.00480000 0.00990906 0.02047100
v 0.00480000 0.01009095 0.02196900
v 0.00480000 0.01026755 0.02192547
v 0.00480000 0.01042860 0.02184094
v 0.00480000 0.00973245 0.02051453
v 0.00480000 0.00957139 0.02059906
v 0.00480000 0.00943525 0.02071967
v 0.00480000 0.01056475 0.02172033
v 0.00480000 0.01066808 0.02157063
v 0.00480000 0.01073258 0.02140056
v 0.00480000 0.00926742 0.02103944
v 0.00480000 0.00924550 0.02122000
v 0.00480000 0.00926742 0.02140056
v 0.00480000 0.00933192 0.02086937
v 0.00480000 0.00933192 0.02157063
v 0.00480000 0.01075450 0.02122000
v 0.00480000 0.01073258 0.02103944
v 0.00480000 0.01066808 0.02086937
v 0.00504550 0.01100000 0.02122000
v 0.00504550 0.01097094 0.02098068
v 0.00504550 0.01088546 0.02075528
v 0.00504550 0.01074851 0.02055688
v 0.00504550 0.01056806 0.02039702
v 0.00504550 0.01035460 0.02028498
v 0.00504550 0.01012054 0.02022729
v 0.00504550 0.00987946 0.02022729
v 0.00504550 0.00964539 0.02028498
v 0.00504550 0.00943193 0.02039702
v 0.00504550 0.00925149 0.02055688
v 0.00504550 0.00911454 0.02075528
v 0.00504550 0.00902906 0.02098068
v 0.00504550 0.00900000 0.02122000
v 0.00504550 0.00902906 0.02145931
v 0.00504550 0.00911454 0.02168472
v 0.00504550 0.00925149 0.02188312
v 0.00504550 0.00943193 0.02204298
v 0.00504550 0.00964539 0.02215502
v 0.00504550 0.00987946 0.02221271
v 0.00504550 0.01012054 0.02221271
v 0.00504550 0.01035460 0.02215502
v 0.00504550 0.01056806 0.02204298
v 0.00504550 0.01074851 0.02188312
v 0.00504550 0.01088546 0.02168472
v 0.00504550 0.01097094 0.02145931
v 0.00980000 0.00900000 0.02122000
v 0.00980000 0.00902906 0.02145931
v 0.00980000 0.00911454 0.02168472
v 0.00980000 0.00925149 0.02188312
v 0.00980000 0.00943193 0.02204298
v 0.00980000 0.00964539 0.02215502
v 0.00980000 0.00987946 0.02221271
v 0.00980000 0.01012054 0.02221271
v 0.00980000 0.01035460 0.02215502
v 0.00980000 0.01056806 0.02204298
v 0.00980000 0.01074851 0.02188312
v 0.00980000 0.01088546 0.02168472
v 0.00980000 0.01097094 0.02145931
v 0.00980000 0.01100000 0.02122000
v 0.00980000 0.01097094 0.02098068
v 0.00980000 0.01088546 0.02075528
v 0.00980000 0.01074851 0.02055688
v 0.00980000 0.01056806 0.02039702
v 0.00980000 0.01035460 0.02028498
v 0.00980000 0.01012054 0.02022729
v 0.00980000 0.00987946 0.02022729
v 0.00980000 0.00964539 0.02028498
v 0.00980000 0.00943193 0.02039702
v 0.00980000 0.00925149 0.02055688
v 0.00980000 0.00911454 0.02075528
v 0.00980000 0.00902906 0.02098068
v 0.00980000 0.00821458 0.02057016
v 0.00980000 0.00812887 0.02089007
v 0.00980000 0.00810000 0.02122000
v 0.00980000 0.01000000 0.01932000
v 0.00980000 0.00967007 0.01934887
v 0.00980000 0.00935016 0.01943458
v 0.00980000 0.00905000 0.01957455
v 0.00980000 0.00877870 0.01976452
v 0.00980000 0.00854452 0.01999870
v 0.00980000 0.00835455 0.02027000
v 0.00980000 0.01122130 0.01976452
v 0.00980000 0.01095000 0.01957455
v 0.00980000 0.01064984 0.01943458
v 0.00980000 0.01032993 0.01934887
v 0.00980000 0.01178542 0.02186984
v 0.00980000 0.01187113 0.02154993
v 0.00980000 0.01190000 0.02122000
v 0.00980000 0.00877870 0.02267548
v 0.00980000 0.00905000 0.02286545
v 0.00980000 0.00935016 0.02300542
v 0.00980000 0.01187113 0.02089007
v 0.00980000 0.01178542 0.02057016
v 0.00980000 0.01164545 0.02027000
v 0.00980000 0.01145548 0.01999870
v 0.00980000 0.00812887 0.02154993
v 0.00980000 0.00821458 0.02186984
v 0.00980000 0.00835455 0.02217000
v 0.00980000 0.00854452 0.02244130
v 0.00980000 0.01122130 0.02267548
v 0.00980000 0.01145548 0.02244130
v 0.00980000 0.01164545 0.02217000
v 0.00980000 0.00967007 0.02309114
v 0.00980000 0.01000000 0.02312000
v 0.00980000 0.01032993 0.02309114
v 0.00980000 0.01064984 0.02300542
v 0.00980000 0.01095000 0.02286545
v 0.01180000 0.01170000 0.02122000
v 0.01160000 0.01190000 0.02122000
v 0.01160000 0.01187113 0.02154993
v 0.01180000 0.01167417 0.02151520
v 0.01160000 0.01178542 0.02186984
v 0.01180000 0.01159748 0.02180143
v 0.01160000 0.01164545 0.02217000
v 0.01180000 0.01147224 0.02207000
v 0.01160000 0.01145548 0.02244130
v 0.01180000 0.01130228 0.02231274
v 0.01160000 0.01122130 0.02267548
v 0.01180000 0.01109274 0.02252228
v 0.01160000 0.01095000 0.02286545
v 0.01180000 0.01085000 0.02269224
v 0.01160000 0.01064984 0.02300542
v 0.01180000 0.01058143 0.02281748
v 0.01160000 0.01032993 0.02309114
v 0.01180000 0.01029520 0.02289417
v 0.01160000 0.01000000 0.02312000
v 0.01180000 0.01000000 0.02292000
v 0.01160000 0.00967007 0.02309114
v 0.01180000 0.00970480 0.02289417
v 0.01160000 0.00935016 0.02300542
v 0.01180000 0.00941857 0.02281748
v 0.01160000 0.00905000 0.02286545
v 0.01180000 0.00915000 0.02269224
v 0.01160000 0.00877870 0.02267548
v 0.01180000 0.00890726 0.02252228
v 0.01160000 0.00854452 0.02244130
v 0.01180000 0.00869772 0.02231274
v 0.01160000 0.00835455 0.02217000
v 0.01180000 0.00852776 0.02207000
v 0.01160000 0.00821458 0.02186984
v 0.01180000 0.00840252 0.02180143
v 0.01160000 0.00812887 0.02154993
v 0.01180000 0.00832583 0.02151520
v 0.01160000 0.00810000 0.02122000
v 0.01180000 0.00830000 0.02122000
v 0.01160000 0.01187113 0.02089007
v 0.01160000 0.01178542 0.02057016
v 0.01160000 0.01164545 0.02027000
v 0.01160000 0.01145548 0.01999870
v 0.01160000 0.01122130 0.01976452
v 0.01160000 0.01095000 0.01957455
v 0.01160000 0.01064984 0.01943458
v 0.01160000 0.01032993 0.01934887
v 0.01160000 0.01000000 0.01932000
v 0.01160000 0.00967007 0.01934887
v 0.01160000 0.00935016 0.01943458
v 0.01160000 0.00905000 0.01957455
v 0.01160000 0.00877870 0.01976452
v 0.01160000 0.00854452 0.01999870
v 0.01160000 0.00835455 0.02027000
v 0.01160000 0.00821458 0.02057016
v 0.01160000 0.00812887 0.02089007
v 0.01180000 0.00832583 0.02092480
v 0.01180000 0.00840252 0.02063857
v 0.01180000 0.00852776 0.02037000
v 0.01180000 0.00869772 0.02012726
v 0.01180000 0.00890726 0.01991772
v 0.01180000 0.00915000 0.01974776
v 0.01180000 0.00941857 0.01962252
v 0.01180000 0.00970480 0.01954583
v 0.01180000 0.01000000 0.01952000
v 0.01180000 0.01029520 0.01954583
v 0.01180000 0.01058143 0.01962252
v 0.01180000 0.01085000 0.01974776
v 0.01180000 0.01109274 0.01991772
v 0.01180000 0.01130228 0.02012726
v 0.01180000 0.01147224 0.02037000
v 0.01180000 0.01159748 0.02063857
v 0.01180000 0.01167417 0.02092480
v 0.01080000 0.02156699 0.01397000
v 0.01080000 0.02243301 0.01397000
v 0.01180000 0.02156699 0.01397000
v 0.01180000 0.02243301 0.01397000
v 0.01080000 0.02113397 0.01322000
v 0.01180000 0.02113397 0.01322000
v 0.01080000 0.02156699 0.01247000
v 0.01180000 0.02156699 0.01247000
v 0.01080000 0.02243301 0.01247000
v 0.01180000 0.02243301 0.01247000
v 0.01080000 0.02286603 0.01322000
v 0.01180000 0.02286603 0.01322000
v 0.00480000 0.02143525 0.01372033
v 0.00480000 0.02256475 0.01271967
v 0.00480000 0.02242861 0.01259906
v 0.00480000 0.02157140 0.01384094
v 0.00480000 0.02173245 0.01392547
v 0.00480000 0.02190905 0.01396900
v 0.00480000 0.02226755 0.01251453
v 0.00480000 0.02209095 0.01247100
v 0.00480000 0.02190905 0.01247100
v 0.00480000 0.02209095 0.01396900
v 0.00480000 0.02226755 0.01392547
v 0.00480000 0.02242861 0.01384094
v 0.00480000 0.02173245 0.01251453
v 0.00480000 0.02157140 0.01259906
v 0.00480000 0.02143525 0.01271967
v 0.00480000 0.02256475 0.01372033
v 0.00480000 0.02266808 0.01357063
v 0.00480000 0.02273258 0.01340056
v 0.00480000 0.02126743 0.01303944
v 0.00480000 0.02124550 0.01322000
v 0.00480000 0.02126743 0.01340056
v 0.00480000 0.02133192 0.01286937
v 0.00480000 0.02133192 0.01357063
v 0.00480000 0.02275450 0.01322000
v 0.00480000 0.02273258 0.01303944
v 0.00480000 0.02266808 0.01286937
v 0.00504550 0.02300000 0.01322000
v 0.00504550 0.02297094 0.01298068
v 0.00504550 0.02288546 0.01275528
v 0.00504550 0.02274851 0.01255688
v 0.00504550 0.02256807 0.01239702
v 0.00504550 0.02235460 0.01228498
v 0.00504550 0.02212054 0.01222729
v 0.00504550 0.02187946 0.01222729
v 0.00504550 0.02164540 0.01228498
v 0.00504550 0.02143194 0.01239702
v 0.00504550 0.02125149 0.01255688
v 0.00504550 0.02111454 0.01275528
v 0.00504550 0.02102906 0.01298068
v 0.00504550 0.02100000 0.01322000
v 0.00504550 0.02102906 0.01345932
v 0.00504550 0.02111454 0.01368472
v 0.00504550 0.02125149 0.01388312
v 0.00504550 0.02143194 0.01404298
v 0.00504550 0.02164540 0.01415502
v 0.00504550 0.02187946 0.01421271
v 0.00504550 0.02212054 0.01421271
v 0.00504550 0.02235460 0.01415502
v 0.00504550 0.02256807 0.01404298
v 0.00504550 0.02274851 0.01388312
v 0.00504550 0.02288546 0.01368472
v 0.00504550 0.02297094 0.01345932
v 0.00980000 0.02100000 0.01322000
v 0.00980000 0.02102906 0.01345932
v 0.00980000 0.02111454 0.01368472
v 0.00980000 0.02125149 0.01388312
v 0.00980000 0.02143194 0.01404298
v 0.00980000 0.02164540 0.01415502
v 0.00980000 0.02187946 0.01421271
v 0.00980000 0.02212054 0.01421271
v 0.00980000 0.02235460 0.01415502
v 0.00980000 0.02256807 0.01404298
v 0.00980000 0.02274851 0.01388312
v 0.00980000 0.02288546 0.01368472
v 0.00980000 0.02297094 0.01345932
v 0.00980000 0.02300000 0.01322000
v 0.00980000 0.02297094 0.01298068
v 0.00980000 0.02288546 0.01275528
v 0.00980000 0.02274851 0.01255688
v 0.00980000 0.02256807 0.01239702
v 0.00980000 0.02235460 0.01228498
v 0.00980000 0.02212054 0.01222729
v 0.00980000 0.02187946 0.01222729
v 0.00980000 0.02164540 0.01228498
v 0.00980000 0.02143194 0.01239702
v 0.00980000 0.02125149 0.01255688
v 0.00980000 0.02111454 0.01275528
v 0.00980000 0.02102906 0.01298068
v 0.00980000 0.02021458 0.01257016
v 0.00980000 0.02012886 0.01289007
v 0.00980000 0.02010000 0.01322000
v 0.00980000 0.02200000 0.01132000
v 0.00980000 0.02167007 0.01134886
v 0.00980000 0.02135016 0.01143458
v 0.00980000 0.02105000 0.01157455
v 0.00980000 0.02077870 0.01176452
v 0.00980000 0.02054452 0.01199870
v 0.00980000 0.02035455 0.01227000
v 0.00980000 0.02322130 0.01176452
v 0.00980000 0.02295000 0.01157455
v 0.00980000 0.02264984 0.01143458
v 0.00980000 0.02232993 0.01134886
v 0.00980000 0.02378542 0.01386984
v 0.00980000 0.02387113 0.01354993
v 0.00980000 0.02390000 0.01322000
v 0.00980000 0.02077870 0.01467548
v 0.00980000 0.02105000 0.01486545
v 0.00980000 0.02135016 0.01500542
v 0.00980000 0.02387113 0.01289007
v 0.00980000 0.02378542 0.01257016
v 0.00980000 0.02364545 0.01227000
v 0.00980000 0.02345548 0.01199870
v 0.00980000 0.02012886 0.01354993
v 0.00980000 0.02021458 0.01386984
v 0.00980000 0.02035455 0.01417000
v 0.00980000 0.02054452 0.01444130
v 0.00980000 0.02322130 0.01467548
v 0.00980000 0.02345548 0.01444130
v 0.00980000 0.02364545 0.01417000
v 0.00980000 0.02167007 0.01509114
v 0.00980000 0.02200000 0.01512000
v 0.00980000 0.02232993 0.01509114
v 0.00980000 0.02264984 0.01500542
v 0.00980000 0.02295000 0.01486545
v 0.01180000 0.02370000 0.01322000
v 0.01160000 0.02390000 0.01322000
v 0.01160000 0.02387113 0.01354993
v 0.01180000 0.02367417 0.01351520
v 0.01160000 0.02378542 0.01386984
v 0.01180000 0.02359748 0.01380143
v 0.01160000 0.02364545 0.01417000
v 0.01180000 0.02347224 0.01407000
v 0.01160000 0.02345548 0.01444130
v 0.01180000 0.02330228 0.01431274
v 0.01160000 0.02322130 0.01467548
v 0.01180000 0.02309274 0.01452228
v 0.01160000 0.02295000 0.01486545
v 0.01180000 0.02285000 0.01469224
v 0.01160000 0.02264984 0.01500542
v 0.01180000 0.02258143 0.01481748
v 0.01160000 0.02232993 0.01509114
v 0.01180000 0.02229520 0.01489417
v 0.01160000 0.02200000 0.01512000
v 0.01180000 0.02200000 0.01492000
v 0.01160000 0.02167007 0.01509114
v 0.01180000 0.02170480 0.01489417
v 0.01160000 0.02135016 0.01500542
v 0.01180000 0.02141857 0.01481748
v 0.01160000 0.02105000 0.01486545
v 0.01180000 0.02115000 0.01469224
v 0.01160000 0.02077870 0.01467548
v 0.01180000 0.02090726 0.01452228
v 0.01160000 0.02054452 0.01444130
v 0.01180000 0.02069772 0.01431274
v 0.01160000 0.02035455 0.01417000
v 0.01180000 0.02052776 0.01407000
v 0.01160000 0.02021458 0.01386984
v 0.01180000 0.02040252 0.01380143
v 0.01160000 0.02012886 0.01354993
v 0.01180000 0.02032583 0.01351520
v 0.01160000 0.02010000 0.01322000
v 0.01180000 0.02030000 0.01322000
v 0.01160000 0.02387113 0.01289007
v 0.01160000 0.02378542 0.01257016
v 0.01160000 0.02364545 0.01227000
v 0.01160000 0.02345548 0.01199870
v 0.01160000 0.02322130 0.01176452
v 0.01160000 0.02295000 0.01157455
v 0.01160000 0.02264984 0.01143458
v 0.01160000 0.02232993 0.01134886
v 0.01160000 0.02200000 0.01132000
v 0.01160000 0.02167007 0.01134886
v 0.01160000 0.02135016 0.01143458
v 0.01160000 0.02105000 0.01157455
v 0.01160000 0.02077870 0.01176452
v 0.01160000 0.02054452 0.01199870
v 0.01160000 0.02035455 0.01227000
v 0.01160000 0.02021458 0.01257016
v 0.01160000 0.02012886 0.01289007
v 0.01180000 0.02032583 0.01292480
v 0.01180000 0.02040252 0.01263857
v 0.01180000 0.02052776 0.01237000
v 0.01180000 0.02069772 0.01212726
v 0.01180000 0.02090726 0.01191772
v 0.01180000 0.02115000 0.01174776
v 0.01180000 0.02141857 0.01162252
v 0.01180000 0.02170480 0.01154583
v 0.01180000 0.02200000 0.01152000
v 0.01180000 0.02229520 0.01154583
v 0.01180000 0.02258143 0.01162252
v 0.01180000 0.02285000 0.01174776
v 0.01180000 0.02309274 0.01191772
v 0.01180000 0.02330228 0.01212726
v 0.01180000 0.02347224 0.01237000
v 0.01180000 0.02359748 0.01263857
v 0.01180000 0.02367417 0.01292480
v 0.00051931 -0.01000000 0.01322000
v 0.00100000 -0.01040000 0.01391282
v 0.00100000 -0.01069282 0.01362000
v 0.00100000 -0.01000000 0.01402000
v 0.00100000 -0.01069282 0.01282000
v 0.00100000 -0.01040000 0.01252718
v 0.00100000 -0.01080000 0.01322000
v 0.00100000 -0.00960000 0.01252718
v 0.00100000 -0.00930718 0.01282000
v 0.00100000 -0.01000000 0.01242000
v 0.00100000 -0.00930718 0.01362000
v 0.00100000 -0.00960000 0.01391282
v 0.00100000 -0.00920000 0.01322000
v 0.00051931 -0.01000000 0.02122000
v 0.00100000 -0.01040000 0.02191282
v 0.00100000 -0.01069282 0.02162000
v 0.00100000 -0.01000000 0.02202000
v 0.00100000 -0.01069282 0.02082000
v 0.00100000 -0.01040000 0.02052718
v 0.00100000 -0.01080000 0.02122000
v 0.00100000 -0.00960000 0.02052718
v 0.00100000 -0.00930718 0.02082000
v 0.00100000 -0.01000000 0.02042000
v 0.00100000 -0.00930718 0.02162000
v 0.00100000 -0.00960000 0.02191282
v 0.00100000 -0.00920000 0.02122000
v 0.00051931 -0.02200000 0.01322000
v 0.00100000 -0.02240000 0.01391282
v 0.00100000 -0.02269282 0.01362000
v 0.00100000 -0.02200000 0.01402000
v 0.00100000 -0.02269282 0.01282000
v 0.00100000 -0.02240000 0.01252718
v 0.00100000 -0.02280000 0.01322000
v 0.00100000 -0.02160000 0.01252718
v 0.00100000 -0.02130718 0.01282000
v 0.00100000 -0.02200000 0.01242000
v 0.00100000 -0.02130718 0.01362000
v 0.00100000 -0.02160000 0.01391282
v 0.00100000 -0.02120000 0.01322000
v 0.00051931 -0.02200000 0.02122000
v 0.00100000 -0.02240000 0.02191282
v 0.00100000 -0.02269282 0.02162000
v 0.00100000 -0.02200000 0.02202000
v 0.00100000 -0.02269282 0.02082000
v 0.00100000 -0.02240000 0.02052718
v 0.00100000 -0.02280000 0.02122000
v 0.00100000 -0.02160000 0.02052718
v 0.00100000 -0.02130718 0.02082000
v 0.00100000 -0.02200000 0.02042000
v 0.00100000 -0.02130718 0.02162000
v 0.00100000 -0.02160000 0.02191282
v 0.00100000 -0.02120000 0.02122000
v 0.00700000 -0.01000000 0.01242000
v 0.00700000 -0.01040000 0.01252718
v 0.00700000 -0.01069282 0.01282000
v 0.00700000 -0.01080000 0.01322000
v 0.00700000 -0.01069282 0.01362000
v 0.00700000 -0.01040000 0.01391282
v 0.00700000 -0.01000000 0.01402000
v 0.00700000 -0.00960000 0.01391282
v 0.00700000 -0.00930718 0.01362000
v 0.00700000 -0.00920000 0.01322000
v 0.00700000 -0.00930718 0.01282000
v 0.00700000 -0.00960000 0.01252718
v 0.00700000 -0.01000000 0.02042000
v 0.00700000 -0.01040000 0.02052718
v 0.00700000 -0.01069282 0.02082000
v 0.00700000 -0.01080000 0.02122000
v 0.00700000 -0.01069282 0.02162000
v 0.00700000 -0.01040000 0.02191282
v 0.00700000 -0.01000000 0.02202000
v 0.00700000 -0.00960000 0.02191282
v 0.00700000 -0.00930718 0.02162000
v 0.00700000 -0.00920000 0.02122000
v 0.00700000 -0.00930718 0.02082000
v 0.00700000 -0.00960000 0.02052718
v 0.00685000 -0.01300000 0.02397000
v 0.00685000 -0.01300000 0.01047000
v 0.00700000 -0.01300000 0.02397000
v 0.00700000 -0.01300000 0.01047000
v 0.00700000 -0.02430000 0.02397000
v 0.00680000 -0.02450000 0.02397000
v 0.00700000 -0.02430000 0.01047000
v 0.00680000 -0.02450000 0.01047000
v 0.00685000 -0.01900000 0.02397000
v 0.00700000 -0.01900000 0.02397000
v 0.00685000 -0.01900000 0.01047000
v 0.00700000 -0.01900000 0.01047000
v 0.00700000 -0.02200000 0.01242000
v 0.00700000 -0.02240000 0.01252718
v 0.00700000 -0.02269282 0.01282000
v 0.00700000 -0.02280000 0.01322000
v 0.00700000 -0.02269282 0.01362000
v 0.00700000 -0.02240000 0.01391282
v 0.00700000 -0.02200000 0.01402000
v 0.00700000 -0.02160000 0.01391282
v 0.00700000 -0.02130718 0.01362000
v 0.00700000 -0.02120000 0.01322000
v 0.00700000 -0.02130718 0.01282000
v 0.00700000 -0.02160000 0.01252718
v 0.00700000 -0.02200000 0.02042000
v 0.00700000 -0.02240000 0.02052718
v 0.00700000 -0.02269282 0.02082000
v 0.00700000 -0.02280000 0.02122000
v 0.00700000 -0.02269282 0.02162000
v 0.00700000 -0.02240000 0.02191282
v 0.00700000 -0.02200000 0.02202000
v 0.00700000 -0.02160000 0.02191282
v 0.00700000 -0.02130718 0.02162000
v 0.00700000 -0.02120000 0.02122000
v 0.00700000 -0.02130718 0.02082000
v 0.00700000 -0.02160000 0.02052718
v 0.00290000 -0.02450000 0.02397000
v 0.00290000 -0.02450000 0.01047000
v 0.00294019 -0.02435000 0.02397000
v 0.00294019 -0.02435000 0.01047000
v 0.00305000 -0.02424019 0.02397000
v 0.00305000 -0.02424019 0.01047000
v 0.00320000 -0.02420000 0.02397000
v 0.00320000 -0.02420000 0.01047000
v 0.00335000 -0.02424019 0.02397000
v 0.00335000 -0.02424019 0.01047000
v 0.00345981 -0.02435000 0.02397000
v 0.00345981 -0.02435000 0.01047000
v 0.00350000 -0.02450000 0.02397000
v 0.00350000 -0.02450000 0.01047000
v 0.00680000 -0.00750000 0.02397000
v 0.00700000 -0.00770000 0.02397000
v 0.00680000 -0.00750000 0.01047000
v 0.00700000 -0.00770000 0.01047000
v 0.00070000 -0.02450000 0.02397000
v 0.00070000 -0.02450000 0.01047000
v 0.00650000 -0.00780000 0.02847000
v 0.00670000 -0.00800000 0.02847000
v 0.00650000 -0.00780000 0.02397000
v 0.00670000 -0.00800000 0.02397000
v 0.00670000 -0.02400000 0.02397000
v 0.00650000 -0.02420000 0.02397000
v 0.00070000 -0.00780000 0.02397000
v 0.00050000 -0.00750000 0.02397000
v 0.00050000 -0.00800000 0.02397000
v 0.00070000 -0.02420000 0.02397000
v 0.00050000 -0.02400000 0.02397000
v 0.00050000 -0.02430000 0.02397000
v 0.00650000 -0.02420000 0.02847000
v 0.00670000 -0.02400000 0.02847000
v 0.00450000 -0.01335650 0.02827000
v 0.00555065 -0.01357940 0.02827000
v 0.00450000 -0.01321451 0.02827000
v 0.00555065 -0.01343781 0.02827000
v 0.00450000 -0.01156219 0.02827000
v 0.00555065 -0.01178549 0.02827000
v 0.00450000 -0.01142060 0.02827000
v 0.00555065 -0.01164350 0.02827000
v 0.00550000 -0.01600000 0.02310948
v 0.00580000 -0.01651962 0.02347000
v 0.00601962 -0.01630000 0.02347000
v 0.00550000 -0.01660000 0.02347000
v 0.00601962 -0.01570000 0.02347000
v 0.00580000 -0.01548039 0.02347000
v 0.00610000 -0.01600000 0.02347000
v 0.00520000 -0.01548039 0.02347000
v 0.00498038 -0.01570000 0.02347000
v 0.00550000 -0.01540000 0.02347000
v 0.00498038 -0.01630000 0.02347000
v 0.00520000 -0.01651962 0.02347000
v 0.00490000 -0.01600000 0.02347000
v 0.00499300 -0.01113464 0.02827000
v 0.00450000 -0.01102993 0.02827000
v 0.00450000 -0.01117192 0.02827000
v 0.00511357 -0.01061467 0.02827000
v 0.00555065 -0.01070708 0.02827000
v 0.00555065 -0.01056549 0.02827000
v 0.00555065 -0.01139482 0.02827000
v 0.00555065 -0.01125243 0.02827000
v 0.00511357 -0.01116042 0.02827000
v 0.00450000 -0.01034219 0.02827000
v 0.00450000 -0.01048378 0.02827000
v 0.00499300 -0.01058928 0.02827000
v 0.00489290 -0.01282726 0.02827000
v 0.00479191 -0.01278457 0.02827000
v 0.00450000 -0.01277704 0.02827000
v 0.00481824 -0.01216026 0.02827000
v 0.00468601 -0.01209446 0.02827000
v 0.00450000 -0.01212420 0.02827000
v 0.00472429 -0.01275513 0.02827000
v 0.00467689 -0.01273579 0.02827000
v 0.00450000 -0.01261046 0.02827000
v 0.00496087 -0.01285716 0.02827000
v 0.00555065 -0.01331208 0.02827000
v 0.00555065 -0.01315581 0.02827000
v 0.00450000 -0.01196912 0.02827000
v 0.00473767 -0.01208885 0.02827000
v 0.00476375 -0.01208652 0.02827000
v 0.00478879 -0.01208568 0.02827000
v 0.00482840 -0.01208335 0.02827000
v 0.00503068 -0.01207463 0.02827000
v 0.00555065 -0.01191320 0.02827000
v 0.00555065 -0.01205281 0.02827000
v 0.00481833 -0.01272666 0.02827000
v 0.00482164 -0.01272645 0.02827000
v 0.00513697 -0.01258190 0.02827000
v 0.00493628 -0.01272032 0.02827000
v 0.00534599 -0.01256842 0.02827000
v 0.00555065 -0.01269415 0.02827000
v 0.00555065 -0.01254938 0.02827000
v 0.00525516 -0.01252702 0.02827000
v 0.00524969 -0.01238744 0.02827000
v 0.00518813 -0.01249306 0.02827000
v 0.00494818 -0.01222653 0.02827000
v 0.00484417 -0.01217328 0.02827000
v 0.00508073 -0.01417437 0.02827000
v 0.00515601 -0.01414062 0.02827000
v 0.00510881 -0.01403551 0.02827000
v 0.00537693 -0.01392327 0.02827000
v 0.00555065 -0.01396174 0.02827000
v 0.00555065 -0.01382808 0.02827000
v 0.00450000 -0.01360518 0.02827000
v 0.00450000 -0.01374677 0.02827000
v 0.00513975 -0.01387568 0.02827000
v 0.00527217 -0.01390765 0.02827000
v 0.00525447 -0.01396972 0.02827000
v 0.00479792 -0.01428990 0.02827000
v 0.00485180 -0.01427031 0.02827000
v 0.00498892 -0.01421433 0.02827000
v 0.00476707 -0.01430031 0.02827000
v 0.00450000 -0.01428935 0.02827000
v 0.00465825 -0.01433417 0.02827000
v 0.00450000 -0.01443451 0.02827000
v 0.00509887 -0.01442355 0.02827000
v 0.00555065 -0.01465781 0.02827000
v 0.00555065 -0.01451542 0.02827000
v 0.00670000 -0.00800000 0.00597000
v 0.00650000 -0.00780000 0.00597000
v 0.00670000 -0.00800000 0.01047000
v 0.00650000 -0.00780000 0.01047000
v 0.00050000 -0.00800000 0.02847000
v 0.00070000 -0.00780000 0.02847000
v 0.00050000 -0.00750000 0.01047000
v 0.00070000 -0.00780000 0.00597000
v 0.00050000 -0.00800000 0.00597000
v 0.00070000 -0.00780000 0.01047000
v 0.00050000 -0.00800000 0.01047000
v 0.00160000 -0.01250000 0.00597000
v 0.00160000 -0.01250000 0.02847000
v 0.00050000 -0.01250000 0.00597000
v 0.00050000 -0.01250000 0.02847000
v 0.00050000 -0.02430000 0.01047000
v 0.00050000 -0.02400000 0.02847000
v 0.00070000 -0.02420000 0.02847000
v 0.00050000 -0.01950000 0.00597000
v 0.00050000 -0.01950000 0.02847000
v 0.00160000 -0.01950000 0.00597000
v 0.00160000 -0.01950000 0.02847000
v 0.00650000 -0.02420000 0.00597000
v 0.00670000 -0.02400000 0.00597000
v 0.00650000 -0.02420000 0.01047000
v 0.00670000 -0.02400000 0.01047000
v 0.00050000 -0.02400000 0.01047000
v 0.00070000 -0.02420000 0.01047000
v 0.00050000 -0.02400000 0.00597000
v 0.00070000 -0.02420000 0.00597000
v 0.00561570 -0.01931891 0.00617000
v 0.00561570 -0.01946680 0.00617000
v 0.00450000 -0.01931891 0.00617000
v 0.00475912 -0.01946680 0.00617000
v 0.00450000 -0.02017801 0.00617000
v 0.00450000 -0.02002971 0.00617000
v 0.00561570 -0.02017801 0.00617000
v 0.00535573 -0.02002971 0.00617000
v 0.00561570 -0.02002043 0.00617000
v 0.00450000 -0.01947691 0.00617000
v 0.00450000 -0.02271572 0.00617000
v 0.00450000 -0.02256741 0.00617000
v 0.00561570 -0.02271572 0.00617000
v 0.00544801 -0.02256741 0.00617000
v 0.00450000 -0.02178752 0.00617000
v 0.00450000 -0.02163921 0.00617000
v 0.00544801 -0.02178752 0.00617000
v 0.00561570 -0.02163921 0.00617000
v 0.00561570 -0.02184440 0.00617000
v 0.00530709 -0.02195048 0.00617000
v 0.00511147 -0.02201769 0.00617000
v 0.00450000 -0.02210857 0.00617000
v 0.00466516 -0.02216756 0.00617000
v 0.00450000 -0.02224804 0.00617000
v 0.00473295 -0.02218984 0.00617000
v 0.00482948 -0.02222191 0.00617000
v 0.00561570 -0.02249030 0.00617000
v 0.00550000 -0.01600000 0.01133052
v 0.00580000 -0.01548039 0.01097000
v 0.00601962 -0.01570000 0.01097000
v 0.00550000 -0.01540000 0.01097000
v 0.00601962 -0.01630000 0.01097000
v 0.00580000 -0.01651962 0.01097000
v 0.00610000 -0.01600000 0.01097000
v 0.00520000 -0.01651962 0.01097000
v 0.00498038 -0.01630000 0.01097000
v 0.00550000 -0.01660000 0.01097000
v 0.00498038 -0.01570000 0.01097000
v 0.00520000 -0.01548039 0.01097000
v 0.00490000 -0.01600000 0.01097000
v 0.00507260 -0.02086901 0.00617000
v 0.00494409 -0.02086901 0.00617000
v 0.00507260 -0.02040511 0.00617000
v 0.00494409 -0.02055300 0.00617000
v 0.00465547 -0.02040511 0.00617000
v 0.00505785 -0.02128402 0.00617000
v 0.00508915 -0.02143094 0.00617000
v 0.00480868 -0.02123358 0.00617000
v 0.00477926 -0.02137612 0.00617000
v 0.00468509 -0.02113062 0.00617000
v 0.00461203 -0.02125338 0.00617000
v 0.00461359 -0.02094828 0.00617000
v 0.00450079 -0.02103414 0.00617000
v 0.00460870 -0.02087701 0.00617000
v 0.00449713 -0.02071410 0.00617000
v 0.00461734 -0.02078263 0.00617000
v 0.00472836 -0.02055300 0.00617000
v 0.00468555 -0.02061067 0.00617000
v 0.00464620 -0.02069078 0.00617000
v 0.00546940 -0.02049325 0.00617000
v 0.00556938 -0.02060398 0.00617000
v 0.00544353 -0.02066534 0.00617000
v 0.00526809 -0.02055848 0.00617000
v 0.00530391 -0.02042239 0.00617000
v 0.00534278 -0.02058629 0.00617000
v 0.00540039 -0.02062042 0.00617000
v 0.00534109 -0.02121129 0.00617000
v 0.00539407 -0.02117152 0.00617000
v 0.00540722 -0.02133596 0.00617000
v 0.00556640 -0.02116984 0.00617000
v 0.00563550 -0.02087659 0.00617000
v 0.00549920 -0.02079848 0.00617000
v 0.00547750 -0.02072575 0.00617000
v 0.00517440 -0.02127338 0.00617000
v 0.00519361 -0.02126946 0.00617000
v 0.00528368 -0.02124189 0.00617000
v 0.00543953 -0.02111912 0.00617000
v 0.00547581 -0.02105313 0.00617000
v 0.00561786 -0.02103254 0.00617000
v 0.00549883 -0.02097292 0.00617000
v 0.00550699 -0.02087912 0.00617000
v 0.00560601 -0.01841009 0.00617000
v 0.00560601 -0.01912130 0.00617000
v 0.00546781 -0.01912130 0.00617000
v 0.00450000 -0.01895319 0.00617000
v 0.00450000 -0.01881499 0.00617000
v 0.00464441 -0.01894023 0.00617000
v 0.00470064 -0.01893067 0.00617000
v 0.00546781 -0.01858789 0.00617000
v 0.00536042 -0.01851126 0.00617000
v 0.00549351 -0.01841009 0.00617000
v 0.00481727 -0.01890516 0.00617000
v 0.00486320 -0.01874865 0.00617000
v 0.00517508 -0.01877239 0.00617000
v 0.00519099 -0.01861149 0.00617000
v 0.00528447 -0.01855891 0.00617000
v 0.00461061 -0.01741103 0.00617000
v 0.00485434 -0.01728428 0.00617000
v 0.00489100 -0.01743259 0.00617000
v 0.00476771 -0.01747641 0.00617000
v 0.00467949 -0.01754804 0.00617000
v 0.00450612 -0.01757537 0.00617000
v 0.00462577 -0.01764284 0.00617000
v 0.00448020 -0.01774227 0.00617000
v 0.00460870 -0.01775660 0.00617000
v 0.00448744 -0.01784935 0.00617000
v 0.00462103 -0.01785424 0.00617000
v 0.00449816 -0.01790438 0.00617000
v 0.00455309 -0.01803299 0.00617000
v 0.00527441 -0.01746208 0.00617000
v 0.00530896 -0.01731420 0.00617000
v 0.00541818 -0.01753762 0.00617000
v 0.00546383 -0.01738756 0.00617000
v 0.00548704 -0.01763588 0.00617000
v 0.00558805 -0.01753184 0.00617000
v 0.00550699 -0.01775281 0.00617000
v 0.00563531 -0.01775901 0.00617000
v 0.00546485 -0.01793024 0.00617000
v 0.00556766 -0.01801151 0.00617000
v 0.00536660 -0.01803774 0.00617000
v 0.00552447 -0.01807454 0.00617000
v 0.00527989 -0.01808018 0.00617000
v 0.00532863 -0.01821513 0.00617000
v 0.00494910 -0.01810585 0.00617000
v 0.00498205 -0.01825808 0.00617000
v 0.00477267 -0.01805111 0.00617000
v 0.00470159 -0.01817168 0.00617000
v 0.00466969 -0.01795933 0.00617000
v 0.00466053 -0.01794494 0.00617000
v 0.00300000 -0.01950000 0.02847000
v 0.00300000 -0.01950000 0.00597000
v 0.00290622 -0.01915000 0.00597000
v 0.00290622 -0.01915000 0.02847000
v 0.00265000 -0.01889378 0.00597000
v 0.00265000 -0.01889378 0.02847000
v 0.00230000 -0.01880000 0.00597000
v 0.00230000 -0.01880000 0.02847000
v 0.00195000 -0.01889378 0.00597000
v 0.00195000 -0.01889378 0.02847000
v 0.00169378 -0.01915000 0.00597000
v 0.00169378 -0.01915000 0.02847000
v 0.00670000 -0.00907109 0.02847000
v 0.00670000 -0.01140771 0.02847000
v 0.00670000 -0.01256386 0.02847000
v 0.00670000 -0.01344574 0.02847000
v 0.00670000 -0.01502891 0.02847000
v 0.00670000 -0.01359229 0.02847000
v 0.00470000 -0.00780000 0.02847000
v 0.00582532 -0.00780000 0.02847000
v 0.00470000 -0.02420000 0.02847000
v 0.00582532 -0.02420000 0.02847000
v 0.00450000 -0.01335650 0.02847000
v 0.00450000 -0.01321451 0.02847000
v 0.00555065 -0.01343781 0.02847000
v 0.00555065 -0.01344574 0.02847000
v 0.00555065 -0.01357940 0.02847000
v 0.00492063 -0.01344574 0.02847000
v 0.00450000 -0.01156219 0.02847000
v 0.00450000 -0.01142060 0.02847000
v 0.00555065 -0.01164350 0.02847000
v 0.00555065 -0.01178549 0.02847000
v 0.00550000 -0.01540000 0.02847000
v 0.00580000 -0.01548039 0.02847000
v 0.00601962 -0.01570000 0.02847000
v 0.00610000 -0.01600000 0.02847000
v 0.00601962 -0.01630000 0.02847000
v 0.00580000 -0.01651962 0.02847000
v 0.00550000 -0.01660000 0.02847000
v 0.00520000 -0.01651962 0.02847000
v 0.00498038 -0.01630000 0.02847000
v 0.00490000 -0.01600000 0.02847000
v 0.00498038 -0.01570000 0.02847000
v 0.00520000 -0.01548039 0.02847000
v 0.00450000 -0.01048378 0.02847000
v 0.00450000 -0.01034219 0.02847000
v 0.00555065 -0.01056549 0.02847000
v 0.00555065 -0.01070708 0.02847000
v 0.00511357 -0.01061467 0.02847000
v 0.00511357 -0.01116042 0.02847000
v 0.00555065 -0.01125243 0.02847000
v 0.00555065 -0.01139482 0.02847000
v 0.00450000 -0.01117192 0.02847000
v 0.00450000 -0.01102993 0.02847000
v 0.00499300 -0.01113464 0.02847000
v 0.00499300 -0.01058928 0.02847000
v 0.00534599 -0.01256842 0.02847000
v 0.00513697 -0.01258190 0.02847000
v 0.00518813 -0.01249306 0.02847000
v 0.00525516 -0.01252702 0.02847000
v 0.00450000 -0.01212420 0.02847000
v 0.00450000 -0.01196912 0.02847000
v 0.00555065 -0.01191320 0.02847000
v 0.00555065 -0.01205281 0.02847000
v 0.00503068 -0.01207463 0.02847000
v 0.00482840 -0.01208335 0.02847000
v 0.00476375 -0.01208652 0.02847000
v 0.00478879 -0.01208568 0.02847000
v 0.00468601 -0.01209446 0.02847000
v 0.00473767 -0.01208885 0.02847000
v 0.00494818 -0.01222653 0.02847000
v 0.00484417 -0.01217328 0.02847000
v 0.00481824 -0.01216026 0.02847000
v 0.00555065 -0.01254938 0.02847000
v 0.00524969 -0.01238744 0.02847000
v 0.00555065 -0.01256386 0.02847000
v 0.00555065 -0.01269415 0.02847000
v 0.00493628 -0.01272032 0.02847000
v 0.00467689 -0.01273579 0.02847000
v 0.00481833 -0.01272666 0.02847000
v 0.00482164 -0.01272645 0.02847000
v 0.00479191 -0.01278457 0.02847000
v 0.00472429 -0.01275513 0.02847000
v 0.00496087 -0.01285716 0.02847000
v 0.00489290 -0.01282726 0.02847000
v 0.00555065 -0.01315581 0.02847000
v 0.00555065 -0.01331208 0.02847000
v 0.00470000 -0.01287889 0.02847000
v 0.00450000 -0.01277704 0.02847000
v 0.00450000 -0.01261046 0.02847000
v 0.00485180 -0.01427031 0.02847000
v 0.00498892 -0.01421433 0.02847000
v 0.00515601 -0.01414062 0.02847000
v 0.00508073 -0.01417437 0.02847000
v 0.00465825 -0.01433417 0.02847000
v 0.00476707 -0.01430031 0.02847000
v 0.00479792 -0.01428990 0.02847000
v 0.00555065 -0.01451542 0.02847000
v 0.00509887 -0.01442355 0.02847000
v 0.00555065 -0.01465781 0.02847000
v 0.00450000 -0.01443451 0.02847000
v 0.00450000 -0.01428935 0.02847000
v 0.00510881 -0.01403551 0.02847000
v 0.00537693 -0.01392327 0.02847000
v 0.00525447 -0.01396972 0.02847000
v 0.00513975 -0.01387568 0.02847000
v 0.00527217 -0.01390765 0.02847000
v 0.00450000 -0.01374677 0.02847000
v 0.00450000 -0.01360518 0.02847000
v 0.00555065 -0.01382808 0.02847000
v 0.00555065 -0.01396174 0.02847000
v 0.00670000 -0.02153603 0.00597000
v 0.00670000 -0.02029156 0.00597000
v 0.00670000 -0.01922011 0.00597000
v 0.00670000 -0.01833775 0.00597000
v 0.00670000 -0.01694214 0.00597000
v 0.00670000 -0.01160000 0.00597000
v 0.00586914 -0.00780000 0.00597000
v 0.00562560 -0.00780000 0.00597000
v 0.00447940 -0.00780000 0.00597000
v 0.00470000 -0.00780000 0.00597000
v 0.00050000 -0.01140771 0.02847000
v 0.00050000 -0.00907109 0.02847000
v 0.00050000 -0.01160000 0.00597000
v 0.00169378 -0.01285000 0.00597000
v 0.00169378 -0.01285000 0.02847000
v 0.00195000 -0.01310622 0.00597000
v 0.00195000 -0.01310622 0.02847000
v 0.00230000 -0.01320000 0.00597000
v 0.00230000 -0.01320000 0.02847000
v 0.00265000 -0.01310622 0.00597000
v 0.00265000 -0.01310622 0.02847000
v 0.00290622 -0.01285000 0.00597000
v 0.00290622 -0.01285000 0.02847000
v 0.00300000 -0.01250000 0.00597000
v 0.00300000 -0.01250000 0.02847000
v 0.00050000 -0.02029156 0.00597000
v 0.00050000 -0.02153603 0.00597000
v 0.00447940 -0.02420000 0.00597000
v 0.00470000 -0.02420000 0.00597000
v 0.00562560 -0.02420000 0.00597000
v 0.00586914 -0.02420000 0.00597000
v 0.00535573 -0.02002971 0.00597000
v 0.00470000 -0.02002971 0.00597000
v 0.00450000 -0.02002971 0.00597000
v 0.00470000 -0.01960611 0.00597000
v 0.00450000 -0.01947691 0.00597000
v 0.00450000 -0.01931891 0.00597000
v 0.00561570 -0.01931891 0.00597000
v 0.00470000 -0.01931891 0.00597000
v 0.00561570 -0.01946680 0.00597000
v 0.00475912 -0.01946680 0.00597000
v 0.00561570 -0.02002043 0.00597000
v 0.00561570 -0.02017801 0.00597000
v 0.00470000 -0.02017801 0.00597000
v 0.00450000 -0.02017801 0.00597000
v 0.00544801 -0.02256741 0.00597000
v 0.00470000 -0.02256741 0.00597000
v 0.00450000 -0.02256741 0.00597000
v 0.00470000 -0.02231541 0.00597000
v 0.00450000 -0.02224804 0.00597000
v 0.00450000 -0.02210857 0.00597000
v 0.00544801 -0.02178752 0.00597000
v 0.00470000 -0.02204084 0.00597000
v 0.00470000 -0.02178752 0.00597000
v 0.00450000 -0.02178752 0.00597000
v 0.00450000 -0.02163921 0.00597000
v 0.00561570 -0.02163921 0.00597000
v 0.00470000 -0.02163921 0.00597000
v 0.00561570 -0.02184440 0.00597000
v 0.00530709 -0.02195048 0.00597000
v 0.00511147 -0.02201769 0.00597000
v 0.00466516 -0.02216756 0.00597000
v 0.00473295 -0.02218984 0.00597000
v 0.00482948 -0.02222191 0.00597000
v 0.00561570 -0.02249030 0.00597000
v 0.00561570 -0.02271572 0.00597000
v 0.00470000 -0.02271572 0.00597000
v 0.00450000 -0.02271572 0.00597000
v 0.00550000 -0.01660000 0.00597000
v 0.00580000 -0.01651962 0.00597000
v 0.00601962 -0.01630000 0.00597000
v 0.00610000 -0.01600000 0.00597000
v 0.00601962 -0.01570000 0.00597000
v 0.00580000 -0.01548039 0.00597000
v 0.00550000 -0.01540000 0.00597000
v 0.00520000 -0.01548039 0.00597000
v 0.00498038 -0.01570000 0.00597000
v 0.00490000 -0.01600000 0.00597000
v 0.00498038 -0.01630000 0.00597000
v 0.00520000 -0.01651962 0.00597000
v 0.00505785 -0.02128402 0.00597000
v 0.00517440 -0.02127338 0.00597000
v 0.00528368 -0.02124189 0.00597000
v 0.00519361 -0.02126946 0.00597000
v 0.00534109 -0.02121129 0.00597000
v 0.00539407 -0.02117152 0.00597000
v 0.00543953 -0.02111912 0.00597000
v 0.00547581 -0.02105313 0.00597000
v 0.00549883 -0.02097292 0.00597000
v 0.00550699 -0.02087912 0.00597000
v 0.00549920 -0.02079848 0.00597000
v 0.00547750 -0.02072575 0.00597000
v 0.00544353 -0.02066534 0.00597000
v 0.00540039 -0.02062042 0.00597000
v 0.00534278 -0.02058629 0.00597000
v 0.00526809 -0.02055848 0.00597000
v 0.00530391 -0.02042239 0.00597000
v 0.00546940 -0.02049325 0.00597000
v 0.00556938 -0.02060398 0.00597000
v 0.00563550 -0.02087659 0.00597000
v 0.00561786 -0.02103254 0.00597000
v 0.00556640 -0.02116984 0.00597000
v 0.00540722 -0.02133596 0.00597000
v 0.00508915 -0.02143094 0.00597000
v 0.00477926 -0.02137612 0.00597000
v 0.00461203 -0.02125338 0.00597000
v 0.00450079 -0.02103414 0.00597000
v 0.00449713 -0.02071410 0.00597000
v 0.00465547 -0.02040511 0.00597000
v 0.00507260 -0.02040511 0.00597000
v 0.00470000 -0.02040511 0.00597000
v 0.00507260 -0.02086901 0.00597000
v 0.00494409 -0.02086901 0.00597000
v 0.00494409 -0.02055300 0.00597000
v 0.00472836 -0.02055300 0.00597000
v 0.00468555 -0.02061067 0.00597000
v 0.00464620 -0.02069078 0.00597000
v 0.00461734 -0.02078263 0.00597000
v 0.00460870 -0.02087701 0.00597000
v 0.00461359 -0.02094828 0.00597000
v 0.00468509 -0.02113062 0.00597000
v 0.00480868 -0.02123358 0.00597000
v 0.00450000 -0.01895319 0.00597000
v 0.00481727 -0.01890516 0.00597000
v 0.00470064 -0.01893067 0.00597000
v 0.00464441 -0.01894023 0.00597000
v 0.00450000 -0.01881499 0.00597000
v 0.00486320 -0.01874865 0.00597000
v 0.00519099 -0.01861149 0.00597000
v 0.00549351 -0.01841009 0.00597000
v 0.00528447 -0.01855891 0.00597000
v 0.00536042 -0.01851126 0.00597000
v 0.00560601 -0.01841009 0.00597000
v 0.00560601 -0.01912130 0.00597000
v 0.00546781 -0.01912130 0.00597000
v 0.00546781 -0.01858789 0.00597000
v 0.00517508 -0.01877239 0.00597000
v 0.00448020 -0.01774227 0.00597000
v 0.00450612 -0.01757537 0.00597000
v 0.00461061 -0.01741103 0.00597000
v 0.00485434 -0.01728428 0.00597000
v 0.00489100 -0.01743259 0.00597000
v 0.00476771 -0.01747641 0.00597000
v 0.00467949 -0.01754804 0.00597000
v 0.00462577 -0.01764284 0.00597000
v 0.00460870 -0.01775660 0.00597000
v 0.00462103 -0.01785424 0.00597000
v 0.00466053 -0.01794494 0.00597000
v 0.00466969 -0.01795933 0.00597000
v 0.00477267 -0.01805111 0.00597000
v 0.00494910 -0.01810585 0.00597000
v 0.00527989 -0.01808018 0.00597000
v 0.00536660 -0.01803774 0.00597000
v 0.00546485 -0.01793024 0.00597000
v 0.00550699 -0.01775281 0.00597000
v 0.00548704 -0.01763588 0.00597000
v 0.00541818 -0.01753762 0.00597000
v 0.00527441 -0.01746208 0.00597000
v 0.00530896 -0.01731420 0.00597000
v 0.00546383 -0.01738756 0.00597000
v 0.00558805 -0.01753184 0.00597000
v 0.00563531 -0.01775901 0.00597000
v 0.00556766 -0.01801151 0.00597000
v 0.00552447 -0.01807454 0.00597000
v 0.00532863 -0.01821513 0.00597000
v 0.00498205 -0.01825808 0.00597000
v 0.00470159 -0.01817168 0.00597000
v 0.00455309 -0.01803299 0.00597000
v 0.00449816 -0.01790438 0.00597000
v 0.00448744 -0.01784935 0.00597000
v 0.00380000 -0.01950000 0.00597000
v 0.00380000 -0.01950000 0.02847000
v 0.00470000 -0.01502891 0.02847000
v 0.00380000 -0.01502891 0.02847000
v 0.00380000 -0.01359229 0.02847000
v 0.00470000 -0.01359229 0.02847000
v 0.00470000 -0.01344574 0.02847000
v 0.00380000 -0.01344574 0.02847000
v 0.00380000 -0.01250000 0.02847000
v 0.00380000 -0.01256386 0.02847000
v 0.00470000 -0.01256386 0.02847000
v 0.00470000 -0.00907109 0.02847000
v 0.00582532 -0.01256386 0.02847000
v 0.00582532 -0.01344574 0.02847000
v 0.00582532 -0.01359229 0.02847000
v 0.00470000 -0.01140771 0.02847000
v 0.00582532 -0.01140771 0.02847000
v 0.00582532 -0.01502891 0.02847000
v 0.00582532 -0.00907109 0.02847000
v 0.00380000 -0.01250000 0.00597000
v 0.00470000 -0.01694214 0.00597000
v 0.00562560 -0.01160000 0.00597000
v 0.00586914 -0.01160000 0.00597000
v 0.00470000 -0.02153603 0.00597000
v 0.00447940 -0.01160000 0.00597000
v 0.00380000 -0.01694214 0.00597000
v 0.00447940 -0.01694214 0.00597000
v 0.00380000 -0.01833775 0.00597000
v 0.00447940 -0.01833775 0.00597000
v 0.00380000 -0.01922011 0.00597000
v 0.00447940 -0.01922011 0.00597000
v 0.00447940 -0.02029156 0.00597000
v 0.00470000 -0.02029156 0.00597000
v 0.00562560 -0.02029156 0.00597000
v 0.00562560 -0.01922011 0.00597000
v 0.00470000 -0.01922011 0.00597000
v 0.00447940 -0.02153603 0.00597000
v 0.00562560 -0.02153603 0.00597000
v 0.00470000 -0.01160000 0.00597000
v 0.00470000 -0.01833775 0.00597000
v 0.00562560 -0.01833775 0.00597000
v 0.00562560 -0.01694214 0.00597000
v 0.00586914 -0.01694214 0.00597000
v 0.00586914 -0.01833775 0.00597000
v 0.00586914 -0.02153603 0.00597000
v 0.00586914 -0.01922011 0.00597000
v 0.00586914 -0.02029156 0.00597000
v 0.01500000 -0.01427831 0.01847000
v 0.01500000 -0.01572169 0.01847000
v 0.01500000 -0.01355662 0.01722000
v 0.01500000 -0.01644338 0.01722000
v 0.01500000 -0.01427831 0.01597000
v 0.01500000 -0.01572169 0.01597000
v 0.01590000 -0.01572169 0.01847000
v 0.01590000 -0.01644338 0.01722000
v 0.01590000 -0.01572169 0.01597000
v 0.01590000 -0.01427831 0.01597000
v 0.01590000 -0.01355662 0.01722000
v 0.01590000 -0.01427831 0.01847000
v 0.01595000 -0.01645884 0.01722000
v 0.01598660 -0.01575056 0.01852000
v 0.01598660 -0.01650111 0.01722000
v 0.01600000 -0.01577942 0.01857000
v 0.01600000 -0.01655885 0.01722000
v 0.01592588 -0.01644731 0.01722000
v 0.01592588 -0.01572366 0.01847341
v 0.01595000 -0.01572942 0.01848340
v 0.01592588 -0.01572366 0.01596659
v 0.01595000 -0.01572942 0.01595660
v 0.01598660 -0.01575056 0.01592000
v 0.01600000 -0.01577942 0.01587000
v 0.01592588 -0.01427635 0.01596659
v 0.01595000 -0.01427058 0.01595660
v 0.01598660 -0.01424944 0.01592000
v 0.01600000 -0.01422058 0.01587000
v 0.01592588 -0.01355269 0.01722000
v 0.01595000 -0.01354115 0.01722000
v 0.01598660 -0.01349889 0.01722000
v 0.01600000 -0.01344115 0.01722000
v 0.01592588 -0.01427635 0.01847341
v 0.01595000 -0.01427058 0.01848340
v 0.01598660 -0.01424944 0.01852000
v 0.01600000 -0.01422058 0.01857000
v 0.01600000 -0.01236769 0.01661919
v 0.01600000 -0.01231248 0.01696074
v 0.01600000 -0.01230139 0.01730654
v 0.01600000 -0.01233461 0.01765092
v 0.01600000 -0.01324978 0.01516410
v 0.01600000 -0.01300125 0.01540479
v 0.01600000 -0.01766539 0.01765092
v 0.01600000 -0.01769861 0.01730654
v 0.01600000 -0.01241160 0.01798822
v 0.01600000 -0.01253109 0.01831291
v 0.01600000 -0.01269111 0.01861966
v 0.01600000 -0.01288905 0.01890342
v 0.01600000 -0.01312166 0.01915954
v 0.01600000 -0.01758840 0.01798822
v 0.01600000 -0.01278554 0.01567529
v 0.01600000 -0.01260618 0.01597115
v 0.01600000 -0.01246614 0.01628751
v 0.01600000 -0.01675022 0.01516410
v 0.01600000 -0.01647294 0.01495716
v 0.01600000 -0.01617149 0.01478738
v 0.01600000 -0.01585079 0.01465755
v 0.01600000 -0.01500000 0.01452000
v 0.01600000 -0.01517299 0.01452555
v 0.01600000 -0.01551613 0.01456979
v 0.01600000 -0.01482701 0.01452555
v 0.01600000 -0.01448387 0.01456979
v 0.01600000 -0.01414921 0.01465755
v 0.01600000 -0.01382851 0.01478738
v 0.01600000 -0.01352706 0.01495716
v 0.01600000 -0.01768752 0.01696074
v 0.01600000 -0.01763231 0.01661919
v 0.01600000 -0.01753386 0.01628751
v 0.01600000 -0.01687834 0.01915954
v 0.01600000 -0.01661490 0.01938382
v 0.01600000 -0.01632494 0.01957256
v 0.01600000 -0.01534527 0.01989783
v 0.01600000 -0.01568487 0.01983170
v 0.01600000 -0.01601322 0.01972268
v 0.01600000 -0.01739382 0.01597115
v 0.01600000 -0.01721447 0.01567529
v 0.01600000 -0.01699875 0.01540479
v 0.01600000 -0.01338510 0.01938382
v 0.01600000 -0.01367506 0.01957256
v 0.01600000 -0.01398678 0.01972268
v 0.01600000 -0.01431513 0.01983170
v 0.01600000 -0.01465473 0.01989783
v 0.01600000 -0.01500000 0.01992000
v 0.01600000 -0.01711095 0.01890342
v 0.01600000 -0.01730889 0.01861966
v 0.01600000 -0.01746891 0.01831291
v 0.01599382 -0.01517521 0.01449101
v 0.01599382 -0.01552274 0.01453582
v 0.01599382 -0.01586170 0.01462470
v 0.01599382 -0.01618650 0.01475620
v 0.01599382 -0.01649183 0.01492815
v 0.01599382 -0.01677265 0.01513774
v 0.01599382 -0.01702437 0.01538152
v 0.01599382 -0.01724285 0.01565548
v 0.01599382 -0.01742451 0.01595514
v 0.01599382 -0.01756635 0.01627556
v 0.01599382 -0.01766605 0.01661149
v 0.01599382 -0.01772198 0.01695741
v 0.01599382 -0.01773321 0.01730765
v 0.01599382 -0.01769956 0.01765644
v 0.01599382 -0.01762158 0.01799807
v 0.01599382 -0.01750056 0.01832693
v 0.01599382 -0.01733848 0.01863760
v 0.01599382 -0.01713801 0.01892500
v 0.01599382 -0.01690242 0.01918441
v 0.01599382 -0.01663560 0.01941155
v 0.01599382 -0.01634192 0.01960272
v 0.01599382 -0.01602621 0.01975476
v 0.01599382 -0.01569365 0.01986518
v 0.01599382 -0.01534969 0.01993216
v 0.01599382 -0.01500000 0.01995461
v 0.01599382 -0.01465031 0.01993216
v 0.01599382 -0.01430635 0.01986518
v 0.01599382 -0.01397379 0.01975476
v 0.01599382 -0.01365808 0.01960272
v 0.01599382 -0.01336440 0.01941155
v 0.01599382 -0.01309758 0.01918441
v 0.01599382 -0.01286199 0.01892500
v 0.01599382 -0.01266152 0.01863760
v 0.01599382 -0.01249944 0.01832693
v 0.01599382 -0.01237842 0.01799807
v 0.01599382 -0.01230044 0.01765644
v 0.01599382 -0.01226679 0.01730765
v 0.01599382 -0.01227803 0.01695741
v 0.01599382 -0.01233395 0.01661149
v 0.01599382 -0.01243365 0.01627556
v 0.01599382 -0.01257550 0.01595514
v 0.01599382 -0.01275715 0.01565548
v 0.01599382 -0.01297563 0.01538152
v 0.01599382 -0.01322735 0.01513774
v 0.01599382 -0.01350817 0.01492815
v 0.01599382 -0.01381350 0.01475620
v 0.01599382 -0.01413830 0.01462470
v 0.01599382 -0.01447726 0.01453582
v 0.01599382 -0.01482479 0.01449101
v 0.01590000 -0.01220000 0.01722000
v 0.01593461 -0.01220762 0.01730955
v 0.01590000 -0.01221294 0.01695114
v 0.01593461 -0.01221909 0.01695173
v 0.01590000 -0.01224500 0.01672004
v 0.01593461 -0.01227623 0.01659832
v 0.01590000 -0.01227020 0.01659694
v 0.01593461 -0.01237809 0.01625511
v 0.01593461 -0.01252300 0.01592775
v 0.01590000 -0.01237854 0.01623615
v 0.01590000 -0.01237229 0.01625298
v 0.01593461 -0.01270859 0.01562161
v 0.01590000 -0.01259634 0.01578388
v 0.01590000 -0.01251752 0.01592489
v 0.01590000 -0.01325423 0.01503087
v 0.01590000 -0.01318496 0.01508795
v 0.01593461 -0.01318897 0.01509266
v 0.01590000 -0.01292722 0.01533756
v 0.01593461 -0.01293180 0.01534171
v 0.01590000 -0.01289140 0.01537777
v 0.01590000 -0.01270352 0.01561807
v 0.01590000 -0.01347250 0.01487335
v 0.01593461 -0.01347587 0.01487853
v 0.01590000 -0.01367317 0.01475433
v 0.01593461 -0.01378781 0.01470286
v 0.01590000 -0.01378513 0.01469729
v 0.01593461 -0.01411964 0.01456851
v 0.01590000 -0.01411770 0.01456264
v 0.01590000 -0.01413475 0.01455704
v 0.01593461 -0.01446594 0.01447770
v 0.01590000 -0.01446476 0.01447163
v 0.01590000 -0.01462415 0.01444534
v 0.01593461 -0.01482100 0.01443192
v 0.01590000 -0.01482060 0.01442575
v 0.01590000 -0.01512562 0.01442282
v 0.01593461 -0.01517900 0.01443192
v 0.01590000 -0.01517940 0.01442575
v 0.01593461 -0.01553406 0.01447770
v 0.01590000 -0.01553524 0.01447163
v 0.01593461 -0.01652412 0.01487853
v 0.01590000 -0.01621487 0.01469729
v 0.01593461 -0.01621219 0.01470286
v 0.01590000 -0.01610047 0.01464532
v 0.01593461 -0.01588036 0.01456851
v 0.01590000 -0.01588230 0.01456264
v 0.01590000 -0.01562306 0.01449020
v 0.01593461 -0.01681103 0.01509266
v 0.01590000 -0.01654251 0.01488320
v 0.01590000 -0.01652750 0.01487335
v 0.01593461 -0.01706820 0.01534171
v 0.01590000 -0.01693498 0.01519617
v 0.01590000 -0.01681504 0.01508795
v 0.01590000 -0.01752271 0.01600512
v 0.01590000 -0.01748248 0.01592489
v 0.01593461 -0.01747700 0.01592775
v 0.01590000 -0.01729648 0.01561807
v 0.01593461 -0.01729141 0.01562161
v 0.01590000 -0.01726525 0.01557420
v 0.01590000 -0.01707278 0.01533756
v 0.01590000 -0.01762771 0.01625298
v 0.01593461 -0.01762191 0.01625511
v 0.01590000 -0.01769910 0.01647510
v 0.01593461 -0.01772377 0.01659832
v 0.01590000 -0.01772980 0.01659694
v 0.01593461 -0.01778091 0.01695173
v 0.01590000 -0.01778706 0.01695114
v 0.01590000 -0.01778873 0.01696901
v 0.01593461 -0.01779238 0.01730955
v 0.01590000 -0.01779856 0.01730974
v 0.01590000 -0.01778873 0.01747099
v 0.01593461 -0.01775801 0.01766589
v 0.01590000 -0.01776411 0.01766688
v 0.01590000 -0.01769910 0.01796490
v 0.01593461 -0.01767834 0.01801492
v 0.01590000 -0.01768427 0.01801668
v 0.01593461 -0.01755470 0.01835089
v 0.01590000 -0.01756036 0.01835339
v 0.01593461 -0.01694361 0.01922694
v 0.01590000 -0.01718913 0.01896577
v 0.01593461 -0.01718430 0.01896192
v 0.01590000 -0.01726525 0.01886580
v 0.01593461 -0.01738911 0.01866830
v 0.01590000 -0.01739440 0.01867150
v 0.01590000 -0.01752271 0.01843487
v 0.01593461 -0.01667101 0.01945901
v 0.01590000 -0.01693498 0.01924383
v 0.01590000 -0.01694791 0.01923138
v 0.01593461 -0.01637098 0.01965431
v 0.01590000 -0.01654251 0.01955681
v 0.01590000 -0.01667471 0.01946396
v 0.01590000 -0.01562306 0.01994980
v 0.01590000 -0.01571023 0.01992843
v 0.01593461 -0.01570866 0.01992245
v 0.01590000 -0.01605075 0.01981537
v 0.01593461 -0.01604843 0.01980964
v 0.01590000 -0.01610047 0.01979468
v 0.01590000 -0.01637401 0.01965969
v 0.01590000 -0.01535806 0.01999701
v 0.01593461 -0.01535727 0.01999088
v 0.01590000 -0.01512562 0.02001718
v 0.01593461 -0.01500000 0.02001382
v 0.01590000 -0.01500000 0.02002000
v 0.01593461 -0.01464273 0.01999088
v 0.01590000 -0.01464194 0.01999701
v 0.01590000 -0.01462415 0.01999466
v 0.01593461 -0.01429133 0.01992245
v 0.01590000 -0.01428977 0.01992843
v 0.01590000 -0.01413475 0.01988296
v 0.01593461 -0.01395157 0.01980964
v 0.01590000 -0.01394925 0.01981537
v 0.01590000 -0.01367317 0.01968567
v 0.01593461 -0.01362902 0.01965431
v 0.01590000 -0.01362599 0.01965969
v 0.01593461 -0.01332899 0.01945901
v 0.01590000 -0.01332529 0.01946396
v 0.01593461 -0.01261089 0.01866830
v 0.01590000 -0.01281087 0.01896577
v 0.01593461 -0.01281570 0.01896192
v 0.01590000 -0.01289140 0.01906223
v 0.01593461 -0.01305639 0.01922694
v 0.01590000 -0.01305209 0.01923138
v 0.01590000 -0.01325423 0.01940913
v 0.01593461 -0.01244530 0.01835089
v 0.01590000 -0.01259634 0.01865612
v 0.01590000 -0.01260560 0.01867150
v 0.01593461 -0.01232166 0.01801492
v 0.01590000 -0.01237854 0.01820385
v 0.01590000 -0.01243964 0.01835339
v 0.01590000 -0.01220144 0.01730974
v 0.01590000 -0.01223589 0.01766688
v 0.01593461 -0.01224199 0.01766589
v 0.01590000 -0.01224500 0.01771996
v 0.01590000 -0.01231573 0.01801668
v 0.01597071 -0.01500000 0.01999071
v 0.01597071 -0.01535431 0.01996796
v 0.01597071 -0.01570280 0.01990009
v 0.01597071 -0.01603976 0.01978822
v 0.01597071 -0.01635964 0.01963417
v 0.01597071 -0.01665719 0.01944049
v 0.01597071 -0.01692753 0.01921034
v 0.01597071 -0.01716623 0.01894751
v 0.01597071 -0.01736935 0.01865632
v 0.01597071 -0.01753357 0.01834154
v 0.01597071 -0.01765619 0.01800834
v 0.01597071 -0.01773519 0.01766220
v 0.01597071 -0.01776929 0.01730881
v 0.01597071 -0.01775791 0.01695395
v 0.01597071 -0.01770124 0.01660346
v 0.01597071 -0.01760023 0.01626309
v 0.01597071 -0.01745651 0.01593844
v 0.01597071 -0.01727246 0.01563483
v 0.01597071 -0.01705110 0.01535725
v 0.01597071 -0.01679605 0.01511025
v 0.01597071 -0.01651152 0.01489790
v 0.01597071 -0.01620217 0.01472368
v 0.01597071 -0.01587307 0.01459044
v 0.01597071 -0.01552965 0.01450038
v 0.01597071 -0.01517752 0.01445498
v 0.01597071 -0.01482248 0.01445498
v 0.01597071 -0.01447035 0.01450038
v 0.01597071 -0.01412693 0.01459044
v 0.01597071 -0.01379783 0.01472368
v 0.01597071 -0.01348848 0.01489790
v 0.01597071 -0.01320395 0.01511025
v 0.01597071 -0.01294890 0.01535725
v 0.01597071 -0.01272754 0.01563483
v 0.01597071 -0.01254349 0.01593844
v 0.01597071 -0.01239978 0.01626309
v 0.01597071 -0.01229876 0.01660346
v 0.01597071 -0.01224209 0.01695395
v 0.01597071 -0.01223071 0.01730881
v 0.01597071 -0.01226480 0.01766220
v 0.01597071 -0.01234381 0.01800834
v 0.01597071 -0.01246643 0.01834154
v 0.01597071 -0.01263065 0.01865632
v 0.01597071 -0.01283377 0.01894751
v 0.01597071 -0.01307246 0.01921034
v 0.01597071 -0.01334281 0.01944049
v 0.01597071 -0.01364036 0.01963417
v 0.01597071 -0.01396024 0.01978822
v 0.01597071 -0.01429720 0.01990009
v 0.01597071 -0.01464569 0.01996796
v 0.01350000 -0.01224500 0.01672004
v 0.01350000 -0.01220000 0.01722000
v 0.01350000 -0.01237854 0.01623615
v 0.01350000 -0.01259634 0.01578388
v 0.01350000 -0.01289140 0.01537777
v 0.01350000 -0.01325423 0.01503087
v 0.01350000 -0.01367317 0.01475433
v 0.01350000 -0.01413475 0.01455704
v 0.01350000 -0.01462415 0.01444534
v 0.01350000 -0.01512562 0.01442282
v 0.01350000 -0.01562306 0.01449020
v 0.01350000 -0.01610047 0.01464532
v 0.01350000 -0.01654251 0.01488320
v 0.01350000 -0.01693498 0.01519617
v 0.01350000 -0.01726525 0.01557420
v 0.01350000 -0.01752271 0.01600512
v 0.01350000 -0.01769910 0.01647510
v 0.01350000 -0.01778873 0.01696901
v 0.01350000 -0.01778873 0.01747099
v 0.01350000 -0.01769910 0.01796490
v 0.01350000 -0.01752271 0.01843487
v 0.01350000 -0.01726525 0.01886580
v 0.01350000 -0.01693498 0.01924383
v 0.01350000 -0.01654251 0.01955681
v 0.01350000 -0.01610047 0.01979468
v 0.01350000 -0.01562306 0.01994980
v 0.01350000 -0.01512562 0.02001718
v 0.01350000 -0.01462415 0.01999466
v 0.01350000 -0.01413475 0.01988296
v 0.01350000 -0.01367317 0.01968567
v 0.01350000 -0.01325423 0.01940913
v 0.01350000 -0.01289140 0.01906223
v 0.01350000 -0.01259634 0.01865612
v 0.01350000 -0.01237854 0.01820385
v 0.01350000 -0.01224500 0.01771996
v 0.00750000 -0.01350000 0.01722000
v 0.00750000 -0.01354359 0.01686103
v 0.00750000 -0.01500000 0.01722000
v 0.00750000 -0.01354359 0.01757897
v 0.00750000 -0.01414790 0.01845448
v 0.00750000 -0.01387723 0.01821468
v 0.00750000 -0.01367182 0.01791709
v 0.00750000 -0.01518080 0.01870906
v 0.00750000 -0.01481919 0.01870906
v 0.00750000 -0.01446809 0.01862253
v 0.00750000 -0.01612277 0.01821468
v 0.00750000 -0.01585210 0.01845448
v 0.00750000 -0.01553191 0.01862253
v 0.00750000 -0.01650000 0.01722000
v 0.00750000 -0.01645641 0.01757897
v 0.00750000 -0.01632818 0.01791709
v 0.00750000 -0.01612277 0.01622532
v 0.00750000 -0.01632818 0.01652292
v 0.00750000 -0.01645641 0.01686103
v 0.00750000 -0.01518080 0.01573094
v 0.00750000 -0.01553191 0.01581748
v 0.00750000 -0.01585210 0.01598552
v 0.00750000 -0.01414790 0.01598552
v 0.00750000 -0.01446809 0.01581748
v 0.00750000 -0.01481919 0.01573094
v 0.00750000 -0.01367182 0.01652292
v 0.00750000 -0.01387723 0.01622532
v 0.01350000 -0.01612277 0.01622532
v 0.01350000 -0.01632818 0.01652292
v 0.01350000 -0.01645641 0.01686103
v 0.01350000 -0.01518080 0.01573094
v 0.01350000 -0.01553191 0.01581748
v 0.01350000 -0.01585210 0.01598552
v 0.01350000 -0.01446809 0.01862253
v 0.01350000 -0.01414790 0.01845448
v 0.01350000 -0.01387723 0.01821468
v 0.01350000 -0.01367182 0.01791709
v 0.01350000 -0.01414790 0.01598552
v 0.01350000 -0.01446809 0.01581748
v 0.01350000 -0.01481919 0.01573094
v 0.01350000 -0.01354359 0.01686103
v 0.01350000 -0.01367182 0.01652292
v 0.01350000 -0.01387723 0.01622532
v 0.01350000 -0.01354359 0.01757897
v 0.01350000 -0.01350000 0.01722000
v 0.01350000 -0.01553191 0.01862253
v 0.01350000 -0.01518080 0.01870906
v 0.01350000 -0.01481919 0.01870906
v 0.01350000 -0.01632818 0.01791709
v 0.01350000 -0.01612277 0.01821468
v 0.01350000 -0.01585210 0.01845448
v 0.01350000 -0.01650000 0.01722000
v 0.01350000 -0.01645641 0.01757897
v 0.01500000 -0.00377831 0.02247000
v 0.01500000 -0.00522169 0.02247000
v 0.01500000 -0.00305662 0.02122000
v 0.01500000 -0.00594338 0.02122000
v 0.01500000 -0.00377831 0.01997000
v 0.01500000 -0.00522169 0.01997000
v 0.01590000 -0.00522169 0.02247000
v 0.01590000 -0.00594338 0.02122000
v 0.01590000 -0.00522169 0.01997000
v 0.01590000 -0.00377831 0.01997000
v 0.01590000 -0.00305662 0.02122000
v 0.01590000 -0.00377831 0.02247000
v 0.01595000 -0.00595885 0.02122000
v 0.01598660 -0.00525056 0.02252000
v 0.01598660 -0.00600111 0.02122000
v 0.01600000 -0.00527942 0.02257000
v 0.01600000 -0.00605885 0.02122000
v 0.01592588 -0.00594731 0.02122000
v 0.01592588 -0.00522366 0.02247341
v 0.01595000 -0.00522942 0.02248340
v 0.01592588 -0.00522366 0.01996659
v 0.01595000 -0.00522942 0.01995660
v 0.01598660 -0.00525056 0.01992000
v 0.01600000 -0.00527942 0.01987000
v 0.01592588 -0.00377634 0.01996659
v 0.01595000 -0.00377058 0.01995660
v 0.01598660 -0.00374944 0.01992000
v 0.01600000 -0.00372058 0.01987000
v 0.01592588 -0.00305269 0.02122000
v 0.01595000 -0.00304115 0.02122000
v 0.01598660 -0.00299889 0.02122000
v 0.01600000 -0.00294115 0.02122000
v 0.01592588 -0.00377634 0.02247341
v 0.01595000 -0.00377058 0.02248340
v 0.01598660 -0.00374944 0.02252000
v 0.01600000 -0.00372058 0.02257000
v 0.01600000 -0.00186769 0.02061919
v 0.01600000 -0.00181248 0.02096074
v 0.01600000 -0.00180139 0.02130654
v 0.01600000 -0.00183461 0.02165092
v 0.01600000 -0.00274978 0.01916410
v 0.01600000 -0.00250125 0.01940479
v 0.01600000 -0.00716539 0.02165092
v 0.01600000 -0.00719861 0.02130654
v 0.01600000 -0.00191160 0.02198822
v 0.01600000 -0.00203109 0.02231291
v 0.01600000 -0.00219111 0.02261966
v 0.01600000 -0.00238905 0.02290342
v 0.01600000 -0.00262166 0.02315954
v 0.01600000 -0.00708840 0.02198822
v 0.01600000 -0.00228553 0.01967528
v 0.01600000 -0.00210618 0.01997115
v 0.01600000 -0.00196614 0.02028751
v 0.01600000 -0.00625022 0.01916410
v 0.01600000 -0.00597294 0.01895716
v 0.01600000 -0.00567149 0.01878738
v 0.01600000 -0.00535079 0.01865755
v 0.01600000 -0.00450000 0.01852000
v 0.01600000 -0.00467299 0.01852555
v 0.01600000 -0.00501613 0.01856979
v 0.01600000 -0.00432701 0.01852555
v 0.01600000 -0.00398387 0.01856979
v 0.01600000 -0.00364921 0.01865755
v 0.01600000 -0.00332851 0.01878738
v 0.01600000 -0.00302706 0.01895716
v 0.01600000 -0.00718752 0.02096074
v 0.01600000 -0.00713231 0.02061919
v 0.01600000 -0.00703386 0.02028751
v 0.01600000 -0.00637834 0.02315954
v 0.01600000 -0.00611490 0.02338382
v 0.01600000 -0.00582494 0.02357256
v 0.01600000 -0.00484527 0.02389783
v 0.01600000 -0.00518487 0.02383170
v 0.01600000 -0.00551322 0.02372267
v 0.01600000 -0.00689382 0.01997115
v 0.01600000 -0.00671447 0.01967528
v 0.01600000 -0.00649875 0.01940479
v 0.01600000 -0.00288510 0.02338382
v 0.01600000 -0.00317506 0.02357256
v 0.01600000 -0.00348678 0.02372267
v 0.01600000 -0.00381513 0.02383170
v 0.01600000 -0.00415473 0.02389783
v 0.01600000 -0.00450000 0.02392000
v 0.01600000 -0.00661094 0.02290342
v 0.01600000 -0.00680889 0.02261966
v 0.01600000 -0.00696891 0.02231291
v 0.01599382 -0.00467521 0.01849101
v 0.01599382 -0.00502274 0.01853582
v 0.01599382 -0.00536170 0.01862470
v 0.01599382 -0.00568650 0.01875620
v 0.01599382 -0.00599183 0.01892816
v 0.01599382 -0.00627265 0.01913774
v 0.01599382 -0.00652437 0.01938152
v 0.01599382 -0.00674285 0.01965548
v 0.01599382 -0.00692450 0.01995514
v 0.01599382 -0.00706635 0.02027556
v 0.01599382 -0.00716605 0.02061149
v 0.01599382 -0.00722198 0.02095741
v 0.01599382 -0.00723321 0.02130765
v 0.01599382 -0.00719956 0.02165644
v 0.01599382 -0.00712158 0.02199807
v 0.01599382 -0.00700056 0.02232693
v 0.01599382 -0.00683848 0.02263760
v 0.01599382 -0.00663801 0.02292500
v 0.01599382 -0.00640242 0.02318441
v 0.01599382 -0.00613560 0.02341156
v 0.01599382 -0.00584192 0.02360272
v 0.01599382 -0.00552621 0.02375476
v 0.01599382 -0.00519365 0.02386518
v 0.01599382 -0.00484969 0.02393216
v 0.01599382 -0.00450000 0.02395461
v 0.01599382 -0.00415031 0.02393216
v 0.01599382 -0.00380635 0.02386518
v 0.01599382 -0.00347379 0.02375476
v 0.01599382 -0.00315808 0.02360272
v 0.01599382 -0.00286440 0.02341156
v 0.01599382 -0.00259758 0.02318441
v 0.01599382 -0.00236199 0.02292500
v 0.01599382 -0.00216152 0.02263760
v 0.01599382 -0.00199944 0.02232693
v 0.01599382 -0.00187842 0.02199807
v 0.01599382 -0.00180044 0.02165644
v 0.01599382 -0.00176679 0.02130765
v 0.01599382 -0.00177802 0.02095741
v 0.01599382 -0.00183395 0.02061149
v 0.01599382 -0.00193365 0.02027556
v 0.01599382 -0.00207550 0.01995514
v 0.01599382 -0.00225715 0.01965548
v 0.01599382 -0.00247563 0.01938152
v 0.01599382 -0.00272735 0.01913774
v 0.01599382 -0.00300817 0.01892816
v 0.01599382 -0.00331350 0.01875620
v 0.01599382 -0.00363830 0.01862470
v 0.01599382 -0.00397726 0.01853582
v 0.01599382 -0.00432479 0.01849101
v 0.01590000 -0.00170000 0.02122000
v 0.01593461 -0.00170762 0.02130955
v 0.01590000 -0.00171294 0.02095114
v 0.01593461 -0.00171909 0.02095173
v 0.01590000 -0.00174500 0.02072004
v 0.01593461 -0.00177623 0.02059832
v 0.01590000 -0.00177020 0.02059694
v 0.01593461 -0.00187809 0.02025511
v 0.01593461 -0.00202300 0.01992775
v 0.01590000 -0.00187854 0.02023615
v 0.01590000 -0.00187229 0.02025298
v 0.01593461 -0.00220859 0.01962161
v 0.01590000 -0.00209634 0.01978388
v 0.01590000 -0.00201752 0.01992489
v 0.01590000 -0.00275423 0.01903087
v 0.01590000 -0.00268496 0.01908795
v 0.01593461 -0.00268897 0.01909266
v 0.01590000 -0.00242722 0.01933756
v 0.01593461 -0.00243180 0.01934171
v 0.01590000 -0.00239140 0.01937777
v 0.01590000 -0.00220352 0.01961807
v 0.01590000 -0.00297250 0.01887335
v 0.01593461 -0.00297587 0.01887853
v 0.01590000 -0.00317317 0.01875433
v 0.01593461 -0.00328781 0.01870286
v 0.01590000 -0.00328513 0.01869729
v 0.01593461 -0.00361964 0.01856851
v 0.01590000 -0.00361770 0.01856264
v 0.01590000 -0.00363475 0.01855704
v 0.01593461 -0.00396594 0.01847770
v 0.01590000 -0.00396476 0.01847163
v 0.01590000 -0.00412415 0.01844534
v 0.01593461 -0.00432100 0.01843192
v 0.01590000 -0.00432060 0.01842575
v 0.01590000 -0.00462562 0.01842282
v 0.01593461 -0.00467900 0.01843192
v 0.01590000 -0.00467940 0.01842575
v 0.01593461 -0.00503406 0.01847770
v 0.01590000 -0.00503524 0.01847163
v 0.01593461 -0.00602413 0.01887853
v 0.01590000 -0.00571487 0.01869729
v 0.01593461 -0.00571219 0.01870286
v 0.01590000 -0.00560047 0.01864532
v 0.01593461 -0.00538036 0.01856851
v 0.01590000 -0.00538230 0.01856264
v 0.01590000 -0.00512306 0.01849020
v 0.01593461 -0.00631103 0.01909266
v 0.01590000 -0.00604251 0.01888319
v 0.01590000 -0.00602750 0.01887335
v 0.01593461 -0.00656820 0.01934171
v 0.01590000 -0.00643498 0.01919618
v 0.01590000 -0.00631504 0.01908795
v 0.01590000 -0.00702271 0.02000513
v 0.01590000 -0.00698248 0.01992489
v 0.01593461 -0.00697700 0.01992775
v 0.01590000 -0.00679648 0.01961807
v 0.01593461 -0.00679141 0.01962161
v 0.01590000 -0.00676525 0.01957420
v 0.01590000 -0.00657278 0.01933756
v 0.01590000 -0.00712771 0.02025298
v 0.01593461 -0.00712191 0.02025511
v 0.01590000 -0.00719910 0.02047510
v 0.01593461 -0.00722377 0.02059832
v 0.01590000 -0.00722980 0.02059694
v 0.01593461 -0.00728091 0.02095173
v 0.01590000 -0.00728706 0.02095114
v 0.01590000 -0.00728873 0.02096901
v 0.01593461 -0.00729238 0.02130955
v 0.01590000 -0.00729856 0.02130974
v 0.01590000 -0.00728873 0.02147099
v 0.01593461 -0.00725801 0.02166589
v 0.01590000 -0.00726411 0.02166688
v 0.01590000 -0.00719910 0.02196490
v 0.01593461 -0.00717834 0.02201492
v 0.01590000 -0.00718427 0.02201668
v 0.01593461 -0.00705470 0.02235089
v 0.01590000 -0.00706036 0.02235339
v 0.01593461 -0.00644361 0.02322694
v 0.01590000 -0.00668913 0.02296577
v 0.01593461 -0.00668430 0.02296192
v 0.01590000 -0.00676525 0.02286580
v 0.01593461 -0.00688911 0.02266829
v 0.01590000 -0.00689440 0.02267150
v 0.01590000 -0.00702271 0.02243488
v 0.01593461 -0.00617101 0.02345900
v 0.01590000 -0.00643498 0.02324383
v 0.01590000 -0.00644791 0.02323138
v 0.01593461 -0.00587098 0.02365431
v 0.01590000 -0.00604251 0.02355681
v 0.01590000 -0.00617471 0.02346396
v 0.01590000 -0.00512306 0.02394980
v 0.01590000 -0.00521023 0.02392843
v 0.01593461 -0.00520867 0.02392245
v 0.01590000 -0.00555075 0.02381537
v 0.01593461 -0.00554843 0.02380964
v 0.01590000 -0.00560047 0.02379468
v 0.01590000 -0.00587401 0.02365969
v 0.01590000 -0.00485806 0.02399701
v 0.01593461 -0.00485727 0.02399088
v 0.01590000 -0.00462562 0.02401718
v 0.01593461 -0.00450000 0.02401382
v 0.01590000 -0.00450000 0.02402000
v 0.01593461 -0.00414273 0.02399088
v 0.01590000 -0.00414194 0.02399701
v 0.01590000 -0.00412415 0.02399466
v 0.01593461 -0.00379134 0.02392245
v 0.01590000 -0.00378977 0.02392843
v 0.01590000 -0.00363475 0.02388296
v 0.01593461 -0.00345157 0.02380964
v 0.01590000 -0.00344925 0.02381537
v 0.01590000 -0.00317317 0.02368567
v 0.01593461 -0.00312902 0.02365431
v 0.01590000 -0.00312599 0.02365969
v 0.01593461 -0.00282899 0.02345900
v 0.01590000 -0.00282529 0.02346396
v 0.01593461 -0.00211089 0.02266829
v 0.01590000 -0.00231087 0.02296577
v 0.01593461 -0.00231570 0.02296192
v 0.01590000 -0.00239140 0.02306223
v 0.01593461 -0.00255639 0.02322694
v 0.01590000 -0.00255209 0.02323138
v 0.01590000 -0.00275423 0.02340913
v 0.01593461 -0.00194530 0.02235089
v 0.01590000 -0.00209634 0.02265612
v 0.01590000 -0.00210560 0.02267150
v 0.01593461 -0.00182166 0.02201492
v 0.01590000 -0.00187854 0.02220385
v 0.01590000 -0.00193964 0.02235339
v 0.01590000 -0.00170144 0.02130974
v 0.01590000 -0.00173589 0.02166688
v 0.01593461 -0.00174199 0.02166589
v 0.01590000 -0.00174500 0.02171996
v 0.01590000 -0.00181573 0.02201668
v 0.01597071 -0.00450000 0.02399071
v 0.01597071 -0.00485431 0.02396796
v 0.01597071 -0.00520280 0.02390009
v 0.01597071 -0.00553976 0.02378822
v 0.01597071 -0.00585964 0.02363417
v 0.01597071 -0.00615719 0.02344049
v 0.01597071 -0.00642753 0.02321034
v 0.01597071 -0.00666623 0.02294751
v 0.01597071 -0.00686935 0.02265632
v 0.01597071 -0.00703357 0.02234154
v 0.01597071 -0.00715619 0.02200834
v 0.01597071 -0.00723520 0.02166221
v 0.01597071 -0.00726929 0.02130881
v 0.01597071 -0.00725791 0.02095395
v 0.01597071 -0.00720124 0.02060346
v 0.01597071 -0.00710022 0.02026309
v 0.01597071 -0.00695651 0.01993844
v 0.01597071 -0.00677246 0.01963483
v 0.01597071 -0.00655110 0.01935725
v 0.01597071 -0.00629605 0.01911025
v 0.01597071 -0.00601152 0.01889790
v 0.01597071 -0.00570217 0.01872368
v 0.01597071 -0.00537307 0.01859044
v 0.01597071 -0.00502965 0.01850038
v 0.01597071 -0.00467752 0.01845498
v 0.01597071 -0.00432248 0.01845498
v 0.01597071 -0.00397035 0.01850038
v 0.01597071 -0.00362693 0.01859044
v 0.01597071 -0.00329783 0.01872368
v 0.01597071 -0.00298848 0.01889790
v 0.01597071 -0.00270395 0.01911025
v 0.01597071 -0.00244890 0.01935725
v 0.01597071 -0.00222754 0.01963483
v 0.01597071 -0.00204349 0.01993844
v 0.01597071 -0.00189978 0.02026309
v 0.01597071 -0.00179876 0.02060346
v 0.01597071 -0.00174209 0.02095395
v 0.01597071 -0.00173071 0.02130881
v 0.01597071 -0.00176480 0.02166221
v 0.01597071 -0.00184381 0.02200834
v 0.01597071 -0.00196643 0.02234154
v 0.01597071 -0.00213065 0.02265632
v 0.01597071 -0.00233377 0.02294751
v 0.01597071 -0.00257246 0.02321034
v 0.01597071 -0.00284281 0.02344049
v 0.01597071 -0.00314036 0.02363417
v 0.01597071 -0.00346024 0.02378822
v 0.01597071 -0.00379720 0.02390009
v 0.01597071 -0.00414569 0.02396796
v 0.01350000 -0.00174500 0.02072004
v 0.01350000 -0.00170000 0.02122000
v 0.01350000 -0.00187854 0.02023615
v 0.01350000 -0.00209634 0.01978388
v 0.01350000 -0.00239140 0.01937777
v 0.01350000 -0.00275423 0.01903087
v 0.01350000 -0.00317317 0.01875433
v 0.01350000 -0.00363475 0.01855704
v 0.01350000 -0.00412415 0.01844534
v 0.01350000 -0.00462562 0.01842282
v 0.01350000 -0.00512306 0.01849020
v 0.01350000 -0.00560047 0.01864532
v 0.01350000 -0.00604251 0.01888319
v 0.01350000 -0.00643498 0.01919618
v 0.01350000 -0.00676525 0.01957420
v 0.01350000 -0.00702271 0.02000513
v 0.01350000 -0.00719910 0.02047510
v 0.01350000 -0.00728873 0.02096901
v 0.01350000 -0.00728873 0.02147099
v 0.01350000 -0.00719910 0.02196490
v 0.01350000 -0.00702271 0.02243488
v 0.01350000 -0.00676525 0.02286580
v 0.01350000 -0.00643498 0.02324383
v 0.01350000 -0.00604251 0.02355681
v 0.01350000 -0.00560047 0.02379468
v 0.01350000 -0.00512306 0.02394980
v 0.01350000 -0.00462562 0.02401718
v 0.01350000 -0.00412415 0.02399466
v 0.01350000 -0.00363475 0.02388296
v 0.01350000 -0.00317317 0.02368567
v 0.01350000 -0.00275423 0.02340913
v 0.01350000 -0.00239140 0.02306223
v 0.01350000 -0.00209634 0.02265612
v 0.01350000 -0.00187854 0.02220385
v 0.01350000 -0.00174500 0.02171996
v 0.00750000 -0.00300000 0.02122000
v 0.00750000 -0.00304359 0.02086103
v 0.00750000 -0.00450000 0.02122000
v 0.00750000 -0.00304359 0.02157897
v 0.00750000 -0.00364790 0.02245448
v 0.00750000 -0.00337723 0.02221468
v 0.00750000 -0.00317182 0.02191708
v 0.00750000 -0.00468080 0.02270906
v 0.00750000 -0.00431920 0.02270906
v 0.00750000 -0.00396809 0.02262252
v 0.00750000 -0.00562277 0.02221468
v 0.00750000 -0.00535210 0.02245448
v 0.00750000 -0.00503191 0.02262252
v 0.00750000 -0.00600000 0.02122000
v 0.00750000 -0.00595641 0.02157897
v 0.00750000 -0.00582818 0.02191708
v 0.00750000 -0.00562277 0.02022532
v 0.00750000 -0.00582818 0.02052291
v 0.00750000 -0.00595641 0.02086103
v 0.00750000 -0.00468080 0.01973094
v 0.00750000 -0.00503191 0.01981748
v 0.00750000 -0.00535210 0.01998552
v 0.00750000 -0.00364790 0.01998552
v 0.00750000 -0.00396809 0.01981748
v 0.00750000 -0.00431920 0.01973094
v 0.00750000 -0.00317182 0.02052291
v 0.00750000 -0.00337723 0.02022532
v 0.01350000 -0.00562277 0.02022532
v 0.01350000 -0.00582818 0.02052291
v 0.01350000 -0.00595641 0.02086103
v 0.01350000 -0.00468080 0.01973094
v 0.01350000 -0.00503191 0.01981748
v 0.01350000 -0.00535210 0.01998552
v 0.01350000 -0.00396809 0.02262252
v 0.01350000 -0.00364790 0.02245448
v 0.01350000 -0.00337723 0.02221468
v 0.01350000 -0.00317182 0.02191708
v 0.01350000 -0.00364790 0.01998552
v 0.01350000 -0.00396809 0.01981748
v 0.01350000 -0.00431920 0.01973094
v 0.01350000 -0.00304359 0.02086103
v 0.01350000 -0.00317182 0.02052291
v 0.01350000 -0.00337723 0.02022532
v 0.01350000 -0.00304359 0.02157897
v 0.01350000 -0.00300000 0.02122000
v 0.01350000 -0.00503191 0.02262252
v 0.01350000 -0.00468080 0.02270906
v 0.01350000 -0.00431920 0.02270906
v 0.01350000 -0.00582818 0.02191708
v 0.01350000 -0.00562277 0.02221468
v 0.01350000 -0.00535210 0.02245448
v 0.01350000 -0.00600000 0.02122000
v 0.01350000 -0.00595641 0.02157897
v 0.01500000 0.01572169 0.01847000
v 0.01500000 0.01427831 0.01847000
v 0.01500000 0.01644338 0.01722000
v 0.01500000 0.01355662 0.01722000
v 0.01500000 0.01572169 0.01597000
v 0.01500000 0.01427831 0.01597000
v 0.01590000 0.01427831 0.01847000
v 0.01590000 0.01355662 0.01722000
v 0.01590000 0.01427831 0.01597000
v 0.01590000 0.01572169 0.01597000
v 0.01590000 0.01644338 0.01722000
v 0.01590000 0.01572169 0.01847000
v 0.01595000 0.01354115 0.01722000
v 0.01598660 0.01424944 0.01852000
v 0.01598660 0.01349889 0.01722000
v 0.01600000 0.01422058 0.01857000
v 0.01600000 0.01344115 0.01722000
v 0.01592588 0.01355269 0.01722000
v 0.01592588 0.01427635 0.01847341
v 0.01595000 0.01427058 0.01848340
v 0.01592588 0.01427635 0.01596659
v 0.01595000 0.01427058 0.01595660
v 0.01598660 0.01424944 0.01592000
v 0.01600000 0.01422058 0.01587000
v 0.01592588 0.01572366 0.01596659
v 0.01595000 0.01572942 0.01595660
v 0.01598660 0.01575056 0.01592000
v 0.01600000 0.01577942 0.01587000
v 0.01592588 0.01644731 0.01722000
v 0.01595000 0.01645884 0.01722000
v 0.01598660 0.01650111 0.01722000
v 0.01600000 0.01655885 0.01722000
v 0.01592588 0.01572366 0.01847341
v 0.01595000 0.01572942 0.01848340
v 0.01598660 0.01575056 0.01852000
v 0.01600000 0.01577942 0.01857000
v 0.01600000 0.01763231 0.01661919
v 0.01600000 0.01768752 0.01696074
v 0.01600000 0.01769861 0.01730654
v 0.01600000 0.01766539 0.01765092
v 0.01600000 0.01675022 0.01516410
v 0.01600000 0.01699875 0.01540479
v 0.01600000 0.01233461 0.01765092
v 0.01600000 0.01230139 0.01730654
v 0.01600000 0.01758840 0.01798822
v 0.01600000 0.01746891 0.01831291
v 0.01600000 0.01730889 0.01861966
v 0.01600000 0.01711095 0.01890342
v 0.01600000 0.01687834 0.01915954
v 0.01600000 0.01241160 0.01798822
v 0.01600000 0.01721447 0.01567529
v 0.01600000 0.01739382 0.01597115
v 0.01600000 0.01753386 0.01628751
v 0.01600000 0.01324978 0.01516410
v 0.01600000 0.01352706 0.01495716
v 0.01600000 0.01382851 0.01478738
v 0.01600000 0.01414921 0.01465755
v 0.01600000 0.01500000 0.01452000
v 0.01600000 0.01482701 0.01452555
v 0.01600000 0.01448387 0.01456979
v 0.01600000 0.01517299 0.01452555
v 0.01600000 0.01551613 0.01456979
v 0.01600000 0.01585079 0.01465755
v 0.01600000 0.01617149 0.01478738
v 0.01600000 0.01647294 0.01495716
v 0.01600000 0.01231248 0.01696074
v 0.01600000 0.01236769 0.01661919
v 0.01600000 0.01246614 0.01628751
v 0.01600000 0.01312166 0.01915954
v 0.01600000 0.01338510 0.01938382
v 0.01600000 0.01367506 0.01957256
v 0.01600000 0.01465473 0.01989783
v 0.01600000 0.01431513 0.01983170
v 0.01600000 0.01398678 0.01972268
v 0.01600000 0.01260618 0.01597115
v 0.01600000 0.01278554 0.01567529
v 0.01600000 0.01300125 0.01540479
v 0.01600000 0.01661490 0.01938382
v 0.01600000 0.01632494 0.01957256
v 0.01600000 0.01601322 0.01972268
v 0.01600000 0.01568487 0.01983170
v 0.01600000 0.01534527 0.01989783
v 0.01600000 0.01500000 0.01992000
v 0.01600000 0.01288905 0.01890342
v 0.01600000 0.01269111 0.01861966
v 0.01600000 0.01253109 0.01831291
v 0.01599382 0.01482479 0.01449101
v 0.01599382 0.01447726 0.01453582
v 0.01599382 0.01413830 0.01462470
v 0.01599382 0.01381350 0.01475620
v 0.01599382 0.01350817 0.01492815
v 0.01599382 0.01322735 0.01513774
v 0.01599382 0.01297563 0.01538152
v 0.01599382 0.01275715 0.01565548
v 0.01599382 0.01257550 0.01595514
v 0.01599382 0.01243365 0.01627556
v 0.01599382 0.01233395 0.01661149
v 0.01599382 0.01227803 0.01695741
v 0.01599382 0.01226679 0.01730765
v 0.01599382 0.01230044 0.01765644
v 0.01599382 0.01237842 0.01799807
v 0.01599382 0.01249944 0.01832693
v 0.01599382 0.01266152 0.01863760
v 0.01599382 0.01286199 0.01892500
v 0.01599382 0.01309758 0.01918441
v 0.01599382 0.01336440 0.01941155
v 0.01599382 0.01365808 0.01960272
v 0.01599382 0.01397379 0.01975476
v 0.01599382 0.01430635 0.01986518
v 0.01599382 0.01465031 0.01993216
v 0.01599382 0.01500000 0.01995461
v 0.01599382 0.01534969 0.01993216
v 0.01599382 0.01569365 0.01986518
v 0.01599382 0.01602621 0.01975476
v 0.01599382 0.01634192 0.01960272
v 0.01599382 0.01663560 0.01941155
v 0.01599382 0.01690242 0.01918441
v 0.01599382 0.01713801 0.01892500
v 0.01599382 0.01733848 0.01863760
v 0.01599382 0.01750056 0.01832693
v 0.01599382 0.01762158 0.01799807
v 0.01599382 0.01769956 0.01765644
v 0.01599382 0.01773321 0.01730765
v 0.01599382 0.01772198 0.01695741
v 0.01599382 0.01766605 0.01661149
v 0.01599382 0.01756635 0.01627556
v 0.01599382 0.01742451 0.01595514
v 0.01599382 0.01724285 0.01565548
v 0.01599382 0.01702437 0.01538152
v 0.01599382 0.01677265 0.01513774
v 0.01599382 0.01649183 0.01492815
v 0.01599382 0.01618650 0.01475620
v 0.01599382 0.01586170 0.01462470
v 0.01599382 0.01552274 0.01453582
v 0.01599382 0.01517521 0.01449101
v 0.01590000 0.01780000 0.01722000
v 0.01593461 0.01779238 0.01730955
v 0.01590000 0.01778706 0.01695114
v 0.01593461 0.01778091 0.01695173
v 0.01590000 0.01775500 0.01672004
v 0.01593461 0.01772377 0.01659832
v 0.01590000 0.01772980 0.01659694
v 0.01593461 0.01762191 0.01625511
v 0.01593461 0.01747700 0.01592775
v 0.01590000 0.01762146 0.01623615
v 0.01590000 0.01762771 0.01625298
v 0.01593461 0.01729141 0.01562161
v 0.01590000 0.01740366 0.01578388
v 0.01590000 0.01748248 0.01592489
v 0.01590000 0.01674577 0.01503087
v 0.01590000 0.01681504 0.01508795
v 0.01593461 0.01681103 0.01509266
v 0.01590000 0.01707278 0.01533756
v 0.01593461 0.01706820 0.01534171
v 0.01590000 0.01710860 0.01537777
v 0.01590000 0.01729648 0.01561807
v 0.01590000 0.01652750 0.01487335
v 0.01593461 0.01652412 0.01487853
v 0.01590000 0.01632683 0.01475433
v 0.01593461 0.01621219 0.01470286
v 0.01590000 0.01621487 0.01469729
v 0.01593461 0.01588036 0.01456851
v 0.01590000 0.01588230 0.01456264
v 0.01590000 0.01586525 0.01455704
v 0.01593461 0.01553406 0.01447770
v 0.01590000 0.01553524 0.01447163
v 0.01590000 0.01537585 0.01444534
v 0.01593461 0.01517900 0.01443192
v 0.01590000 0.01517940 0.01442575
v 0.01590000 0.01487438 0.01442282
v 0.01593461 0.01482100 0.01443192
v 0.01590000 0.01482060 0.01442575
v 0.01593461 0.01446594 0.01447770
v 0.01590000 0.01446476 0.01447163
v 0.01593461 0.01347587 0.01487853
v 0.01590000 0.01378513 0.01469729
v 0.01593461 0.01378781 0.01470286
v 0.01590000 0.01389953 0.01464532
v 0.01593461 0.01411964 0.01456851
v 0.01590000 0.01411770 0.01456264
v 0.01590000 0.01437694 0.01449020
v 0.01593461 0.01318897 0.01509266
v 0.01590000 0.01345749 0.01488320
v 0.01590000 0.01347250 0.01487335
v 0.01593461 0.01293180 0.01534171
v 0.01590000 0.01306502 0.01519617
v 0.01590000 0.01318496 0.01508795
v 0.01590000 0.01247729 0.01600512
v 0.01590000 0.01251752 0.01592489
v 0.01593461 0.01252300 0.01592775
v 0.01590000 0.01270352 0.01561807
v 0.01593461 0.01270859 0.01562161
v 0.01590000 0.01273475 0.01557420
v 0.01590000 0.01292722 0.01533756
v 0.01590000 0.01237229 0.01625298
v 0.01593461 0.01237809 0.01625511
v 0.01590000 0.01230090 0.01647510
v 0.01593461 0.01227623 0.01659832
v 0.01590000 0.01227020 0.01659694
v 0.01593461 0.01221909 0.01695173
v 0.01590000 0.01221294 0.01695114
v 0.01590000 0.01221127 0.01696901
v 0.01593461 0.01220762 0.01730955
v 0.01590000 0.01220144 0.01730974
v 0.01590000 0.01221127 0.01747099
v 0.01593461 0.01224199 0.01766589
v 0.01590000 0.01223589 0.01766688
v 0.01590000 0.01230090 0.01796490
v 0.01593461 0.01232166 0.01801492
v 0.01590000 0.01231573 0.01801668
v 0.01593461 0.01244530 0.01835089
v 0.01590000 0.01243964 0.01835339
v 0.01593461 0.01305639 0.01922694
v 0.01590000 0.01281087 0.01896577
v 0.01593461 0.01281570 0.01896192
v 0.01590000 0.01273475 0.01886580
v 0.01593461 0.01261089 0.01866830
v 0.01590000 0.01260560 0.01867150
v 0.01590000 0.01247729 0.01843487
v 0.01593461 0.01332899 0.01945901
v 0.01590000 0.01306502 0.01924383
v 0.01590000 0.01305209 0.01923138
v 0.01593461 0.01362902 0.01965431
v 0.01590000 0.01345749 0.01955681
v 0.01590000 0.01332529 0.01946396
v 0.01590000 0.01437694 0.01994980
v 0.01590000 0.01428977 0.01992843
v 0.01593461 0.01429133 0.01992245
v 0.01590000 0.01394925 0.01981537
v 0.01593461 0.01395157 0.01980964
v 0.01590000 0.01389953 0.01979468
v 0.01590000 0.01362599 0.01965969
v 0.01590000 0.01464194 0.01999701
v 0.01593461 0.01464273 0.01999088
v 0.01590000 0.01487438 0.02001718
v 0.01593461 0.01500000 0.02001382
v 0.01590000 0.01500000 0.02002000
v 0.01593461 0.01535727 0.01999088
v 0.01590000 0.01535806 0.01999701
v 0.01590000 0.01537585 0.01999466
v 0.01593461 0.01570866 0.01992245
v 0.01590000 0.01571023 0.01992843
v 0.01590000 0.01586525 0.01988296
v 0.01593461 0.01604843 0.01980964
v 0.01590000 0.01605075 0.01981537
v 0.01590000 0.01632683 0.01968567
v 0.01593461 0.01637098 0.01965431
v 0.01590000 0.01637401 0.01965969
v 0.01593461 0.01667101 0.01945901
v 0.01590000 0.01667471 0.01946396
v 0.01593461 0.01738911 0.01866830
v 0.01590000 0.01718913 0.01896577
v 0.01593461 0.01718430 0.01896192
v 0.01590000 0.01710860 0.01906223
v 0.01593461 0.01694361 0.01922694
v 0.01590000 0.01694791 0.01923138
v 0.01590000 0.01674577 0.01940913
v 0.01593461 0.01755470 0.01835089
v 0.01590000 0.01740366 0.01865612
v 0.01590000 0.01739440 0.01867150
v 0.01593461 0.01767834 0.01801492
v 0.01590000 0.01762146 0.01820385
v 0.01590000 0.01756036 0.01835339
v 0.01590000 0.01779856 0.01730974
v 0.01590000 0.01776411 0.01766688
v 0.01593461 0.01775801 0.01766589
v 0.01590000 0.01775500 0.01771996
v 0.01590000 0.01768427 0.01801668
v 0.01597071 0.01500000 0.01999071
v 0.01597071 0.01464569 0.01996796
v 0.01597071 0.01429720 0.01990009
v 0.01597071 0.01396024 0.01978822
v 0.01597071 0.01364036 0.01963417
v 0.01597071 0.01334281 0.01944049
v 0.01597071 0.01307246 0.01921034
v 0.01597071 0.01283377 0.01894751
v 0.01597071 0.01263065 0.01865632
v 0.01597071 0.01246643 0.01834154
v 0.01597071 0.01234381 0.01800834
v 0.01597071 0.01226480 0.01766220
v 0.01597071 0.01223071 0.01730881
v 0.01597071 0.01224209 0.01695395
v 0.01597071 0.01229876 0.01660346
v 0.01597071 0.01239978 0.01626309
v 0.01597071 0.01254349 0.01593844
v 0.01597071 0.01272754 0.01563483
v 0.01597071 0.01294890 0.01535725
v 0.01597071 0.01320395 0.01511025
v 0.01597071 0.01348848 0.01489790
v 0.01597071 0.01379783 0.01472368
v 0.01597071 0.01412693 0.01459044
v 0.01597071 0.01447035 0.01450038
v 0.01597071 0.01482248 0.01445498
v 0.01597071 0.01517752 0.01445498
v 0.01597071 0.01552965 0.01450038
v 0.01597071 0.01587307 0.01459044
v 0.01597071 0.01620217 0.01472368
v 0.01597071 0.01651152 0.01489790
v 0.01597071 0.01679605 0.01511025
v 0.01597071 0.01705110 0.01535725
v 0.01597071 0.01727246 0.01563483
v 0.01597071 0.01745651 0.01593844
v 0.01597071 0.01760023 0.01626309
v 0.01597071 0.01770124 0.01660346
v 0.01597071 0.01775791 0.01695395
v 0.01597071 0.01776929 0.01730881
v 0.01597071 0.01773519 0.01766220
v 0.01597071 0.01765619 0.01800834
v 0.01597071 0.01753357 0.01834154
v 0.01597071 0.01736935 0.01865632
v 0.01597071 0.01716623 0.01894751
v 0.01597071 0.01692753 0.01921034
v 0.01597071 0.01665719 0.01944049
v 0.01597071 0.01635964 0.01963417
v 0.01597071 0.01603976 0.01978822
v 0.01597071 0.01570280 0.01990009
v 0.01597071 0.01535431 0.01996796
v 0.01350000 0.01775500 0.01672004
v 0.01350000 0.01780000 0.01722000
v 0.01350000 0.01762146 0.01623615
v 0.01350000 0.01740366 0.01578388
v 0.01350000 0.01710860 0.01537777
v 0.01350000 0.01674577 0.01503087
v 0.01350000 0.01632683 0.01475433
v 0.01350000 0.01586525 0.01455704
v 0.01350000 0.01537585 0.01444534
v 0.01350000 0.01487438 0.01442282
v 0.01350000 0.01437694 0.01449020
v 0.01350000 0.01389953 0.01464532
v 0.01350000 0.01345749 0.01488320
v 0.01350000 0.01306502 0.01519617
v 0.01350000 0.01273475 0.01557420
v 0.01350000 0.01247729 0.01600512
v 0.01350000 0.01230090 0.01647510
v 0.01350000 0.01221127 0.01696901
v 0.01350000 0.01221127 0.01747099
v 0.01350000 0.01230090 0.01796490
v 0.01350000 0.01247729 0.01843487
v 0.01350000 0.01273475 0.01886580
v 0.01350000 0.01306502 0.01924383
v 0.01350000 0.01345749 0.01955681
v 0.01350000 0.01389953 0.01979468
v 0.01350000 0.01437694 0.01994980
v 0.01350000 0.01487438 0.02001718
v 0.01350000 0.01537585 0.01999466
v 0.01350000 0.01586525 0.01988296
v 0.01350000 0.01632683 0.01968567
v 0.01350000 0.01674577 0.01940913
v 0.01350000 0.01710860 0.01906223
v 0.01350000 0.01740366 0.01865612
v 0.01350000 0.01762146 0.01820385
v 0.01350000 0.01775500 0.01771996
v 0.00750000 0.01650000 0.01722000
v 0.00750000 0.01645641 0.01686103
v 0.00750000 0.01500000 0.01722000
v 0.00750000 0.01645641 0.01757897
v 0.00750000 0.01585210 0.01845448
v 0.00750000 0.01612277 0.01821468
v 0.00750000 0.01632818 0.01791709
v 0.00750000 0.01481919 0.01870906
v 0.00750000 0.01518080 0.01870906
v 0.00750000 0.01553191 0.01862253
v 0.00750000 0.01387723 0.01821468
v 0.00750000 0.01414790 0.01845448
v 0.00750000 0.01446809 0.01862253
v 0.00750000 0.01350000 0.01722000
v 0.00750000 0.01354359 0.01757897
v 0.00750000 0.01367182 0.01791709
v 0.00750000 0.01387723 0.01622532
v 0.00750000 0.01367182 0.01652292
v 0.00750000 0.01354359 0.01686103
v 0.00750000 0.01481919 0.01573094
v 0.00750000 0.01446809 0.01581748
v 0.00750000 0.01414790 0.01598552
v 0.00750000 0.01585210 0.01598552
v 0.00750000 0.01553191 0.01581748
v 0.00750000 0.01518080 0.01573094
v 0.00750000 0.01632818 0.01652292
v 0.00750000 0.01612277 0.01622532
v 0.01350000 0.01387723 0.01622532
v 0.01350000 0.01367182 0.01652292
v 0.01350000 0.01354359 0.01686103
v 0.01350000 0.01481919 0.01573094
v 0.01350000 0.01446809 0.01581748
v 0.01350000 0.01414790 0.01598552
v 0.01350000 0.01553191 0.01862253
v 0.01350000 0.01585210 0.01845448
v 0.01350000 0.01612277 0.01821468
v 0.01350000 0.01632818 0.01791709
v 0.01350000 0.01585210 0.01598552
v 0.01350000 0.01553191 0.01581748
v 0.01350000 0.01518080 0.01573094
v 0.01350000 0.01645641 0.01686103
v 0.01350000 0.01632818 0.01652292
v 0.01350000 0.01612277 0.01622532
v 0.01350000 0.01645641 0.01757897
v 0.01350000 0.01650000 0.01722000
v 0.01350000 0.01446809 0.01862253
v 0.01350000 0.01481919 0.01870906
v 0.01350000 0.01518080 0.01870906
v 0.01350000 0.01367182 0.01791709
v 0.01350000 0.01387723 0.01821468
v 0.01350000 0.01414790 0.01845448
v 0.01350000 0.01350000 0.01722000
v 0.01350000 0.01354359 0.01757897
f 1 2 3
f 3 2 4
f 1 3 5
f 5 3 6
f 5 6 7
f 7 6 8
f 7 8 9
f 9 8 10
f 5 7 1
f 1 7 9
f 1 9 2
f 2 9 11
f 11 12 2
f 2 12 4
f 13 14 15
f 13 16 14
f 14 16 17
f 14 17 18
f 15 19 13
f 13 19 20
f 13 20 21
f 18 22 14
f 14 22 23
f 14 23 24
f 21 25 13
f 13 25 26
f 13 26 27
f 24 28 14
f 14 28 29
f 14 29 30
f 31 32 33
f 27 34 13
f 13 34 31
f 13 31 35
f 35 31 33
f 36 37 30
f 30 37 38
f 30 38 14
f 36 39 40
f 36 40 37
f 37 40 41
f 37 41 38
f 38 41 42
f 38 42 14
f 14 42 43
f 14 43 15
f 15 43 44
f 15 44 19
f 19 44 45
f 19 45 20
f 20 45 46
f 20 46 21
f 21 46 47
f 21 47 25
f 25 47 48
f 25 48 26
f 26 48 49
f 26 49 27
f 27 49 50
f 27 50 34
f 34 50 51
f 34 51 31
f 31 51 52
f 31 52 32
f 32 52 53
f 32 53 33
f 33 53 54
f 33 54 35
f 35 54 55
f 35 55 13
f 13 55 56
f 13 56 16
f 16 56 57
f 16 57 17
f 17 57 58
f 17 58 18
f 18 58 59
f 18 59 22
f 22 59 60
f 22 60 23
f 23 60 61
f 23 61 24
f 24 61 62
f 24 62 28
f 28 62 63
f 28 63 29
f 29 63 64
f 29 64 30
f 30 64 39
f 30 39 36
f 52 65 66
f 52 66 53
f 53 66 67
f 53 67 54
f 54 67 68
f 54 68 55
f 55 68 69
f 55 69 56
f 56 69 70
f 56 70 57
f 57 70 71
f 57 71 58
f 58 71 72
f 58 72 59
f 59 72 73
f 59 73 60
f 60 73 74
f 60 74 61
f 61 74 75
f 61 75 62
f 62 75 76
f 62 76 63
f 63 76 77
f 63 77 64
f 64 77 78
f 64 78 39
f 39 78 79
f 39 79 40
f 40 79 80
f 40 80 41
f 41 80 81
f 41 81 42
f 42 81 82
f 42 82 43
f 43 82 83
f 43 83 44
f 44 83 84
f 44 84 45
f 45 84 85
f 45 85 46
f 46 85 86
f 46 86 47
f 47 86 87
f 47 87 48
f 48 87 88
f 48 88 49
f 49 88 89
f 49 89 50
f 50 89 90
f 50 90 51
f 51 90 65
f 51 65 52
f 89 91 90
f 90 91 92
f 90 92 65
f 65 92 93
f 65 93 66
f 84 94 85
f 85 94 95
f 85 95 86
f 86 95 96
f 86 96 87
f 96 97 87
f 87 97 98
f 87 98 88
f 88 98 99
f 88 99 89
f 89 99 100
f 89 100 91
f 81 101 82
f 82 101 102
f 82 102 83
f 83 102 103
f 83 103 84
f 84 103 104
f 84 104 94
f 76 105 77
f 77 105 106
f 77 106 78
f 78 106 107
f 78 107 79
f 68 108 69
f 69 108 109
f 69 109 70
f 70 109 110
f 70 110 71
f 107 111 79
f 79 111 112
f 79 112 80
f 80 112 113
f 80 113 81
f 81 113 114
f 81 114 101
f 93 115 66
f 66 115 116
f 66 116 67
f 67 116 117
f 67 117 68
f 68 117 118
f 68 118 108
f 74 119 75
f 75 119 120
f 75 120 76
f 76 120 121
f 76 121 105
f 110 122 71
f 71 122 123
f 71 123 72
f 72 123 124
f 72 124 73
f 73 124 125
f 73 125 74
f 74 125 126
f 74 126 119
f 127 128 129
f 127 129 130
f 130 129 131
f 130 131 132
f 132 131 133
f 132 133 134
f 134 133 135
f 134 135 136
f 136 135 137
f 136 137 138
f 138 137 139
f 138 139 140
f 140 139 141
f 140 141 142
f 142 141 143
f 142 143 144
f 144 143 145
f 144 145 146
f 146 145 147
f 146 147 148
f 148 147 149
f 148 149 150
f 150 149 151
f 150 151 152
f 152 151 153
f 152 153 154
f 154 153 155
f 154 155 156
f 156 155 157
f 156 157 158
f 158 157 159
f 158 159 160
f 160 159 161
f 160 161 162
f 162 161 163
f 162 163 164
f 93 163 161
f 93 161 115
f 115 161 159
f 115 159 116
f 116 159 157
f 116 157 117
f 117 157 155
f 117 155 118
f 118 155 153
f 118 153 108
f 108 153 151
f 108 151 109
f 109 151 149
f 109 149 110
f 110 149 147
f 110 147 122
f 122 147 145
f 122 145 123
f 123 145 143
f 123 143 124
f 124 143 141
f 124 141 125
f 125 141 139
f 125 139 126
f 126 139 137
f 126 137 119
f 119 137 135
f 119 135 120
f 120 135 133
f 120 133 121
f 121 133 131
f 121 131 105
f 105 131 129
f 105 129 106
f 106 129 128
f 106 128 107
f 107 128 165
f 107 165 111
f 111 165 166
f 111 166 112
f 112 166 167
f 112 167 113
f 113 167 168
f 113 168 114
f 114 168 169
f 114 169 101
f 101 169 170
f 101 170 102
f 102 170 171
f 102 171 103
f 103 171 172
f 103 172 104
f 104 172 173
f 104 173 94
f 94 173 174
f 94 174 95
f 95 174 175
f 95 175 96
f 96 175 176
f 96 176 97
f 97 176 177
f 97 177 98
f 98 177 178
f 98 178 99
f 99 178 179
f 99 179 100
f 100 179 180
f 100 180 91
f 91 180 181
f 91 181 92
f 92 181 163
f 92 163 93
f 164 163 181
f 164 181 182
f 182 181 180
f 182 180 183
f 183 180 179
f 183 179 184
f 184 179 178
f 184 178 185
f 185 178 177
f 185 177 186
f 186 177 176
f 186 176 187
f 187 176 175
f 187 175 188
f 188 175 174
f 188 174 189
f 189 174 173
f 189 173 190
f 190 173 172
f 190 172 191
f 191 172 171
f 191 171 192
f 192 171 170
f 192 170 193
f 193 170 169
f 193 169 194
f 194 169 168
f 194 168 195
f 195 168 167
f 195 167 196
f 196 167 166
f 196 166 197
f 197 166 165
f 197 165 198
f 198 165 128
f 198 128 127
f 186 187 8
f 6 164 182
f 197 12 196
f 196 12 10
f 196 10 195
f 195 10 194
f 182 183 6
f 6 183 184
f 6 184 8
f 8 184 185
f 8 185 186
f 197 198 12
f 12 198 127
f 12 127 130
f 187 188 8
f 8 188 189
f 8 189 10
f 10 189 190
f 10 190 191
f 191 192 10
f 10 192 193
f 10 193 194
f 150 152 3
f 3 152 154
f 3 154 156
f 138 140 4
f 4 140 142
f 130 132 12
f 12 132 134
f 12 134 4
f 4 134 136
f 4 136 138
f 156 158 3
f 3 158 160
f 3 160 6
f 6 160 162
f 6 162 164
f 142 144 4
f 4 144 146
f 4 146 3
f 3 146 148
f 3 148 150
f 9 10 11
f 11 10 12
f 199 200 201
f 201 200 202
f 201 202 203
f 203 202 204
f 200 205 202
f 202 205 206
f 202 206 204
f 204 206 207
f 204 207 203
f 203 207 208
f 203 208 201
f 201 208 209
f 201 209 199
f 199 209 210
f 199 210 200
f 200 210 205
f 211 212 213
f 213 212 214
f 213 214 215
f 206 205 216
f 216 205 217
f 216 217 211
f 211 217 218
f 211 218 212
f 219 207 206
f 206 216 219
f 219 216 211
f 219 211 220
f 220 211 213
f 220 213 221
f 221 213 215
f 221 215 222
f 223 208 207
f 207 219 223
f 223 219 220
f 223 220 224
f 224 220 221
f 224 221 225
f 225 221 222
f 225 222 226
f 209 208 227
f 227 208 223
f 227 223 228
f 223 224 228
f 228 224 225
f 228 225 229
f 229 225 226
f 229 226 230
f 231 210 209
f 209 227 231
f 231 227 228
f 231 228 232
f 232 228 229
f 232 229 233
f 233 229 230
f 233 230 234
f 217 205 210
f 210 231 217
f 217 231 232
f 217 232 218
f 218 232 233
f 218 233 212
f 212 233 234
f 212 234 214
f 235 236 230
f 230 236 237
f 230 237 238
f 239 240 226
f 241 242 215
f 238 243 230
f 230 243 244
f 230 244 234
f 244 245 234
f 234 245 246
f 234 246 247
f 241 215 248
f 240 249 226
f 226 249 250
f 226 250 230
f 230 250 251
f 230 251 235
f 252 253 222
f 222 253 254
f 222 254 255
f 256 226 257
f 257 226 222
f 257 222 258
f 258 222 255
f 256 259 226
f 226 259 260
f 226 260 261
f 261 262 226
f 226 262 263
f 226 263 239
f 242 264 215
f 215 264 265
f 215 265 266
f 267 214 268
f 268 214 269
f 270 271 214
f 214 271 272
f 214 272 269
f 266 273 215
f 215 273 274
f 215 274 222
f 222 274 275
f 222 275 252
f 247 276 234
f 234 276 277
f 234 277 278
f 278 279 234
f 234 279 280
f 234 280 214
f 214 280 281
f 214 281 270
f 267 282 214
f 214 282 283
f 214 283 215
f 215 283 284
f 215 284 248
f 256 257 285
f 285 257 258
f 285 258 286
f 286 258 255
f 286 255 287
f 287 255 254
f 287 254 288
f 288 254 253
f 288 253 289
f 289 253 252
f 289 252 290
f 290 252 275
f 290 275 291
f 291 275 274
f 291 274 292
f 292 274 273
f 292 273 293
f 293 273 266
f 293 266 294
f 294 266 265
f 294 265 295
f 295 265 264
f 295 264 296
f 296 264 242
f 296 242 297
f 297 242 241
f 297 241 298
f 298 241 248
f 298 248 299
f 299 248 284
f 299 284 300
f 300 284 283
f 300 283 301
f 301 283 282
f 301 282 302
f 302 282 267
f 302 267 303
f 303 267 268
f 303 268 304
f 304 268 269
f 304 269 305
f 305 269 272
f 305 272 306
f 306 272 271
f 306 271 307
f 307 271 270
f 307 270 308
f 308 270 281
f 308 281 309
f 309 281 280
f 309 280 310
f 310 280 279
f 310 279 311
f 311 279 278
f 311 278 312
f 312 278 277
f 312 277 313
f 313 277 276
f 313 276 314
f 314 276 247
f 314 247 315
f 315 247 246
f 315 246 316
f 316 246 245
f 316 245 317
f 317 245 244
f 317 244 318
f 318 244 243
f 318 243 319
f 319 243 238
f 319 238 320
f 320 238 237
f 320 237 321
f 321 237 236
f 321 236 322
f 322 236 235
f 322 235 323
f 323 235 251
f 323 251 324
f 324 251 250
f 324 250 325
f 325 250 249
f 325 249 326
f 326 249 240
f 326 240 327
f 327 240 239
f 327 239 328
f 328 239 263
f 328 263 329
f 329 263 262
f 329 262 330
f 330 262 261
f 330 261 331
f 331 261 260
f 331 260 332
f 332 260 259
f 332 259 333
f 333 259 256
f 333 256 285
f 334 335 336
f 336 335 337
f 336 337 338
f 338 337 339
f 338 339 340
f 340 339 341
f 342 343 341
f 341 343 344
f 341 344 340
f 345 346 342
f 342 346 347
f 342 347 343
f 348 349 350
f 350 349 351
f 350 351 352
f 352 351 353
f 352 353 345
f 345 353 354
f 345 354 346
f 348 350 355
f 355 350 356
f 355 356 357
f 357 356 358
f 357 358 359
f 359 358 360
f 359 360 361
f 361 360 362
f 362 360 363
f 362 363 364
f 364 363 365
f 365 363 366
f 365 366 367
f 367 366 368
f 368 366 369
f 368 369 370
f 370 369 371
f 370 371 372
f 373 374 375
f 375 374 376
f 375 376 377
f 377 376 378
f 377 378 371
f 371 378 379
f 371 379 372
f 380 381 373
f 373 381 382
f 373 382 374
f 383 384 380
f 380 384 385
f 380 385 381
f 386 387 388
f 388 387 389
f 388 389 390
f 390 389 391
f 390 391 383
f 383 391 392
f 383 392 384
f 386 388 393
f 393 388 394
f 393 394 395
f 395 394 396
f 395 396 397
f 397 396 398
f 397 398 399
f 399 398 400
f 400 398 401
f 400 401 402
f 402 401 403
f 403 401 404
f 403 404 405
f 405 404 406
f 406 404 407
f 406 407 408
f 408 407 409
f 408 409 410
f 411 412 413
f 413 412 414
f 413 414 415
f 415 414 416
f 415 416 409
f 409 416 417
f 409 417 410
f 418 419 411
f 411 419 420
f 411 420 412
f 421 422 418
f 418 422 423
f 418 423 419
f 424 425 426
f 426 425 427
f 426 427 428
f 428 427 429
f 428 429 421
f 421 429 430
f 421 430 422
f 424 426 431
f 431 426 432
f 431 432 433
f 433 432 434
f 433 434 435
f 435 434 436
f 435 436 437
f 437 436 438
f 438 436 439
f 438 439 440
f 440 439 441
f 441 439 442
f 441 442 443
f 443 442 444
f 444 442 445
f 444 445 446
f 446 445 447
f 446 447 448
f 449 450 451
f 451 450 452
f 451 452 453
f 453 452 454
f 453 454 447
f 447 454 455
f 447 455 448
f 456 457 449
f 449 457 458
f 449 458 450
f 459 460 456
f 456 460 461
f 456 461 457
f 334 462 335
f 335 462 463
f 335 463 464
f 464 463 465
f 464 465 459
f 459 465 466
f 459 466 460
f 309 467 308
f 308 467 468
f 308 468 307
f 307 468 469
f 307 469 306
f 306 469 470
f 306 470 305
f 305 470 471
f 305 471 304
f 304 471 472
f 304 472 303
f 303 472 473
f 303 473 302
f 302 473 474
f 302 474 301
f 301 474 475
f 301 475 300
f 300 475 476
f 300 476 299
f 299 476 477
f 299 477 298
f 298 477 478
f 298 478 297
f 297 478 479
f 297 479 296
f 296 479 480
f 296 480 295
f 295 480 481
f 295 481 294
f 294 481 482
f 294 482 293
f 293 482 483
f 293 483 292
f 292 483 484
f 292 484 291
f 291 484 485
f 291 485 290
f 290 485 486
f 290 486 289
f 289 486 487
f 289 487 288
f 288 487 488
f 288 488 287
f 287 488 489
f 287 489 286
f 286 489 490
f 286 490 285
f 285 490 491
f 285 491 333
f 333 491 492
f 333 492 332
f 332 492 493
f 332 493 331
f 331 493 494
f 331 494 330
f 330 494 495
f 330 495 329
f 329 495 496
f 329 496 328
f 328 496 497
f 328 497 327
f 327 497 498
f 327 498 326
f 326 498 499
f 326 499 325
f 325 499 500
f 325 500 324
f 324 500 501
f 324 501 323
f 323 501 502
f 323 502 322
f 322 502 503
f 322 503 321
f 321 503 504
f 321 504 320
f 320 504 505
f 320 505 319
f 319 505 506
f 319 506 318
f 318 506 507
f 318 507 317
f 317 507 508
f 317 508 316
f 316 508 509
f 316 509 315
f 315 509 510
f 315 510 314
f 314 510 511
f 314 511 313
f 313 511 512
f 313 512 312
f 312 512 513
f 312 513 311
f 311 513 514
f 311 514 310
f 310 514 515
f 310 515 309
f 309 515 467
f 467 434 468
f 468 434 432
f 468 432 469
f 469 432 426
f 469 426 470
f 470 426 428
f 470 428 471
f 471 428 421
f 471 421 472
f 472 421 418
f 472 418 473
f 473 418 411
f 473 411 474
f 474 411 413
f 474 413 475
f 475 413 415
f 475 415 476
f 476 415 409
f 476 409 477
f 477 409 407
f 477 407 478
f 478 407 404
f 478 404 479
f 479 404 401
f 479 401 480
f 480 401 398
f 480 398 481
f 481 398 396
f 481 396 482
f 482 396 394
f 482 394 483
f 483 394 388
f 483 388 484
f 484 388 390
f 484 390 485
f 485 390 383
f 485 383 486
f 486 383 380
f 486 380 487
f 487 380 373
f 487 373 488
f 488 373 375
f 488 375 489
f 489 375 377
f 489 377 490
f 490 377 371
f 490 371 491
f 491 371 369
f 491 369 492
f 492 369 366
f 492 366 493
f 493 366 363
f 493 363 494
f 494 363 360
f 494 360 495
f 495 360 358
f 495 358 496
f 496 358 356
f 496 356 497
f 497 356 350
f 497 350 498
f 498 350 352
f 498 352 499
f 499 352 345
f 499 345 500
f 500 345 342
f 500 342 501
f 501 342 341
f 501 341 502
f 502 341 339
f 502 339 503
f 503 339 337
f 503 337 504
f 504 337 335
f 504 335 505
f 505 335 464
f 505 464 506
f 506 464 459
f 506 459 507
f 507 459 456
f 507 456 508
f 508 456 449
f 508 449 509
f 509 449 451
f 509 451 510
f 510 451 453
f 510 453 511
f 511 453 447
f 511 447 512
f 512 447 445
f 512 445 513
f 513 445 442
f 513 442 514
f 514 442 439
f 514 439 515
f 515 439 436
f 515 436 467
f 467 436 434
f 338 516 336
f 336 516 517
f 338 340 516
f 516 340 344
f 516 344 518
f 344 343 518
f 518 343 347
f 518 347 519
f 353 520 354
f 354 520 519
f 354 519 346
f 346 519 347
f 353 351 520
f 520 351 349
f 520 349 521
f 357 522 355
f 355 522 521
f 355 521 348
f 348 521 349
f 357 359 522
f 522 359 361
f 522 361 523
f 361 362 523
f 523 362 364
f 523 364 524
f 368 525 367
f 367 525 524
f 367 524 365
f 365 524 364
f 368 370 525
f 525 370 372
f 525 372 526
f 376 527 378
f 378 527 526
f 378 526 379
f 379 526 372
f 376 374 527
f 527 374 382
f 527 382 528
f 382 381 528
f 528 381 385
f 528 385 529
f 391 530 392
f 392 530 529
f 392 529 384
f 384 529 385
f 391 389 530
f 530 389 387
f 530 387 531
f 395 532 393
f 393 532 531
f 393 531 386
f 386 531 387
f 395 397 532
f 532 397 399
f 532 399 533
f 399 400 533
f 533 400 402
f 533 402 534
f 406 535 405
f 405 535 534
f 405 534 403
f 403 534 402
f 406 408 535
f 535 408 410
f 535 410 536
f 414 537 416
f 416 537 536
f 416 536 417
f 417 536 410
f 414 412 537
f 537 412 420
f 537 420 538
f 420 419 538
f 538 419 423
f 538 423 539
f 429 540 430
f 430 540 539
f 430 539 422
f 422 539 423
f 429 427 540
f 540 427 425
f 540 425 541
f 433 542 431
f 431 542 541
f 431 541 424
f 424 541 425
f 433 435 542
f 542 435 437
f 542 437 543
f 437 438 543
f 543 438 440
f 543 440 544
f 444 545 443
f 443 545 544
f 443 544 441
f 441 544 440
f 444 446 545
f 545 446 448
f 545 448 546
f 452 547 454
f 454 547 546
f 454 546 455
f 455 546 448
f 452 450 547
f 547 450 458
f 547 458 548
f 458 457 548
f 548 457 461
f 548 461 549
f 465 550 466
f 466 550 549
f 466 549 460
f 460 549 461
f 465 463 550
f 550 463 462
f 550 462 517
f 517 462 334
f 517 334 336
f 551 552 553
f 551 553 554
f 555 556 553
f 553 556 557
f 553 557 554
f 558 559 553
f 553 559 560
f 553 560 555
f 561 562 553
f 553 562 563
f 553 563 558
f 564 565 553
f 553 565 566
f 553 566 561
f 567 568 553
f 553 568 569
f 553 569 564
f 570 571 553
f 553 571 572
f 553 572 567
f 573 574 553
f 553 574 575
f 553 575 570
f 552 576 553
f 553 576 577
f 553 577 573
f 578 530 579
f 579 530 531
f 579 531 580
f 581 526 582
f 582 526 527
f 582 527 583
f 583 527 528
f 583 528 578
f 578 528 529
f 578 529 530
f 584 545 585
f 585 545 546
f 585 546 586
f 586 546 547
f 586 547 587
f 588 522 589
f 589 522 523
f 589 523 590
f 590 523 524
f 590 524 581
f 581 524 525
f 581 525 526
f 591 518 592
f 592 518 519
f 592 519 593
f 593 519 520
f 593 520 588
f 588 520 521
f 588 521 522
f 547 548 587
f 587 548 549
f 587 549 594
f 594 549 550
f 594 550 595
f 595 550 517
f 595 517 591
f 591 517 516
f 591 516 518
f 596 541 597
f 597 541 542
f 597 542 598
f 598 542 543
f 598 543 584
f 584 543 544
f 584 544 545
f 599 537 600
f 600 537 538
f 600 538 601
f 601 538 539
f 601 539 596
f 596 539 540
f 596 540 541
f 531 532 580
f 580 532 533
f 580 533 602
f 602 533 534
f 602 534 603
f 603 534 535
f 603 535 599
f 599 535 536
f 599 536 537
f 595 554 594
f 594 554 557
f 594 557 587
f 587 557 556
f 587 556 586
f 586 556 555
f 586 555 585
f 585 555 560
f 585 560 584
f 584 560 559
f 584 559 598
f 598 559 558
f 598 558 597
f 597 558 563
f 597 563 596
f 596 563 562
f 596 562 601
f 601 562 561
f 601 561 600
f 600 561 566
f 600 566 599
f 599 566 565
f 599 565 603
f 603 565 564
f 603 564 602
f 602 564 569
f 602 569 580
f 580 569 568
f 580 568 579
f 579 568 567
f 579 567 578
f 578 567 572
f 578 572 583
f 583 572 571
f 583 571 582
f 582 571 570
f 582 570 581
f 581 570 575
f 581 575 590
f 590 575 574
f 590 574 589
f 589 574 573
f 589 573 588
f 588 573 577
f 588 577 593
f 593 577 576
f 593 576 592
f 592 576 552
f 592 552 591
f 591 552 551
f 591 551 595
f 595 551 554
f 604 605 606
f 604 606 607
f 607 606 608
f 607 608 609
f 609 608 610
f 609 610 611
f 611 610 612
f 611 612 613
f 613 612 614
f 613 614 615
f 615 614 616
f 615 616 617
f 617 616 618
f 617 618 619
f 619 618 620
f 619 620 621
f 621 620 622
f 621 622 623
f 623 622 624
f 623 624 625
f 625 624 626
f 625 626 627
f 627 626 628
f 627 628 629
f 629 628 630
f 629 630 631
f 631 630 632
f 631 632 633
f 633 632 634
f 633 634 635
f 635 634 636
f 635 636 637
f 637 636 638
f 637 638 639
f 639 638 640
f 639 640 641
f 641 640 642
f 641 642 643
f 643 642 605
f 643 605 604
f 644 605 645
f 645 605 642
f 645 642 646
f 647 618 648
f 648 618 616
f 648 616 649
f 649 616 614
f 649 614 650
f 614 612 650
f 650 612 610
f 650 610 651
f 651 610 608
f 651 608 644
f 644 608 606
f 644 606 605
f 652 624 653
f 653 624 622
f 653 622 647
f 647 622 620
f 647 620 618
f 642 640 646
f 646 640 638
f 646 638 654
f 654 638 636
f 654 636 655
f 655 636 634
f 655 634 656
f 634 632 656
f 656 632 630
f 656 630 657
f 657 630 628
f 657 628 652
f 652 628 626
f 652 626 624
f 658 655 659
f 659 655 656
f 659 656 660
f 660 656 657
f 660 657 661
f 661 657 652
f 661 652 662
f 662 652 653
f 662 653 663
f 663 653 647
f 663 647 664
f 664 647 648
f 664 648 665
f 665 648 649
f 665 649 666
f 666 649 650
f 666 650 667
f 667 650 651
f 667 651 668
f 668 651 644
f 668 644 669
f 669 644 645
f 669 645 670
f 670 645 646
f 670 646 671
f 671 646 654
f 671 654 658
f 658 654 655
f 664 672 663
f 663 672 673
f 663 673 662
f 671 674 670
f 670 674 675
f 670 675 669
f 673 676 662
f 662 676 677
f 662 677 661
f 661 677 678
f 661 678 660
f 666 679 665
f 665 679 680
f 665 680 664
f 664 680 681
f 664 681 672
f 659 682 658
f 658 682 683
f 658 683 671
f 671 683 684
f 671 684 674
f 667 685 666
f 666 685 686
f 666 686 679
f 675 687 669
f 669 687 688
f 669 688 668
f 668 688 689
f 668 689 667
f 667 689 690
f 667 690 685
f 678 691 660
f 660 691 692
f 660 692 659
f 659 692 693
f 659 693 682
f 677 694 678
f 678 694 695
f 678 695 691
f 691 695 696
f 691 696 692
f 692 696 697
f 692 697 693
f 693 697 698
f 693 698 682
f 682 698 699
f 682 699 683
f 683 699 700
f 683 700 684
f 684 700 701
f 684 701 674
f 674 701 702
f 674 702 675
f 675 702 703
f 675 703 687
f 687 703 704
f 687 704 688
f 688 704 705
f 688 705 689
f 689 705 706
f 689 706 690
f 690 706 707
f 690 707 685
f 685 707 708
f 685 708 686
f 686 708 709
f 686 709 679
f 679 709 710
f 679 710 680
f 680 710 711
f 680 711 681
f 681 711 712
f 681 712 672
f 672 712 713
f 672 713 673
f 673 713 714
f 673 714 676
f 676 714 715
f 676 715 677
f 677 715 694
f 716 717 718
f 716 719 720
f 721 719 716
f 718 721 716
f 716 722 723
f 724 722 716
f 720 724 716
f 716 723 725
f 716 726 727
f 728 726 716
f 725 728 716
f 716 729 717
f 730 729 716
f 727 730 716
f 723 731 725
f 725 731 732
f 725 732 728
f 728 732 733
f 728 733 726
f 726 733 734
f 726 734 727
f 727 734 735
f 727 735 730
f 730 735 736
f 730 736 729
f 729 736 737
f 729 737 717
f 717 737 738
f 717 738 718
f 718 738 739
f 718 739 721
f 721 739 740
f 721 740 719
f 719 740 741
f 719 741 720
f 720 741 742
f 720 742 724
f 724 742 743
f 724 743 722
f 722 743 744
f 722 744 723
f 723 744 731
f 745 746 747
f 745 748 749
f 750 748 745
f 747 750 745
f 745 751 752
f 753 751 745
f 749 753 745
f 745 752 754
f 745 755 756
f 757 755 745
f 754 757 745
f 745 758 746
f 759 758 745
f 756 759 745
f 752 760 754
f 754 760 761
f 754 761 757
f 757 761 762
f 757 762 755
f 755 762 763
f 755 763 756
f 756 763 764
f 756 764 759
f 759 764 765
f 759 765 758
f 758 765 766
f 758 766 746
f 746 766 767
f 746 767 747
f 747 767 768
f 747 768 750
f 750 768 769
f 750 769 748
f 748 769 770
f 748 770 749
f 749 770 771
f 749 771 753
f 753 771 772
f 753 772 751
f 751 772 773
f 751 773 752
f 752 773 760
f 774 775 776
f 774 777 778
f 779 777 774
f 776 779 774
f 774 780 781
f 782 780 774
f 778 782 774
f 774 781 783
f 774 784 785
f 786 784 774
f 783 786 774
f 774 787 775
f 788 787 774
f 785 788 774
f 781 789 783
f 783 789 790
f 783 790 786
f 786 790 791
f 786 791 784
f 784 791 792
f 784 792 785
f 785 792 793
f 785 793 788
f 788 793 794
f 788 794 787
f 787 794 795
f 787 795 775
f 775 795 796
f 775 796 776
f 776 796 797
f 776 797 779
f 779 797 798
f 779 798 777
f 777 798 799
f 777 799 778
f 778 799 800
f 778 800 782
f 782 800 801
f 782 801 780
f 780 801 802
f 780 802 781
f 781 802 789
f 803 804 805
f 803 806 807
f 808 806 803
f 805 808 803
f 803 809 810
f 811 809 803
f 807 811 803
f 803 810 812
f 803 813 814
f 815 813 803
f 812 815 803
f 803 816 804
f 817 816 803
f 814 817 803
f 810 818 812
f 812 818 819
f 812 819 815
f 815 819 820
f 815 820 813
f 813 820 821
f 813 821 814
f 814 821 822
f 814 822 817
f 817 822 823
f 817 823 816
f 816 823 824
f 816 824 804
f 804 824 825
f 804 825 805
f 805 825 826
f 805 826 808
f 808 826 827
f 808 827 806
f 806 827 828
f 806 828 807
f 807 828 829
f 807 829 811
f 811 829 830
f 811 830 809
f 809 830 831
f 809 831 810
f 810 831 818
f 832 833 834
f 834 833 835
f 834 835 836
f 836 835 837
f 836 837 838
f 838 837 839
f 838 839 840
f 840 839 841
f 840 841 842
f 842 841 843
f 842 843 844
f 844 843 845
f 844 845 846
f 846 845 847
f 846 847 848
f 848 847 849
f 848 849 850
f 850 849 851
f 850 851 852
f 852 851 853
f 852 853 854
f 854 853 855
f 854 855 856
f 856 855 857
f 856 857 858
f 858 857 859
f 858 859 832
f 832 859 833
f 860 861 862
f 862 861 863
f 862 863 864
f 864 863 865
f 864 865 866
f 866 865 867
f 866 867 868
f 868 867 869
f 868 869 870
f 870 869 871
f 870 871 872
f 872 871 873
f 872 873 874
f 874 873 875
f 874 875 876
f 876 875 877
f 876 877 878
f 878 877 879
f 878 879 880
f 880 879 881
f 880 881 882
f 882 881 883
f 882 883 884
f 884 883 885
f 884 885 886
f 886 885 887
f 886 887 888
f 888 887 889
f 888 889 890
f 890 889 891
f 890 891 892
f 892 891 893
f 892 893 894
f 894 893 895
f 894 895 860
f 860 895 861
f 896 864 897
f 897 864 866
f 897 866 898
f 898 866 868
f 898 868 899
f 899 868 870
f 899 870 900
f 901 892 902
f 902 892 894
f 902 894 903
f 903 894 860
f 903 860 896
f 896 860 862
f 896 862 864
f 904 882 905
f 905 882 884
f 905 884 906
f 906 884 886
f 906 886 907
f 907 886 888
f 907 888 901
f 901 888 890
f 901 890 892
f 870 872 900
f 900 872 874
f 900 874 908
f 908 874 876
f 908 876 909
f 909 876 878
f 909 878 904
f 904 878 880
f 904 880 882
f 910 903 911
f 911 903 896
f 911 896 912
f 912 896 897
f 912 897 913
f 913 897 898
f 913 898 914
f 914 898 899
f 914 899 915
f 915 899 900
f 915 900 916
f 916 900 908
f 916 908 917
f 917 908 909
f 917 909 918
f 918 909 904
f 918 904 919
f 919 904 905
f 919 905 920
f 920 905 906
f 920 906 921
f 921 906 907
f 921 907 922
f 922 907 901
f 922 901 923
f 923 901 902
f 923 902 910
f 910 902 903
f 924 925 926
f 926 925 927
f 926 927 928
f 928 927 929
f 928 929 930
f 930 929 931
f 930 931 932
f 932 931 933
f 932 933 934
f 934 933 935
f 934 935 936
f 936 935 937
f 936 937 938
f 938 937 939
f 938 939 940
f 940 939 941
f 940 941 942
f 942 941 943
f 942 943 944
f 944 943 945
f 944 945 946
f 946 945 947
f 946 947 948
f 948 947 949
f 948 949 950
f 950 949 951
f 950 951 952
f 952 951 953
f 952 953 954
f 954 953 955
f 954 955 956
f 956 955 957
f 956 957 958
f 958 957 959
f 958 959 924
f 924 959 925
f 960 928 961
f 961 928 930
f 961 930 962
f 962 930 932
f 962 932 963
f 963 932 934
f 963 934 964
f 965 956 966
f 966 956 958
f 966 958 967
f 967 958 924
f 967 924 960
f 960 924 926
f 960 926 928
f 968 946 969
f 969 946 948
f 969 948 970
f 970 948 950
f 970 950 971
f 971 950 952
f 971 952 965
f 965 952 954
f 965 954 956
f 934 936 964
f 964 936 938
f 964 938 972
f 972 938 940
f 972 940 973
f 973 940 942
f 973 942 968
f 968 942 944
f 968 944 946
f 974 967 975
f 975 967 960
f 975 960 976
f 976 960 961
f 976 961 977
f 977 961 962
f 977 962 978
f 978 962 963
f 978 963 979
f 979 963 964
f 979 964 980
f 980 964 972
f 980 972 981
f 981 972 973
f 981 973 982
f 982 973 968
f 982 968 983
f 983 968 969
f 983 969 984
f 984 969 970
f 984 970 985
f 985 970 971
f 985 971 986
f 986 971 965
f 986 965 987
f 987 965 966
f 987 966 974
f 974 966 967
f 988 989 990
f 990 989 991
f 990 991 992
f 992 991 993
f 992 993 994
f 994 993 995
f 994 995 996
f 996 995 997
f 996 997 998
f 998 997 999
f 998 999 1000
f 1000 999 1001
f 1000 1001 1002
f 1002 1001 1003
f 1002 1003 1004
f 1004 1003 1005
f 1004 1005 1006
f 1006 1005 1007
f 1006 1007 1008
f 1008 1007 1009
f 1008 1009 1010
f 1010 1009 1011
f 1010 1011 1012
f 1012 1011 1013
f 1012 1013 1014
f 1014 1013 1015
f 1014 1015 1016
f 1016 1015 1017
f 1016 1017 1018
f 1018 1017 1019
f 1018 1019 1020
f 1020 1019 1021
f 1020 1021 1022
f 1022 1021 1023
f 1022 1023 988
f 988 1023 989
f 1024 992 1025
f 1025 992 994
f 1025 994 1026
f 1026 994 996
f 1026 996 1027
f 1027 996 998
f 1027 998 1028
f 1029 1020 1030
f 1030 1020 1022
f 1030 1022 1031
f 1031 1022 988
f 1031 988 1024
f 1024 988 990
f 1024 990 992
f 1032 1010 1033
f 1033 1010 1012
f 1033 1012 1034
f 1034 1012 1014
f 1034 1014 1035
f 1035 1014 1016
f 1035 1016 1029
f 1029 1016 1018
f 1029 1018 1020
f 998 1000 1028
f 1028 1000 1002
f 1028 1002 1036
f 1036 1002 1004
f 1036 1004 1037
f 1037 1004 1006
f 1037 1006 1032
f 1032 1006 1008
f 1032 1008 1010
f 1038 1031 1039
f 1039 1031 1024
f 1039 1024 1040
f 1040 1024 1025
f 1040 1025 1041
f 1041 1025 1026
f 1041 1026 1042
f 1042 1026 1027
f 1042 1027 1043
f 1043 1027 1028
f 1043 1028 1044
f 1044 1028 1036
f 1044 1036 1045
f 1045 1036 1037
f 1045 1037 1046
f 1046 1037 1032
f 1046 1032 1047
f 1047 1032 1033
f 1047 1033 1048
f 1048 1033 1034
f 1048 1034 1049
f 1049 1034 1035
f 1049 1035 1050
f 1050 1035 1029
f 1050 1029 1051
f 1051 1029 1030
f 1051 1030 1038
f 1038 1030 1031
f 1052 1053 1054
f 1054 1053 1055
f 1054 1055 1056
f 1056 1055 1057
f 1056 1057 1058
f 1058 1057 1059
f 1058 1059 1060
f 1060 1059 1061
f 1060 1061 1062
f 1062 1061 1063
f 1062 1063 1064
f 1064 1063 1065
f 1064 1065 1066
f 1066 1065 1067
f 1066 1067 1068
f 1068 1067 1069
f 1068 1069 1070
f 1070 1069 1071
f 1070 1071 1072
f 1072 1071 1073
f 1072 1073 1074
f 1074 1073 1075
f 1074 1075 1076
f 1076 1075 1077
f 1076 1077 1078
f 1078 1077 1079
f 1078 1079 1080
f 1080 1079 1081
f 1080 1081 1082
f 1082 1081 1083
f 1082 1083 1084
f 1084 1083 1085
f 1084 1085 1086
f 1086 1085 1087
f 1086 1087 1052
f 1052 1087 1053
f 1088 1066 1089
f 1089 1066 1068
f 1089 1068 1090
f 1090 1068 1070
f 1090 1070 1091
f 1092 1056 1093
f 1093 1056 1058
f 1093 1058 1094
f 1094 1058 1060
f 1094 1060 1095
f 1095 1060 1062
f 1095 1062 1088
f 1088 1062 1064
f 1088 1064 1066
f 1096 1084 1097
f 1097 1084 1086
f 1097 1086 1098
f 1098 1086 1052
f 1098 1052 1092
f 1092 1052 1054
f 1092 1054 1056
f 1070 1072 1091
f 1091 1072 1074
f 1091 1074 1099
f 1099 1074 1076
f 1099 1076 1100
f 1100 1076 1078
f 1100 1078 1101
f 1101 1078 1080
f 1101 1080 1096
f 1096 1080 1082
f 1096 1082 1084
f 1102 1098 1103
f 1103 1098 1092
f 1103 1092 1104
f 1104 1092 1093
f 1104 1093 1105
f 1105 1093 1094
f 1105 1094 1106
f 1106 1094 1095
f 1106 1095 1107
f 1107 1095 1088
f 1107 1088 1108
f 1108 1088 1089
f 1108 1089 1109
f 1109 1089 1090
f 1109 1090 1110
f 1110 1090 1091
f 1110 1091 1111
f 1111 1091 1099
f 1111 1099 1112
f 1112 1099 1100
f 1112 1100 1113
f 1113 1100 1101
f 1113 1101 1114
f 1114 1101 1096
f 1114 1096 1115
f 1115 1096 1097
f 1115 1097 1102
f 1102 1097 1098
f 1116 1117 1118
f 1118 1117 1119
f 1118 1119 1120
f 1120 1119 1121
f 1120 1121 1122
f 1122 1121 1123
f 1122 1123 1124
f 1124 1123 1125
f 1124 1125 1126
f 1126 1125 1127
f 1126 1127 1128
f 1128 1127 1129
f 1128 1129 1130
f 1130 1129 1131
f 1130 1131 1132
f 1132 1131 1133
f 1132 1133 1134
f 1134 1133 1135
f 1134 1135 1136
f 1136 1135 1137
f 1136 1137 1138
f 1138 1137 1139
f 1138 1139 1140
f 1140 1139 1141
f 1140 1141 1142
f 1142 1141 1143
f 1142 1143 1116
f 1116 1143 1117
f 1144 1145 1146
f 1146 1145 1147
f 1146 1147 1148
f 1148 1147 1149
f 1148 1149 1150
f 1150 1149 1151
f 1150 1151 1152
f 1152 1151 1153
f 1152 1153 1154
f 1154 1153 1155
f 1154 1155 1156
f 1156 1155 1157
f 1156 1157 1158
f 1158 1157 1159
f 1158 1159 1160
f 1160 1159 1161
f 1160 1161 1162
f 1162 1161 1163
f 1162 1163 1164
f 1164 1163 1165
f 1164 1165 1166
f 1166 1165 1167
f 1166 1167 1168
f 1168 1167 1169
f 1168 1169 1170
f 1170 1169 1171
f 1170 1171 1172
f 1172 1171 1173
f 1172 1173 1174
f 1174 1173 1175
f 1174 1175 1176
f 1176 1175 1177
f 1176 1177 1178
f 1178 1177 1179
f 1178 1179 1144
f 1144 1179 1145
f 1180 1177 1181
f 1181 1177 1175
f 1181 1175 1182
f 1182 1175 1173
f 1182 1173 1183
f 1183 1173 1171
f 1183 1171 1184
f 1171 1169 1184
f 1184 1169 1167
f 1184 1167 1185
f 1185 1167 1165
f 1185 1165 1186
f 1186 1165 1163
f 1186 1163 1187
f 1188 1149 1189
f 1189 1149 1147
f 1189 1147 1190
f 1190 1147 1145
f 1190 1145 1180
f 1180 1145 1179
f 1180 1179 1177
f 1163 1161 1187
f 1187 1161 1159
f 1187 1159 1191
f 1191 1159 1157
f 1191 1157 1192
f 1192 1157 1155
f 1192 1155 1193
f 1193 1155 1153
f 1193 1153 1188
f 1188 1153 1151
f 1188 1151 1149
f 1190 1194 1189
f 1189 1194 1195
f 1189 1195 1188
f 1188 1195 1196
f 1188 1196 1193
f 1193 1196 1197
f 1193 1197 1192
f 1192 1197 1198
f 1192 1198 1191
f 1191 1198 1199
f 1191 1199 1187
f 1187 1199 1200
f 1187 1200 1186
f 1186 1200 1201
f 1186 1201 1185
f 1185 1201 1202
f 1185 1202 1184
f 1184 1202 1203
f 1184 1203 1183
f 1183 1203 1204
f 1183 1204 1182
f 1182 1204 1205
f 1182 1205 1181
f 1181 1205 1206
f 1181 1206 1180
f 1180 1206 1207
f 1180 1207 1190
f 1190 1207 1194
f 1208 1209 1210
f 1210 1209 1211
f 1210 1211 1212
f 1212 1211 1213
f 1212 1213 1214
f 1214 1213 1215
f 1214 1215 1216
f 1216 1215 1217
f 1216 1217 1218
f 1218 1217 1219
f 1218 1219 1220
f 1220 1219 1221
f 1220 1221 1222
f 1222 1221 1223
f 1222 1223 1224
f 1224 1223 1225
f 1224 1225 1226
f 1226 1225 1227
f 1226 1227 1228
f 1228 1227 1229
f 1228 1229 1230
f 1230 1229 1231
f 1230 1231 1232
f 1232 1231 1233
f 1232 1233 1234
f 1234 1233 1235
f 1234 1235 1236
f 1236 1235 1237
f 1236 1237 1238
f 1238 1237 1239
f 1238 1239 1240
f 1240 1239 1241
f 1240 1241 1242
f 1242 1241 1243
f 1242 1243 1208
f 1208 1243 1209
f 1244 1241 1245
f 1245 1241 1239
f 1245 1239 1246
f 1246 1239 1237
f 1246 1237 1247
f 1247 1237 1235
f 1247 1235 1248
f 1235 1233 1248
f 1248 1233 1231
f 1248 1231 1249
f 1249 1231 1229
f 1249 1229 1250
f 1250 1229 1227
f 1250 1227 1251
f 1252 1213 1253
f 1253 1213 1211
f 1253 1211 1254
f 1254 1211 1209
f 1254 1209 1244
f 1244 1209 1243
f 1244 1243 1241
f 1227 1225 1251
f 1251 1225 1223
f 1251 1223 1255
f 1255 1223 1221
f 1255 1221 1256
f 1256 1221 1219
f 1256 1219 1257
f 1257 1219 1217
f 1257 1217 1252
f 1252 1217 1215
f 1252 1215 1213
f 1254 1258 1253
f 1253 1258 1259
f 1253 1259 1252
f 1252 1259 1260
f 1252 1260 1257
f 1257 1260 1261
f 1257 1261 1256
f 1256 1261 1262
f 1256 1262 1255
f 1255 1262 1263
f 1255 1263 1251
f 1251 1263 1264
f 1251 1264 1250
f 1250 1264 1265
f 1250 1265 1249
f 1249 1265 1266
f 1249 1266 1248
f 1248 1266 1267
f 1248 1267 1247
f 1247 1267 1268
f 1247 1268 1246
f 1246 1268 1269
f 1246 1269 1245
f 1245 1269 1270
f 1245 1270 1244
f 1244 1270 1271
f 1244 1271 1254
f 1254 1271 1258
f 1272 1273 1274
f 1274 1273 1275
f 1274 1275 1276
f 1276 1275 1277
f 1276 1277 1278
f 1278 1277 1279
f 1278 1279 1280
f 1280 1279 1281
f 1280 1281 1282
f 1282 1281 1283
f 1282 1283 1284
f 1284 1283 1285
f 1284 1285 1286
f 1286 1285 1287
f 1286 1287 1288
f 1288 1287 1289
f 1288 1289 1290
f 1290 1289 1291
f 1290 1291 1292
f 1292 1291 1293
f 1292 1293 1294
f 1294 1293 1295
f 1294 1295 1296
f 1296 1295 1297
f 1296 1297 1298
f 1298 1297 1299
f 1298 1299 1300
f 1300 1299 1301
f 1300 1301 1302
f 1302 1301 1303
f 1302 1303 1304
f 1304 1303 1305
f 1304 1305 1306
f 1306 1305 1307
f 1306 1307 1272
f 1272 1307 1273
f 1308 1305 1309
f 1309 1305 1303
f 1309 1303 1310
f 1310 1303 1301
f 1310 1301 1311
f 1311 1301 1299
f 1311 1299 1312
f 1313 1277 1314
f 1314 1277 1275
f 1314 1275 1315
f 1315 1275 1273
f 1315 1273 1308
f 1308 1273 1307
f 1308 1307 1305
f 1316 1287 1317
f 1317 1287 1285
f 1317 1285 1318
f 1318 1285 1283
f 1318 1283 1319
f 1319 1283 1281
f 1319 1281 1313
f 1313 1281 1279
f 1313 1279 1277
f 1299 1297 1312
f 1312 1297 1295
f 1312 1295 1320
f 1320 1295 1293
f 1320 1293 1321
f 1321 1293 1291
f 1321 1291 1316
f 1316 1291 1289
f 1316 1289 1287
f 1315 1322 1314
f 1314 1322 1323
f 1314 1323 1313
f 1313 1323 1324
f 1313 1324 1319
f 1319 1324 1325
f 1319 1325 1318
f 1318 1325 1326
f 1318 1326 1317
f 1317 1326 1327
f 1317 1327 1316
f 1316 1327 1328
f 1316 1328 1321
f 1321 1328 1329
f 1321 1329 1320
f 1320 1329 1330
f 1320 1330 1312
f 1312 1330 1331
f 1312 1331 1311
f 1311 1331 1332
f 1311 1332 1310
f 1310 1332 1333
f 1310 1333 1309
f 1309 1333 1334
f 1309 1334 1308
f 1308 1334 1335
f 1308 1335 1315
f 1315 1335 1322
f 1336 1337 1338
f 1338 1337 1339
f 1338 1339 1340
f 1340 1339 1341
f 1340 1341 1342
f 1342 1341 1343
f 1342 1343 1344
f 1344 1343 1345
f 1344 1345 1346
f 1346 1345 1347
f 1346 1347 1348
f 1348 1347 1349
f 1348 1349 1350
f 1350 1349 1351
f 1350 1351 1352
f 1352 1351 1353
f 1352 1353 1354
f 1354 1353 1355
f 1354 1355 1356
f 1356 1355 1357
f 1356 1357 1358
f 1358 1357 1359
f 1358 1359 1360
f 1360 1359 1361
f 1360 1361 1362
f 1362 1361 1363
f 1362 1363 1364
f 1364 1363 1365
f 1364 1365 1366
f 1366 1365 1367
f 1366 1367 1368
f 1368 1367 1369
f 1368 1369 1370
f 1370 1369 1371
f 1370 1371 1336
f 1336 1371 1337
f 1372 1369 1373
f 1373 1369 1367
f 1373 1367 1374
f 1374 1367 1365
f 1374 1365 1375
f 1375 1365 1363
f 1375 1363 1376
f 1363 1361 1376
f 1376 1361 1359
f 1376 1359 1377
f 1377 1359 1357
f 1377 1357 1378
f 1378 1357 1355
f 1378 1355 1379
f 1380 1341 1381
f 1381 1341 1339
f 1381 1339 1382
f 1382 1339 1337
f 1382 1337 1372
f 1372 1337 1371
f 1372 1371 1369
f 1355 1353 1379
f 1379 1353 1351
f 1379 1351 1383
f 1383 1351 1349
f 1383 1349 1384
f 1384 1349 1347
f 1384 1347 1385
f 1385 1347 1345
f 1385 1345 1380
f 1380 1345 1343
f 1380 1343 1341
f 1382 1386 1381
f 1381 1386 1387
f 1381 1387 1380
f 1380 1387 1388
f 1380 1388 1385
f 1385 1388 1389
f 1385 1389 1384
f 1384 1389 1390
f 1384 1390 1383
f 1383 1390 1391
f 1383 1391 1379
f 1379 1391 1392
f 1379 1392 1378
f 1378 1392 1393
f 1378 1393 1377
f 1377 1393 1394
f 1377 1394 1376
f 1376 1394 1395
f 1376 1395 1375
f 1375 1395 1396
f 1375 1396 1374
f 1374 1396 1397
f 1374 1397 1373
f 1373 1397 1398
f 1373 1398 1372
f 1372 1398 1399
f 1372 1399 1382
f 1382 1399 1386
f 1400 1401 1402
f 1402 1401 1403
f 1402 1403 1404
f 1405 1406 1407
f 1405 1407 1408
f 1408 1407 1409
f 1408 1409 1410
f 1410 1409 1411
f 1410 1411 1412
f 1412 1411 1401
f 1412 1401 1400
f 1413 1414 1415
f 1413 1415 1416
f 1416 1415 1417
f 1416 1417 1418
f 1418 1417 1419
f 1418 1419 1420
f 1420 1419 1421
f 1420 1421 1422
f 1422 1421 1423
f 1422 1423 1424
f 1425 1426 1427
f 1425 1427 1428
f 1428 1427 1429
f 1428 1429 1430
f 1430 1429 1431
f 1430 1431 1432
f 1432 1431 1433
f 1432 1433 1434
f 1434 1433 1435
f 1434 1435 1436
f 1436 1435 1437
f 1437 1435 1438
f 1437 1438 1413
f 1413 1438 1414
f 1391 1390 1439
f 1134 1136 1438
f 1206 1440 1207
f 1207 1440 1423
f 1207 1423 1194
f 1194 1423 1195
f 1205 1204 1140
f 1423 1421 1195
f 1195 1421 1419
f 1195 1419 1196
f 1196 1419 1417
f 1196 1417 1197
f 1197 1417 1415
f 1197 1415 1198
f 1198 1415 1414
f 1198 1414 1199
f 1199 1414 1438
f 1199 1438 1200
f 1140 1204 1138
f 1138 1204 1203
f 1138 1203 1136
f 1136 1203 1202
f 1136 1202 1438
f 1438 1202 1201
f 1438 1201 1200
f 1205 1140 1206
f 1206 1140 1142
f 1206 1142 1440
f 1440 1142 1116
f 1440 1116 1118
f 1118 1120 1440
f 1440 1120 1122
f 1440 1122 1441
f 1441 1122 1124
f 1441 1124 1126
f 1126 1128 1441
f 1441 1128 1130
f 1441 1130 1438
f 1438 1130 1132
f 1438 1132 1134
f 1328 1327 1441
f 1441 1327 1326
f 1441 1326 1440
f 1440 1326 1325
f 1440 1325 1324
f 1407 1406 1440
f 1403 1330 1441
f 1441 1330 1329
f 1441 1329 1328
f 1324 1323 1440
f 1440 1323 1322
f 1440 1322 1407
f 1407 1322 1335
f 1407 1335 1409
f 1409 1335 1334
f 1409 1334 1411
f 1411 1334 1401
f 1334 1333 1401
f 1401 1333 1332
f 1401 1332 1403
f 1403 1332 1331
f 1403 1331 1330
f 1439 1390 1441
f 1441 1390 1389
f 1441 1389 1388
f 1399 1403 1386
f 1386 1403 1441
f 1386 1441 1387
f 1387 1441 1388
f 1439 1442 1443
f 1399 1398 1403
f 1403 1398 1397
f 1403 1397 1404
f 1404 1397 1396
f 1404 1396 1444
f 1444 1396 1395
f 1444 1395 1445
f 1445 1395 1394
f 1445 1394 1443
f 1443 1394 1393
f 1443 1393 1439
f 1439 1393 1392
f 1439 1392 1391
f 1271 1441 1258
f 1258 1441 1438
f 1258 1438 1259
f 1259 1438 1260
f 1426 1439 1267
f 1271 1270 1441
f 1441 1270 1269
f 1441 1269 1439
f 1439 1269 1268
f 1439 1268 1267
f 1267 1266 1426
f 1426 1266 1265
f 1426 1265 1427
f 1427 1265 1264
f 1427 1264 1429
f 1429 1264 1263
f 1260 1438 1261
f 1261 1438 1435
f 1261 1435 1262
f 1262 1435 1433
f 1262 1433 1263
f 1263 1433 1431
f 1263 1431 1429
f 1402 1404 1444
f 1402 1444 1446
f 1446 1444 1445
f 1446 1445 1447
f 1447 1445 1443
f 1447 1443 1448
f 1448 1443 1442
f 1448 1442 1449
f 1450 1405 1451
f 1451 1405 1452
f 1449 1453 1454
f 1454 1455 1449
f 1449 1455 1456
f 1449 1456 1448
f 1448 1456 1457
f 1448 1457 1447
f 1412 1400 1458
f 1458 1400 1402
f 1458 1402 1457
f 1457 1402 1446
f 1457 1446 1447
f 1410 1412 1408
f 1408 1412 1458
f 1408 1458 1405
f 1405 1458 1459
f 1405 1459 1452
f 1460 1461 1462
f 1460 1462 1463
f 1463 1462 1464
f 1463 1464 1465
f 1465 1464 1466
f 1465 1466 1467
f 1467 1466 1468
f 1467 1468 1469
f 1470 1471 1472
f 1470 1472 1473
f 1473 1472 1474
f 1473 1474 1475
f 1475 1474 1476
f 1475 1476 1477
f 1477 1476 1478
f 1477 1478 1479
f 1460 1471 1461
f 1461 1471 1470
f 1480 1478 1476
f 1469 1481 1467
f 1467 1481 1465
f 1476 1474 1480
f 1480 1474 1472
f 1480 1472 1482
f 1482 1472 1471
f 1482 1471 1483
f 1484 1485 1460
f 1460 1485 1486
f 1460 1486 1471
f 1471 1486 1487
f 1471 1487 1483
f 1488 1484 1489
f 1489 1484 1460
f 1489 1460 1481
f 1481 1460 1463
f 1481 1463 1465
f 1481 1490 1491
f 1481 1491 1489
f 1489 1491 1492
f 1489 1492 1488
f 1488 1492 1493
f 1488 1493 1484
f 1484 1493 1494
f 1484 1494 1485
f 1495 1486 1496
f 1496 1486 1485
f 1496 1485 1494
f 1486 1495 1497
f 1486 1497 1487
f 1487 1497 1498
f 1487 1498 1483
f 1483 1498 1499
f 1483 1499 1482
f 1482 1499 1500
f 1482 1500 1480
f 1501 1502 1503
f 1406 1405 1450
f 1450 1504 1406
f 1406 1504 1505
f 1406 1505 1440
f 1440 1505 1506
f 1440 1506 1423
f 1423 1506 1507
f 1423 1507 1424
f 1480 1500 1478
f 1478 1500 1450
f 1478 1450 1479
f 1479 1450 1508
f 1503 1509 1501
f 1501 1509 1510
f 1501 1510 1500
f 1500 1510 1511
f 1500 1511 1450
f 1450 1511 1512
f 1450 1512 1504
f 1503 1502 1513
f 1503 1513 1514
f 1514 1513 1515
f 1514 1515 1516
f 1516 1515 1517
f 1516 1517 1518
f 1518 1517 1519
f 1518 1519 1520
f 1520 1519 1521
f 1520 1521 1522
f 1522 1521 1523
f 1523 1521 1524
f 1523 1524 1525
f 1525 1524 1526
f 919 920 1527
f 983 984 1528
f 980 981 1529
f 1528 984 1527
f 1527 984 985
f 1527 985 986
f 986 987 1527
f 1527 987 974
f 1527 974 1524
f 1529 981 1528
f 1528 981 982
f 1528 982 983
f 974 975 1524
f 1524 975 976
f 1524 976 1526
f 1526 976 977
f 1526 977 1530
f 1530 977 978
f 1530 978 1531
f 1531 978 979
f 1531 979 1532
f 1532 979 980
f 1532 980 1533
f 1533 980 1529
f 1491 1490 1528
f 1496 1113 1114
f 1103 1527 1102
f 1102 1527 1496
f 1102 1496 1115
f 1115 1496 1114
f 1113 1496 1112
f 1112 1496 1494
f 1112 1494 1111
f 1107 1108 1528
f 1528 1108 1109
f 1528 1109 1491
f 1491 1109 1110
f 1491 1110 1492
f 1492 1110 1111
f 1492 1111 1493
f 1493 1111 1494
f 1103 1104 1527
f 1527 1104 1105
f 1527 1105 1528
f 1528 1105 1106
f 1528 1106 1107
f 1498 1048 1049
f 837 1040 1041
f 1044 1045 1496
f 853 851 1527
f 1501 857 855
f 1041 1042 837
f 837 1042 1043
f 837 1043 839
f 839 1043 1044
f 839 1044 841
f 841 1044 1496
f 841 1496 843
f 853 1527 855
f 1045 1046 1496
f 1496 1046 1047
f 1496 1047 1495
f 1495 1047 1048
f 1495 1048 1497
f 1497 1048 1498
f 1501 1500 1499
f 1049 1050 1498
f 1498 1050 1051
f 1498 1051 1499
f 1499 1051 1038
f 1499 1038 1501
f 1501 1038 1039
f 1501 1039 1040
f 837 835 1040
f 1040 835 833
f 1040 833 1501
f 1501 833 859
f 1501 859 857
f 851 849 1527
f 1527 849 847
f 1527 847 1496
f 1496 847 845
f 1496 845 843
f 855 1527 1501
f 1501 1527 920
f 1501 920 921
f 915 916 1524
f 1524 916 917
f 1524 917 1527
f 1527 917 918
f 1527 918 919
f 921 922 1501
f 1501 922 923
f 1501 923 1502
f 1502 923 910
f 1502 910 1513
f 1513 910 911
f 1513 911 1515
f 1515 911 912
f 915 1524 914
f 914 1524 1521
f 914 1521 913
f 913 1521 1519
f 913 1519 912
f 912 1519 1517
f 912 1517 1515
f 1525 1526 1530
f 1525 1530 1534
f 1534 1530 1531
f 1534 1531 1535
f 1535 1531 1532
f 1535 1532 1536
f 1536 1532 1533
f 1536 1533 1537
f 1537 1533 1529
f 1537 1529 1538
f 736 735 1539
f 1540 1507 1506
f 1525 1534 1541
f 949 947 1542
f 1542 947 1543
f 1543 947 945
f 1543 945 1538
f 1538 945 943
f 1538 943 1537
f 1537 943 941
f 1537 941 1536
f 1536 941 939
f 1536 939 1535
f 1535 939 937
f 1535 937 1534
f 937 935 1534
f 1534 935 933
f 1534 933 1541
f 1541 933 931
f 1541 931 929
f 957 955 1544
f 1544 955 953
f 1544 953 1542
f 1542 953 951
f 1542 951 949
f 929 927 1541
f 1541 927 925
f 1541 925 1544
f 1544 925 959
f 1544 959 957
f 1520 1522 1541
f 1541 1522 1523
f 1541 1523 1525
f 895 893 1545
f 1545 893 891
f 1545 891 889
f 887 885 1544
f 877 875 1541
f 885 883 1544
f 1544 883 881
f 1544 881 1541
f 1541 881 879
f 1541 879 877
f 875 873 1541
f 1541 873 871
f 1541 871 1520
f 1520 871 869
f 1520 869 1518
f 869 867 1518
f 1518 867 865
f 1518 865 1516
f 1516 865 863
f 895 1509 861
f 861 1509 1503
f 861 1503 863
f 863 1503 1514
f 863 1514 1516
f 1166 1168 1546
f 1546 1168 1540
f 1540 1168 1170
f 1540 1170 1172
f 1172 1174 1540
f 1540 1174 1176
f 1540 1176 1507
f 1507 1176 1178
f 1507 1178 1424
f 1424 1178 1144
f 1424 1144 1422
f 1422 1144 1146
f 1422 1146 1420
f 1420 1146 1148
f 1420 1148 1418
f 1418 1148 1150
f 1418 1150 1416
f 1416 1150 1152
f 1416 1152 1413
f 1413 1152 1154
f 1413 1154 1437
f 1437 1154 1156
f 1437 1156 1158
f 1158 1160 1437
f 1437 1160 1162
f 1437 1162 1546
f 1546 1162 1164
f 1546 1164 1166
f 1432 1434 1218
f 1238 1240 1546
f 1230 1232 1547
f 1547 1232 1234
f 1547 1234 1546
f 1546 1234 1236
f 1546 1236 1238
f 1218 1434 1216
f 1216 1434 1436
f 1216 1436 1214
f 1214 1436 1437
f 1214 1437 1212
f 1240 1242 1546
f 1546 1242 1208
f 1546 1208 1437
f 1437 1208 1210
f 1437 1210 1212
f 1218 1220 1432
f 1432 1220 1222
f 1432 1222 1430
f 1430 1222 1224
f 1230 1547 1228
f 1228 1547 1548
f 1228 1548 1226
f 1226 1548 1425
f 1226 1425 1224
f 1224 1425 1428
f 1224 1428 1430
f 1075 1073 1549
f 1549 1073 1071
f 1549 1071 1550
f 1550 1071 1069
f 1550 1069 1551
f 1551 1069 1067
f 1552 1059 1057
f 1085 1083 1553
f 1553 1083 1081
f 1081 1079 1539
f 1539 1079 1077
f 1539 1077 1075
f 1067 1065 1551
f 1551 1065 1063
f 1551 1063 1552
f 1552 1063 1061
f 1552 1061 1059
f 1057 1055 1552
f 1552 1055 1053
f 1552 1053 1553
f 1553 1053 1087
f 1553 1087 1085
f 1023 1021 1554
f 1554 1021 1019
f 1019 1017 1554
f 1554 1017 1015
f 1554 1015 1553
f 1553 1015 1013
f 1001 1552 1003
f 1003 1552 1005
f 999 997 1555
f 1555 997 995
f 1555 995 993
f 1013 1011 1553
f 1553 1011 1009
f 1553 1009 1552
f 1552 1009 1007
f 1552 1007 1005
f 1023 1511 989
f 989 1511 1510
f 989 1510 991
f 1358 1360 1556
f 1556 1360 1362
f 1556 1362 1557
f 1362 1364 1557
f 1557 1364 1366
f 1557 1366 1368
f 1340 1342 1558
f 1558 1342 1344
f 1558 1344 1559
f 1559 1344 1346
f 1368 1370 1557
f 1557 1370 1336
f 1557 1336 1558
f 1558 1336 1338
f 1558 1338 1340
f 1346 1348 1559
f 1559 1348 1350
f 1559 1350 1560
f 1356 1561 1354
f 1354 1561 1560
f 1354 1560 1352
f 1352 1560 1350
f 1506 1505 1272
f 1272 1505 1306
f 1274 1276 1562
f 1562 1276 1278
f 1278 1280 1562
f 1562 1280 1282
f 1562 1282 1558
f 1558 1282 1284
f 1558 1284 1286
f 1557 1294 1296
f 1298 1300 1563
f 1563 1300 1302
f 1563 1302 1304
f 1286 1288 1558
f 1558 1288 1290
f 1558 1290 1557
f 1557 1290 1292
f 1557 1292 1294
f 1564 695 694
f 1564 694 1565
f 694 715 1565
f 1565 715 714
f 1565 714 713
f 713 712 1565
f 1565 712 711
f 1565 711 1566
f 1566 711 710
f 710 709 1566
f 1566 709 708
f 1566 708 707
f 707 706 1566
f 1566 706 705
f 1566 705 1567
f 705 704 1567
f 1567 704 703
f 1567 703 1568
f 1568 703 702
f 702 701 1568
f 1568 701 700
f 1568 700 1569
f 1569 700 699
f 699 698 1569
f 1569 698 697
f 1569 697 1564
f 1564 697 696
f 1564 696 695
f 1023 1554 1511
f 1511 1554 1565
f 1511 1565 1512
f 1512 1565 1566
f 1512 1566 1504
f 1504 1566 1563
f 1504 1563 1505
f 1505 1563 1304
f 1505 1304 1306
f 895 1545 1509
f 1509 1545 1555
f 1509 1555 1510
f 1510 1555 993
f 1510 993 991
f 1558 1125 1123
f 1119 1117 1562
f 1558 1123 1562
f 1562 1123 1121
f 1562 1121 1119
f 1272 1274 1506
f 1506 1274 1562
f 1506 1562 1540
f 1540 1562 1117
f 1117 1143 1540
f 1540 1143 1141
f 1540 1141 1546
f 1546 1141 1139
f 1139 1137 1546
f 1546 1137 1135
f 1546 1135 1133
f 1131 1129 1558
f 1558 1129 1127
f 1558 1127 1125
f 830 829 1563
f 820 819 1566
f 1566 819 818
f 1566 818 1563
f 1563 818 831
f 1563 831 830
f 824 823 1567
f 1567 823 822
f 1567 822 1566
f 1566 822 821
f 1566 821 820
f 1296 1298 1557
f 1557 1298 1563
f 1557 1563 828
f 828 1563 829
f 828 827 1557
f 1557 827 826
f 1557 826 1567
f 1567 826 825
f 1567 825 824
f 766 765 1553
f 1553 765 764
f 1553 764 1554
f 1554 764 763
f 1554 763 762
f 762 761 1554
f 1554 761 760
f 1554 760 1565
f 1565 760 773
f 1565 773 772
f 766 1553 767
f 767 1553 1564
f 767 1564 768
f 772 771 1565
f 1565 771 770
f 1565 770 1564
f 1564 770 769
f 1564 769 768
f 834 836 1555
f 852 854 1544
f 1544 854 1545
f 1544 1545 887
f 887 1545 889
f 846 848 1544
f 1544 848 850
f 1544 850 852
f 854 856 1545
f 1545 856 858
f 1545 858 1555
f 1555 858 832
f 1555 832 834
f 836 838 1555
f 1555 838 1552
f 1555 1552 999
f 999 1552 1001
f 838 840 1552
f 1552 840 842
f 1552 842 844
f 794 793 1568
f 1568 793 792
f 1568 792 1567
f 1567 792 791
f 798 797 1556
f 1556 797 796
f 1556 796 1568
f 1568 796 795
f 1568 795 794
f 791 790 1567
f 1567 790 789
f 1567 789 1557
f 1557 789 802
f 802 801 1557
f 1557 801 800
f 1557 800 1556
f 1556 800 799
f 1556 799 798
f 1081 1539 1553
f 1553 1539 735
f 1553 735 734
f 740 739 1569
f 1569 739 738
f 1569 738 1539
f 1539 738 737
f 1539 737 736
f 734 733 1553
f 1553 733 732
f 1553 732 1564
f 1564 732 731
f 1564 731 744
f 744 743 1564
f 1564 743 742
f 1564 742 1569
f 1569 742 741
f 1569 741 740
f 1133 1131 1546
f 1546 1131 1558
f 1546 1558 1547
f 1547 1558 1559
f 1547 1559 1548
f 1548 1559 1560
f 1075 1549 1539
f 1539 1549 1570
f 1539 1570 1569
f 1569 1570 1571
f 1569 1571 1568
f 1568 1571 1561
f 1568 1561 1556
f 1556 1561 1356
f 1556 1356 1358
f 844 846 1552
f 1552 846 1544
f 1552 1544 1551
f 1551 1544 1542
f 1551 1542 1550
f 1550 1542 1543
f 1490 1481 1469
f 1538 1529 1543
f 1543 1529 1528
f 1543 1528 1550
f 1550 1528 1549
f 1549 1528 1490
f 1549 1490 1570
f 1570 1490 1469
f 1570 1469 1571
f 1449 1442 1453
f 1453 1442 1469
f 1453 1469 1572
f 1572 1469 1468
f 1571 1469 1561
f 1561 1469 1442
f 1561 1442 1560
f 1560 1442 1439
f 1560 1439 1548
f 1548 1439 1426
f 1548 1426 1425
f 1573 1457 1456
f 1573 1456 1574
f 1574 1456 1455
f 1574 1455 1575
f 1575 1455 1454
f 1575 1454 1576
f 1576 1454 1453
f 1576 1453 1572
f 1573 1577 1457
f 1457 1577 1458
f 1458 1577 1578
f 1458 1578 1459
f 1459 1578 1579
f 1459 1579 1452
f 1452 1579 1580
f 1452 1580 1451
f 1451 1580 1508
f 1451 1508 1450
f 627 1461 625
f 625 1461 1470
f 639 641 1573
f 1479 1508 613
f 1572 1468 633
f 607 1577 604
f 604 1577 1573
f 604 1573 643
f 643 1573 641
f 633 1468 631
f 631 1468 1466
f 631 1466 1464
f 613 1508 611
f 611 1508 1580
f 611 1580 1579
f 619 621 1470
f 1470 621 623
f 1470 623 625
f 627 629 1461
f 1461 629 631
f 1461 631 1462
f 1462 631 1464
f 607 609 1577
f 1577 609 611
f 1577 611 1578
f 1578 611 1579
f 1473 1475 1477
f 639 1573 637
f 637 1573 1574
f 637 1574 1575
f 633 635 1572
f 1572 635 637
f 1572 637 1576
f 1576 637 1575
f 1470 1473 619
f 619 1473 1477
f 619 1477 617
f 617 1477 1479
f 617 1479 615
f 615 1479 613
f 1581 1582 1583
f 1584 1585 1586
f 1587 1588 1589
f 1589 1590 1587
f 1587 1590 1591
f 1587 1591 1592
f 1591 1593 1592
f 1592 1593 1594
f 1592 1594 1595
f 1596 1597 1598
f 1598 1599 1596
f 1596 1599 1600
f 1596 1600 1601
f 1602 1603 1582
f 1582 1603 1604
f 1582 1604 1583
f 1594 1605 1595
f 1595 1605 1606
f 1595 1606 1607
f 1607 1606 1608
f 1607 1608 1609
f 1583 1610 1581
f 1581 1610 1611
f 1581 1611 1612
f 1611 1613 1612
f 1612 1613 1614
f 1612 1614 1615
f 1586 1616 1584
f 1584 1616 1617
f 1584 1617 1618
f 1617 1619 1618
f 1618 1619 1620
f 1618 1620 1621
f 1620 1622 1621
f 1621 1622 1623
f 1621 1623 1624
f 1625 1626 1597
f 1597 1626 1627
f 1597 1627 1598
f 1600 1628 1601
f 1601 1628 665
f 1601 665 1602
f 1602 665 1629
f 1602 1629 1603
f 1608 1630 1609
f 1609 1630 1631
f 1609 1631 1625
f 1625 1631 1632
f 1625 1632 1626
f 1614 1633 1615
f 1615 1633 1634
f 1615 1634 1635
f 1636 1637 1638
f 1639 1640 1641
f 1641 1642 1639
f 1639 1642 1643
f 1639 1643 1644
f 1645 1646 1585
f 1585 1646 1647
f 1585 1647 1586
f 1648 1649 1588
f 1588 1649 1650
f 1588 1650 1589
f 1651 1652 1637
f 1637 1652 1653
f 1637 1653 1638
f 1638 1654 1636
f 1636 1654 1655
f 1636 1655 1656
f 1656 1655 1657
f 1656 1657 1658
f 1623 1659 1624
f 1624 1659 1660
f 1624 1660 1661
f 1661 1660 1662
f 1661 1662 1648
f 1648 1662 1663
f 1648 1663 1649
f 1664 1665 1640
f 1640 1665 1666
f 1640 1666 1641
f 1643 1667 1644
f 1644 1667 658
f 1644 658 1645
f 1645 658 1668
f 1645 1668 1646
f 1669 1670 1671
f 1671 1672 1669
f 1669 1672 1673
f 1669 1673 1651
f 1651 1673 1674
f 1651 1674 1652
f 1657 1675 1658
f 1658 1675 1676
f 1658 1676 1664
f 1664 1676 1677
f 1664 1677 1665
f 1634 1678 1635
f 1635 1678 1679
f 1635 1679 1680
f 1680 1679 1681
f 1680 1681 1670
f 1670 1681 1682
f 1670 1682 1671
f 1644 1683 1639
f 1639 1683 1684
f 1639 1684 1640
f 1640 1684 1685
f 1640 1685 1664
f 1664 1685 1686
f 1664 1686 1658
f 1658 1686 1687
f 1658 1687 1656
f 1656 1687 1688
f 1656 1688 1636
f 1636 1688 1689
f 1636 1689 1637
f 1637 1689 1690
f 1637 1690 1651
f 1651 1690 1691
f 1651 1691 1669
f 1669 1691 1692
f 1669 1692 1670
f 1670 1692 1693
f 1670 1693 1680
f 1680 1693 1694
f 1680 1694 1635
f 1635 1694 1695
f 1635 1695 1615
f 1615 1695 1696
f 1615 1696 1612
f 1612 1696 1697
f 1612 1697 1581
f 1581 1697 1698
f 1581 1698 1582
f 1582 1698 1699
f 1582 1699 1602
f 1602 1699 1700
f 1602 1700 1601
f 1601 1700 1701
f 1601 1701 1596
f 1596 1701 1702
f 1596 1702 1597
f 1597 1702 1703
f 1597 1703 1625
f 1625 1703 1704
f 1625 1704 1609
f 1609 1704 1705
f 1609 1705 1607
f 1607 1705 1706
f 1607 1706 1595
f 1595 1706 1707
f 1595 1707 1592
f 1592 1707 1708
f 1592 1708 1587
f 1587 1708 1709
f 1587 1709 1588
f 1588 1709 1710
f 1588 1710 1648
f 1648 1710 1711
f 1648 1711 1661
f 1661 1711 1712
f 1661 1712 1624
f 1624 1712 1713
f 1624 1713 1621
f 1621 1713 1714
f 1621 1714 1618
f 1618 1714 1715
f 1618 1715 1584
f 1584 1715 1716
f 1584 1716 1585
f 1585 1716 1717
f 1585 1717 1645
f 1645 1717 1718
f 1645 1718 1644
f 1644 1718 1683
f 1719 1720 1721
f 1722 1723 1724
f 1725 1726 1727
f 1728 1729 1730
f 1731 1732 1733
f 1721 1734 1719
f 1719 1734 1735
f 1719 1735 1736
f 1737 1738 1739
f 1740 1741 1729
f 1729 1741 1742
f 1729 1742 1730
f 1724 1743 1722
f 1722 1743 1744
f 1722 1744 1745
f 1735 1746 1736
f 1736 1746 1747
f 1736 1747 1726
f 1726 1747 1748
f 1726 1748 1727
f 1727 1749 1725
f 1725 1749 1750
f 1725 1750 1738
f 1738 1750 1751
f 1738 1751 1739
f 1730 1752 1728
f 1728 1752 1753
f 1728 1753 1754
f 1753 1755 1754
f 1754 1755 1756
f 1754 1756 1757
f 1757 1756 1758
f 1757 1758 1759
f 1760 1761 1723
f 1723 1761 1762
f 1723 1762 1724
f 1744 1763 1745
f 1745 1763 1764
f 1745 1764 1732
f 1732 1764 1765
f 1732 1765 1733
f 1766 1767 1768
f 1739 1769 1737
f 1737 1769 1770
f 1737 1770 1771
f 1770 1772 1771
f 1771 1772 1773
f 1771 1773 1774
f 1774 1773 1775
f 1774 1775 1776
f 1775 1777 1776
f 1776 1777 1778
f 1776 1778 1740
f 1740 1778 1779
f 1740 1779 1741
f 1758 1780 1759
f 1759 1780 1781
f 1759 1781 1782
f 1781 1783 1782
f 1782 1783 1784
f 1782 1784 1760
f 1760 1784 1785
f 1760 1785 1761
f 1733 1786 1731
f 1731 1786 1787
f 1731 1787 1767
f 1767 1787 1788
f 1767 1788 1768
f 1768 1789 1766
f 1766 1789 1790
f 1766 1790 1791
f 1792 1793 1794
f 1790 1795 1791
f 1791 1795 1796
f 1791 1796 1797
f 1797 1796 1798
f 1797 1798 1799
f 1800 1801 1802
f 1802 1801 1803
f 1802 1803 1804
f 1805 1806 1720
f 1720 1806 1807
f 1720 1807 1721
f 1808 1809 1793
f 1793 1809 1810
f 1793 1810 1794
f 1794 1811 1792
f 1792 1811 1812
f 1792 1812 1800
f 1800 1812 1813
f 1800 1813 1801
f 1803 1814 1804
f 1804 1814 1815
f 1804 1815 1816
f 1815 1817 1816
f 1816 1817 1818
f 1816 1818 1805
f 1805 1818 1819
f 1805 1819 1806
f 1798 1820 1799
f 1799 1820 1821
f 1799 1821 1808
f 1808 1821 1822
f 1808 1822 1809
f 1722 1823 1723
f 1723 1823 1824
f 1723 1824 1760
f 1760 1824 1825
f 1760 1825 1782
f 1782 1825 1826
f 1782 1826 1759
f 1759 1826 1827
f 1759 1827 1757
f 1757 1827 1828
f 1757 1828 1754
f 1754 1828 1829
f 1754 1829 1728
f 1728 1829 1830
f 1728 1830 1729
f 1729 1830 1831
f 1729 1831 1740
f 1740 1831 1832
f 1740 1832 1776
f 1776 1832 1833
f 1776 1833 1774
f 1774 1833 1834
f 1774 1834 1771
f 1771 1834 1835
f 1771 1835 1737
f 1737 1835 1836
f 1737 1836 1738
f 1738 1836 1837
f 1738 1837 1725
f 1725 1837 1838
f 1725 1838 1726
f 1726 1838 1839
f 1726 1839 1736
f 1736 1839 1840
f 1736 1840 1719
f 1719 1840 1841
f 1719 1841 1720
f 1720 1841 1842
f 1720 1842 1805
f 1805 1842 1843
f 1805 1843 1816
f 1816 1843 1844
f 1816 1844 1804
f 1804 1844 1845
f 1804 1845 1802
f 1802 1845 1846
f 1802 1846 1800
f 1800 1846 1847
f 1800 1847 1792
f 1792 1847 1848
f 1792 1848 1793
f 1793 1848 1849
f 1793 1849 1808
f 1808 1849 1850
f 1808 1850 1799
f 1799 1850 1851
f 1799 1851 1797
f 1797 1851 1852
f 1797 1852 1791
f 1791 1852 1853
f 1791 1853 1766
f 1766 1853 1854
f 1766 1854 1767
f 1767 1854 1855
f 1767 1855 1731
f 1731 1855 1856
f 1731 1856 1732
f 1732 1856 1857
f 1732 1857 1745
f 1745 1857 1858
f 1745 1858 1722
f 1722 1858 1823
f 1859 1860 1861
f 1862 1863 1864
f 1865 1866 1867
f 1868 1869 1870
f 1871 1872 1873
f 1861 1874 1859
f 1859 1874 1875
f 1859 1875 1876
f 1877 1878 1879
f 1880 1881 1869
f 1869 1881 1882
f 1869 1882 1870
f 1864 1883 1862
f 1862 1883 1884
f 1862 1884 1885
f 1875 1886 1876
f 1876 1886 1887
f 1876 1887 1866
f 1866 1887 1888
f 1866 1888 1867
f 1867 1889 1865
f 1865 1889 1890
f 1865 1890 1878
f 1878 1890 1891
f 1878 1891 1879
f 1870 1892 1868
f 1868 1892 1893
f 1868 1893 1894
f 1893 1895 1894
f 1894 1895 1896
f 1894 1896 1897
f 1897 1896 1898
f 1897 1898 1899
f 1900 1901 1863
f 1863 1901 1902
f 1863 1902 1864
f 1884 1903 1885
f 1885 1903 1904
f 1885 1904 1872
f 1872 1904 1905
f 1872 1905 1873
f 1906 1907 1908
f 1879 1909 1877
f 1877 1909 1910
f 1877 1910 1911
f 1910 1912 1911
f 1911 1912 1913
f 1911 1913 1914
f 1914 1913 1915
f 1914 1915 1916
f 1915 1917 1916
f 1916 1917 1918
f 1916 1918 1880
f 1880 1918 1919
f 1880 1919 1881
f 1898 1920 1899
f 1899 1920 1921
f 1899 1921 1922
f 1921 1923 1922
f 1922 1923 1924
f 1922 1924 1900
f 1900 1924 1925
f 1900 1925 1901
f 1873 1926 1871
f 1871 1926 1927
f 1871 1927 1907
f 1907 1927 1928
f 1907 1928 1908
f 1908 1929 1906
f 1906 1929 1930
f 1906 1930 1931
f 1932 1933 1934
f 1930 1935 1931
f 1931 1935 1936
f 1931 1936 1937
f 1937 1936 1938
f 1937 1938 1939
f 1940 1941 1942
f 1942 1941 1943
f 1942 1943 1944
f 1945 1946 1860
f 1860 1946 1947
f 1860 1947 1861
f 1948 1949 1933
f 1933 1949 1950
f 1933 1950 1934
f 1934 1951 1932
f 1932 1951 1952
f 1932 1952 1940
f 1940 1952 1953
f 1940 1953 1941
f 1943 1954 1944
f 1944 1954 1955
f 1944 1955 1956
f 1955 1957 1956
f 1956 1957 1958
f 1956 1958 1945
f 1945 1958 1959
f 1945 1959 1946
f 1938 1960 1939
f 1939 1960 1961
f 1939 1961 1948
f 1948 1961 1962
f 1948 1962 1949
f 1862 1963 1863
f 1863 1963 1964
f 1863 1964 1900
f 1900 1964 1965
f 1900 1965 1922
f 1922 1965 1966
f 1922 1966 1899
f 1899 1966 1967
f 1899 1967 1897
f 1897 1967 1968
f 1897 1968 1894
f 1894 1968 1969
f 1894 1969 1868
f 1868 1969 1970
f 1868 1970 1869
f 1869 1970 1971
f 1869 1971 1880
f 1880 1971 1972
f 1880 1972 1916
f 1916 1972 1973
f 1916 1973 1914
f 1914 1973 1974
f 1914 1974 1911
f 1911 1974 1975
f 1911 1975 1877
f 1877 1975 1976
f 1877 1976 1878
f 1878 1976 1977
f 1878 1977 1865
f 1865 1977 1978
f 1865 1978 1866
f 1866 1978 1979
f 1866 1979 1876
f 1876 1979 1980
f 1876 1980 1859
f 1859 1980 1981
f 1859 1981 1860
f 1860 1981 1982
f 1860 1982 1945
f 1945 1982 1983
f 1945 1983 1956
f 1956 1983 1984
f 1956 1984 1944
f 1944 1984 1985
f 1944 1985 1942
f 1942 1985 1986
f 1942 1986 1940
f 1940 1986 1987
f 1940 1987 1932
f 1932 1987 1988
f 1932 1988 1933
f 1933 1988 1989
f 1933 1989 1948
f 1948 1989 1990
f 1948 1990 1939
f 1939 1990 1991
f 1939 1991 1937
f 1937 1991 1992
f 1937 1992 1931
f 1931 1992 1993
f 1931 1993 1906
f 1906 1993 1994
f 1906 1994 1907
f 1907 1994 1995
f 1907 1995 1871
f 1871 1995 1996
f 1871 1996 1872
f 1872 1996 1997
f 1872 1997 1885
f 1885 1997 1998
f 1885 1998 1862
f 1862 1998 1963
f 1999 2000 2001
f 2002 2003 2004
f 2005 2006 2007
f 2008 2009 2010
f 2011 2012 2013
f 2001 2014 1999
f 1999 2014 2015
f 1999 2015 2016
f 2017 2018 2019
f 2020 2021 2009
f 2009 2021 2022
f 2009 2022 2010
f 2004 2023 2002
f 2002 2023 2024
f 2002 2024 2025
f 2015 2026 2016
f 2016 2026 2027
f 2016 2027 2006
f 2006 2027 2028
f 2006 2028 2007
f 2007 2029 2005
f 2005 2029 2030
f 2005 2030 2018
f 2018 2030 2031
f 2018 2031 2019
f 2010 2032 2008
f 2008 2032 2033
f 2008 2033 2034
f 2033 2035 2034
f 2034 2035 2036
f 2034 2036 2037
f 2037 2036 2038
f 2037 2038 2039
f 2040 2041 2003
f 2003 2041 2042
f 2003 2042 2004
f 2024 2043 2025
f 2025 2043 2044
f 2025 2044 2012
f 2012 2044 2045
f 2012 2045 2013
f 2046 2047 2048
f 2019 2049 2017
f 2017 2049 2050
f 2017 2050 2051
f 2050 2052 2051
f 2051 2052 2053
f 2051 2053 2054
f 2054 2053 2055
f 2054 2055 2056
f 2055 2057 2056
f 2056 2057 2058
f 2056 2058 2020
f 2020 2058 2059
f 2020 2059 2021
f 2038 2060 2039
f 2039 2060 2061
f 2039 2061 2062
f 2061 2063 2062
f 2062 2063 2064
f 2062 2064 2040
f 2040 2064 2065
f 2040 2065 2041
f 2013 2066 2011
f 2011 2066 2067
f 2011 2067 2047
f 2047 2067 2068
f 2047 2068 2048
f 2048 2069 2046
f 2046 2069 2070
f 2046 2070 2071
f 2072 2073 2074
f 2070 2075 2071
f 2071 2075 2076
f 2071 2076 2077
f 2077 2076 2078
f 2077 2078 2079
f 2080 2081 2082
f 2082 2081 2083
f 2082 2083 2084
f 2085 2086 2000
f 2000 2086 2087
f 2000 2087 2001
f 2088 2089 2073
f 2073 2089 2090
f 2073 2090 2074
f 2074 2091 2072
f 2072 2091 2092
f 2072 2092 2080
f 2080 2092 2093
f 2080 2093 2081
f 2083 2094 2084
f 2084 2094 2095
f 2084 2095 2096
f 2095 2097 2096
f 2096 2097 2098
f 2096 2098 2085
f 2085 2098 2099
f 2085 2099 2086
f 2078 2100 2079
f 2079 2100 2101
f 2079 2101 2088
f 2088 2101 2102
f 2088 2102 2089
f 2002 2103 2003
f 2003 2103 2104
f 2003 2104 2040
f 2040 2104 2105
f 2040 2105 2062
f 2062 2105 2106
f 2062 2106 2039
f 2039 2106 2107
f 2039 2107 2037
f 2037 2107 2108
f 2037 2108 2034
f 2034 2108 2109
f 2034 2109 2008
f 2008 2109 2110
f 2008 2110 2009
f 2009 2110 2111
f 2009 2111 2020
f 2020 2111 2112
f 2020 2112 2056
f 2056 2112 2113
f 2056 2113 2054
f 2054 2113 2114
f 2054 2114 2051
f 2051 2114 2115
f 2051 2115 2017
f 2017 2115 2116
f 2017 2116 2018
f 2018 2116 2117
f 2018 2117 2005
f 2005 2117 2118
f 2005 2118 2006
f 2006 2118 2119
f 2006 2119 2016
f 2016 2119 2120
f 2016 2120 1999
f 1999 2120 2121
f 1999 2121 2000
f 2000 2121 2122
f 2000 2122 2085
f 2085 2122 2123
f 2085 2123 2096
f 2096 2123 2124
f 2096 2124 2084
f 2084 2124 2125
f 2084 2125 2082
f 2082 2125 2126
f 2082 2126 2080
f 2080 2126 2127
f 2080 2127 2072
f 2072 2127 2128
f 2072 2128 2073
f 2073 2128 2129
f 2073 2129 2088
f 2088 2129 2130
f 2088 2130 2079
f 2079 2130 2131
f 2079 2131 2077
f 2077 2131 2132
f 2077 2132 2071
f 2071 2132 2133
f 2071 2133 2046
f 2046 2133 2134
f 2046 2134 2047
f 2047 2134 2135
f 2047 2135 2011
f 2011 2135 2136
f 2011 2136 2012
f 2012 2136 2137
f 2012 2137 2025
f 2025 2137 2138
f 2025 2138 2002
f 2002 2138 2103
f 2139 2140 2141
f 2142 2143 2144
f 2145 2146 2147
f 2148 2149 2150
f 2151 2152 2153
f 2141 2154 2139
f 2139 2154 2155
f 2139 2155 2156
f 2157 2158 2159
f 2160 2161 2149
f 2149 2161 2162
f 2149 2162 2150
f 2144 2163 2142
f 2142 2163 2164
f 2142 2164 2165
f 2155 2166 2156
f 2156 2166 2167
f 2156 2167 2146
f 2146 2167 2168
f 2146 2168 2147
f 2147 2169 2145
f 2145 2169 2170
f 2145 2170 2158
f 2158 2170 2171
f 2158 2171 2159
f 2150 2172 2148
f 2148 2172 2173
f 2148 2173 2174
f 2173 2175 2174
f 2174 2175 2176
f 2174 2176 2177
f 2177 2176 2178
f 2177 2178 2179
f 2180 2181 2143
f 2143 2181 2182
f 2143 2182 2144
f 2164 2183 2165
f 2165 2183 2184
f 2165 2184 2152
f 2152 2184 2185
f 2152 2185 2153
f 2186 2187 2188
f 2159 2189 2157
f 2157 2189 2190
f 2157 2190 2191
f 2190 2192 2191
f 2191 2192 2193
f 2191 2193 2194
f 2194 2193 2195
f 2194 2195 2196
f 2195 2197 2196
f 2196 2197 2198
f 2196 2198 2160
f 2160 2198 2199
f 2160 2199 2161
f 2178 2200 2179
f 2179 2200 2201
f 2179 2201 2202
f 2201 2203 2202
f 2202 2203 2204
f 2202 2204 2180
f 2180 2204 2205
f 2180 2205 2181
f 2153 2206 2151
f 2151 2206 2207
f 2151 2207 2187
f 2187 2207 2208
f 2187 2208 2188
f 2188 2209 2186
f 2186 2209 2210
f 2186 2210 2211
f 2212 2213 2214
f 2210 2215 2211
f 2211 2215 2216
f 2211 2216 2217
f 2217 2216 2218
f 2217 2218 2219
f 2220 2221 2222
f 2222 2221 2223
f 2222 2223 2224
f 2225 2226 2140
f 2140 2226 2227
f 2140 2227 2141
f 2228 2229 2213
f 2213 2229 2230
f 2213 2230 2214
f 2214 2231 2212
f 2212 2231 2232
f 2212 2232 2220
f 2220 2232 2233
f 2220 2233 2221
f 2223 2234 2224
f 2224 2234 2235
f 2224 2235 2236
f 2235 2237 2236
f 2236 2237 2238
f 2236 2238 2225
f 2225 2238 2239
f 2225 2239 2226
f 2218 2240 2219
f 2219 2240 2241
f 2219 2241 2228
f 2228 2241 2242
f 2228 2242 2229
f 2142 2243 2143
f 2143 2243 2244
f 2143 2244 2180
f 2180 2244 2245
f 2180 2245 2202
f 2202 2245 2246
f 2202 2246 2179
f 2179 2246 2247
f 2179 2247 2177
f 2177 2247 2248
f 2177 2248 2174
f 2174 2248 2249
f 2174 2249 2148
f 2148 2249 2250
f 2148 2250 2149
f 2149 2250 2251
f 2149 2251 2160
f 2160 2251 2252
f 2160 2252 2196
f 2196 2252 2253
f 2196 2253 2194
f 2194 2253 2254
f 2194 2254 2191
f 2191 2254 2255
f 2191 2255 2157
f 2157 2255 2256
f 2157 2256 2158
f 2158 2256 2257
f 2158 2257 2145
f 2145 2257 2258
f 2145 2258 2146
f 2146 2258 2259
f 2146 2259 2156
f 2156 2259 2260
f 2156 2260 2139
f 2139 2260 2261
f 2139 2261 2140
f 2140 2261 2262
f 2140 2262 2225
f 2225 2262 2263
f 2225 2263 2236
f 2236 2263 2264
f 2236 2264 2224
f 2224 2264 2265
f 2224 2265 2222
f 2222 2265 2266
f 2222 2266 2220
f 2220 2266 2267
f 2220 2267 2212
f 2212 2267 2268
f 2212 2268 2213
f 2213 2268 2269
f 2213 2269 2228
f 2228 2269 2270
f 2228 2270 2219
f 2219 2270 2271
f 2219 2271 2217
f 2217 2271 2272
f 2217 2272 2211
f 2211 2272 2273
f 2211 2273 2186
f 2186 2273 2274
f 2186 2274 2187
f 2187 2274 2275
f 2187 2275 2151
f 2151 2275 2276
f 2151 2276 2152
f 2152 2276 2277
f 2152 2277 2165
f 2165 2277 2278
f 2165 2278 2142
f 2142 2278 2243
f 2279 2280 2281
f 2281 2280 2282
f 2281 2282 2283
f 2283 2282 2284
f 2283 2284 2285
f 2285 2284 2286
f 2285 2286 2287
f 2287 2286 2288
f 2287 2288 2289
f 2289 2288 2290
f 2289 2290 2291
f 2291 2290 2292
f 2291 2292 2293
f 2293 2292 2294
f 2293 2294 2295
f 2295 2294 2296
f 2295 2296 2297
f 2297 2296 2298
f 2297 2298 2299
f 2299 2298 2300
f 2299 2300 2301
f 2301 2300 2302
f 2301 2302 2303
f 2303 2302 2304
f 2303 2304 2305
f 2305 2304 2306
f 2305 2306 2307
f 2307 2306 2308
f 2307 2308 2309
f 2309 2308 2310
f 2309 2310 2311
f 2311 2310 2312
f 2311 2312 2313
f 2313 2312 2314
f 2313 2314 2315
f 2315 2314 2316
f 2315 2316 2317
f 2317 2316 2318
f 2317 2318 2319
f 2319 2318 2320
f 2319 2320 2321
f 2321 2320 2322
f 2321 2322 2323
f 2323 2322 2324
f 2323 2324 2325
f 2325 2324 2326
f 2325 2326 2327
f 2327 2326 2328
f 2327 2328 2329
f 2329 2328 2330
f 2329 2330 2331
f 2331 2330 2332
f 2331 2332 2333
f 2333 2332 2334
f 2333 2334 2335
f 2335 2334 2336
f 2335 2336 2337
f 2337 2336 2338
f 2337 2338 2339
f 2339 2338 2340
f 2339 2340 2341
f 2341 2340 2342
f 2341 2342 2343
f 2343 2342 2344
f 2343 2344 2345
f 2345 2344 2346
f 2345 2346 2347
f 2347 2346 2348
f 2347 2348 2349
f 2349 2348 2350
f 2349 2350 2279
f 2279 2350 2280
f 2351 2352 2353
f 2353 2352 2354
f 2353 2354 2355
f 2355 2354 2356
f 2355 2356 2357
f 2357 2356 2358
f 2357 2358 2359
f 2359 2358 2360
f 2359 2360 2361
f 2361 2360 2362
f 2361 2362 2363
f 2363 2362 2364
f 2363 2364 2365
f 2365 2364 2366
f 2365 2366 2367
f 2367 2366 2368
f 2367 2368 2369
f 2369 2368 2370
f 2369 2370 2371
f 2371 2370 2372
f 2371 2372 2373
f 2373 2372 2374
f 2373 2374 2375
f 2375 2374 2376
f 2375 2376 2377
f 2377 2376 2378
f 2377 2378 2379
f 2379 2378 2380
f 2379 2380 2381
f 2381 2380 2382
f 2381 2382 2383
f 2383 2382 2384
f 2383 2384 2385
f 2385 2384 2386
f 2385 2386 2387
f 2387 2386 2388
f 2387 2388 2389
f 2389 2388 2390
f 2389 2390 2391
f 2391 2390 2392
f 2391 2392 2393
f 2393 2392 2394
f 2393 2394 2395
f 2395 2394 2396
f 2395 2396 2397
f 2397 2396 2398
f 2397 2398 2399
f 2399 2398 2400
f 2399 2400 2401
f 2401 2400 2402
f 2401 2402 2403
f 2403 2402 2404
f 2403 2404 2405
f 2405 2404 2406
f 2405 2406 2407
f 2407 2406 2408
f 2407 2408 2409
f 2409 2408 2410
f 2409 2410 2411
f 2411 2410 2412
f 2411 2412 2413
f 2413 2412 2414
f 2413 2414 2415
f 2415 2414 2416
f 2415 2416 2417
f 2417 2416 2418
f 2417 2418 2419
f 2419 2418 2420
f 2419 2420 2421
f 2421 2420 2422
f 2421 2422 2351
f 2351 2422 2352
f 2423 2424 2425
f 2425 2424 2426
f 2423 2425 2427
f 2427 2425 2428
f 2427 2428 2429
f 2429 2428 2430
f 2429 2430 2431
f 2431 2430 2432
f 2427 2429 2423
f 2423 2429 2431
f 2423 2431 2424
f 2424 2431 2433
f 2433 2434 2424
f 2424 2434 2426
f 2435 2436 2437
f 2435 2438 2436
f 2436 2438 2439
f 2436 2439 2440
f 2437 2441 2435
f 2435 2441 2442
f 2435 2442 2443
f 2440 2444 2436
f 2436 2444 2445
f 2436 2445 2446
f 2443 2447 2435
f 2435 2447 2448
f 2435 2448 2449
f 2446 2450 2436
f 2436 2450 2451
f 2436 2451 2452
f 2453 2454 2455
f 2449 2456 2435
f 2435 2456 2453
f 2435 2453 2457
f 2457 2453 2455
f 2458 2459 2452
f 2452 2459 2460
f 2452 2460 2436
f 2458 2461 2462
f 2458 2462 2459
f 2459 2462 2463
f 2459 2463 2460
f 2460 2463 2464
f 2460 2464 2436
f 2436 2464 2465
f 2436 2465 2437
f 2437 2465 2466
f 2437 2466 2441
f 2441 2466 2467
f 2441 2467 2442
f 2442 2467 2468
f 2442 2468 2443
f 2443 2468 2469
f 2443 2469 2447
f 2447 2469 2470
f 2447 2470 2448
f 2448 2470 2471
f 2448 2471 2449
f 2449 2471 2472
f 2449 2472 2456
f 2456 2472 2473
f 2456 2473 2453
f 2453 2473 2474
f 2453 2474 2454
f 2454 2474 2475
f 2454 2475 2455
f 2455 2475 2476
f 2455 2476 2457
f 2457 2476 2477
f 2457 2477 2435
f 2435 2477 2478
f 2435 2478 2438
f 2438 2478 2479
f 2438 2479 2439
f 2439 2479 2480
f 2439 2480 2440
f 2440 2480 2481
f 2440 2481 2444
f 2444 2481 2482
f 2444 2482 2445
f 2445 2482 2483
f 2445 2483 2446
f 2446 2483 2484
f 2446 2484 2450
f 2450 2484 2485
f 2450 2485 2451
f 2451 2485 2486
f 2451 2486 2452
f 2452 2486 2461
f 2452 2461 2458
f 2474 2487 2488
f 2474 2488 2475
f 2475 2488 2489
f 2475 2489 2476
f 2476 2489 2490
f 2476 2490 2477
f 2477 2490 2491
f 2477 2491 2478
f 2478 2491 2492
f 2478 2492 2479
f 2479 2492 2493
f 2479 2493 2480
f 2480 2493 2494
f 2480 2494 2481
f 2481 2494 2495
f 2481 2495 2482
f 2482 2495 2496
f 2482 2496 2483
f 2483 2496 2497
f 2483 2497 2484
f 2484 2497 2498
f 2484 2498 2485
f 2485 2498 2499
f 2485 2499 2486
f 2486 2499 2500
f 2486 2500 2461
f 2461 2500 2501
f 2461 2501 2462
f 2462 2501 2502
f 2462 2502 2463
f 2463 2502 2503
f 2463 2503 2464
f 2464 2503 2504
f 2464 2504 2465
f 2465 2504 2505
f 2465 2505 2466
f 2466 2505 2506
f 2466 2506 2467
f 2467 2506 2507
f 2467 2507 2468
f 2468 2507 2508
f 2468 2508 2469
f 2469 2508 2509
f 2469 2509 2470
f 2470 2509 2510
f 2470 2510 2471
f 2471 2510 2511
f 2471 2511 2472
f 2472 2511 2512
f 2472 2512 2473
f 2473 2512 2487
f 2473 2487 2474
f 2511 2513 2512
f 2512 2513 2514
f 2512 2514 2487
f 2487 2514 2515
f 2487 2515 2488
f 2506 2516 2507
f 2507 2516 2517
f 2507 2517 2508
f 2508 2517 2518
f 2508 2518 2509
f 2518 2519 2509
f 2509 2519 2520
f 2509 2520 2510
f 2510 2520 2521
f 2510 2521 2511
f 2511 2521 2522
f 2511 2522 2513
f 2503 2523 2504
f 2504 2523 2524
f 2504 2524 2505
f 2505 2524 2525
f 2505 2525 2506
f 2506 2525 2526
f 2506 2526 2516
f 2498 2527 2499
f 2499 2527 2528
f 2499 2528 2500
f 2500 2528 2529
f 2500 2529 2501
f 2490 2530 2491
f 2491 2530 2531
f 2491 2531 2492
f 2492 2531 2532
f 2492 2532 2493
f 2529 2533 2501
f 2501 2533 2534
f 2501 2534 2502
f 2502 2534 2535
f 2502 2535 2503
f 2503 2535 2536
f 2503 2536 2523
f 2515 2537 2488
f 2488 2537 2538
f 2488 2538 2489
f 2489 2538 2539
f 2489 2539 2490
f 2490 2539 2540
f 2490 2540 2530
f 2496 2541 2497
f 2497 2541 2542
f 2497 2542 2498
f 2498 2542 2543
f 2498 2543 2527
f 2532 2544 2493
f 2493 2544 2545
f 2493 2545 2494
f 2494 2545 2546
f 2494 2546 2495
f 2495 2546 2547
f 2495 2547 2496
f 2496 2547 2548
f 2496 2548 2541
f 2549 2550 2551
f 2549 2551 2552
f 2552 2551 2553
f 2552 2553 2554
f 2554 2553 2555
f 2554 2555 2556
f 2556 2555 2557
f 2556 2557 2558
f 2558 2557 2559
f 2558 2559 2560
f 2560 2559 2561
f 2560 2561 2562
f 2562 2561 2563
f 2562 2563 2564
f 2564 2563 2565
f 2564 2565 2566
f 2566 2565 2567
f 2566 2567 2568
f 2568 2567 2569
f 2568 2569 2570
f 2570 2569 2571
f 2570 2571 2572
f 2572 2571 2573
f 2572 2573 2574
f 2574 2573 2575
f 2574 2575 2576
f 2576 2575 2577
f 2576 2577 2578
f 2578 2577 2579
f 2578 2579 2580
f 2580 2579 2581
f 2580 2581 2582
f 2582 2581 2583
f 2582 2583 2584
f 2584 2583 2585
f 2584 2585 2586
f 2515 2585 2583
f 2515 2583 2537
f 2537 2583 2581
f 2537 2581 2538
f 2538 2581 2579
f 2538 2579 2539
f 2539 2579 2577
f 2539 2577 2540
f 2540 2577 2575
f 2540 2575 2530
f 2530 2575 2573
f 2530 2573 2531
f 2531 2573 2571
f 2531 2571 2532
f 2532 2571 2569
f 2532 2569 2544
f 2544 2569 2567
f 2544 2567 2545
f 2545 2567 2565
f 2545 2565 2546
f 2546 2565 2563
f 2546 2563 2547
f 2547 2563 2561
f 2547 2561 2548
f 2548 2561 2559
f 2548 2559 2541
f 2541 2559 2557
f 2541 2557 2542
f 2542 2557 2555
f 2542 2555 2543
f 2543 2555 2553
f 2543 2553 2527
f 2527 2553 2551
f 2527 2551 2528
f 2528 2551 2550
f 2528 2550 2529
f 2529 2550 2587
f 2529 2587 2533
f 2533 2587 2588
f 2533 2588 2534
f 2534 2588 2589
f 2534 2589 2535
f 2535 2589 2590
f 2535 2590 2536
f 2536 2590 2591
f 2536 2591 2523
f 2523 2591 2592
f 2523 2592 2524
f 2524 2592 2593
f 2524 2593 2525
f 2525 2593 2594
f 2525 2594 2526
f 2526 2594 2595
f 2526 2595 2516
f 2516 2595 2596
f 2516 2596 2517
f 2517 2596 2597
f 2517 2597 2518
f 2518 2597 2598
f 2518 2598 2519
f 2519 2598 2599
f 2519 2599 2520
f 2520 2599 2600
f 2520 2600 2521
f 2521 2600 2601
f 2521 2601 2522
f 2522 2601 2602
f 2522 2602 2513
f 2513 2602 2603
f 2513 2603 2514
f 2514 2603 2585
f 2514 2585 2515
f 2586 2585 2603
f 2586 2603 2604
f 2604 2603 2602
f 2604 2602 2605
f 2605 2602 2601
f 2605 2601 2606
f 2606 2601 2600
f 2606 2600 2607
f 2607 2600 2599
f 2607 2599 2608
f 2608 2599 2598
f 2608 2598 2609
f 2609 2598 2597
f 2609 2597 2610
f 2610 2597 2596
f 2610 2596 2611
f 2611 2596 2595
f 2611 2595 2612
f 2612 2595 2594
f 2612 2594 2613
f 2613 2594 2593
f 2613 2593 2614
f 2614 2593 2592
f 2614 2592 2615
f 2615 2592 2591
f 2615 2591 2616
f 2616 2591 2590
f 2616 2590 2617
f 2617 2590 2589
f 2617 2589 2618
f 2618 2589 2588
f 2618 2588 2619
f 2619 2588 2587
f 2619 2587 2620
f 2620 2587 2550
f 2620 2550 2549
f 2608 2609 2430
f 2428 2586 2604
f 2619 2434 2618
f 2618 2434 2432
f 2618 2432 2617
f 2617 2432 2616
f 2604 2605 2428
f 2428 2605 2606
f 2428 2606 2430
f 2430 2606 2607
f 2430 2607 2608
f 2619 2620 2434
f 2434 2620 2549
f 2434 2549 2552
f 2609 2610 2430
f 2430 2610 2611
f 2430 2611 2432
f 2432 2611 2612
f 2432 2612 2613
f 2613 2614 2432
f 2432 2614 2615
f 2432 2615 2616
f 2572 2574 2425
f 2425 2574 2576
f 2425 2576 2578
f 2560 2562 2426
f 2426 2562 2564
f 2552 2554 2434
f 2434 2554 2556
f 2434 2556 2426
f 2426 2556 2558
f 2426 2558 2560
f 2578 2580 2425
f 2425 2580 2582
f 2425 2582 2428
f 2428 2582 2584
f 2428 2584 2586
f 2564 2566 2426
f 2426 2566 2568
f 2426 2568 2425
f 2425 2568 2570
f 2425 2570 2572
f 2431 2432 2433
f 2433 2432 2434
f 2621 2622 2623
f 2624 2622 2621
f 2621 2625 2626
f 2627 2625 2621
f 2623 2627 2621
f 2621 2628 2629
f 2630 2628 2621
f 2626 2630 2621
f 2621 2631 2632
f 2633 2631 2621
f 2629 2633 2621
f 2632 2624 2621
f 2634 2635 2636
f 2637 2635 2634
f 2634 2638 2639
f 2640 2638 2634
f 2636 2640 2634
f 2634 2641 2642
f 2643 2641 2634
f 2639 2643 2634
f 2634 2644 2645
f 2646 2644 2634
f 2642 2646 2634
f 2645 2637 2634
f 2647 2648 2649
f 2650 2648 2647
f 2647 2651 2652
f 2653 2651 2647
f 2649 2653 2647
f 2647 2654 2655
f 2656 2654 2647
f 2652 2656 2647
f 2647 2657 2658
f 2659 2657 2647
f 2655 2659 2647
f 2658 2650 2647
f 2660 2661 2662
f 2663 2661 2660
f 2660 2664 2665
f 2666 2664 2660
f 2662 2666 2660
f 2660 2667 2668
f 2669 2667 2660
f 2665 2669 2660
f 2660 2670 2671
f 2672 2670 2660
f 2668 2672 2660
f 2671 2663 2660
f 2673 2630 2674
f 2674 2630 2626
f 2674 2626 2675
f 2675 2626 2625
f 2675 2625 2676
f 2676 2625 2627
f 2676 2627 2677
f 2677 2627 2623
f 2677 2623 2678
f 2678 2623 2622
f 2678 2622 2679
f 2679 2622 2624
f 2679 2624 2680
f 2680 2624 2632
f 2680 2632 2681
f 2681 2632 2631
f 2681 2631 2682
f 2682 2631 2633
f 2682 2633 2683
f 2683 2633 2629
f 2683 2629 2684
f 2684 2629 2628
f 2684 2628 2673
f 2673 2628 2630
f 2685 2643 2686
f 2686 2643 2639
f 2686 2639 2687
f 2687 2639 2638
f 2687 2638 2688
f 2688 2638 2640
f 2688 2640 2689
f 2689 2640 2636
f 2689 2636 2690
f 2690 2636 2635
f 2690 2635 2691
f 2691 2635 2637
f 2691 2637 2692
f 2692 2637 2645
f 2692 2645 2693
f 2693 2645 2644
f 2693 2644 2694
f 2694 2644 2646
f 2694 2646 2695
f 2695 2646 2642
f 2695 2642 2696
f 2696 2642 2641
f 2696 2641 2685
f 2685 2641 2643
f 2697 2698 2699
f 2699 2698 2700
f 2701 2702 2703
f 2703 2702 2704
f 2705 2706 2707
f 2707 2706 2708
f 2709 2656 2710
f 2710 2656 2652
f 2710 2652 2711
f 2711 2652 2651
f 2711 2651 2712
f 2712 2651 2653
f 2712 2653 2713
f 2713 2653 2649
f 2713 2649 2714
f 2714 2649 2648
f 2714 2648 2715
f 2715 2648 2650
f 2715 2650 2716
f 2716 2650 2658
f 2716 2658 2717
f 2717 2658 2657
f 2717 2657 2718
f 2718 2657 2659
f 2718 2659 2719
f 2719 2659 2655
f 2719 2655 2720
f 2720 2655 2654
f 2720 2654 2709
f 2709 2654 2656
f 2721 2669 2722
f 2722 2669 2665
f 2722 2665 2723
f 2723 2665 2664
f 2723 2664 2724
f 2724 2664 2666
f 2724 2666 2725
f 2725 2666 2662
f 2725 2662 2726
f 2726 2662 2661
f 2726 2661 2727
f 2727 2661 2663
f 2727 2663 2728
f 2728 2663 2671
f 2728 2671 2729
f 2729 2671 2670
f 2729 2670 2730
f 2730 2670 2672
f 2730 2672 2731
f 2731 2672 2668
f 2731 2668 2732
f 2732 2668 2667
f 2732 2667 2721
f 2721 2667 2669
f 2733 2734 2735
f 2735 2734 2736
f 2735 2736 2737
f 2737 2736 2738
f 2737 2738 2739
f 2739 2738 2740
f 2739 2740 2741
f 2741 2740 2742
f 2741 2742 2743
f 2743 2742 2744
f 2743 2744 2745
f 2745 2744 2746
f 2747 2748 2749
f 2749 2748 2750
f 2704 2702 2746
f 2746 2702 2745
f 2683 2684 2750
f 2750 2684 2673
f 2750 2673 2700
f 2683 2750 2682
f 2682 2750 2748
f 2682 2748 2681
f 2692 2693 2748
f 2748 2693 2694
f 2685 2678 2696
f 2696 2678 2679
f 2681 2748 2680
f 2680 2748 2694
f 2680 2694 2679
f 2679 2694 2695
f 2679 2695 2696
f 2673 2674 2700
f 2700 2674 2675
f 2700 2675 2676
f 2688 2689 2699
f 2699 2689 2690
f 2699 2690 2748
f 2748 2690 2691
f 2748 2691 2692
f 2688 2699 2687
f 2687 2699 2700
f 2687 2700 2686
f 2686 2700 2676
f 2686 2676 2685
f 2685 2676 2677
f 2685 2677 2678
f 2698 2697 2707
f 2707 2697 2705
f 2706 2729 2730
f 2725 2726 2701
f 2701 2726 2727
f 2701 2727 2706
f 2706 2727 2728
f 2706 2728 2729
f 2718 2708 2717
f 2717 2708 2706
f 2717 2706 2716
f 2716 2706 2730
f 2716 2730 2715
f 2709 2703 2720
f 2720 2703 2708
f 2720 2708 2719
f 2719 2708 2718
f 2709 2710 2703
f 2703 2710 2711
f 2703 2711 2712
f 2725 2701 2724
f 2724 2701 2703
f 2724 2703 2723
f 2721 2714 2732
f 2732 2714 2715
f 2732 2715 2731
f 2731 2715 2730
f 2723 2703 2722
f 2722 2703 2712
f 2722 2712 2721
f 2721 2712 2713
f 2721 2713 2714
f 2751 2752 2733
f 2733 2752 2734
f 2753 2754 2755
f 2755 2754 2756
f 2743 2745 2702
f 2697 2756 2705
f 2705 2756 2757
f 2758 2739 2741
f 2741 2743 2758
f 2758 2743 2702
f 2758 2702 2757
f 2757 2702 2701
f 2757 2701 2705
f 2705 2701 2706
f 2697 2699 2756
f 2756 2699 2748
f 2756 2748 2755
f 2755 2748 2747
f 2755 2747 2759
f 2759 2747 2760
f 2759 2760 2761
f 2737 2739 2762
f 2763 2764 2762
f 2762 2764 2751
f 2751 2733 2762
f 2762 2733 2735
f 2762 2735 2737
f 2765 2758 2766
f 2766 2758 2757
f 2767 2768 2769
f 2769 2768 2770
f 2771 2772 2773
f 2773 2772 2774
f 2775 2776 2777
f 2778 2776 2775
f 2775 2779 2780
f 2781 2779 2775
f 2777 2781 2775
f 2775 2782 2783
f 2784 2782 2775
f 2780 2784 2775
f 2775 2785 2786
f 2787 2785 2775
f 2783 2787 2775
f 2786 2778 2775
f 2788 2789 2790
f 2791 2792 2793
f 2794 2795 2796
f 2797 2798 2799
f 2790 2794 2788
f 2788 2794 2796
f 2788 2796 2799
f 2799 2796 2791
f 2799 2791 2797
f 2797 2791 2793
f 2800 2801 2802
f 2803 2804 2805
f 2801 2806 2802
f 2802 2806 2807
f 2802 2807 2808
f 2800 2802 2809
f 2809 2802 2810
f 2809 2810 2811
f 2805 2804 2812
f 2804 2813 2812
f 2812 2813 2814
f 2812 2814 2815
f 2815 2816 2812
f 2812 2816 2817
f 2812 2817 2818
f 2818 2817 2819
f 2807 2820 2808
f 2808 2820 2821
f 2808 2821 2822
f 2822 2821 2823
f 2822 2823 2824
f 2823 2825 2824
f 2824 2825 2826
f 2824 2826 2827
f 2827 2826 2828
f 2827 2828 2829
f 2829 2828 2830
f 2829 2830 2805
f 2805 2830 2831
f 2805 2831 2803
f 2832 2833 2834
f 2835 2836 2837
f 2838 2839 2840
f 2838 2840 2837
f 2837 2840 2841
f 2837 2841 2835
f 2836 2835 2833
f 2833 2835 2842
f 2833 2842 2834
f 2843 2844 2834
f 2834 2844 2845
f 2834 2845 2832
f 2843 2834 2846
f 2846 2834 2847
f 2846 2847 2848
f 2848 2847 2849
f 2848 2849 2850
f 2850 2849 2851
f 2850 2851 2852
f 2853 2854 2855
f 2855 2854 2856
f 2857 2858 2761
f 2761 2858 2759
f 2747 2749 2760
f 2760 2749 2859
f 2860 2861 2862
f 2862 2861 2863
f 2864 2865 2866
f 2866 2865 2867
f 2751 2764 2752
f 2752 2764 2868
f 2869 2763 2870
f 2870 2763 2762
f 2871 2872 2873
f 2873 2872 2874
f 2875 2876 2877
f 2877 2876 2878
f 2707 2878 2698
f 2698 2878 2855
f 2700 2698 2750
f 2750 2698 2855
f 2750 2855 2749
f 2749 2855 2856
f 2749 2856 2859
f 2859 2856 2862
f 2859 2862 2863
f 2746 2744 2877
f 2877 2744 2742
f 2877 2742 2740
f 2707 2708 2878
f 2878 2708 2703
f 2878 2703 2877
f 2877 2703 2704
f 2877 2704 2746
f 2868 2879 2752
f 2752 2879 2880
f 2734 2752 2736
f 2736 2752 2880
f 2736 2880 2738
f 2738 2880 2740
f 2881 2882 2879
f 2879 2882 2880
f 2883 2884 2885
f 2885 2884 2886
f 2887 2888 2889
f 2889 2888 2890
f 2889 2890 2891
f 2891 2890 2886
f 2886 2890 2892
f 2886 2892 2885
f 2893 2894 2895
f 2895 2894 2896
f 2897 2898 2899
f 2899 2898 2900
f 2899 2900 2901
f 2901 2902 2899
f 2899 2902 2903
f 2899 2903 2904
f 2904 2903 2905
f 2904 2905 2906
f 2905 2907 2906
f 2906 2907 2908
f 2906 2908 2896
f 2896 2908 2909
f 2896 2909 2895
f 2910 2911 2912
f 2913 2911 2910
f 2910 2914 2915
f 2916 2914 2910
f 2912 2916 2910
f 2910 2917 2918
f 2919 2917 2910
f 2915 2919 2910
f 2910 2920 2921
f 2922 2920 2910
f 2918 2922 2910
f 2921 2913 2910
f 2923 2924 2925
f 2925 2924 2926
f 2925 2926 2927
f 2928 2929 2930
f 2930 2929 2931
f 2930 2931 2932
f 2932 2931 2933
f 2932 2933 2934
f 2934 2933 2935
f 2934 2935 2936
f 2936 2935 2937
f 2936 2937 2938
f 2926 2939 2927
f 2927 2939 2940
f 2927 2940 2937
f 2937 2940 2941
f 2937 2941 2938
f 2942 2943 2944
f 2945 2946 2947
f 2947 2946 2942
f 2947 2942 2948
f 2948 2942 2944
f 2949 2950 2951
f 2951 2950 2952
f 2953 2954 2943
f 2943 2954 2955
f 2943 2955 2944
f 2928 2956 2929
f 2929 2956 2957
f 2929 2957 2951
f 2951 2957 2958
f 2951 2958 2949
f 2950 2959 2952
f 2952 2959 2960
f 2952 2960 2961
f 2961 2960 2962
f 2961 2962 2953
f 2953 2962 2963
f 2953 2963 2954
f 2964 2965 2966
f 2967 2968 2969
f 2969 2968 2970
f 2966 2971 2964
f 2964 2971 2972
f 2964 2972 2973
f 2970 2968 2974
f 2974 2968 2975
f 2974 2975 2976
f 2976 2975 2977
f 2976 2977 2971
f 2971 2977 2978
f 2971 2978 2972
f 2979 2980 2981
f 2981 2982 2979
f 2979 2982 2983
f 2979 2983 2984
f 2984 2983 2985
f 2984 2985 2986
f 2986 2985 2987
f 2986 2987 2988
f 2988 2987 2989
f 2988 2989 2990
f 2990 2989 2991
f 2992 2993 2994
f 2994 2993 2995
f 2994 2995 2996
f 2996 2995 2997
f 2996 2997 2998
f 2998 2997 2999
f 2998 2999 3000
f 3000 2999 3001
f 3000 3001 3002
f 3002 3001 3003
f 3002 3003 3004
f 3004 3003 3005
f 3004 3005 3006
f 3006 3005 3007
f 3006 3007 3008
f 3008 3007 3009
f 3008 3009 3010
f 3010 3009 2991
f 3010 2991 3011
f 3011 2991 2989
f 3012 3013 3014
f 3012 3014 3015
f 3015 3014 3016
f 3015 3016 3017
f 3017 3016 3018
f 3017 3018 3019
f 3019 3018 3020
f 3019 3020 3021
f 3021 3020 3022
f 3021 3022 3023
f 3023 3022 2873
f 3023 2873 2874
f 2756 2754 3024
f 3024 3025 2756
f 2756 3025 3026
f 2756 3026 3027
f 2766 2757 3028
f 3028 2757 2756
f 3028 2756 3029
f 3029 2756 3027
f 2755 2759 2858
f 2858 3030 2755
f 2755 3030 3031
f 2755 3031 2753
f 2870 2762 3032
f 3032 2762 2739
f 3032 2739 3033
f 3033 2739 2758
f 3033 2758 2765
f 3034 2767 3035
f 3035 2767 2769
f 3035 2769 3036
f 3036 2769 2770
f 3036 2770 3037
f 3037 2770 2768
f 3037 2768 3038
f 3038 2768 3039
f 3039 2768 2767
f 3039 2767 3034
f 3040 2771 3041
f 3041 2771 2773
f 3041 2773 3042
f 3042 2773 2774
f 3042 2774 3043
f 3043 2774 2772
f 3043 2772 3040
f 3040 2772 2771
f 3044 2784 3045
f 3045 2784 2780
f 3045 2780 3046
f 3046 2780 2779
f 3046 2779 3047
f 3047 2779 2781
f 3047 2781 3048
f 3048 2781 2777
f 3048 2777 3049
f 3049 2777 2776
f 3049 2776 3050
f 3050 2776 2778
f 3050 2778 3051
f 3051 2778 2786
f 3051 2786 3052
f 3052 2786 2785
f 3052 2785 3053
f 3053 2785 2787
f 3053 2787 3054
f 3054 2787 2783
f 3054 2783 3055
f 3055 2783 2782
f 3055 2782 3044
f 3044 2782 2784
f 3056 2798 3057
f 3057 2798 2797
f 3057 2797 3058
f 3058 2797 2793
f 3058 2793 3059
f 3059 2793 2792
f 3059 2792 3060
f 3060 2792 2791
f 3060 2791 3061
f 3061 2791 2796
f 3061 2796 3062
f 3062 2796 2795
f 3062 2795 3063
f 3063 2795 2794
f 3063 2794 3064
f 3064 2794 2790
f 3064 2790 3065
f 3065 2790 2789
f 3065 2789 3066
f 3066 2789 2788
f 3066 2788 3067
f 3067 2788 2799
f 3067 2799 3056
f 3056 2799 2798
f 3068 3069 2824
f 2824 3069 2822
f 2829 3070 3071
f 2829 3071 2827
f 2827 3071 3068
f 2827 3068 2824
f 3070 2829 3072
f 3072 2829 2805
f 3072 2805 3073
f 3073 2805 2812
f 3073 2812 3074
f 3074 2812 2818
f 3074 2818 3075
f 3075 2818 2819
f 2817 3076 2819
f 2819 3076 3075
f 3077 3076 2816
f 2816 3076 2817
f 2814 3078 3079
f 2814 3079 2815
f 2815 3079 3077
f 2815 3077 2816
f 2804 3080 3081
f 2804 3081 2813
f 2813 3081 3078
f 2813 3078 2814
f 2830 3082 3083
f 3080 2804 3084
f 3084 2804 2803
f 3084 2803 3083
f 3083 2803 2831
f 3083 2831 2830
f 2826 3085 3086
f 2826 3086 2828
f 2828 3086 3082
f 2828 3082 2830
f 3085 2826 3087
f 3087 2826 2825
f 3087 2825 3088
f 2823 3089 2825
f 2825 3089 3088
f 2807 3090 3091
f 3089 2823 3092
f 3092 2823 2821
f 3092 2821 3091
f 3091 2821 2820
f 3091 2820 2807
f 2801 3093 3094
f 2801 3094 2806
f 2806 3094 3090
f 2806 3090 2807
f 2809 3095 3096
f 2809 3096 2800
f 2800 3096 3093
f 2800 3093 2801
f 3095 2809 3097
f 3097 2809 2811
f 3097 2811 3098
f 3098 2811 2810
f 3098 2810 3099
f 3099 2810 2802
f 3099 2802 3100
f 3100 2802 3101
f 3101 2802 2808
f 2822 3069 2808
f 2808 3069 3101
f 2844 3102 3103
f 3104 2833 3105
f 3105 2833 2832
f 3105 2832 3103
f 3103 2832 2845
f 3103 2845 2844
f 2848 3106 3107
f 3102 2844 3108
f 3108 2844 2843
f 3108 2843 3107
f 3107 2843 2846
f 3107 2846 2848
f 2852 3109 3110
f 2852 3110 2850
f 2850 3110 3106
f 2850 3106 2848
f 3109 2852 3111
f 3111 2852 2851
f 3111 2851 3112
f 3112 2851 2849
f 3112 2849 3113
f 3113 2849 2847
f 3113 2847 3114
f 3114 2847 2834
f 2835 3115 3116
f 2835 3116 2842
f 2842 3116 3114
f 2842 3114 2834
f 2840 3117 3118
f 2840 3118 2841
f 2841 3118 3115
f 2841 3115 2835
f 3117 2840 3119
f 3119 2840 2839
f 3119 2839 3120
f 3120 2839 2838
f 3120 2838 3121
f 3121 2838 2837
f 3121 2837 3122
f 3122 2837 2836
f 2833 3104 2836
f 2836 3104 3122
f 2876 3123 2878
f 2878 3123 3124
f 2878 3124 3125
f 3125 3126 2878
f 2878 3126 3127
f 2878 3127 2855
f 2855 3127 3128
f 2855 3128 2853
f 2854 3129 2856
f 2856 3129 3130
f 2860 2862 3131
f 3131 2862 2856
f 3131 2856 3132
f 3132 2856 3130
f 2866 2867 3133
f 2760 2859 2761
f 2761 2859 2863
f 3134 2857 2761
f 3133 3134 2866
f 2866 3134 2761
f 2866 2761 3135
f 3135 2761 2863
f 3135 2863 2861
f 2865 2864 3136
f 2865 3136 3137
f 3137 3136 3138
f 3137 3138 3139
f 3139 3138 3140
f 3139 3140 3141
f 3141 3140 3142
f 3141 3142 3143
f 3143 3142 3144
f 3143 3144 3145
f 3145 3144 3146
f 3145 3146 3147
f 2869 2872 2763
f 2763 2872 2871
f 2868 2764 2879
f 2879 2764 2763
f 2871 3148 2763
f 2763 3148 3149
f 2763 3149 2879
f 2879 3149 2881
f 2880 2882 2740
f 2740 2882 3150
f 3150 3151 2740
f 2740 3151 3152
f 2740 3152 2877
f 2877 3152 3153
f 2877 3153 2875
f 3154 2890 3155
f 3155 2890 2888
f 3155 2888 3156
f 2890 3154 2892
f 2892 3154 3157
f 2892 3157 3158
f 3159 2885 3158
f 3158 2885 2892
f 3160 2883 3161
f 3161 2883 2885
f 3161 2885 3159
f 3162 2884 3160
f 3160 2884 2883
f 3163 2886 3162
f 3162 2886 2884
f 3164 2891 3163
f 3163 2891 2886
f 3165 2889 3164
f 3164 2889 2891
f 2889 3165 2887
f 2887 3165 3166
f 2887 3166 3167
f 3156 2888 3167
f 3167 2888 2887
f 3168 2896 3169
f 3169 2896 2894
f 3169 2894 3170
f 2896 3168 2906
f 2906 3168 3171
f 2906 3171 3172
f 3173 2904 3172
f 3172 2904 2906
f 3174 2899 3175
f 3175 2899 2904
f 3175 2904 3173
f 2899 3174 2897
f 2897 3174 3176
f 2897 3176 3177
f 3178 2898 3177
f 3177 2898 2897
f 3179 2900 3180
f 3180 2900 2898
f 3180 2898 3178
f 3181 2901 3179
f 3179 2901 2900
f 2901 3181 3182
f 2901 3182 2902
f 2902 3182 3183
f 2902 3183 2903
f 2903 3183 3184
f 2903 3184 2905
f 2905 3184 3185
f 2905 3185 2907
f 2907 3185 3186
f 2907 3186 2908
f 3187 2909 3186
f 3186 2909 2908
f 3188 2895 3187
f 3187 2895 2909
f 2895 3188 2893
f 2893 3188 3189
f 2893 3189 3190
f 3170 2894 3190
f 3190 2894 2893
f 3191 2919 3192
f 3192 2919 2915
f 3192 2915 3193
f 3193 2915 2914
f 3193 2914 3194
f 3194 2914 2916
f 3194 2916 3195
f 3195 2916 2912
f 3195 2912 3196
f 3196 2912 2911
f 3196 2911 3197
f 3197 2911 2913
f 3197 2913 3198
f 3198 2913 2921
f 3198 2921 3199
f 3199 2921 2920
f 3199 2920 3200
f 3200 2920 2922
f 3200 2922 3201
f 3201 2922 2918
f 3201 2918 3202
f 3202 2918 2917
f 3202 2917 3191
f 3191 2917 2919
f 2928 3203 3204
f 3205 2958 3206
f 3206 2958 2957
f 3206 2957 3204
f 3204 2957 2956
f 3204 2956 2928
f 2958 3205 3207
f 2958 3207 2949
f 2949 3207 3208
f 2949 3208 2950
f 2950 3208 3209
f 2950 3209 2959
f 2959 3209 3210
f 2959 3210 2960
f 2960 3210 3211
f 2960 3211 2962
f 2962 3211 3212
f 2962 3212 2963
f 2963 3212 3213
f 2963 3213 2954
f 2954 3213 3214
f 2954 3214 2955
f 2955 3214 3215
f 2955 3215 2944
f 2944 3215 3216
f 2944 3216 2948
f 2948 3216 3217
f 2948 3217 2947
f 2947 3217 3218
f 2947 3218 2945
f 3219 2946 3218
f 3218 2946 2945
f 2946 3219 3220
f 2946 3220 2942
f 2942 3220 3221
f 2942 3221 2943
f 2943 3221 3222
f 2943 3222 2953
f 2953 3222 3223
f 2953 3223 2961
f 2961 3223 3224
f 2961 3224 2952
f 2952 3224 3225
f 2952 3225 2951
f 2951 3225 3226
f 2951 3226 2929
f 2929 3226 3227
f 2929 3227 2931
f 2931 3227 3228
f 2931 3228 2933
f 2933 3228 3229
f 2933 3229 2935
f 2935 3229 3230
f 2935 3230 2937
f 2937 3230 3231
f 2937 3231 2927
f 3232 2925 3233
f 3233 2925 2927
f 3233 2927 3231
f 3234 2923 3232
f 3232 2923 2925
f 3235 2924 3234
f 3234 2924 2923
f 3236 2926 3235
f 3235 2926 2924
f 3237 2939 3236
f 3236 2939 2926
f 2939 3237 3238
f 2939 3238 2940
f 2940 3238 3239
f 2940 3239 2941
f 2941 3239 3240
f 2941 3240 2938
f 2938 3240 3241
f 2938 3241 2936
f 2936 3241 3242
f 2936 3242 2934
f 2934 3242 3243
f 2934 3243 2932
f 2932 3243 3244
f 2932 3244 2930
f 2930 3244 3203
f 2930 3203 2928
f 3245 2967 2969
f 2974 3246 2970
f 2970 3246 3247
f 2970 3247 2969
f 2969 3247 3248
f 2969 3248 3245
f 3249 2968 3245
f 3245 2968 2967
f 2968 3249 3250
f 2968 3250 2975
f 2975 3250 3251
f 2975 3251 2977
f 3252 2973 2972
f 2977 3251 2978
f 2978 3251 3253
f 2978 3253 2972
f 2972 3253 3254
f 2972 3254 3252
f 3255 2964 3252
f 3252 2964 2973
f 3256 2965 3255
f 3255 2965 2964
f 3257 2966 3256
f 3256 2966 2965
f 3258 2971 3257
f 3257 2971 2966
f 2971 3258 3259
f 2971 3259 2976
f 2976 3259 3246
f 2976 3246 2974
f 2986 3260 3261
f 2986 3261 2984
f 2984 3261 3262
f 2984 3262 2979
f 2979 3262 3263
f 2979 3263 2980
f 3264 2981 3263
f 3263 2981 2980
f 2981 3264 3265
f 2981 3265 2982
f 2982 3265 3266
f 2982 3266 2983
f 2983 3266 3267
f 2983 3267 2985
f 2985 3267 3268
f 2985 3268 2987
f 2987 3268 3269
f 2987 3269 2989
f 2989 3269 3270
f 2989 3270 3011
f 3011 3270 3271
f 3011 3271 3010
f 3010 3271 3272
f 3010 3272 3008
f 3008 3272 3273
f 3008 3273 3006
f 3006 3273 3274
f 3006 3274 3004
f 3004 3274 3275
f 3004 3275 3002
f 3002 3275 3276
f 3002 3276 3000
f 3000 3276 3277
f 3000 3277 2998
f 2998 3277 3278
f 2998 3278 2996
f 2996 3278 3279
f 2996 3279 2994
f 2994 3279 3280
f 2994 3280 2992
f 3281 2993 3280
f 3280 2993 2992
f 2993 3281 3282
f 2993 3282 2995
f 2995 3282 3283
f 2995 3283 2997
f 2997 3283 3284
f 2997 3284 2999
f 2999 3284 3285
f 2999 3285 3001
f 3001 3285 3286
f 3001 3286 3003
f 3003 3286 3287
f 3003 3287 3005
f 3005 3287 3288
f 3005 3288 3007
f 3007 3288 3289
f 3007 3289 3009
f 3009 3289 3290
f 3009 3290 2991
f 2991 3290 3291
f 3260 2986 3292
f 3292 2986 2988
f 3292 2988 3291
f 3291 2988 2990
f 3291 2990 2991
f 3013 3012 3293
f 3293 3012 3294
f 3066 3067 3065
f 3032 3295 3294
f 3294 3295 3296
f 3032 3294 2870
f 2870 3294 3012
f 2870 3012 2869
f 2869 3012 2874
f 2869 2874 2872
f 3012 3015 3017
f 3023 2874 3021
f 3021 2874 3012
f 3021 3012 3019
f 3019 3012 3017
f 3112 3113 3297
f 3298 3299 3297
f 3297 3299 3300
f 3035 3099 3100
f 3147 3301 3133
f 3301 3302 3303
f 3137 3147 2865
f 2865 3147 3133
f 2865 3133 2867
f 3143 3145 3141
f 3141 3145 3147
f 3141 3147 3139
f 3139 3147 3137
f 2858 2857 3304
f 3305 3087 3306
f 3306 3087 3088
f 3098 3306 3097
f 3097 3306 3088
f 3097 3088 3095
f 3095 3088 3089
f 3095 3089 3096
f 3096 3089 3093
f 3089 3092 3093
f 3093 3092 3091
f 3093 3091 3094
f 3094 3091 3090
f 3099 3035 3098
f 3098 3035 3036
f 3098 3036 3306
f 3306 3036 3037
f 3306 3037 3307
f 3307 3037 3038
f 3307 3038 3298
f 3298 3038 3039
f 3298 3039 3299
f 3299 3039 3034
f 3299 3034 3300
f 3133 3041 3308
f 3308 3041 3042
f 3043 3040 3073
f 3074 3075 3305
f 3073 3074 3043
f 3043 3074 3305
f 3043 3305 3042
f 3042 3305 3309
f 3042 3309 3308
f 3079 3078 3084
f 3084 3078 3081
f 3084 3081 3080
f 3079 3084 3077
f 3077 3084 3083
f 3077 3083 3076
f 3076 3083 3082
f 3076 3082 3075
f 3075 3082 3086
f 3075 3086 3305
f 3305 3086 3085
f 3305 3085 3087
f 3051 3032 3050
f 3050 3032 3033
f 3050 3033 3049
f 3049 3033 2765
f 3049 2765 3048
f 3048 2765 2766
f 3048 2766 3047
f 3047 2766 3028
f 3047 3028 3046
f 3295 3055 3310
f 3310 3055 3044
f 3310 3044 3045
f 3051 3052 3032
f 3032 3052 3053
f 3032 3053 3295
f 3295 3053 3054
f 3295 3054 3055
f 3133 3056 3134
f 3134 3056 3057
f 3059 3309 3058
f 3058 3309 3311
f 3058 3311 3057
f 3057 3311 3304
f 3057 3304 3134
f 3134 3304 2857
f 3067 3056 3065
f 3065 3056 3133
f 3065 3133 3064
f 3064 3133 3308
f 3064 3308 3063
f 3063 3308 3309
f 3063 3309 3062
f 3062 3309 3059
f 3062 3059 3061
f 3061 3059 3060
f 3303 3068 3071
f 3071 3070 3303
f 3303 3070 3072
f 3303 3072 3301
f 3301 3072 3073
f 3301 3073 3133
f 3133 3073 3040
f 3133 3040 3041
f 3034 3035 3300
f 3300 3035 3100
f 3300 3100 3302
f 3302 3100 3101
f 3302 3101 3303
f 3303 3101 3069
f 3303 3069 3068
f 3297 3296 3112
f 3112 3296 3295
f 3112 3295 3111
f 3111 3295 3310
f 3111 3310 3109
f 3109 3310 3307
f 3103 3102 3110
f 3102 3108 3110
f 3110 3108 3107
f 3110 3107 3106
f 3116 3115 3118
f 3116 3118 3114
f 3114 3118 3117
f 3114 3117 3113
f 3113 3117 3119
f 3113 3119 3297
f 3297 3119 3120
f 3297 3120 3298
f 3298 3120 3121
f 3298 3121 3307
f 3307 3121 3122
f 3307 3122 3109
f 3109 3122 3104
f 3109 3104 3110
f 3110 3104 3105
f 3110 3105 3103
f 2754 3311 3024
f 3024 3311 3309
f 3024 3309 3025
f 3025 3309 3305
f 3025 3305 3026
f 3026 3305 3306
f 3026 3306 3027
f 3027 3306 3307
f 3027 3307 3029
f 3029 3307 3310
f 3029 3310 3028
f 3028 3310 3045
f 3028 3045 3046
f 2754 2753 3311
f 3311 2753 3031
f 3311 3031 3304
f 3304 3031 3030
f 3304 3030 2858
f 3312 3301 3146
f 3146 3301 3147
f 3263 3262 3313
f 3197 3314 3315
f 3183 3185 3184
f 3179 3180 3316
f 2882 2881 3149
f 2853 3128 3315
f 2876 2875 3153
f 3129 2854 2853
f 2861 3317 3135
f 3135 3317 3312
f 3135 3312 3146
f 3144 3142 3146
f 3146 3142 3140
f 2866 3135 2864
f 2864 3135 3146
f 2864 3146 3136
f 3136 3146 3140
f 3136 3140 3138
f 3318 3319 3320
f 3320 3319 3321
f 3320 3321 3322
f 3322 3321 3323
f 3322 3323 3293
f 3016 3014 3018
f 3018 3014 3013
f 3020 3018 3022
f 3022 3018 3013
f 3022 3013 2873
f 2873 3013 3324
f 3156 3167 3324
f 3324 3167 3325
f 3013 3293 3324
f 3324 3293 3323
f 3324 3323 3156
f 3156 3323 3158
f 3156 3158 3155
f 3155 3158 3157
f 3155 3157 3154
f 3166 3165 3326
f 3164 3163 3162
f 3165 3164 3326
f 3326 3164 3162
f 3326 3162 3327
f 3327 3162 3160
f 3327 3160 3328
f 3328 3160 3161
f 3328 3161 3323
f 3323 3161 3159
f 3323 3159 3158
f 3180 3178 3329
f 3329 3178 3177
f 3329 3177 3150
f 3172 3150 3173
f 3173 3150 3177
f 3173 3177 3175
f 3175 3177 3176
f 3175 3176 3174
f 3188 3152 3189
f 3189 3152 3151
f 3189 3151 3190
f 3190 3151 3150
f 3190 3150 3170
f 3170 3150 3172
f 3170 3172 3169
f 3169 3172 3171
f 3169 3171 3168
f 3182 3181 3187
f 3187 3181 3330
f 3182 3187 3183
f 3183 3187 3186
f 3183 3186 3185
f 3200 3201 3313
f 3314 3197 3331
f 3197 3198 3331
f 3331 3198 3199
f 3331 3199 3200
f 3192 3193 3127
f 3127 3193 3194
f 3127 3194 3128
f 3128 3194 3195
f 3128 3195 3315
f 3315 3195 3196
f 3315 3196 3197
f 3242 3241 3243
f 3243 3241 3240
f 3243 3240 3239
f 3222 3221 3326
f 3326 3221 3220
f 3167 3166 3325
f 3325 3166 3326
f 3325 3326 3219
f 3219 3326 3220
f 3237 3236 3238
f 3238 3236 3235
f 3234 3208 3207
f 3207 3205 3234
f 3234 3205 3206
f 3234 3206 3204
f 3232 3219 3218
f 3239 3238 3243
f 3243 3238 3235
f 3243 3235 3244
f 3244 3235 3234
f 3244 3234 3203
f 3203 3234 3204
f 3213 3212 3234
f 3234 3212 3211
f 3216 3215 3234
f 3234 3215 3214
f 3234 3214 3213
f 3211 3210 3234
f 3234 3210 3209
f 3234 3209 3208
f 3232 3218 3234
f 3234 3218 3217
f 3234 3217 3216
f 3226 3225 3330
f 3181 3179 3330
f 3330 3179 3316
f 3330 3316 3226
f 3226 3316 3227
f 3219 3232 3325
f 3325 3232 3233
f 3325 3233 3324
f 3180 3329 3316
f 3316 3329 3228
f 3316 3228 3227
f 3233 3231 3324
f 3324 3231 3230
f 3324 3230 3329
f 3329 3230 3229
f 3329 3229 3228
f 3259 3258 3257
f 3259 3257 3246
f 3332 3252 3254
f 3254 3253 3332
f 3332 3253 3251
f 3332 3251 3250
f 3247 3246 3328
f 3328 3246 3257
f 3328 3257 3327
f 3327 3257 3256
f 3327 3256 3333
f 3333 3256 3255
f 3250 3249 3321
f 3321 3249 3323
f 3323 3249 3245
f 3323 3245 3328
f 3328 3245 3248
f 3328 3248 3247
f 3291 3290 3321
f 3313 3262 3319
f 3250 3321 3332
f 3332 3321 3290
f 3332 3290 3289
f 3262 3261 3319
f 3319 3261 3260
f 3319 3260 3321
f 3321 3260 3292
f 3321 3292 3291
f 3280 3279 3278
f 3283 3282 3334
f 3334 3282 3281
f 3277 3276 3264
f 3264 3276 3275
f 3264 3275 3265
f 3201 3202 3313
f 3313 3202 3334
f 3313 3334 3263
f 3263 3334 3281
f 3263 3281 3264
f 3264 3281 3280
f 3264 3280 3277
f 3277 3280 3278
f 3271 3270 3266
f 3275 3274 3265
f 3265 3274 3273
f 3265 3273 3266
f 3266 3273 3272
f 3266 3272 3271
f 3270 3269 3266
f 3266 3269 3268
f 3266 3268 3267
f 3283 3334 3284
f 3284 3334 3335
f 3284 3335 3336
f 3289 3288 3332
f 3332 3288 3333
f 3332 3333 3252
f 3252 3333 3255
f 3288 3287 3333
f 3333 3287 3286
f 3333 3286 3285
f 2871 2873 3148
f 3148 2873 3324
f 3148 3324 3149
f 3149 3324 3329
f 3149 3329 2882
f 2882 3329 3150
f 3200 3313 3331
f 3331 3313 3319
f 3331 3319 3317
f 3317 3319 3318
f 3317 3318 3312
f 2876 3153 3337
f 3337 3153 3152
f 3337 3152 3330
f 3330 3152 3188
f 3330 3188 3187
f 3285 3284 3333
f 3333 3284 3336
f 3333 3336 3327
f 3327 3336 3338
f 3327 3338 3326
f 3326 3338 3339
f 3326 3339 3222
f 3222 3339 3337
f 3222 3337 3223
f 3223 3337 3330
f 3223 3330 3224
f 3224 3330 3225
f 2853 3315 3129
f 3129 3315 3314
f 3129 3314 3130
f 3130 3314 3331
f 3130 3331 3132
f 3132 3331 3317
f 3132 3317 3131
f 3131 3317 2861
f 3131 2861 2860
f 3202 3191 3334
f 3334 3191 3192
f 3334 3192 3335
f 3335 3192 3127
f 3335 3127 3336
f 3336 3127 3126
f 3336 3126 3338
f 3338 3126 3125
f 3338 3125 3339
f 3339 3125 3124
f 3339 3124 3337
f 3337 3124 3123
f 3337 3123 2876
f 3322 3293 3294
f 3297 3312 3296
f 3296 3312 3318
f 3296 3318 3294
f 3294 3318 3320
f 3294 3320 3322
f 3297 3300 3312
f 3312 3300 3302
f 3312 3302 3301
f 3340 3341 3342
f 3342 3341 3343
f 3342 3343 3344
f 3344 3343 3345
f 3341 3346 3343
f 3343 3346 3347
f 3343 3347 3345
f 3345 3347 3348
f 3345 3348 3344
f 3344 3348 3349
f 3344 3349 3342
f 3342 3349 3350
f 3342 3350 3340
f 3340 3350 3351
f 3340 3351 3341
f 3341 3351 3346
f 3352 3353 3354
f 3354 3353 3355
f 3354 3355 3356
f 3347 3346 3357
f 3357 3346 3358
f 3357 3358 3352
f 3352 3358 3359
f 3352 3359 3353
f 3360 3348 3347
f 3347 3357 3360
f 3360 3357 3352
f 3360 3352 3361
f 3361 3352 3354
f 3361 3354 3362
f 3362 3354 3356
f 3362 3356 3363
f 3364 3349 3348
f 3348 3360 3364
f 3364 3360 3361
f 3364 3361 3365
f 3365 3361 3362
f 3365 3362 3366
f 3366 3362 3363
f 3366 3363 3367
f 3350 3349 3368
f 3368 3349 3364
f 3368 3364 3369
f 3364 3365 3369
f 3369 3365 3366
f 3369 3366 3370
f 3370 3366 3367
f 3370 3367 3371
f 3372 3351 3350
f 3350 3368 3372
f 3372 3368 3369
f 3372 3369 3373
f 3373 3369 3370
f 3373 3370 3374
f 3374 3370 3371
f 3374 3371 3375
f 3358 3346 3351
f 3351 3372 3358
f 3358 3372 3373
f 3358 3373 3359
f 3359 3373 3374
f 3359 3374 3353
f 3353 3374 3375
f 3353 3375 3355
f 3376 3377 3371
f 3371 3377 3378
f 3371 3378 3379
f 3380 3381 3367
f 3382 3383 3356
f 3379 3384 3371
f 3371 3384 3385
f 3371 3385 3375
f 3385 3386 3375
f 3375 3386 3387
f 3375 3387 3388
f 3382 3356 3389
f 3381 3390 3367
f 3367 3390 3391
f 3367 3391 3371
f 3371 3391 3392
f 3371 3392 3376
f 3393 3394 3363
f 3363 3394 3395
f 3363 3395 3396
f 3397 3367 3398
f 3398 3367 3363
f 3398 3363 3399
f 3399 3363 3396
f 3397 3400 3367
f 3367 3400 3401
f 3367 3401 3402
f 3402 3403 3367
f 3367 3403 3404
f 3367 3404 3380
f 3383 3405 3356
f 3356 3405 3406
f 3356 3406 3407
f 3408 3355 3409
f 3409 3355 3410
f 3411 3412 3355
f 3355 3412 3413
f 3355 3413 3410
f 3407 3414 3356
f 3356 3414 3415
f 3356 3415 3363
f 3363 3415 3416
f 3363 3416 3393
f 3388 3417 3375
f 3375 3417 3418
f 3375 3418 3419
f 3419 3420 3375
f 3375 3420 3421
f 3375 3421 3355
f 3355 3421 3422
f 3355 3422 3411
f 3408 3423 3355
f 3355 3423 3424
f 3355 3424 3356
f 3356 3424 3425
f 3356 3425 3389
f 3397 3398 3426
f 3426 3398 3399
f 3426 3399 3427
f 3427 3399 3396
f 3427 3396 3428
f 3428 3396 3395
f 3428 3395 3429
f 3429 3395 3394
f 3429 3394 3430
f 3430 3394 3393
f 3430 3393 3431
f 3431 3393 3416
f 3431 3416 3432
f 3432 3416 3415
f 3432 3415 3433
f 3433 3415 3414
f 3433 3414 3434
f 3434 3414 3407
f 3434 3407 3435
f 3435 3407 3406
f 3435 3406 3436
f 3436 3406 3405
f 3436 3405 3437
f 3437 3405 3383
f 3437 3383 3438
f 3438 3383 3382
f 3438 3382 3439
f 3439 3382 3389
f 3439 3389 3440
f 3440 3389 3425
f 3440 3425 3441
f 3441 3425 3424
f 3441 3424 3442
f 3442 3424 3423
f 3442 3423 3443
f 3443 3423 3408
f 3443 3408 3444
f 3444 3408 3409
f 3444 3409 3445
f 3445 3409 3410
f 3445 3410 3446
f 3446 3410 3413
f 3446 3413 3447
f 3447 3413 3412
f 3447 3412 3448
f 3448 3412 3411
f 3448 3411 3449
f 3449 3411 3422
f 3449 3422 3450
f 3450 3422 3421
f 3450 3421 3451
f 3451 3421 3420
f 3451 3420 3452
f 3452 3420 3419
f 3452 3419 3453
f 3453 3419 3418
f 3453 3418 3454
f 3454 3418 3417
f 3454 3417 3455
f 3455 3417 3388
f 3455 3388 3456
f 3456 3388 3387
f 3456 3387 3457
f 3457 3387 3386
f 3457 3386 3458
f 3458 3386 3385
f 3458 3385 3459
f 3459 3385 3384
f 3459 3384 3460
f 3460 3384 3379
f 3460 3379 3461
f 3461 3379 3378
f 3461 3378 3462
f 3462 3378 3377
f 3462 3377 3463
f 3463 3377 3376
f 3463 3376 3464
f 3464 3376 3392
f 3464 3392 3465
f 3465 3392 3391
f 3465 3391 3466
f 3466 3391 3390
f 3466 3390 3467
f 3467 3390 3381
f 3467 3381 3468
f 3468 3381 3380
f 3468 3380 3469
f 3469 3380 3404
f 3469 3404 3470
f 3470 3404 3403
f 3470 3403 3471
f 3471 3403 3402
f 3471 3402 3472
f 3472 3402 3401
f 3472 3401 3473
f 3473 3401 3400
f 3473 3400 3474
f 3474 3400 3397
f 3474 3397 3426
f 3475 3476 3477
f 3477 3476 3478
f 3477 3478 3479
f 3479 3478 3480
f 3479 3480 3481
f 3481 3480 3482
f 3483 3484 3482
f 3482 3484 3485
f 3482 3485 3481
f 3486 3487 3483
f 3483 3487 3488
f 3483 3488 3484
f 3489 3490 3491
f 3491 3490 3492
f 3491 3492 3493
f 3493 3492 3494
f 3493 3494 3486
f 3486 3494 3495
f 3486 3495 3487
f 3489 3491 3496
f 3496 3491 3497
f 3496 3497 3498
f 3498 3497 3499
f 3498 3499 3500
f 3500 3499 3501
f 3500 3501 3502
f 3502 3501 3503
f 3503 3501 3504
f 3503 3504 3505
f 3505 3504 3506
f 3506 3504 3507
f 3506 3507 3508
f 3508 3507 3509
f 3509 3507 3510
f 3509 3510 3511
f 3511 3510 3512
f 3511 3512 3513
f 3514 3515 3516
f 3516 3515 3517
f 3516 3517 3518
f 3518 3517 3519
f 3518 3519 3512
f 3512 3519 3520
f 3512 3520 3513
f 3521 3522 3514
f 3514 3522 3523
f 3514 3523 3515
f 3524 3525 3521
f 3521 3525 3526
f 3521 3526 3522
f 3527 3528 3529
f 3529 3528 3530
f 3529 3530 3531
f 3531 3530 3532
f 3531 3532 3524
f 3524 3532 3533
f 3524 3533 3525
f 3527 3529 3534
f 3534 3529 3535
f 3534 3535 3536
f 3536 3535 3537
f 3536 3537 3538
f 3538 3537 3539
f 3538 3539 3540
f 3540 3539 3541
f 3541 3539 3542
f 3541 3542 3543
f 3543 3542 3544
f 3544 3542 3545
f 3544 3545 3546
f 3546 3545 3547
f 3547 3545 3548
f 3547 3548 3549
f 3549 3548 3550
f 3549 3550 3551
f 3552 3553 3554
f 3554 3553 3555
f 3554 3555 3556
f 3556 3555 3557
f 3556 3557 3550
f 3550 3557 3558
f 3550 3558 3551
f 3559 3560 3552
f 3552 3560 3561
f 3552 3561 3553
f 3562 3563 3559
f 3559 3563 3564
f 3559 3564 3560
f 3565 3566 3567
f 3567 3566 3568
f 3567 3568 3569
f 3569 3568 3570
f 3569 3570 3562
f 3562 3570 3571
f 3562 3571 3563
f 3565 3567 3572
f 3572 3567 3573
f 3572 3573 3574
f 3574 3573 3575
f 3574 3575 3576
f 3576 3575 3577
f 3576 3577 3578
f 3578 3577 3579
f 3579 3577 3580
f 3579 3580 3581
f 3581 3580 3582
f 3582 3580 3583
f 3582 3583 3584
f 3584 3583 3585
f 3585 3583 3586
f 3585 3586 3587
f 3587 3586 3588
f 3587 3588 3589
f 3590 3591 3592
f 3592 3591 3593
f 3592 3593 3594
f 3594 3593 3595
f 3594 3595 3588
f 3588 3595 3596
f 3588 3596 3589
f 3597 3598 3590
f 3590 3598 3599
f 3590 3599 3591
f 3600 3601 3597
f 3597 3601 3602
f 3597 3602 3598
f 3475 3603 3476
f 3476 3603 3604
f 3476 3604 3605
f 3605 3604 3606
f 3605 3606 3600
f 3600 3606 3607
f 3600 3607 3601
f 3450 3608 3449
f 3449 3608 3609
f 3449 3609 3448
f 3448 3609 3610
f 3448 3610 3447
f 3447 3610 3611
f 3447 3611 3446
f 3446 3611 3612
f 3446 3612 3445
f 3445 3612 3613
f 3445 3613 3444
f 3444 3613 3614
f 3444 3614 3443
f 3443 3614 3615
f 3443 3615 3442
f 3442 3615 3616
f 3442 3616 3441
f 3441 3616 3617
f 3441 3617 3440
f 3440 3617 3618
f 3440 3618 3439
f 3439 3618 3619
f 3439 3619 3438
f 3438 3619 3620
f 3438 3620 3437
f 3437 3620 3621
f 3437 3621 3436
f 3436 3621 3622
f 3436 3622 3435
f 3435 3622 3623
f 3435 3623 3434
f 3434 3623 3624
f 3434 3624 3433
f 3433 3624 3625
f 3433 3625 3432
f 3432 3625 3626
f 3432 3626 3431
f 3431 3626 3627
f 3431 3627 3430
f 3430 3627 3628
f 3430 3628 3429
f 3429 3628 3629
f 3429 3629 3428
f 3428 3629 3630
f 3428 3630 3427
f 3427 3630 3631
f 3427 3631 3426
f 3426 3631 3632
f 3426 3632 3474
f 3474 3632 3633
f 3474 3633 3473
f 3473 3633 3634
f 3473 3634 3472
f 3472 3634 3635
f 3472 3635 3471
f 3471 3635 3636
f 3471 3636 3470
f 3470 3636 3637
f 3470 3637 3469
f 3469 3637 3638
f 3469 3638 3468
f 3468 3638 3639
f 3468 3639 3467
f 3467 3639 3640
f 3467 3640 3466
f 3466 3640 3641
f 3466 3641 3465
f 3465 3641 3642
f 3465 3642 3464
f 3464 3642 3643
f 3464 3643 3463
f 3463 3643 3644
f 3463 3644 3462
f 3462 3644 3645
f 3462 3645 3461
f 3461 3645 3646
f 3461 3646 3460
f 3460 3646 3647
f 3460 3647 3459
f 3459 3647 3648
f 3459 3648 3458
f 3458 3648 3649
f 3458 3649 3457
f 3457 3649 3650
f 3457 3650 3456
f 3456 3650 3651
f 3456 3651 3455
f 3455 3651 3652
f 3455 3652 3454
f 3454 3652 3653
f 3454 3653 3453
f 3453 3653 3654
f 3453 3654 3452
f 3452 3654 3655
f 3452 3655 3451
f 3451 3655 3656
f 3451 3656 3450
f 3450 3656 3608
f 3608 3575 3609
f 3609 3575 3573
f 3609 3573 3610
f 3610 3573 3567
f 3610 3567 3611
f 3611 3567 3569
f 3611 3569 3612
f 3612 3569 3562
f 3612 3562 3613
f 3613 3562 3559
f 3613 3559 3614
f 3614 3559 3552
f 3614 3552 3615
f 3615 3552 3554
f 3615 3554 3616
f 3616 3554 3556
f 3616 3556 3617
f 3617 3556 3550
f 3617 3550 3618
f 3618 3550 3548
f 3618 3548 3619
f 3619 3548 3545
f 3619 3545 3620
f 3620 3545 3542
f 3620 3542 3621
f 3621 3542 3539
f 3621 3539 3622
f 3622 3539 3537
f 3622 3537 3623
f 3623 3537 3535
f 3623 3535 3624
f 3624 3535 3529
f 3624 3529 3625
f 3625 3529 3531
f 3625 3531 3626
f 3626 3531 3524
f 3626 3524 3627
f 3627 3524 3521
f 3627 3521 3628
f 3628 3521 3514
f 3628 3514 3629
f 3629 3514 3516
f 3629 3516 3630
f 3630 3516 3518
f 3630 3518 3631
f 3631 3518 3512
f 3631 3512 3632
f 3632 3512 3510
f 3632 3510 3633
f 3633 3510 3507
f 3633 3507 3634
f 3634 3507 3504
f 3634 3504 3635
f 3635 3504 3501
f 3635 3501 3636
f 3636 3501 3499
f 3636 3499 3637
f 3637 3499 3497
f 3637 3497 3638
f 3638 3497 3491
f 3638 3491 3639
f 3639 3491 3493
f 3639 3493 3640
f 3640 3493 3486
f 3640 3486 3641
f 3641 3486 3483
f 3641 3483 3642
f 3642 3483 3482
f 3642 3482 3643
f 3643 3482 3480
f 3643 3480 3644
f 3644 3480 3478
f 3644 3478 3645
f 3645 3478 3476
f 3645 3476 3646
f 3646 3476 3605
f 3646 3605 3647
f 3647 3605 3600
f 3647 3600 3648
f 3648 3600 3597
f 3648 3597 3649
f 3649 3597 3590
f 3649 3590 3650
f 3650 3590 3592
f 3650 3592 3651
f 3651 3592 3594
f 3651 3594 3652
f 3652 3594 3588
f 3652 3588 3653
f 3653 3588 3586
f 3653 3586 3654
f 3654 3586 3583
f 3654 3583 3655
f 3655 3583 3580
f 3655 3580 3656
f 3656 3580 3577
f 3656 3577 3608
f 3608 3577 3575
f 3479 3657 3477
f 3477 3657 3658
f 3479 3481 3657
f 3657 3481 3485
f 3657 3485 3659
f 3485 3484 3659
f 3659 3484 3488
f 3659 3488 3660
f 3494 3661 3495
f 3495 3661 3660
f 3495 3660 3487
f 3487 3660 3488
f 3494 3492 3661
f 3661 3492 3490
f 3661 3490 3662
f 3498 3663 3496
f 3496 3663 3662
f 3496 3662 3489
f 3489 3662 3490
f 3498 3500 3663
f 3663 3500 3502
f 3663 3502 3664
f 3502 3503 3664
f 3664 3503 3505
f 3664 3505 3665
f 3509 3666 3508
f 3508 3666 3665
f 3508 3665 3506
f 3506 3665 3505
f 3509 3511 3666
f 3666 3511 3513
f 3666 3513 3667
f 3517 3668 3519
f 3519 3668 3667
f 3519 3667 3520
f 3520 3667 3513
f 3517 3515 3668
f 3668 3515 3523
f 3668 3523 3669
f 3523 3522 3669
f 3669 3522 3526
f 3669 3526 3670
f 3532 3671 3533
f 3533 3671 3670
f 3533 3670 3525
f 3525 3670 3526
f 3532 3530 3671
f 3671 3530 3528
f 3671 3528 3672
f 3536 3673 3534
f 3534 3673 3672
f 3534 3672 3527
f 3527 3672 3528
f 3536 3538 3673
f 3673 3538 3540
f 3673 3540 3674
f 3540 3541 3674
f 3674 3541 3543
f 3674 3543 3675
f 3547 3676 3546
f 3546 3676 3675
f 3546 3675 3544
f 3544 3675 3543
f 3547 3549 3676
f 3676 3549 3551
f 3676 3551 3677
f 3555 3678 3557
f 3557 3678 3677
f 3557 3677 3558
f 3558 3677 3551
f 3555 3553 3678
f 3678 3553 3561
f 3678 3561 3679
f 3561 3560 3679
f 3679 3560 3564
f 3679 3564 3680
f 3570 3681 3571
f 3571 3681 3680
f 3571 3680 3563
f 3563 3680 3564
f 3570 3568 3681
f 3681 3568 3566
f 3681 3566 3682
f 3574 3683 3572
f 3572 3683 3682
f 3572 3682 3565
f 3565 3682 3566
f 3574 3576 3683
f 3683 3576 3578
f 3683 3578 3684
f 3578 3579 3684
f 3684 3579 3581
f 3684 3581 3685
f 3585 3686 3584
f 3584 3686 3685
f 3584 3685 3582
f 3582 3685 3581
f 3585 3587 3686
f 3686 3587 3589
f 3686 3589 3687
f 3593 3688 3595
f 3595 3688 3687
f 3595 3687 3596
f 3596 3687 3589
f 3593 3591 3688
f 3688 3591 3599
f 3688 3599 3689
f 3599 3598 3689
f 3689 3598 3602
f 3689 3602 3690
f 3606 3691 3607
f 3607 3691 3690
f 3607 3690 3601
f 3601 3690 3602
f 3606 3604 3691
f 3691 3604 3603
f 3691 3603 3658
f 3658 3603 3475
f 3658 3475 3477
f 3692 3693 3694
f 3692 3694 3695
f 3696 3697 3694
f 3694 3697 3698
f 3694 3698 3695
f 3699 3700 3694
f 3694 3700 3701
f 3694 3701 3696
f 3702 3703 3694
f 3694 3703 3704
f 3694 3704 3699
f 3705 3706 3694
f 3694 3706 3707
f 3694 3707 3702
f 3708 3709 3694
f 3694 3709 3710
f 3694 3710 3705
f 3711 3712 3694
f 3694 3712 3713
f 3694 3713 3708
f 3714 3715 3694
f 3694 3715 3716
f 3694 3716 3711
f 3693 3717 3694
f 3694 3717 3718
f 3694 3718 3714
f 3719 3671 3720
f 3720 3671 3672
f 3720 3672 3721
f 3722 3667 3723
f 3723 3667 3668
f 3723 3668 3724
f 3724 3668 3669
f 3724 3669 3719
f 3719 3669 3670
f 3719 3670 3671
f 3725 3686 3726
f 3726 3686 3687
f 3726 3687 3727
f 3727 3687 3688
f 3727 3688 3728
f 3729 3663 3730
f 3730 3663 3664
f 3730 3664 3731
f 3731 3664 3665
f 3731 3665 3722
f 3722 3665 3666
f 3722 3666 3667
f 3732 3659 3733
f 3733 3659 3660
f 3733 3660 3734
f 3734 3660 3661
f 3734 3661 3729
f 3729 3661 3662
f 3729 3662 3663
f 3688 3689 3728
f 3728 3689 3690
f 3728 3690 3735
f 3735 3690 3691
f 3735 3691 3736
f 3736 3691 3658
f 3736 3658 3732
f 3732 3658 3657
f 3732 3657 3659
f 3737 3682 3738
f 3738 3682 3683
f 3738 3683 3739
f 3739 3683 3684
f 3739 3684 3725
f 3725 3684 3685
f 3725 3685 3686
f 3740 3678 3741
f 3741 3678 3679
f 3741 3679 3742
f 3742 3679 3680
f 3742 3680 3737
f 3737 3680 3681
f 3737 3681 3682
f 3672 3673 3721
f 3721 3673 3674
f 3721 3674 3743
f 3743 3674 3675
f 3743 3675 3744
f 3744 3675 3676
f 3744 3676 3740
f 3740 3676 3677
f 3740 3677 3678
f 3736 3695 3735
f 3735 3695 3698
f 3735 3698 3728
f 3728 3698 3697
f 3728 3697 3727
f 3727 3697 3696
f 3727 3696 3726
f 3726 3696 3701
f 3726 3701 3725
f 3725 3701 3700
f 3725 3700 3739
f 3739 3700 3699
f 3739 3699 3738
f 3738 3699 3704
f 3738 3704 3737
f 3737 3704 3703
f 3737 3703 3742
f 3742 3703 3702
f 3742 3702 3741
f 3741 3702 3707
f 3741 3707 3740
f 3740 3707 3706
f 3740 3706 3744
f 3744 3706 3705
f 3744 3705 3743
f 3743 3705 3710
f 3743 3710 3721
f 3721 3710 3709
f 3721 3709 3720
f 3720 3709 3708
f 3720 3708 3719
f 3719 3708 3713
f 3719 3713 3724
f 3724 3713 3712
f 3724 3712 3723
f 3723 3712 3711
f 3723 3711 3722
f 3722 3711 3716
f 3722 3716 3731
f 3731 3716 3715
f 3731 3715 3730
f 3730 3715 3714
f 3730 3714 3729
f 3729 3714 3718
f 3729 3718 3734
f 3734 3718 3717
f 3734 3717 3733
f 3733 3717 3693
f 3733 3693 3732
f 3732 3693 3692
f 3732 3692 3736
f 3736 3692 3695
f 3745 3746 3747
f 3747 3746 3748
f 3745 3747 3749
f 3749 3747 3750
f 3749 3750 3751
f 3751 3750 3752
f 3751 3752 3753
f 3753 3752 3754
f 3749 3751 3745
f 3745 3751 3753
f 3745 3753 3746
f 3746 3753 3755
f 3755 3756 3746
f 3746 3756 3748
f 3757 3758 3759
f 3757 3760 3758
f 3758 3760 3761
f 3758 3761 3762
f 3759 3763 3757
f 3757 3763 3764
f 3757 3764 3765
f 3762 3766 3758
f 3758 3766 3767
f 3758 3767 3768
f 3765 3769 3757
f 3757 3769 3770
f 3757 3770 3771
f 3768 3772 3758
f 3758 3772 3773
f 3758 3773 3774
f 3775 3776 3777
f 3771 3778 3757
f 3757 3778 3775
f 3757 3775 3779
f 3779 3775 3777
f 3780 3781 3774
f 3774 3781 3782
f 3774 3782 3758
f 3780 3783 3784
f 3780 3784 3781
f 3781 3784 3785
f 3781 3785 3782
f 3782 3785 3786
f 3782 3786 3758
f 3758 3786 3787
f 3758 3787 3759
f 3759 3787 3788
f 3759 3788 3763
f 3763 3788 3789
f 3763 3789 3764
f 3764 3789 3790
f 3764 3790 3765
f 3765 3790 3791
f 3765 3791 3769
f 3769 3791 3792
f 3769 3792 3770
f 3770 3792 3793
f 3770 3793 3771
f 3771 3793 3794
f 3771 3794 3778
f 3778 3794 3795
f 3778 3795 3775
f 3775 3795 3796
f 3775 3796 3776
f 3776 3796 3797
f 3776 3797 3777
f 3777 3797 3798
f 3777 3798 3779
f 3779 3798 3799
f 3779 3799 3757
f 3757 3799 3800
f 3757 3800 3760
f 3760 3800 3801
f 3760 3801 3761
f 3761 3801 3802
f 3761 3802 3762
f 3762 3802 3803
f 3762 3803 3766
f 3766 3803 3804
f 3766 3804 3767
f 3767 3804 3805
f 3767 3805 3768
f 3768 3805 3806
f 3768 3806 3772
f 3772 3806 3807
f 3772 3807 3773
f 3773 3807 3808
f 3773 3808 3774
f 3774 3808 3783
f 3774 3783 3780
f 3796 3809 3810
f 3796 3810 3797
f 3797 3810 3811
f 3797 3811 3798
f 3798 3811 3812
f 3798 3812 3799
f 3799 3812 3813
f 3799 3813 3800
f 3800 3813 3814
f 3800 3814 3801
f 3801 3814 3815
f 3801 3815 3802
f 3802 3815 3816
f 3802 3816 3803
f 3803 3816 3817
f 3803 3817 3804
f 3804 3817 3818
f 3804 3818 3805
f 3805 3818 3819
f 3805 3819 3806
f 3806 3819 3820
f 3806 3820 3807
f 3807 3820 3821
f 3807 3821 3808
f 3808 3821 3822
f 3808 3822 3783
f 3783 3822 3823
f 3783 3823 3784
f 3784 3823 3824
f 3784 3824 3785
f 3785 3824 3825
f 3785 3825 3786
f 3786 3825 3826
f 3786 3826 3787
f 3787 3826 3827
f 3787 3827 3788
f 3788 3827 3828
f 3788 3828 3789
f 3789 3828 3829
f 3789 3829 3790
f 3790 3829 3830
f 3790 3830 3791
f 3791 3830 3831
f 3791 3831 3792
f 3792 3831 3832
f 3792 3832 3793
f 3793 3832 3833
f 3793 3833 3794
f 3794 3833 3834
f 3794 3834 3795
f 3795 3834 3809
f 3795 3809 3796
f 3833 3835 3834
f 3834 3835 3836
f 3834 3836 3809
f 3809 3836 3837
f 3809 3837 3810
f 3828 3838 3829
f 3829 3838 3839
f 3829 3839 3830
f 3830 3839 3840
f 3830 3840 3831
f 3840 3841 3831
f 3831 3841 3842
f 3831 3842 3832
f 3832 3842 3843
f 3832 3843 3833
f 3833 3843 3844
f 3833 3844 3835
f 3825 3845 3826
f 3826 3845 3846
f 3826 3846 3827
f 3827 3846 3847
f 3827 3847 3828
f 3828 3847 3848
f 3828 3848 3838
f 3820 3849 3821
f 3821 3849 3850
f 3821 3850 3822
f 3822 3850 3851
f 3822 3851 3823
f 3812 3852 3813
f 3813 3852 3853
f 3813 3853 3814
f 3814 3853 3854
f 3814 3854 3815
f 3851 3855 3823
f 3823 3855 3856
f 3823 3856 3824
f 3824 3856 3857
f 3824 3857 3825
f 3825 3857 3858
f 3825 3858 3845
f 3837 3859 3810
f 3810 3859 3860
f 3810 3860 3811
f 3811 3860 3861
f 3811 3861 3812
f 3812 3861 3862
f 3812 3862 3852
f 3818 3863 3819
f 3819 3863 3864
f 3819 3864 3820
f 3820 3864 3865
f 3820 3865 3849
f 3854 3866 3815
f 3815 3866 3867
f 3815 3867 3816
f 3816 3867 3868
f 3816 3868 3817
f 3817 3868 3869
f 3817 3869 3818
f 3818 3869 3870
f 3818 3870 3863
f 3871 3872 3873
f 3871 3873 3874
f 3874 3873 3875
f 3874 3875 3876
f 3876 3875 3877
f 3876 3877 3878
f 3878 3877 3879
f 3878 3879 3880
f 3880 3879 3881
f 3880 3881 3882
f 3882 3881 3883
f 3882 3883 3884
f 3884 3883 3885
f 3884 3885 3886
f 3886 3885 3887
f 3886 3887 3888
f 3888 3887 3889
f 3888 3889 3890
f 3890 3889 3891
f 3890 3891 3892
f 3892 3891 3893
f 3892 3893 3894
f 3894 3893 3895
f 3894 3895 3896
f 3896 3895 3897
f 3896 3897 3898
f 3898 3897 3899
f 3898 3899 3900
f 3900 3899 3901
f 3900 3901 3902
f 3902 3901 3903
f 3902 3903 3904
f 3904 3903 3905
f 3904 3905 3906
f 3906 3905 3907
f 3906 3907 3908
f 3837 3907 3905
f 3837 3905 3859
f 3859 3905 3903
f 3859 3903 3860
f 3860 3903 3901
f 3860 3901 3861
f 3861 3901 3899
f 3861 3899 3862
f 3862 3899 3897
f 3862 3897 3852
f 3852 3897 3895
f 3852 3895 3853
f 3853 3895 3893
f 3853 3893 3854
f 3854 3893 3891
f 3854 3891 3866
f 3866 3891 3889
f 3866 3889 3867
f 3867 3889 3887
f 3867 3887 3868
f 3868 3887 3885
f 3868 3885 3869
f 3869 3885 3883
f 3869 3883 3870
f 3870 3883 3881
f 3870 3881 3863
f 3863 3881 3879
f 3863 3879 3864
f 3864 3879 3877
f 3864 3877 3865
f 3865 3877 3875
f 3865 3875 3849
f 3849 3875 3873
f 3849 3873 3850
f 3850 3873 3872
f 3850 3872 3851
f 3851 3872 3909
f 3851 3909 3855
f 3855 3909 3910
f 3855 3910 3856
f 3856 3910 3911
f 3856 3911 3857
f 3857 3911 3912
f 3857 3912 3858
f 3858 3912 3913
f 3858 3913 3845
f 3845 3913 3914
f 3845 3914 3846
f 3846 3914 3915
f 3846 3915 3847
f 3847 3915 3916
f 3847 3916 3848
f 3848 3916 3917
f 3848 3917 3838
f 3838 3917 3918
f 3838 3918 3839
f 3839 3918 3919
f 3839 3919 3840
f 3840 3919 3920
f 3840 3920 3841
f 3841 3920 3921
f 3841 3921 3842
f 3842 3921 3922
f 3842 3922 3843
f 3843 3922 3923
f 3843 3923 3844
f 3844 3923 3924
f 3844 3924 3835
f 3835 3924 3925
f 3835 3925 3836
f 3836 3925 3907
f 3836 3907 3837
f 3908 3907 3925
f 3908 3925 3926
f 3926 3925 3924
f 3926 3924 3927
f 3927 3924 3923
f 3927 3923 3928
f 3928 3923 3922
f 3928 3922 3929
f 3929 3922 3921
f 3929 3921 3930
f 3930 3921 3920
f 3930 3920 3931
f 3931 3920 3919
f 3931 3919 3932
f 3932 3919 3918
f 3932 3918 3933
f 3933 3918 3917
f 3933 3917 3934
f 3934 3917 3916
f 3934 3916 3935
f 3935 3916 3915
f 3935 3915 3936
f 3936 3915 3914
f 3936 3914 3937
f 3937 3914 3913
f 3937 3913 3938
f 3938 3913 3912
f 3938 3912 3939
f 3939 3912 3911
f 3939 3911 3940
f 3940 3911 3910
f 3940 3910 3941
f 3941 3910 3909
f 3941 3909 3942
f 3942 3909 3872
f 3942 3872 3871
f 3930 3931 3752
f 3750 3908 3926
f 3941 3756 3940
f 3940 3756 3754
f 3940 3754 3939
f 3939 3754 3938
f 3926 3927 3750
f 3750 3927 3928
f 3750 3928 3752
f 3752 3928 3929
f 3752 3929 3930
f 3941 3942 3756
f 3756 3942 3871
f 3756 3871 3874
f 3931 3932 3752
f 3752 3932 3933
f 3752 3933 3754
f 3754 3933 3934
f 3754 3934 3935
f 3935 3936 3754
f 3754 3936 3937
f 3754 3937 3938
f 3894 3896 3747
f 3747 3896 3898
f 3747 3898 3900
f 3882 3884 3748
f 3748 3884 3886
f 3874 3876 3756
f 3756 3876 3878
f 3756 3878 3748
f 3748 3878 3880
f 3748 3880 3882
f 3900 3902 3747
f 3747 3902 3904
f 3747 3904 3750
f 3750 3904 3906
f 3750 3906 3908
f 3886 3888 3748
f 3748 3888 3890
f 3748 3890 3747
f 3747 3890 3892
f 3747 3892 3894
f 3753 3754 3755
f 3755 3754 3756
f 3943 3944 3945
f 3945 3944 3946
f 3945 3946 3947
f 3947 3946 3948
f 3944 3949 3946
f 3946 3949 3950
f 3946 3950 3948
f 3948 3950 3951
f 3948 3951 3947
f 3947 3951 3952
f 3947 3952 3945
f 3945 3952 3953
f 3945 3953 3943
f 3943 3953 3954
f 3943 3954 3944
f 3944 3954 3949
f 3955 3956 3957
f 3957 3956 3958
f 3957 3958 3959
f 3950 3949 3960
f 3960 3949 3961
f 3960 3961 3955
f 3955 3961 3962
f 3955 3962 3956
f 3963 3951 3950
f 3950 3960 3963
f 3963 3960 3955
f 3963 3955 3964
f 3964 3955 3957
f 3964 3957 3965
f 3965 3957 3959
f 3965 3959 3966
f 3967 3952 3951
f 3951 3963 3967
f 3967 3963 3964
f 3967 3964 3968
f 3968 3964 3965
f 3968 3965 3969
f 3969 3965 3966
f 3969 3966 3970
f 3953 3952 3971
f 3971 3952 3967
f 3971 3967 3972
f 3967 3968 3972
f 3972 3968 3969
f 3972 3969 3973
f 3973 3969 3970
f 3973 3970 3974
f 3975 3954 3953
f 3953 3971 3975
f 3975 3971 3972
f 3975 3972 3976
f 3976 3972 3973
f 3976 3973 3977
f 3977 3973 3974
f 3977 3974 3978
f 3961 3949 3954
f 3954 3975 3961
f 3961 3975 3976
f 3961 3976 3962
f 3962 3976 3977
f 3962 3977 3956
f 3956 3977 3978
f 3956 3978 3958
f 3979 3980 3974
f 3974 3980 3981
f 3974 3981 3982
f 3983 3984 3970
f 3985 3986 3959
f 3982 3987 3974
f 3974 3987 3988
f 3974 3988 3978
f 3988 3989 3978
f 3978 3989 3990
f 3978 3990 3991
f 3985 3959 3992
f 3984 3993 3970
f 3970 3993 3994
f 3970 3994 3974
f 3974 3994 3995
f 3974 3995 3979
f 3996 3997 3966
f 3966 3997 3998
f 3966 3998 3999
f 4000 3970 4001
f 4001 3970 3966
f 4001 3966 4002
f 4002 3966 3999
f 4000 4003 3970
f 3970 4003 4004
f 3970 4004 4005
f 4005 4006 3970
f 3970 4006 4007
f 3970 4007 3983
f 3986 4008 3959
f 3959 4008 4009
f 3959 4009 4010
f 4011 3958 4012
f 4012 3958 4013
f 4014 4015 3958
f 3958 4015 4016
f 3958 4016 4013
f 4010 4017 3959
f 3959 4017 4018
f 3959 4018 3966
f 3966 4018 4019
f 3966 4019 3996
f 3991 4020 3978
f 3978 4020 4021
f 3978 4021 4022
f 4022 4023 3978
f 3978 4023 4024
f 3978 4024 3958
f 3958 4024 4025
f 3958 4025 4014
f 4011 4026 3958
f 3958 4026 4027
f 3958 4027 3959
f 3959 4027 4028
f 3959 4028 3992
f 4000 4001 4029
f 4029 4001 4002
f 4029 4002 4030
f 4030 4002 3999
f 4030 3999 4031
f 4031 3999 3998
f 4031 3998 4032
f 4032 3998 3997
f 4032 3997 4033
f 4033 3997 3996
f 4033 3996 4034
f 4034 3996 4019
f 4034 4019 4035
f 4035 4019 4018
f 4035 4018 4036
f 4036 4018 4017
f 4036 4017 4037
f 4037 4017 4010
f 4037 4010 4038
f 4038 4010 4009
f 4038 4009 4039
f 4039 4009 4008
f 4039 4008 4040
f 4040 4008 3986
f 4040 3986 4041
f 4041 3986 3985
f 4041 3985 4042
f 4042 3985 3992
f 4042 3992 4043
f 4043 3992 4028
f 4043 4028 4044
f 4044 4028 4027
f 4044 4027 4045
f 4045 4027 4026
f 4045 4026 4046
f 4046 4026 4011
f 4046 4011 4047
f 4047 4011 4012
f 4047 4012 4048
f 4048 4012 4013
f 4048 4013 4049
f 4049 4013 4016
f 4049 4016 4050
f 4050 4016 4015
f 4050 4015 4051
f 4051 4015 4014
f 4051 4014 4052
f 4052 4014 4025
f 4052 4025 4053
f 4053 4025 4024
f 4053 4024 4054
f 4054 4024 4023
f 4054 4023 4055
f 4055 4023 4022
f 4055 4022 4056
f 4056 4022 4021
f 4056 4021 4057
f 4057 4021 4020
f 4057 4020 4058
f 4058 4020 3991
f 4058 3991 4059
f 4059 3991 3990
f 4059 3990 4060
f 4060 3990 3989
f 4060 3989 4061
f 4061 3989 3988
f 4061 3988 4062
f 4062 3988 3987
f 4062 3987 4063
f 4063 3987 3982
f 4063 3982 4064
f 4064 3982 3981
f 4064 3981 4065
f 4065 3981 3980
f 4065 3980 4066
f 4066 3980 3979
f 4066 3979 4067
f 4067 3979 3995
f 4067 3995 4068
f 4068 3995 3994
f 4068 3994 4069
f 4069 3994 3993
f 4069 3993 4070
f 4070 3993 3984
f 4070 3984 4071
f 4071 3984 3983
f 4071 3983 4072
f 4072 3983 4007
f 4072 4007 4073
f 4073 4007 4006
f 4073 4006 4074
f 4074 4006 4005
f 4074 4005 4075
f 4075 4005 4004
f 4075 4004 4076
f 4076 4004 4003
f 4076 4003 4077
f 4077 4003 4000
f 4077 4000 4029
f 4078 4079 4080
f 4080 4079 4081
f 4080 4081 4082
f 4082 4081 4083
f 4082 4083 4084
f 4084 4083 4085
f 4086 4087 4085
f 4085 4087 4088
f 4085 4088 4084
f 4089 4090 4086
f 4086 4090 4091
f 4086 4091 4087
f 4092 4093 4094
f 4094 4093 4095
f 4094 4095 4096
f 4096 4095 4097
f 4096 4097 4089
f 4089 4097 4098
f 4089 4098 4090
f 4092 4094 4099
f 4099 4094 4100
f 4099 4100 4101
f 4101 4100 4102
f 4101 4102 4103
f 4103 4102 4104
f 4103 4104 4105
f 4105 4104 4106
f 4106 4104 4107
f 4106 4107 4108
f 4108 4107 4109
f 4109 4107 4110
f 4109 4110 4111
f 4111 4110 4112
f 4112 4110 4113
f 4112 4113 4114
f 4114 4113 4115
f 4114 4115 4116
f 4117 4118 4119
f 4119 4118 4120
f 4119 4120 4121
f 4121 4120 4122
f 4121 4122 4115
f 4115 4122 4123
f 4115 4123 4116
f 4124 4125 4117
f 4117 4125 4126
f 4117 4126 4118
f 4127 4128 4124
f 4124 4128 4129
f 4124 4129 4125
f 4130 4131 4132
f 4132 4131 4133
f 4132 4133 4134
f 4134 4133 4135
f 4134 4135 4127
f 4127 4135 4136
f 4127 4136 4128
f 4130 4132 4137
f 4137 4132 4138
f 4137 4138 4139
f 4139 4138 4140
f 4139 4140 4141
f 4141 4140 4142
f 4141 4142 4143
f 4143 4142 4144
f 4144 4142 4145
f 4144 4145 4146
f 4146 4145 4147
f 4147 4145 4148
f 4147 4148 4149
f 4149 4148 4150
f 4150 4148 4151
f 4150 4151 4152
f 4152 4151 4153
f 4152 4153 4154
f 4155 4156 4157
f 4157 4156 4158
f 4157 4158 4159
f 4159 4158 4160
f 4159 4160 4153
f 4153 4160 4161
f 4153 4161 4154
f 4162 4163 4155
f 4155 4163 4164
f 4155 4164 4156
f 4165 4166 4162
f 4162 4166 4167
f 4162 4167 4163
f 4168 4169 4170
f 4170 4169 4171
f 4170 4171 4172
f 4172 4171 4173
f 4172 4173 4165
f 4165 4173 4174
f 4165 4174 4166
f 4168 4170 4175
f 4175 4170 4176
f 4175 4176 4177
f 4177 4176 4178
f 4177 4178 4179
f 4179 4178 4180
f 4179 4180 4181
f 4181 4180 4182
f 4182 4180 4183
f 4182 4183 4184
f 4184 4183 4185
f 4185 4183 4186
f 4185 4186 4187
f 4187 4186 4188
f 4188 4186 4189
f 4188 4189 4190
f 4190 4189 4191
f 4190 4191 4192
f 4193 4194 4195
f 4195 4194 4196
f 4195 4196 4197
f 4197 4196 4198
f 4197 4198 4191
f 4191 4198 4199
f 4191 4199 4192
f 4200 4201 4193
f 4193 4201 4202
f 4193 4202 4194
f 4203 4204 4200
f 4200 4204 4205
f 4200 4205 4201
f 4078 4206 4079
f 4079 4206 4207
f 4079 4207 4208
f 4208 4207 4209
f 4208 4209 4203
f 4203 4209 4210
f 4203 4210 4204
f 4053 4211 4052
f 4052 4211 4212
f 4052 4212 4051
f 4051 4212 4213
f 4051 4213 4050
f 4050 4213 4214
f 4050 4214 4049
f 4049 4214 4215
f 4049 4215 4048
f 4048 4215 4216
f 4048 4216 4047
f 4047 4216 4217
f 4047 4217 4046
f 4046 4217 4218
f 4046 4218 4045
f 4045 4218 4219
f 4045 4219 4044
f 4044 4219 4220
f 4044 4220 4043
f 4043 4220 4221
f 4043 4221 4042
f 4042 4221 4222
f 4042 4222 4041
f 4041 4222 4223
f 4041 4223 4040
f 4040 4223 4224
f 4040 4224 4039
f 4039 4224 4225
f 4039 4225 4038
f 4038 4225 4226
f 4038 4226 4037
f 4037 4226 4227
f 4037 4227 4036
f 4036 4227 4228
f 4036 4228 4035
f 4035 4228 4229
f 4035 4229 4034
f 4034 4229 4230
f 4034 4230 4033
f 4033 4230 4231
f 4033 4231 4032
f 4032 4231 4232
f 4032 4232 4031
f 4031 4232 4233
f 4031 4233 4030
f 4030 4233 4234
f 4030 4234 4029
f 4029 4234 4235
f 4029 4235 4077
f 4077 4235 4236
f 4077 4236 4076
f 4076 4236 4237
f 4076 4237 4075
f 4075 4237 4238
f 4075 4238 4074
f 4074 4238 4239
f 4074 4239 4073
f 4073 4239 4240
f 4073 4240 4072
f 4072 4240 4241
f 4072 4241 4071
f 4071 4241 4242
f 4071 4242 4070
f 4070 4242 4243
f 4070 4243 4069
f 4069 4243 4244
f 4069 4244 4068
f 4068 4244 4245
f 4068 4245 4067
f 4067 4245 4246
f 4067 4246 4066
f 4066 4246 4247
f 4066 4247 4065
f 4065 4247 4248
f 4065 4248 4064
f 4064 4248 4249
f 4064 4249 4063
f 4063 4249 4250
f 4063 4250 4062
f 4062 4250 4251
f 4062 4251 4061
f 4061 4251 4252
f 4061 4252 4060
f 4060 4252 4253
f 4060 4253 4059
f 4059 4253 4254
f 4059 4254 4058
f 4058 4254 4255
f 4058 4255 4057
f 4057 4255 4256
f 4057 4256 4056
f 4056 4256 4257
f 4056 4257 4055
f 4055 4257 4258
f 4055 4258 4054
f 4054 4258 4259
f 4054 4259 4053
f 4053 4259 4211
f 4211 4178 4212
f 4212 4178 4176
f 4212 4176 4213
f 4213 4176 4170
f 4213 4170 4214
f 4214 4170 4172
f 4214 4172 4215
f 4215 4172 4165
f 4215 4165 4216
f 4216 4165 4162
f 4216 4162 4217
f 4217 4162 4155
f 4217 4155 4218
f 4218 4155 4157
f 4218 4157 4219
f 4219 4157 4159
f 4219 4159 4220
f 4220 4159 4153
f 4220 4153 4221
f 4221 4153 4151
f 4221 4151 4222
f 4222 4151 4148
f 4222 4148 4223
f 4223 4148 4145
f 4223 4145 4224
f 4224 4145 4142
f 4224 4142 4225
f 4225 4142 4140
f 4225 4140 4226
f 4226 4140 4138
f 4226 4138 4227
f 4227 4138 4132
f 4227 4132 4228
f 4228 4132 4134
f 4228 4134 4229
f 4229 4134 4127
f 4229 4127 4230
f 4230 4127 4124
f 4230 4124 4231
f 4231 4124 4117
f 4231 4117 4232
f 4232 4117 4119
f 4232 4119 4233
f 4233 4119 4121
f 4233 4121 4234
f 4234 4121 4115
f 4234 4115 4235
f 4235 4115 4113
f 4235 4113 4236
f 4236 4113 4110
f 4236 4110 4237
f 4237 4110 4107
f 4237 4107 4238
f 4238 4107 4104
f 4238 4104 4239
f 4239 4104 4102
f 4239 4102 4240
f 4240 4102 4100
f 4240 4100 4241
f 4241 4100 4094
f 4241 4094 4242
f 4242 4094 4096
f 4242 4096 4243
f 4243 4096 4089
f 4243 4089 4244
f 4244 4089 4086
f 4244 4086 4245
f 4245 4086 4085
f 4245 4085 4246
f 4246 4085 4083
f 4246 4083 4247
f 4247 4083 4081
f 4247 4081 4248
f 4248 4081 4079
f 4248 4079 4249
f 4249 4079 4208
f 4249 4208 4250
f 4250 4208 4203
f 4250 4203 4251
f 4251 4203 4200
f 4251 4200 4252
f 4252 4200 4193
f 4252 4193 4253
f 4253 4193 4195
f 4253 4195 4254
f 4254 4195 4197
f 4254 4197 4255
f 4255 4197 4191
f 4255 4191 4256
f 4256 4191 4189
f 4256 4189 4257
f 4257 4189 4186
f 4257 4186 4258
f 4258 4186 4183
f 4258 4183 4259
f 4259 4183 4180
f 4259 4180 4211
f 4211 4180 4178
f 4082 4260 4080
f 4080 4260 4261
f 4082 4084 4260
f 4260 4084 4088
f 4260 4088 4262
f 4088 4087 4262
f 4262 4087 4091
f 4262 4091 4263
f 4097 4264 4098
f 4098 4264 4263
f 4098 4263 4090
f 4090 4263 4091
f 4097 4095 4264
f 4264 4095 4093
f 4264 4093 4265
f 4101 4266 4099
f 4099 4266 4265
f 4099 4265 4092
f 4092 4265 4093
f 4101 4103 4266
f 4266 4103 4105
f 4266 4105 4267
f 4105 4106 4267
f 4267 4106 4108
f 4267 4108 4268
f 4112 4269 4111
f 4111 4269 4268
f 4111 4268 4109
f 4109 4268 4108
f 4112 4114 4269
f 4269 4114 4116
f 4269 4116 4270
f 4120 4271 4122
f 4122 4271 4270
f 4122 4270 4123
f 4123 4270 4116
f 4120 4118 4271
f 4271 4118 4126
f 4271 4126 4272
f 4126 4125 4272
f 4272 4125 4129
f 4272 4129 4273
f 4135 4274 4136
f 4136 4274 4273
f 4136 4273 4128
f 4128 4273 4129
f 4135 4133 4274
f 4274 4133 4131
f 4274 4131 4275
f 4139 4276 4137
f 4137 4276 4275
f 4137 4275 4130
f 4130 4275 4131
f 4139 4141 4276
f 4276 4141 4143
f 4276 4143 4277
f 4143 4144 4277
f 4277 4144 4146
f 4277 4146 4278
f 4150 4279 4149
f 4149 4279 4278
f 4149 4278 4147
f 4147 4278 4146
f 4150 4152 4279
f 4279 4152 4154
f 4279 4154 4280
f 4158 4281 4160
f 4160 4281 4280
f 4160 4280 4161
f 4161 4280 4154
f 4158 4156 4281
f 4281 4156 4164
f 4281 4164 4282
f 4164 4163 4282
f 4282 4163 4167
f 4282 4167 4283
f 4173 4284 4174
f 4174 4284 4283
f 4174 4283 4166
f 4166 4283 4167
f 4173 4171 4284
f 4284 4171 4169
f 4284 4169 4285
f 4177 4286 4175
f 4175 4286 4285
f 4175 4285 4168
f 4168 4285 4169
f 4177 4179 4286
f 4286 4179 4181
f 4286 4181 4287
f 4181 4182 4287
f 4287 4182 4184
f 4287 4184 4288
f 4188 4289 4187
f 4187 4289 4288
f 4187 4288 4185
f 4185 4288 4184
f 4188 4190 4289
f 4289 4190 4192
f 4289 4192 4290
f 4196 4291 4198
f 4198 4291 4290
f 4198 4290 4199
f 4199 4290 4192
f 4196 4194 4291
f 4291 4194 4202
f 4291 4202 4292
f 4202 4201 4292
f 4292 4201 4205
f 4292 4205 4293
f 4209 4294 4210
f 4210 4294 4293
f 4210 4293 4204
f 4204 4293 4205
f 4209 4207 4294
f 4294 4207 4206
f 4294 4206 4261
f 4261 4206 4078
f 4261 4078 4080
f 4295 4296 4297
f 4295 4297 4298
f 4299 4300 4297
f 4297 4300 4301
f 4297 4301 4298
f 4302 4303 4297
f 4297 4303 4304
f 4297 4304 4299
f 4305 4306 4297
f 4297 4306 4307
f 4297 4307 4302
f 4308 4309 4297
f 4297 4309 4310
f 4297 4310 4305
f 4311 4312 4297
f 4297 4312 4313
f 4297 4313 4308
f 4314 4315 4297
f 4297 4315 4316
f 4297 4316 4311
f 4317 4318 4297
f 4297 4318 4319
f 4297 4319 4314
f 4296 4320 4297
f 4297 4320 4321
f 4297 4321 4317
f 4322 4274 4323
f 4323 4274 4275
f 4323 4275 4324
f 4325 4270 4326
f 4326 4270 4271
f 4326 4271 4327
f 4327 4271 4272
f 4327 4272 4322
f 4322 4272 4273
f 4322 4273 4274
f 4328 4289 4329
f 4329 4289 4290
f 4329 4290 4330
f 4330 4290 4291
f 4330 4291 4331
f 4332 4266 4333
f 4333 4266 4267
f 4333 4267 4334
f 4334 4267 4268
f 4334 4268 4325
f 4325 4268 4269
f 4325 4269 4270
f 4335 4262 4336
f 4336 4262 4263
f 4336 4263 4337
f 4337 4263 4264
f 4337 4264 4332
f 4332 4264 4265
f 4332 4265 4266
f 4291 4292 4331
f 4331 4292 4293
f 4331 4293 4338
f 4338 4293 4294
f 4338 4294 4339
f 4339 4294 4261
f 4339 4261 4335
f 4335 4261 4260
f 4335 4260 4262
f 4340 4285 4341
f 4341 4285 4286
f 4341 4286 4342
f 4342 4286 4287
f 4342 4287 4328
f 4328 4287 4288
f 4328 4288 4289
f 4343 4281 4344
f 4344 4281 4282
f 4344 4282 4345
f 4345 4282 4283
f 4345 4283 4340
f 4340 4283 4284
f 4340 4284 4285
f 4275 4276 4324
f 4324 4276 4277
f 4324 4277 4346
f 4346 4277 4278
f 4346 4278 4347
f 4347 4278 4279
f 4347 4279 4343
f 4343 4279 4280
f 4343 4280 4281
f 4339 4298 4338
f 4338 4298 4301
f 4338 4301 4331
f 4331 4301 4300
f 4331 4300 4330
f 4330 4300 4299
f 4330 4299 4329
f 4329 4299 4304
f 4329 4304 4328
f 4328 4304 4303
f 4328 4303 4342
f 4342 4303 4302
f 4342 4302 4341
f 4341 4302 4307
f 4341 4307 4340
f 4340 4307 4306
f 4340 4306 4345
f 4345 4306 4305
f 4345 4305 4344
f 4344 4305 4310
f 4344 4310 4343
f 4343 4310 4309
f 4343 4309 4347
f 4347 4309 4308
f 4347 4308 4346
f 4346 4308 4313
f 4346 4313 4324
f 4324 4313 4312
f 4324 4312 4323
f 4323 4312 4311
f 4323 4311 4322
f 4322 4311 4316
f 4322 4316 4327
f 4327 4316 4315
f 4327 4315 4326
f 4326 4315 4314
f 4326 4314 4325
f 4325 4314 4319
f 4325 4319 4334
f 4334 4319 4318
f 4334 4318 4333
f 4333 4318 4317
f 4333 4317 4332
f 4332 4317 4321
f 4332 4321 4337
f 4337 4321 4320
f 4337 4320 4336
f 4336 4320 4296
f 4336 4296 4335
f 4335 4296 4295
f 4335 4295 4339
f 4339 4295 4298
f 4348 4349 4350
f 4350 4349 4351
f 4350 4351 4352
f 4352 4351 4353
f 4352 4353 4354
f 4354 4353 4355
f 4354 4355 4356
f 4356 4355 4357
f 4356 4357 4358
f 4358 4357 4359
f 4358 4359 4360
f 4360 4359 4361
f 4360 4361 4362
f 4362 4361 4363
f 4362 4363 4364
f 4364 4363 4365
f 4364 4365 4366
f 4366 4365 4367
f 4366 4367 4368
f 4368 4367 4369
f 4368 4369 4370
f 4370 4369 4371
f 4370 4371 4348
f 4348 4371 4349
f 4372 4373 4374
f 4374 4373 4375
f 4374 4375 4376
f 4376 4375 4377
f 4376 4377 4378
f 4378 4377 4379
f 4378 4379 4380
f 4380 4379 4381
f 4380 4381 4382
f 4382 4381 4383
f 4382 4383 4384
f 4384 4383 4385
f 4384 4385 4386
f 4386 4385 4387
f 4386 4387 4388
f 4388 4387 4389
f 4388 4389 4390
f 4390 4389 4391
f 4390 4391 4392
f 4392 4391 4393
f 4392 4393 4394
f 4394 4393 4395
f 4394 4395 4372
f 4372 4395 4373
f 4396 4397 4398
f 4398 4397 4399
f 4398 4399 4400
f 4400 4399 4401
f 4400 4401 4402
f 4402 4401 4403
f 4402 4403 4404
f 4404 4403 4405
f 4404 4405 4406
f 4406 4405 4407
f 4406 4407 4408
f 4408 4407 4409
f 4408 4409 4410
f 4410 4409 4411
f 4410 4411 4412
f 4412 4411 4413
f 4412 4413 4414
f 4414 4413 4415
f 4414 4415 4416
f 4416 4415 4417
f 4416 4417 4418
f 4418 4417 4419
f 4418 4419 4396
f 4396 4419 4397
f 4420 4421 4422
f 4422 4421 4423
f 4422 4423 4424
f 4424 4423 4425
f 4424 4425 4426
f 4426 4425 4427
f 4426 4427 4428
f 4428 4427 4429
f 4428 4429 4430
f 4430 4429 4431
f 4430 4431 4432
f 4432 4431 4433
f 4432 4433 4434
f 4434 4433 4435
f 4434 4435 4436
f 4436 4435 4437
f 4436 4437 4438
f 4438 4437 4439
f 4438 4439 4440
f 4440 4439 4441
f 4440 4441 4442
f 4442 4441 4443
f 4442 4443 4420
f 4420 4443 4421
f 4444 4445 4446
f 4446 4445 4447
f 4446 4447 4448
f 4448 4447 4449
f 4448 4449 4450
f 4450 4449 4451
f 4450 4451 4452
f 4452 4451 4453
f 4452 4453 4454
f 4454 4453 4455
f 4454 4455 4456
f 4456 4455 4457
f 4456 4457 4458
f 4458 4457 4459
f 4458 4459 4460
f 4460 4459 4461
f 4460 4461 4462
f 4462 4461 4463
f 4462 4463 4464
f 4464 4463 4465
f 4464 4465 4466
f 4466 4465 4467
f 4466 4467 4444
f 4444 4467 4445
f 4468 4469 4470
f 4470 4469 4471
f 4470 4471 4472
f 4472 4471 4473
f 4472 4473 4474
f 4474 4473 4475
f 4474 4475 4476
f 4476 4475 4477
f 4476 4477 4478
f 4478 4477 4479
f 4478 4479 4480
f 4480 4479 4481
f 4482 4483 4484
f 4484 4483 4485
f 4484 4485 4486
f 4486 4485 4487
f 4486 4487 4488
f 4488 4487 4489
f 4490 4486 4488
f 4491 4492 4493
f 4494 4495 4492
f 4492 4495 4496
f 4492 4496 4493
f 4495 4497 4496
f 4496 4497 4498
f 4496 4498 4499
f 4499 4498 4500
f 4486 4490 4484
f 4484 4490 4501
f 4484 4501 4482
f 4482 4501 4502
f 4482 4502 4503
f 4503 4502 4491
f 4503 4491 4504
f 4504 4491 4493
f 4505 4483 4482
f 4482 4503 4505
f 4505 4503 4504
f 4505 4504 4506
f 4506 4504 4493
f 4496 4507 4493
f 4493 4507 4508
f 4493 4508 4506
f 4496 4499 4507
f 4507 4499 4500
f 4507 4500 4509
f 4510 4511 4512
f 4513 4514 4515
f 4513 4515 4516
f 4516 4515 4517
f 4516 4517 4518
f 4510 4519 4520
f 4521 4511 4522
f 4522 4511 4510
f 4522 4510 4523
f 4523 4510 4520
f 4513 4524 4514
f 4514 4524 4525
f 4514 4525 4512
f 4512 4525 4526
f 4512 4526 4510
f 4518 4527 4516
f 4516 4527 4528
f 4529 4513 4528
f 4528 4513 4516
f 4530 4531 4519
f 4519 4510 4530
f 4530 4510 4526
f 4530 4526 4532
f 4532 4526 4525
f 4532 4525 4533
f 4533 4525 4529
f 4529 4525 4524
f 4529 4524 4513
f 4509 4500 4534
f 4534 4535 4509
f 4509 4535 4536
f 4509 4536 4531
f 4531 4536 4537
f 4531 4537 4519
f 4418 4396 4538
f 4539 4540 4541
f 4534 4500 4498
f 4534 4540 4535
f 4535 4540 4539
f 4535 4539 4536
f 4536 4539 4542
f 4536 4542 4537
f 4537 4542 4543
f 4537 4543 4519
f 4470 4472 4544
f 4543 4545 4544
f 4544 4545 4468
f 4544 4468 4470
f 4474 4476 4546
f 4546 4476 4478
f 4546 4478 4480
f 4547 4548 4542
f 4542 4548 4549
f 4542 4549 4543
f 4543 4549 4550
f 4543 4550 4545
f 4466 4546 4542
f 4542 4546 4480
f 4542 4480 4547
f 4466 4444 4546
f 4546 4444 4446
f 4546 4446 4448
f 4450 4452 4551
f 4551 4452 4454
f 4551 4454 4456
f 4458 4460 4539
f 4539 4460 4462
f 4539 4462 4542
f 4542 4462 4464
f 4542 4464 4466
f 4358 4360 4544
f 4538 4354 4356
f 4360 4362 4544
f 4544 4362 4364
f 4544 4364 4366
f 4368 4370 4523
f 4523 4370 4348
f 4523 4348 4522
f 4522 4348 4350
f 4522 4350 4352
f 4519 4543 4520
f 4520 4543 4544
f 4520 4544 4523
f 4523 4544 4366
f 4523 4366 4368
f 4356 4358 4538
f 4538 4358 4544
f 4538 4544 4552
f 4448 4450 4546
f 4546 4450 4551
f 4546 4551 4553
f 4553 4551 4372
f 4553 4372 4374
f 4382 4384 4554
f 4390 4392 4551
f 4551 4392 4394
f 4551 4394 4372
f 4554 4384 4541
f 4541 4384 4386
f 4541 4386 4388
f 4374 4376 4553
f 4553 4376 4378
f 4553 4378 4554
f 4554 4378 4380
f 4554 4380 4382
f 4388 4390 4541
f 4541 4390 4551
f 4541 4551 4539
f 4539 4551 4456
f 4539 4456 4458
f 4555 4521 4522
f 4352 4354 4522
f 4522 4354 4538
f 4522 4538 4555
f 4555 4538 4396
f 4404 4406 4556
f 4408 4410 4552
f 4396 4398 4555
f 4555 4398 4400
f 4555 4400 4556
f 4556 4400 4402
f 4556 4402 4404
f 4408 4552 4406
f 4410 4412 4552
f 4552 4412 4414
f 4552 4414 4538
f 4538 4414 4416
f 4538 4416 4418
f 4406 4552 4556
f 4556 4552 4420
f 4556 4420 4422
f 4430 4432 4553
f 4553 4432 4434
f 4553 4434 4436
f 4438 4440 4552
f 4552 4440 4442
f 4552 4442 4420
f 4422 4424 4556
f 4556 4424 4426
f 4556 4426 4557
f 4557 4426 4428
f 4472 4474 4544
f 4544 4474 4546
f 4544 4546 4552
f 4552 4546 4553
f 4552 4553 4438
f 4438 4553 4436
f 4554 4558 4553
f 4553 4558 4557
f 4553 4557 4430
f 4430 4557 4428
f 4534 4498 4540
f 4540 4498 4497
f 4540 4497 4541
f 4541 4497 4495
f 4541 4495 4554
f 4554 4495 4494
f 4554 4494 4558
f 4480 4481 4547
f 4547 4481 4559
f 4547 4559 4548
f 4548 4559 4560
f 4548 4560 4549
f 4549 4560 4561
f 4549 4561 4550
f 4550 4561 4562
f 4550 4562 4545
f 4545 4562 4563
f 4545 4563 4468
f 4468 4563 4469
f 4435 4433 4564
f 4565 4566 4567
f 4567 4566 4568
f 4567 4568 4569
f 4570 4571 4572
f 4572 4571 4573
f 4572 4573 4574
f 4575 4576 4577
f 4578 4579 4576
f 4576 4579 4580
f 4576 4580 4577
f 4581 4582 4583
f 4583 4582 4584
f 4585 4586 4587
f 4587 4586 4583
f 4587 4583 4588
f 4588 4583 4584
f 4582 4455 4453
f 4465 4463 4589
f 4451 4449 4590
f 4589 4463 4581
f 4449 4447 4590
f 4590 4447 4445
f 4590 4445 4589
f 4589 4445 4467
f 4589 4467 4465
f 4463 4461 4581
f 4581 4461 4459
f 4581 4459 4582
f 4582 4459 4457
f 4582 4457 4455
f 4590 4479 4477
f 4469 4563 4591
f 4475 4473 4592
f 4592 4473 4471
f 4592 4471 4469
f 4563 4562 4591
f 4591 4562 4561
f 4591 4561 4589
f 4561 4560 4589
f 4589 4560 4559
f 4589 4559 4590
f 4590 4559 4481
f 4590 4481 4479
f 4584 4387 4593
f 4593 4387 4385
f 4593 4385 4383
f 4383 4381 4593
f 4593 4381 4379
f 4593 4379 4564
f 4379 4377 4564
f 4564 4377 4375
f 4564 4375 4582
f 4582 4375 4373
f 4582 4373 4395
f 4395 4393 4582
f 4582 4393 4391
f 4582 4391 4584
f 4584 4391 4389
f 4584 4389 4387
f 4453 4451 4582
f 4582 4451 4590
f 4582 4590 4564
f 4564 4590 4594
f 4371 4369 4595
f 4595 4369 4367
f 4595 4367 4592
f 4592 4367 4365
f 4355 4353 4596
f 4596 4353 4351
f 4596 4351 4595
f 4595 4351 4349
f 4595 4349 4371
f 4365 4363 4592
f 4592 4363 4361
f 4592 4361 4597
f 4597 4361 4359
f 4597 4359 4357
f 4433 4598 4564
f 4564 4598 4599
f 4564 4599 4593
f 4425 4423 4600
f 4433 4431 4598
f 4598 4431 4429
f 4598 4429 4600
f 4600 4429 4427
f 4600 4427 4425
f 4423 4421 4594
f 4594 4421 4443
f 4443 4441 4594
f 4594 4441 4439
f 4594 4439 4564
f 4564 4439 4437
f 4564 4437 4435
f 4423 4594 4600
f 4600 4594 4409
f 4600 4409 4407
f 4407 4405 4600
f 4600 4405 4403
f 4600 4403 4601
f 4597 4419 4417
f 4415 4413 4594
f 4594 4413 4411
f 4594 4411 4409
f 4403 4401 4601
f 4601 4401 4399
f 4601 4399 4597
f 4597 4399 4397
f 4597 4397 4419
f 4477 4475 4590
f 4590 4475 4592
f 4590 4592 4594
f 4594 4592 4597
f 4594 4597 4415
f 4415 4597 4417
f 4357 4355 4597
f 4597 4355 4596
f 4597 4596 4601
f 4601 4596 4572
f 4469 4591 4592
f 4592 4591 4575
f 4592 4575 4595
f 4595 4575 4577
f 4595 4577 4596
f 4596 4577 4602
f 4596 4602 4572
f 4572 4602 4603
f 4572 4603 4570
f 4574 4604 4572
f 4572 4604 4605
f 4572 4605 4601
f 4601 4605 4606
f 4601 4606 4600
f 4600 4606 4569
f 4600 4569 4598
f 4598 4569 4568
f 4598 4568 4599
f 4607 4580 4608
f 4608 4580 4579
f 4608 4579 4609
f 4609 4579 4578
f 4609 4578 4610
f 4610 4578 4576
f 4580 4607 4577
f 4577 4607 4602
f 4602 4607 4603
f 4603 4607 4611
f 4603 4611 4570
f 4612 4574 4613
f 4613 4574 4573
f 4613 4573 4614
f 4614 4573 4571
f 4614 4571 4611
f 4611 4571 4570
f 4604 4574 4612
f 4567 4569 4615
f 4615 4569 4606
f 4615 4606 4612
f 4612 4606 4605
f 4612 4605 4604
f 4616 4568 4617
f 4617 4568 4566
f 4617 4566 4618
f 4618 4566 4565
f 4618 4565 4615
f 4615 4565 4567
f 4588 4584 4619
f 4619 4584 4593
f 4619 4593 4616
f 4616 4593 4599
f 4616 4599 4568
f 4620 4583 4586
f 4620 4586 4621
f 4621 4586 4585
f 4621 4585 4622
f 4622 4585 4587
f 4622 4587 4623
f 4623 4587 4588
f 4623 4588 4619
f 4610 4576 4575
f 4575 4591 4610
f 4610 4591 4589
f 4610 4589 4620
f 4620 4589 4581
f 4620 4581 4583
f 4620 4624 4610
f 4610 4624 4625
f 4610 4625 4609
f 4609 4625 4626
f 4609 4626 4608
f 4608 4626 4627
f 4608 4627 4607
f 4607 4627 4628
f 4607 4628 4611
f 4611 4628 4629
f 4611 4629 4614
f 4614 4629 4630
f 4614 4630 4613
f 4613 4630 4631
f 4613 4631 4612
f 4612 4631 4632
f 4612 4632 4615
f 4615 4632 4633
f 4615 4633 4618
f 4618 4633 4634
f 4618 4634 4617
f 4617 4634 4635
f 4617 4635 4616
f 4616 4635 4636
f 4616 4636 4619
f 4619 4636 4637
f 4638 4624 4620
f 4619 4637 4623
f 4623 4637 4639
f 4623 4639 4622
f 4622 4639 4638
f 4622 4638 4621
f 4621 4638 4620
f 4640 4641 4642
f 4642 4641 4643
f 4644 4645 4646
f 4646 4645 4647
f 4646 4647 4648
f 4648 4647 4649
f 4648 4649 4650
f 4651 4652 4642
f 4642 4652 4653
f 4642 4653 4640
f 4654 4655 4643
f 4643 4655 4648
f 4643 4648 4642
f 4642 4648 4650
f 4656 4657 4658
f 4658 4657 4652
f 4658 4652 4659
f 4659 4652 4651
f 4659 4651 4660
f 4660 4651 4661
f 4662 4663 4664
f 4664 4663 4665
f 4664 4665 4666
f 4666 4665 4667
f 4666 4667 4668
f 4668 4667 4669
f 4668 4647 4666
f 4666 4647 4645
f 4666 4645 4664
f 4664 4645 4644
f 4664 4644 4662
f 4662 4644 4646
f 4649 4647 4670
f 4670 4647 4668
f 4671 4670 4669
f 4669 4670 4668
f 4670 4671 4672
f 4672 4671 4673
f 4672 4673 4674
f 4674 4673 4675
f 4674 4642 4672
f 4672 4642 4650
f 4672 4650 4670
f 4670 4650 4649
f 4651 4642 4676
f 4676 4642 4674
f 4677 4676 4675
f 4675 4676 4674
f 4676 4677 4678
f 4678 4677 4679
f 4678 4679 4680
f 4680 4679 4681
f 4680 4681 4682
f 4682 4681 4683
f 4682 4659 4680
f 4680 4659 4660
f 4680 4660 4678
f 4678 4660 4661
f 4678 4661 4676
f 4676 4661 4651
f 4659 4682 4658
f 4658 4682 4684
f 4685 4684 4683
f 4683 4684 4682
f 4684 4685 4686
f 4686 4685 4687
f 4686 4687 4688
f 4688 4687 4689
f 4688 4689 4690
f 4690 4689 4691
f 4656 4658 4684
f 4684 4686 4656
f 4656 4686 4688
f 4656 4688 4657
f 4657 4688 4690
f 4657 4690 4652
f 4690 4692 4652
f 4652 4692 4653
f 4693 4692 4691
f 4691 4692 4690
f 4692 4693 4694
f 4694 4693 4695
f 4694 4695 4696
f 4696 4695 4697
f 4696 4641 4694
f 4694 4641 4640
f 4694 4640 4692
f 4692 4640 4653
f 4696 4698 4641
f 4641 4698 4643
f 4699 4698 4697
f 4697 4698 4696
f 4698 4699 4700
f 4700 4699 4701
f 4700 4701 4702
f 4702 4701 4703
f 4702 4703 4704
f 4704 4703 4705
f 4704 4648 4702
f 4702 4648 4655
f 4702 4655 4700
f 4700 4655 4654
f 4700 4654 4698
f 4698 4654 4643
f 4646 4648 4662
f 4662 4648 4704
f 4663 4662 4705
f 4705 4662 4704
f 4665 4663 4706
f 4706 4663 4705
f 4706 4705 4707
f 4707 4705 4703
f 4683 4681 4708
f 4709 4669 4706
f 4706 4669 4667
f 4706 4667 4665
f 4710 4691 4711
f 4711 4691 4689
f 4711 4689 4687
f 4712 4713 4685
f 4685 4713 4714
f 4683 4708 4685
f 4681 4679 4708
f 4708 4679 4677
f 4708 4677 4715
f 4715 4677 4675
f 4715 4675 4716
f 4716 4675 4673
f 4716 4673 4709
f 4709 4673 4671
f 4709 4671 4669
f 4703 4701 4707
f 4707 4701 4699
f 4707 4699 4717
f 4717 4699 4697
f 4717 4697 4718
f 4718 4697 4695
f 4718 4695 4710
f 4710 4695 4693
f 4710 4693 4691
f 4719 4720 4714
f 4714 4720 4711
f 4714 4711 4685
f 4685 4711 4687
f 4721 4712 4722
f 4722 4712 4685
f 4722 4685 4723
f 4723 4685 4708
f 4724 4711 4720
f 4724 4720 4725
f 4725 4720 4719
f 4725 4719 4726
f 4726 4719 4714
f 4726 4714 4727
f 4727 4714 4713
f 4727 4713 4728
f 4711 4724 4710
f 4710 4724 4729
f 4730 4717 4718
f 4730 4718 4731
f 4731 4718 4710
f 4731 4710 4729
f 4717 4730 4707
f 4707 4730 4732
f 4707 4732 4733
f 4733 4734 4707
f 4707 4734 4735
f 4707 4735 4706
f 4706 4735 4736
f 4736 4737 4706
f 4706 4737 4738
f 4706 4738 4709
f 4739 4715 4716
f 4739 4716 4740
f 4740 4716 4709
f 4740 4709 4738
f 4715 4739 4708
f 4708 4739 4741
f 4742 4712 4721
f 4742 4721 4743
f 4743 4721 4722
f 4743 4722 4744
f 4744 4722 4723
f 4744 4723 4745
f 4745 4723 4708
f 4745 4708 4741
f 4712 4742 4713
f 4713 4742 4728
f 4742 4746 4728
f 4728 4746 4747
f 4724 4725 4748
f 4748 4725 4749
f 4728 4747 4727
f 4727 4747 4750
f 4727 4750 4726
f 4726 4750 4751
f 4726 4751 4725
f 4725 4751 4752
f 4725 4752 4749
f 4753 4729 4754
f 4754 4729 4724
f 4754 4724 4748
f 4730 4731 4755
f 4755 4731 4756
f 4756 4731 4757
f 4757 4731 4729
f 4757 4729 4753
f 4758 4732 4759
f 4759 4732 4730
f 4759 4730 4755
f 4734 4733 4732
f 4734 4732 4760
f 4760 4732 4758
f 4760 4758 4761
f 4760 4638 4639
f 4639 4637 4760
f 4760 4637 4636
f 4760 4636 4734
f 4734 4636 4635
f 4631 4630 4735
f 4735 4630 4629
f 4735 4629 4762
f 4762 4629 4628
f 4762 4628 4627
f 4627 4626 4762
f 4762 4626 4625
f 4762 4625 4760
f 4760 4625 4624
f 4760 4624 4638
f 4635 4634 4734
f 4734 4634 4633
f 4734 4633 4735
f 4735 4633 4632
f 4735 4632 4631
f 4763 4764 4762
f 4762 4764 4737
f 4762 4737 4735
f 4735 4737 4736
f 4765 4738 4766
f 4766 4738 4737
f 4766 4737 4764
f 4767 4768 4769
f 4767 4769 4770
f 4770 4769 4771
f 4770 4771 4772
f 4772 4771 4765
f 4772 4765 4773
f 4739 4740 4768
f 4768 4740 4769
f 4769 4740 4771
f 4771 4740 4738
f 4771 4738 4765
f 4774 4741 4775
f 4775 4741 4739
f 4775 4739 4768
f 4746 4742 4743
f 4741 4774 4776
f 4741 4776 4745
f 4745 4776 4777
f 4745 4777 4744
f 4744 4777 4778
f 4744 4778 4743
f 4743 4778 4779
f 4743 4779 4746
f 4774 4780 4781
f 4782 4746 4779
f 4782 4779 4783
f 4783 4779 4778
f 4783 4778 4784
f 4784 4778 4777
f 4784 4777 4781
f 4781 4777 4776
f 4781 4776 4774
f 4746 4782 4747
f 4747 4782 4785
f 4747 4785 4786
f 4787 4748 4749
f 4787 4749 4788
f 4788 4749 4752
f 4788 4752 4789
f 4789 4752 4751
f 4789 4751 4786
f 4786 4751 4750
f 4786 4750 4747
f 4748 4787 4754
f 4754 4787 4790
f 4790 4791 4754
f 4754 4791 4753
f 4792 4755 4756
f 4792 4756 4793
f 4793 4756 4757
f 4793 4757 4794
f 4794 4757 4753
f 4794 4753 4791
f 4792 4795 4755
f 4755 4795 4759
f 4796 4797 4795
f 4795 4797 4798
f 4761 4758 4798
f 4798 4758 4759
f 4798 4759 4795
f 4797 4763 4762
f 4797 4762 4798
f 4798 4762 4760
f 4798 4760 4761
f 4796 4766 4797
f 4797 4766 4764
f 4797 4764 4763
f 4796 4773 4766
f 4766 4773 4765
f 4507 4795 4508
f 4508 4795 4792
f 4508 4792 4506
f 4506 4792 4793
f 4506 4793 4505
f 4507 4509 4795
f 4795 4509 4531
f 4795 4531 4796
f 4796 4531 4530
f 4796 4530 4773
f 4532 4770 4530
f 4530 4770 4772
f 4530 4772 4773
f 4532 4533 4770
f 4770 4533 4529
f 4770 4529 4767
f 4767 4529 4528
f 4767 4528 4799
f 4790 4483 4791
f 4791 4483 4505
f 4791 4505 4794
f 4794 4505 4793
f 4767 4799 4768
f 4768 4799 4775
f 4775 4799 4774
f 4774 4799 4780
f 4485 4483 4790
f 4485 4790 4487
f 4789 4786 4785
f 4528 4527 4799
f 4799 4527 4800
f 4799 4800 4780
f 4489 4785 4800
f 4800 4785 4782
f 4800 4782 4780
f 4487 4790 4489
f 4489 4790 4787
f 4489 4787 4785
f 4785 4787 4788
f 4785 4788 4789
f 4783 4784 4782
f 4782 4784 4781
f 4782 4781 4780
f 4489 4800 4488
f 4488 4800 4801
f 4521 4555 4801
f 4801 4555 4556
f 4801 4556 4488
f 4488 4556 4557
f 4515 4514 4512
f 4801 4517 4521
f 4521 4517 4515
f 4521 4515 4511
f 4511 4515 4512
f 4492 4491 4502
f 4557 4558 4488
f 4488 4558 4494
f 4488 4494 4490
f 4490 4494 4492
f 4490 4492 4501
f 4501 4492 4502
f 4517 4801 4518
f 4527 4518 4800
f 4800 4518 4801
f 4802 4803 4804
f 4804 4803 4805
f 4802 4804 4806
f 4806 4804 4807
f 4806 4807 4808
f 4808 4807 4809
f 4808 4809 4810
f 4810 4809 4811
f 4806 4808 4802
f 4802 4808 4810
f 4802 4810 4803
f 4803 4810 4812
f 4812 4813 4803
f 4803 4813 4805
f 4814 4815 4816
f 4814 4817 4815
f 4815 4817 4818
f 4815 4818 4819
f 4816 4820 4814
f 4814 4820 4821
f 4814 4821 4822
f 4819 4823 4815
f 4815 4823 4824
f 4815 4824 4825
f 4822 4826 4814
f 4814 4826 4827
f 4814 4827 4828
f 4825 4829 4815
f 4815 4829 4830
f 4815 4830 4831
f 4832 4833 4834
f 4828 4835 4814
f 4814 4835 4832
f 4814 4832 4836
f 4836 4832 4834
f 4837 4838 4831
f 4831 4838 4839
f 4831 4839 4815
f 4837 4840 4841
f 4837 4841 4838
f 4838 4841 4842
f 4838 4842 4839
f 4839 4842 4843
f 4839 4843 4815
f 4815 4843 4844
f 4815 4844 4816
f 4816 4844 4845
f 4816 4845 4820
f 4820 4845 4846
f 4820 4846 4821
f 4821 4846 4847
f 4821 4847 4822
f 4822 4847 4848
f 4822 4848 4826
f 4826 4848 4849
f 4826 4849 4827
f 4827 4849 4850
f 4827 4850 4828
f 4828 4850 4851
f 4828 4851 4835
f 4835 4851 4852
f 4835 4852 4832
f 4832 4852 4853
f 4832 4853 4833
f 4833 4853 4854
f 4833 4854 4834
f 4834 4854 4855
f 4834 4855 4836
f 4836 4855 4856
f 4836 4856 4814
f 4814 4856 4857
f 4814 4857 4817
f 4817 4857 4858
f 4817 4858 4818
f 4818 4858 4859
f 4818 4859 4819
f 4819 4859 4860
f 4819 4860 4823
f 4823 4860 4861
f 4823 4861 4824
f 4824 4861 4862
f 4824 4862 4825
f 4825 4862 4863
f 4825 4863 4829
f 4829 4863 4864
f 4829 4864 4830
f 4830 4864 4865
f 4830 4865 4831
f 4831 4865 4840
f 4831 4840 4837
f 4853 4866 4867
f 4853 4867 4854
f 4854 4867 4868
f 4854 4868 4855
f 4855 4868 4869
f 4855 4869 4856
f 4856 4869 4870
f 4856 4870 4857
f 4857 4870 4871
f 4857 4871 4858
f 4858 4871 4872
f 4858 4872 4859
f 4859 4872 4873
f 4859 4873 4860
f 4860 4873 4874
f 4860 4874 4861
f 4861 4874 4875
f 4861 4875 4862
f 4862 4875 4876
f 4862 4876 4863
f 4863 4876 4877
f 4863 4877 4864
f 4864 4877 4878
f 4864 4878 4865
f 4865 4878 4879
f 4865 4879 4840
f 4840 4879 4880
f 4840 4880 4841
f 4841 4880 4881
f 4841 4881 4842
f 4842 4881 4882
f 4842 4882 4843
f 4843 4882 4883
f 4843 4883 4844
f 4844 4883 4884
f 4844 4884 4845
f 4845 4884 4885
f 4845 4885 4846
f 4846 4885 4886
f 4846 4886 4847
f 4847 4886 4887
f 4847 4887 4848
f 4848 4887 4888
f 4848 4888 4849
f 4849 4888 4889
f 4849 4889 4850
f 4850 4889 4890
f 4850 4890 4851
f 4851 4890 4891
f 4851 4891 4852
f 4852 4891 4866
f 4852 4866 4853
f 4890 4892 4891
f 4891 4892 4893
f 4891 4893 4866
f 4866 4893 4894
f 4866 4894 4867
f 4885 4895 4886
f 4886 4895 4896
f 4886 4896 4887
f 4887 4896 4897
f 4887 4897 4888
f 4897 4898 4888
f 4888 4898 4899
f 4888 4899 4889
f 4889 4899 4900
f 4889 4900 4890
f 4890 4900 4901
f 4890 4901 4892
f 4882 4902 4883
f 4883 4902 4903
f 4883 4903 4884
f 4884 4903 4904
f 4884 4904 4885
f 4885 4904 4905
f 4885 4905 4895
f 4877 4906 4878
f 4878 4906 4907
f 4878 4907 4879
f 4879 4907 4908
f 4879 4908 4880
f 4869 4909 4870
f 4870 4909 4910
f 4870 4910 4871
f 4871 4910 4911
f 4871 4911 4872
f 4908 4912 4880
f 4880 4912 4913
f 4880 4913 4881
f 4881 4913 4914
f 4881 4914 4882
f 4882 4914 4915
f 4882 4915 4902
f 4894 4916 4867
f 4867 4916 4917
f 4867 4917 4868
f 4868 4917 4918
f 4868 4918 4869
f 4869 4918 4919
f 4869 4919 4909
f 4875 4920 4876
f 4876 4920 4921
f 4876 4921 4877
f 4877 4921 4922
f 4877 4922 4906
f 4911 4923 4872
f 4872 4923 4924
f 4872 4924 4873
f 4873 4924 4925
f 4873 4925 4874
f 4874 4925 4926
f 4874 4926 4875
f 4875 4926 4927
f 4875 4927 4920
f 4928 4929 4930
f 4928 4930 4931
f 4931 4930 4932
f 4931 4932 4933
f 4933 4932 4934
f 4933 4934 4935
f 4935 4934 4936
f 4935 4936 4937
f 4937 4936 4938
f 4937 4938 4939
f 4939 4938 4940
f 4939 4940 4941
f 4941 4940 4942
f 4941 4942 4943
f 4943 4942 4944
f 4943 4944 4945
f 4945 4944 4946
f 4945 4946 4947
f 4947 4946 4948
f 4947 4948 4949
f 4949 4948 4950
f 4949 4950 4951
f 4951 4950 4952
f 4951 4952 4953
f 4953 4952 4954
f 4953 4954 4955
f 4955 4954 4956
f 4955 4956 4957
f 4957 4956 4958
f 4957 4958 4959
f 4959 4958 4960
f 4959 4960 4961
f 4961 4960 4962
f 4961 4962 4963
f 4963 4962 4964
f 4963 4964 4965
f 4894 4964 4962
f 4894 4962 4916
f 4916 4962 4960
f 4916 4960 4917
f 4917 4960 4958
f 4917 4958 4918
f 4918 4958 4956
f 4918 4956 4919
f 4919 4956 4954
f 4919 4954 4909
f 4909 4954 4952
f 4909 4952 4910
f 4910 4952 4950
f 4910 4950 4911
f 4911 4950 4948
f 4911 4948 4923
f 4923 4948 4946
f 4923 4946 4924
f 4924 4946 4944
f 4924 4944 4925
f 4925 4944 4942
f 4925 4942 4926
f 4926 4942 4940
f 4926 4940 4927
f 4927 4940 4938
f 4927 4938 4920
f 4920 4938 4936
f 4920 4936 4921
f 4921 4936 4934
f 4921 4934 4922
f 4922 4934 4932
f 4922 4932 4906
f 4906 4932 4930
f 4906 4930 4907
f 4907 4930 4929
f 4907 4929 4908
f 4908 4929 4966
f 4908 4966 4912
f 4912 4966 4967
f 4912 4967 4913
f 4913 4967 4968
f 4913 4968 4914
f 4914 4968 4969
f 4914 4969 4915
f 4915 4969 4970
f 4915 4970 4902
f 4902 4970 4971
f 4902 4971 4903
f 4903 4971 4972
f 4903 4972 4904
f 4904 4972 4973
f 4904 4973 4905
f 4905 4973 4974
f 4905 4974 4895
f 4895 4974 4975
f 4895 4975 4896
f 4896 4975 4976
f 4896 4976 4897
f 4897 4976 4977
f 4897 4977 4898
f 4898 4977 4978
f 4898 4978 4899
f 4899 4978 4979
f 4899 4979 4900
f 4900 4979 4980
f 4900 4980 4901
f 4901 4980 4981
f 4901 4981 4892
f 4892 4981 4982
f 4892 4982 4893
f 4893 4982 4964
f 4893 4964 4894
f 4965 4964 4982
f 4965 4982 4983
f 4983 4982 4981
f 4983 4981 4984
f 4984 4981 4980
f 4984 4980 4985
f 4985 4980 4979
f 4985 4979 4986
f 4986 4979 4978
f 4986 4978 4987
f 4987 4978 4977
f 4987 4977 4988
f 4988 4977 4976
f 4988 4976 4989
f 4989 4976 4975
f 4989 4975 4990
f 4990 4975 4974
f 4990 4974 4991
f 4991 4974 4973
f 4991 4973 4992
f 4992 4973 4972
f 4992 4972 4993
f 4993 4972 4971
f 4993 4971 4994
f 4994 4971 4970
f 4994 4970 4995
f 4995 4970 4969
f 4995 4969 4996
f 4996 4969 4968
f 4996 4968 4997
f 4997 4968 4967
f 4997 4967 4998
f 4998 4967 4966
f 4998 4966 4999
f 4999 4966 4929
f 4999 4929 4928
f 4987 4988 4809
f 4807 4965 4983
f 4998 4813 4997
f 4997 4813 4811
f 4997 4811 4996
f 4996 4811 4995
f 4983 4984 4807
f 4807 4984 4985
f 4807 4985 4809
f 4809 4985 4986
f 4809 4986 4987
f 4998 4999 4813
f 4813 4999 4928
f 4813 4928 4931
f 4988 4989 4809
f 4809 4989 4990
f 4809 4990 4811
f 4811 4990 4991
f 4811 4991 4992
f 4992 4993 4811
f 4811 4993 4994
f 4811 4994 4995
f 4951 4953 4804
f 4804 4953 4955
f 4804 4955 4957
f 4939 4941 4805
f 4805 4941 4943
f 4931 4933 4813
f 4813 4933 4935
f 4813 4935 4805
f 4805 4935 4937
f 4805 4937 4939
f 4957 4959 4804
f 4804 4959 4961
f 4804 4961 4807
f 4807 4961 4963
f 4807 4963 4965
f 4943 4945 4805
f 4805 4945 4947
f 4805 4947 4804
f 4804 4947 4949
f 4804 4949 4951
f 4810 4811 4812
f 4812 4811 4813
f 5000 5001 5002
f 5002 5001 5003
f 5004 5005 5006
f 5004 5006 5007
f 5007 5006 5000
f 5007 5000 5002
f 5004 5008 5005
f 5005 5008 5009
f 5009 5008 5010
f 5009 5010 5011
f 5011 5010 5012
f 5011 5012 5013
f 5013 5012 5014
f 5013 5014 5015
f 5014 5016 5015
f 5015 5016 5017
f 5018 5019 5020
f 5018 5020 5021
f 5021 5020 5022
f 5021 5022 5023
f 5023 5022 5017
f 5023 5017 5016
f 5024 5019 5025
f 5025 5019 5018
f 5024 5025 5026
f 5024 5026 5027
f 5027 5026 5028
f 5027 5028 5029
f 5028 5030 5029
f 5029 5030 5031
f 5032 5033 5034
f 5032 5034 5035
f 5035 5034 5036
f 5035 5036 5037
f 5037 5036 5038
f 5037 5038 5039
f 5039 5038 5031
f 5039 5031 5030
f 5032 5040 5033
f 5033 5040 5041
f 5001 5000 5024
f 5027 5029 5042
f 5042 5029 5031
f 5027 5042 5024
f 5024 5042 5043
f 5024 5043 5001
f 5031 5038 5036
f 5000 5006 5024
f 5024 5006 5005
f 5024 5005 5019
f 5019 5005 5009
f 5036 5034 5031
f 5031 5034 5033
f 5031 5033 5042
f 5042 5033 5041
f 5042 5041 5044
f 5022 5020 5017
f 5017 5020 5019
f 5017 5019 5015
f 5015 5019 5009
f 5015 5009 5013
f 5013 5009 5011
f 5003 5001 5043
f 5003 5043 5045
f 5045 5043 5042
f 5045 5042 5046
f 5046 5042 5044
f 5046 5044 5047
f 5047 5044 5041
f 5047 5041 5040
f 5030 5028 5032
f 5032 5028 5040
f 5040 5028 5026
f 5040 5026 5025
f 5018 5008 5025
f 5025 5008 5004
f 5025 5004 5007
f 5035 5037 5032
f 5032 5037 5039
f 5032 5039 5030
f 5046 5047 5045
f 5045 5047 5040
f 5045 5040 5003
f 5003 5040 5025
f 5003 5025 5002
f 5002 5025 5007
f 5012 5010 5014
f 5014 5010 5008
f 5014 5008 5016
f 5016 5008 5018
f 5016 5018 5023
f 5023 5018 5021
f 5048 5049 5050
f 5050 5049 5051
f 5048 5050 5052
f 5052 5050 5053
f 5052 5053 5054
f 5054 5053 5055
f 5054 5055 5056
f 5056 5055 5057
f 5052 5054 5048
f 5048 5054 5056
f 5048 5056 5049
f 5049 5056 5058
f 5058 5059 5049
f 5049 5059 5051
f 5060 5061 5062
f 5060 5063 5061
f 5061 5063 5064
f 5061 5064 5065
f 5062 5066 5060
f 5060 5066 5067
f 5060 5067 5068
f 5065 5069 5061
f 5061 5069 5070
f 5061 5070 5071
f 5068 5072 5060
f 5060 5072 5073
f 5060 5073 5074
f 5071 5075 5061
f 5061 5075 5076
f 5061 5076 5077
f 5078 5079 5080
f 5074 5081 5060
f 5060 5081 5078
f 5060 5078 5082
f 5082 5078 5080
f 5083 5084 5077
f 5077 5084 5085
f 5077 5085 5061
f 5083 5086 5087
f 5083 5087 5084
f 5084 5087 5088
f 5084 5088 5085
f 5085 5088 5089
f 5085 5089 5061
f 5061 5089 5090
f 5061 5090 5062
f 5062 5090 5091
f 5062 5091 5066
f 5066 5091 5092
f 5066 5092 5067
f 5067 5092 5093
f 5067 5093 5068
f 5068 5093 5094
f 5068 5094 5072
f 5072 5094 5095
f 5072 5095 5073
f 5073 5095 5096
f 5073 5096 5074
f 5074 5096 5097
f 5074 5097 5081
f 5081 5097 5098
f 5081 5098 5078
f 5078 5098 5099
f 5078 5099 5079
f 5079 5099 5100
f 5079 5100 5080
f 5080 5100 5101
f 5080 5101 5082
f 5082 5101 5102
f 5082 5102 5060
f 5060 5102 5103
f 5060 5103 5063
f 5063 5103 5104
f 5063 5104 5064
f 5064 5104 5105
f 5064 5105 5065
f 5065 5105 5106
f 5065 5106 5069
f 5069 5106 5107
f 5069 5107 5070
f 5070 5107 5108
f 5070 5108 5071
f 5071 5108 5109
f 5071 5109 5075
f 5075 5109 5110
f 5075 5110 5076
f 5076 5110 5111
f 5076 5111 5077
f 5077 5111 5086
f 5077 5086 5083
f 5099 5112 5113
f 5099 5113 5100
f 5100 5113 5114
f 5100 5114 5101
f 5101 5114 5115
f 5101 5115 5102
f 5102 5115 5116
f 5102 5116 5103
f 5103 5116 5117
f 5103 5117 5104
f 5104 5117 5118
f 5104 5118 5105
f 5105 5118 5119
f 5105 5119 5106
f 5106 5119 5120
f 5106 5120 5107
f 5107 5120 5121
f 5107 5121 5108
f 5108 5121 5122
f 5108 5122 5109
f 5109 5122 5123
f 5109 5123 5110
f 5110 5123 5124
f 5110 5124 5111
f 5111 5124 5125
f 5111 5125 5086
f 5086 5125 5126
f 5086 5126 5087
f 5087 5126 5127
f 5087 5127 5088
f 5088 5127 5128
f 5088 5128 5089
f 5089 5128 5129
f 5089 5129 5090
f 5090 5129 5130
f 5090 5130 5091
f 5091 5130 5131
f 5091 5131 5092
f 5092 5131 5132
f 5092 5132 5093
f 5093 5132 5133
f 5093 5133 5094
f 5094 5133 5134
f 5094 5134 5095
f 5095 5134 5135
f 5095 5135 5096
f 5096 5135 5136
f 5096 5136 5097
f 5097 5136 5137
f 5097 5137 5098
f 5098 5137 5112
f 5098 5112 5099
f 5136 5138 5137
f 5137 5138 5139
f 5137 5139 5112
f 5112 5139 5140
f 5112 5140 5113
f 5131 5141 5132
f 5132 5141 5142
f 5132 5142 5133
f 5133 5142 5143
f 5133 5143 5134
f 5143 5144 5134
f 5134 5144 5145
f 5134 5145 5135
f 5135 5145 5146
f 5135 5146 5136
f 5136 5146 5147
f 5136 5147 5138
f 5128 5148 5129
f 5129 5148 5149
f 5129 5149 5130
f 5130 5149 5150
f 5130 5150 5131
f 5131 5150 5151
f 5131 5151 5141
f 5123 5152 5124
f 5124 5152 5153
f 5124 5153 5125
f 5125 5153 5154
f 5125 5154 5126
f 5115 5155 5116
f 5116 5155 5156
f 5116 5156 5117
f 5117 5156 5157
f 5117 5157 5118
f 5154 5158 5126
f 5126 5158 5159
f 5126 5159 5127
f 5127 5159 5160
f 5127 5160 5128
f 5128 5160 5161
f 5128 5161 5148
f 5140 5162 5113
f 5113 5162 5163
f 5113 5163 5114
f 5114 5163 5164
f 5114 5164 5115
f 5115 5164 5165
f 5115 5165 5155
f 5121 5166 5122
f 5122 5166 5167
f 5122 5167 5123
f 5123 5167 5168
f 5123 5168 5152
f 5157 5169 5118
f 5118 5169 5170
f 5118 5170 5119
f 5119 5170 5171
f 5119 5171 5120
f 5120 5171 5172
f 5120 5172 5121
f 5121 5172 5173
f 5121 5173 5166
f 5174 5175 5176
f 5174 5176 5177
f 5177 5176 5178
f 5177 5178 5179
f 5179 5178 5180
f 5179 5180 5181
f 5181 5180 5182
f 5181 5182 5183
f 5183 5182 5184
f 5183 5184 5185
f 5185 5184 5186
f 5185 5186 5187
f 5187 5186 5188
f 5187 5188 5189
f 5189 5188 5190
f 5189 5190 5191
f 5191 5190 5192
f 5191 5192 5193
f 5193 5192 5194
f 5193 5194 5195
f 5195 5194 5196
f 5195 5196 5197
f 5197 5196 5198
f 5197 5198 5199
f 5199 5198 5200
f 5199 5200 5201
f 5201 5200 5202
f 5201 5202 5203
f 5203 5202 5204
f 5203 5204 5205
f 5205 5204 5206
f 5205 5206 5207
f 5207 5206 5208
f 5207 5208 5209
f 5209 5208 5210
f 5209 5210 5211
f 5140 5210 5208
f 5140 5208 5162
f 5162 5208 5206
f 5162 5206 5163
f 5163 5206 5204
f 5163 5204 5164
f 5164 5204 5202
f 5164 5202 5165
f 5165 5202 5200
f 5165 5200 5155
f 5155 5200 5198
f 5155 5198 5156
f 5156 5198 5196
f 5156 5196 5157
f 5157 5196 5194
f 5157 5194 5169
f 5169 5194 5192
f 5169 5192 5170
f 5170 5192 5190
f 5170 5190 5171
f 5171 5190 5188
f 5171 5188 5172
f 5172 5188 5186
f 5172 5186 5173
f 5173 5186 5184
f 5173 5184 5166
f 5166 5184 5182
f 5166 5182 5167
f 5167 5182 5180
f 5167 5180 5168
f 5168 5180 5178
f 5168 5178 5152
f 5152 5178 5176
f 5152 5176 5153
f 5153 5176 5175
f 5153 5175 5154
f 5154 5175 5212
f 5154 5212 5158
f 5158 5212 5213
f 5158 5213 5159
f 5159 5213 5214
f 5159 5214 5160
f 5160 5214 5215
f 5160 5215 5161
f 5161 5215 5216
f 5161 5216 5148
f 5148 5216 5217
f 5148 5217 5149
f 5149 5217 5218
f 5149 5218 5150
f 5150 5218 5219
f 5150 5219 5151
f 5151 5219 5220
f 5151 5220 5141
f 5141 5220 5221
f 5141 5221 5142
f 5142 5221 5222
f 5142 5222 5143
f 5143 5222 5223
f 5143 5223 5144
f 5144 5223 5224
f 5144 5224 5145
f 5145 5224 5225
f 5145 5225 5146
f 5146 5225 5226
f 5146 5226 5147
f 5147 5226 5227
f 5147 5227 5138
f 5138 5227 5228
f 5138 5228 5139
f 5139 5228 5210
f 5139 5210 5140
f 5211 5210 5228
f 5211 5228 5229
f 5229 5228 5227
f 5229 5227 5230
f 5230 5227 5226
f 5230 5226 5231
f 5231 5226 5225
f 5231 5225 5232
f 5232 5225 5224
f 5232 5224 5233
f 5233 5224 5223
f 5233 5223 5234
f 5234 5223 5222
f 5234 5222 5235
f 5235 5222 5221
f 5235 5221 5236
f 5236 5221 5220
f 5236 5220 5237
f 5237 5220 5219
f 5237 5219 5238
f 5238 5219 5218
f 5238 5218 5239
f 5239 5218 5217
f 5239 5217 5240
f 5240 5217 5216
f 5240 5216 5241
f 5241 5216 5215
f 5241 5215 5242
f 5242 5215 5214
f 5242 5214 5243
f 5243 5214 5213
f 5243 5213 5244
f 5244 5213 5212
f 5244 5212 5245
f 5245 5212 5175
f 5245 5175 5174
f 5233 5234 5055
f 5053 5211 5229
f 5244 5059 5243
f 5243 5059 5057
f 5243 5057 5242
f 5242 5057 5241
f 5229 5230 5053
f 5053 5230 5231
f 5053 5231 5055
f 5055 5231 5232
f 5055 5232 5233
f 5244 5245 5059
f 5059 5245 5174
f 5059 5174 5177
f 5234 5235 5055
f 5055 5235 5236
f 5055 5236 5057
f 5057 5236 5237
f 5057 5237 5238
f 5238 5239 5057
f 5057 5239 5240
f 5057 5240 5241
f 5197 5199 5050
f 5050 5199 5201
f 5050 5201 5203
f 5185 5187 5051
f 5051 5187 5189
f 5177 5179 5059
f 5059 5179 5181
f 5059 5181 5051
f 5051 5181 5183
f 5051 5183 5185
f 5203 5205 5050
f 5050 5205 5207
f 5050 5207 5053
f 5053 5207 5209
f 5053 5209 5211
f 5189 5191 5051
f 5051 5191 5193
f 5051 5193 5050
f 5050 5193 5195
f 5050 5195 5197
f 5056 5057 5058
f 5058 5057 5059
f 5246 5247 5248
f 5248 5247 5249
f 5246 5248 5250
f 5250 5248 5251
f 5250 5251 5252
f 5252 5251 5253
f 5252 5253 5254
f 5254 5253 5255
f 5250 5252 5246
f 5246 5252 5254
f 5246 5254 5247
f 5247 5254 5256
f 5256 5257 5247
f 5247 5257 5249
f 5258 5259 5260
f 5258 5261 5259
f 5259 5261 5262
f 5259 5262 5263
f 5260 5264 5258
f 5258 5264 5265
f 5258 5265 5266
f 5263 5267 5259
f 5259 5267 5268
f 5259 5268 5269
f 5266 5270 5258
f 5258 5270 5271
f 5258 5271 5272
f 5269 5273 5259
f 5259 5273 5274
f 5259 5274 5275
f 5276 5277 5278
f 5272 5279 5258
f 5258 5279 5276
f 5258 5276 5280
f 5280 5276 5278
f 5281 5282 5275
f 5275 5282 5283
f 5275 5283 5259
f 5281 5284 5285
f 5281 5285 5282
f 5282 5285 5286
f 5282 5286 5283
f 5283 5286 5287
f 5283 5287 5259
f 5259 5287 5288
f 5259 5288 5260
f 5260 5288 5289
f 5260 5289 5264
f 5264 5289 5290
f 5264 5290 5265
f 5265 5290 5291
f 5265 5291 5266
f 5266 5291 5292
f 5266 5292 5270
f 5270 5292 5293
f 5270 5293 5271
f 5271 5293 5294
f 5271 5294 5272
f 5272 5294 5295
f 5272 5295 5279
f 5279 5295 5296
f 5279 5296 5276
f 5276 5296 5297
f 5276 5297 5277
f 5277 5297 5298
f 5277 5298 5278
f 5278 5298 5299
f 5278 5299 5280
f 5280 5299 5300
f 5280 5300 5258
f 5258 5300 5301
f 5258 5301 5261
f 5261 5301 5302
f 5261 5302 5262
f 5262 5302 5303
f 5262 5303 5263
f 5263 5303 5304
f 5263 5304 5267
f 5267 5304 5305
f 5267 5305 5268
f 5268 5305 5306
f 5268 5306 5269
f 5269 5306 5307
f 5269 5307 5273
f 5273 5307 5308
f 5273 5308 5274
f 5274 5308 5309
f 5274 5309 5275
f 5275 5309 5284
f 5275 5284 5281
f 5297 5310 5311
f 5297 5311 5298
f 5298 5311 5312
f 5298 5312 5299
f 5299 5312 5313
f 5299 5313 5300
f 5300 5313 5314
f 5300 5314 5301
f 5301 5314 5315
f 5301 5315 5302
f 5302 5315 5316
f 5302 5316 5303
f 5303 5316 5317
f 5303 5317 5304
f 5304 5317 5318
f 5304 5318 5305
f 5305 5318 5319
f 5305 5319 5306
f 5306 5319 5320
f 5306 5320 5307
f 5307 5320 5321
f 5307 5321 5308
f 5308 5321 5322
f 5308 5322 5309
f 5309 5322 5323
f 5309 5323 5284
f 5284 5323 5324
f 5284 5324 5285
f 5285 5324 5325
f 5285 5325 5286
f 5286 5325 5326
f 5286 5326 5287
f 5287 5326 5327
f 5287 5327 5288
f 5288 5327 5328
f 5288 5328 5289
f 5289 5328 5329
f 5289 5329 5290
f 5290 5329 5330
f 5290 5330 5291
f 5291 5330 5331
f 5291 5331 5292
f 5292 5331 5332
f 5292 5332 5293
f 5293 5332 5333
f 5293 5333 5294
f 5294 5333 5334
f 5294 5334 5295
f 5295 5334 5335
f 5295 5335 5296
f 5296 5335 5310
f 5296 5310 5297
f 5334 5336 5335
f 5335 5336 5337
f 5335 5337 5310
f 5310 5337 5338
f 5310 5338 5311
f 5329 5339 5330
f 5330 5339 5340
f 5330 5340 5331
f 5331 5340 5341
f 5331 5341 5332
f 5341 5342 5332
f 5332 5342 5343
f 5332 5343 5333
f 5333 5343 5344
f 5333 5344 5334
f 5334 5344 5345
f 5334 5345 5336
f 5326 5346 5327
f 5327 5346 5347
f 5327 5347 5328
f 5328 5347 5348
f 5328 5348 5329
f 5329 5348 5349
f 5329 5349 5339
f 5321 5350 5322
f 5322 5350 5351
f 5322 5351 5323
f 5323 5351 5352
f 5323 5352 5324
f 5313 5353 5314
f 5314 5353 5354
f 5314 5354 5315
f 5315 5354 5355
f 5315 5355 5316
f 5352 5356 5324
f 5324 5356 5357
f 5324 5357 5325
f 5325 5357 5358
f 5325 5358 5326
f 5326 5358 5359
f 5326 5359 5346
f 5338 5360 5311
f 5311 5360 5361
f 5311 5361 5312
f 5312 5361 5362
f 5312 5362 5313
f 5313 5362 5363
f 5313 5363 5353
f 5319 5364 5320
f 5320 5364 5365
f 5320 5365 5321
f 5321 5365 5366
f 5321 5366 5350
f 5355 5367 5316
f 5316 5367 5368
f 5316 5368 5317
f 5317 5368 5369
f 5317 5369 5318
f 5318 5369 5370
f 5318 5370 5319
f 5319 5370 5371
f 5319 5371 5364
f 5372 5373 5374
f 5372 5374 5375
f 5375 5374 5376
f 5375 5376 5377
f 5377 5376 5378
f 5377 5378 5379
f 5379 5378 5380
f 5379 5380 5381
f 5381 5380 5382
f 5381 5382 5383
f 5383 5382 5384
f 5383 5384 5385
f 5385 5384 5386
f 5385 5386 5387
f 5387 5386 5388
f 5387 5388 5389
f 5389 5388 5390
f 5389 5390 5391
f 5391 5390 5392
f 5391 5392 5393
f 5393 5392 5394
f 5393 5394 5395
f 5395 5394 5396
f 5395 5396 5397
f 5397 5396 5398
f 5397 5398 5399
f 5399 5398 5400
f 5399 5400 5401
f 5401 5400 5402
f 5401 5402 5403
f 5403 5402 5404
f 5403 5404 5405
f 5405 5404 5406
f 5405 5406 5407
f 5407 5406 5408
f 5407 5408 5409
f 5338 5408 5406
f 5338 5406 5360
f 5360 5406 5404
f 5360 5404 5361
f 5361 5404 5402
f 5361 5402 5362
f 5362 5402 5400
f 5362 5400 5363
f 5363 5400 5398
f 5363 5398 5353
f 5353 5398 5396
f 5353 5396 5354
f 5354 5396 5394
f 5354 5394 5355
f 5355 5394 5392
f 5355 5392 5367
f 5367 5392 5390
f 5367 5390 5368
f 5368 5390 5388
f 5368 5388 5369
f 5369 5388 5386
f 5369 5386 5370
f 5370 5386 5384
f 5370 5384 5371
f 5371 5384 5382
f 5371 5382 5364
f 5364 5382 5380
f 5364 5380 5365
f 5365 5380 5378
f 5365 5378 5366
f 5366 5378 5376
f 5366 5376 5350
f 5350 5376 5374
f 5350 5374 5351
f 5351 5374 5373
f 5351 5373 5352
f 5352 5373 5410
f 5352 5410 5356
f 5356 5410 5411
f 5356 5411 5357
f 5357 5411 5412
f 5357 5412 5358
f 5358 5412 5413
f 5358 5413 5359
f 5359 5413 5414
f 5359 5414 5346
f 5346 5414 5415
f 5346 5415 5347
f 5347 5415 5416
f 5347 5416 5348
f 5348 5416 5417
f 5348 5417 5349
f 5349 5417 5418
f 5349 5418 5339
f 5339 5418 5419
f 5339 5419 5340
f 5340 5419 5420
f 5340 5420 5341
f 5341 5420 5421
f 5341 5421 5342
f 5342 5421 5422
f 5342 5422 5343
f 5343 5422 5423
f 5343 5423 5344
f 5344 5423 5424
f 5344 5424 5345
f 5345 5424 5425
f 5345 5425 5336
f 5336 5425 5426
f 5336 5426 5337
f 5337 5426 5408
f 5337 5408 5338
f 5409 5408 5426
f 5409 5426 5427
f 5427 5426 5425
f 5427 5425 5428
f 5428 5425 5424
f 5428 5424 5429
f 5429 5424 5423
f 5429 5423 5430
f 5430 5423 5422
f 5430 5422 5431
f 5431 5422 5421
f 5431 5421 5432
f 5432 5421 5420
f 5432 5420 5433
f 5433 5420 5419
f 5433 5419 5434
f 5434 5419 5418
f 5434 5418 5435
f 5435 5418 5417
f 5435 5417 5436
f 5436 5417 5416
f 5436 5416 5437
f 5437 5416 5415
f 5437 5415 5438
f 5438 5415 5414
f 5438 5414 5439
f 5439 5414 5413
f 5439 5413 5440
f 5440 5413 5412
f 5440 5412 5441
f 5441 5412 5411
f 5441 5411 5442
f 5442 5411 5410
f 5442 5410 5443
f 5443 5410 5373
f 5443 5373 5372
f 5431 5432 5253
f 5251 5409 5427
f 5442 5257 5441
f 5441 5257 5255
f 5441 5255 5440
f 5440 5255 5439
f 5427 5428 5251
f 5251 5428 5429
f 5251 5429 5253
f 5253 5429 5430
f 5253 5430 5431
f 5442 5443 5257
f 5257 5443 5372
f 5257 5372 5375
f 5432 5433 5253
f 5253 5433 5434
f 5253 5434 5255
f 5255 5434 5435
f 5255 5435 5436
f 5436 5437 5255
f 5255 5437 5438
f 5255 5438 5439
f 5395 5397 5248
f 5248 5397 5399
f 5248 5399 5401
f 5383 5385 5249
f 5249 5385 5387
f 5375 5377 5257
f 5257 5377 5379
f 5257 5379 5249
f 5249 5379 5381
f 5249 5381 5383
f 5401 5403 5248
f 5248 5403 5405
f 5248 5405 5251
f 5251 5405 5407
f 5251 5407 5409
f 5387 5389 5249
f 5249 5389 5391
f 5249 5391 5248
f 5248 5391 5393
f 5248 5393 5395
f 5254 5255 5256
f 5256 5255 5257
f 5444 5445 5446
f 5446 5445 5447
f 5444 5446 5448
f 5448 5446 5449
f 5448 5449 5450
f 5450 5449 5451
f 5450 5451 5452
f 5452 5451 5453
f 5448 5450 5444
f 5444 5450 5452
f 5444 5452 5445
f 5445 5452 5454
f 5454 5455 5445
f 5445 5455 5447
f 5456 5457 5458
f 5456 5459 5457
f 5457 5459 5460
f 5457 5460 5461
f 5458 5462 5456
f 5456 5462 5463
f 5456 5463 5464
f 5461 5465 5457
f 5457 5465 5466
f 5457 5466 5467
f 5464 5468 5456
f 5456 5468 5469
f 5456 5469 5470
f 5467 5471 5457
f 5457 5471 5472
f 5457 5472 5473
f 5474 5475 5476
f 5470 5477 5456
f 5456 5477 5474
f 5456 5474 5478
f 5478 5474 5476
f 5479 5480 5473
f 5473 5480 5481
f 5473 5481 5457
f 5479 5482 5483
f 5479 5483 5480
f 5480 5483 5484
f 5480 5484 5481
f 5481 5484 5485
f 5481 5485 5457
f 5457 5485 5486
f 5457 5486 5458
f 5458 5486 5487
f 5458 5487 5462
f 5462 5487 5488
f 5462 5488 5463
f 5463 5488 5489
f 5463 5489 5464
f 5464 5489 5490
f 5464 5490 5468
f 5468 5490 5491
f 5468 5491 5469
f 5469 5491 5492
f 5469 5492 5470
f 5470 5492 5493
f 5470 5493 5477
f 5477 5493 5494
f 5477 5494 5474
f 5474 5494 5495
f 5474 5495 5475
f 5475 5495 5496
f 5475 5496 5476
f 5476 5496 5497
f 5476 5497 5478
f 5478 5497 5498
f 5478 5498 5456
f 5456 5498 5499
f 5456 5499 5459
f 5459 5499 5500
f 5459 5500 5460
f 5460 5500 5501
f 5460 5501 5461
f 5461 5501 5502
f 5461 5502 5465
f 5465 5502 5503
f 5465 5503 5466
f 5466 5503 5504
f 5466 5504 5467
f 5467 5504 5505
f 5467 5505 5471
f 5471 5505 5506
f 5471 5506 5472
f 5472 5506 5507
f 5472 5507 5473
f 5473 5507 5482
f 5473 5482 5479
f 5495 5508 5509
f 5495 5509 5496
f 5496 5509 5510
f 5496 5510 5497
f 5497 5510 5511
f 5497 5511 5498
f 5498 5511 5512
f 5498 5512 5499
f 5499 5512 5513
f 5499 5513 5500
f 5500 5513 5514
f 5500 5514 5501
f 5501 5514 5515
f 5501 5515 5502
f 5502 5515 5516
f 5502 5516 5503
f 5503 5516 5517
f 5503 5517 5504
f 5504 5517 5518
f 5504 5518 5505
f 5505 5518 5519
f 5505 5519 5506
f 5506 5519 5520
f 5506 5520 5507
f 5507 5520 5521
f 5507 5521 5482
f 5482 5521 5522
f 5482 5522 5483
f 5483 5522 5523
f 5483 5523 5484
f 5484 5523 5524
f 5484 5524 5485
f 5485 5524 5525
f 5485 5525 5486
f 5486 5525 5526
f 5486 5526 5487
f 5487 5526 5527
f 5487 5527 5488
f 5488 5527 5528
f 5488 5528 5489
f 5489 5528 5529
f 5489 5529 5490
f 5490 5529 5530
f 5490 5530 5491
f 5491 5530 5531
f 5491 5531 5492
f 5492 5531 5532
f 5492 5532 5493
f 5493 5532 5533
f 5493 5533 5494
f 5494 5533 5508
f 5494 5508 5495
f 5532 5534 5533
f 5533 5534 5535
f 5533 5535 5508
f 5508 5535 5536
f 5508 5536 5509
f 5527 5537 5528
f 5528 5537 5538
f 5528 5538 5529
f 5529 5538 5539
f 5529 5539 5530
f 5539 5540 5530
f 5530 5540 5541
f 5530 5541 5531
f 5531 5541 5542
f 5531 5542 5532
f 5532 5542 5543
f 5532 5543 5534
f 5524 5544 5525
f 5525 5544 5545
f 5525 5545 5526
f 5526 5545 5546
f 5526 5546 5527
f 5527 5546 5547
f 5527 5547 5537
f 5519 5548 5520
f 5520 5548 5549
f 5520 5549 5521
f 5521 5549 5550
f 5521 5550 5522
f 5511 5551 5512
f 5512 5551 5552
f 5512 5552 5513
f 5513 5552 5553
f 5513 5553 5514
f 5550 5554 5522
f 5522 5554 5555
f 5522 5555 5523
f 5523 5555 5556
f 5523 5556 5524
f 5524 5556 5557
f 5524 5557 5544
f 5536 5558 5509
f 5509 5558 5559
f 5509 5559 5510
f 5510 5559 5560
f 5510 5560 5511
f 5511 5560 5561
f 5511 5561 5551
f 5517 5562 5518
f 5518 5562 5563
f 5518 5563 5519
f 5519 5563 5564
f 5519 5564 5548
f 5553 5565 5514
f 5514 5565 5566
f 5514 5566 5515
f 5515 5566 5567
f 5515 5567 5516
f 5516 5567 5568
f 5516 5568 5517
f 5517 5568 5569
f 5517 5569 5562
f 5570 5571 5572
f 5570 5572 5573
f 5573 5572 5574
f 5573 5574 5575
f 5575 5574 5576
f 5575 5576 5577
f 5577 5576 5578
f 5577 5578 5579
f 5579 5578 5580
f 5579 5580 5581
f 5581 5580 5582
f 5581 5582 5583
f 5583 5582 5584
f 5583 5584 5585
f 5585 5584 5586
f 5585 5586 5587
f 5587 5586 5588
f 5587 5588 5589
f 5589 5588 5590
f 5589 5590 5591
f 5591 5590 5592
f 5591 5592 5593
f 5593 5592 5594
f 5593 5594 5595
f 5595 5594 5596
f 5595 5596 5597
f 5597 5596 5598
f 5597 5598 5599
f 5599 5598 5600
f 5599 5600 5601
f 5601 5600 5602
f 5601 5602 5603
f 5603 5602 5604
f 5603 5604 5605
f 5605 5604 5606
f 5605 5606 5607
f 5536 5606 5604
f 5536 5604 5558
f 5558 5604 5602
f 5558 5602 5559
f 5559 5602 5600
f 5559 5600 5560
f 5560 5600 5598
f 5560 5598 5561
f 5561 5598 5596
f 5561 5596 5551
f 5551 5596 5594
f 5551 5594 5552
f 5552 5594 5592
f 5552 5592 5553
f 5553 5592 5590
f 5553 5590 5565
f 5565 5590 5588
f 5565 5588 5566
f 5566 5588 5586
f 5566 5586 5567
f 5567 5586 5584
f 5567 5584 5568
f 5568 5584 5582
f 5568 5582 5569
f 5569 5582 5580
f 5569 5580 5562
f 5562 5580 5578
f 5562 5578 5563
f 5563 5578 5576
f 5563 5576 5564
f 5564 5576 5574
f 5564 5574 5548
f 5548 5574 5572
f 5548 5572 5549
f 5549 5572 5571
f 5549 5571 5550
f 5550 5571 5608
f 5550 5608 5554
f 5554 5608 5609
f 5554 5609 5555
f 5555 5609 5610
f 5555 5610 5556
f 5556 5610 5611
f 5556 5611 5557
f 5557 5611 5612
f 5557 5612 5544
f 5544 5612 5613
f 5544 5613 5545
f 5545 5613 5614
f 5545 5614 5546
f 5546 5614 5615
f 5546 5615 5547
f 5547 5615 5616
f 5547 5616 5537
f 5537 5616 5617
f 5537 5617 5538
f 5538 5617 5618
f 5538 5618 5539
f 5539 5618 5619
f 5539 5619 5540
f 5540 5619 5620
f 5540 5620 5541
f 5541 5620 5621
f 5541 5621 5542
f 5542 5621 5622
f 5542 5622 5543
f 5543 5622 5623
f 5543 5623 5534
f 5534 5623 5624
f 5534 5624 5535
f 5535 5624 5606
f 5535 5606 5536
f 5607 5606 5624
f 5607 5624 5625
f 5625 5624 5623
f 5625 5623 5626
f 5626 5623 5622
f 5626 5622 5627
f 5627 5622 5621
f 5627 5621 5628
f 5628 5621 5620
f 5628 5620 5629
f 5629 5620 5619
f 5629 5619 5630
f 5630 5619 5618
f 5630 5618 5631
f 5631 5618 5617
f 5631 5617 5632
f 5632 5617 5616
f 5632 5616 5633
f 5633 5616 5615
f 5633 5615 5634
f 5634 5615 5614
f 5634 5614 5635
f 5635 5614 5613
f 5635 5613 5636
f 5636 5613 5612
f 5636 5612 5637
f 5637 5612 5611
f 5637 5611 5638
f 5638 5611 5610
f 5638 5610 5639
f 5639 5610 5609
f 5639 5609 5640
f 5640 5609 5608
f 5640 5608 5641
f 5641 5608 5571
f 5641 5571 5570
f 5629 5630 5451
f 5449 5607 5625
f 5640 5455 5639
f 5639 5455 5453
f 5639 5453 5638
f 5638 5453 5637
f 5625 5626 5449
f 5449 5626 5627
f 5449 5627 5451
f 5451 5627 5628
f 5451 5628 5629
f 5640 5641 5455
f 5455 5641 5570
f 5455 5570 5573
f 5630 5631 5451
f 5451 5631 5632
f 5451 5632 5453
f 5453 5632 5633
f 5453 5633 5634
f 5634 5635 5453
f 5453 5635 5636
f 5453 5636 5637
f 5593 5595 5446
f 5446 5595 5597
f 5446 5597 5599
f 5581 5583 5447
f 5447 5583 5585
f 5573 5575 5455
f 5455 5575 5577
f 5455 5577 5447
f 5447 5577 5579
f 5447 5579 5581
f 5599 5601 5446
f 5446 5601 5603
f 5446 5603 5449
f 5449 5603 5605
f 5449 5605 5607
f 5585 5587 5447
f 5447 5587 5589
f 5447 5589 5446
f 5446 5589 5591
f 5446 5591 5593
f 5452 5453 5454
f 5454 5453 5455
f 5642 5643 5644
f 5644 5643 5645
f 5642 5644 5646
f 5646 5644 5647
f 5646 5647 5648
f 5648 5647 5649
f 5648 5649 5650
f 5650 5649 5651
f 5646 5648 5642
f 5642 5648 5650
f 5642 5650 5643
f 5643 5650 5652
f 5652 5653 5643
f 5643 5653 5645
f 5654 5655 5656
f 5654 5657 5655
f 5655 5657 5658
f 5655 5658 5659
f 5656 5660 5654
f 5654 5660 5661
f 5654 5661 5662
f 5659 5663 5655
f 5655 5663 5664
f 5655 5664 5665
f 5662 5666 5654
f 5654 5666 5667
f 5654 5667 5668
f 5665 5669 5655
f 5655 5669 5670
f 5655 5670 5671
f 5672 5673 5674
f 5668 5675 5654
f 5654 5675 5672
f 5654 5672 5676
f 5676 5672 5674
f 5677 5678 5671
f 5671 5678 5679
f 5671 5679 5655
f 5677 5680 5681
f 5677 5681 5678
f 5678 5681 5682
f 5678 5682 5679
f 5679 5682 5683
f 5679 5683 5655
f 5655 5683 5684
f 5655 5684 5656
f 5656 5684 5685
f 5656 5685 5660
f 5660 5685 5686
f 5660 5686 5661
f 5661 5686 5687
f 5661 5687 5662
f 5662 5687 5688
f 5662 5688 5666
f 5666 5688 5689
f 5666 5689 5667
f 5667 5689 5690
f 5667 5690 5668
f 5668 5690 5691
f 5668 5691 5675
f 5675 5691 5692
f 5675 5692 5672
f 5672 5692 5693
f 5672 5693 5673
f 5673 5693 5694
f 5673 5694 5674
f 5674 5694 5695
f 5674 5695 5676
f 5676 5695 5696
f 5676 5696 5654
f 5654 5696 5697
f 5654 5697 5657
f 5657 5697 5698
f 5657 5698 5658
f 5658 5698 5699
f 5658 5699 5659
f 5659 5699 5700
f 5659 5700 5663
f 5663 5700 5701
f 5663 5701 5664
f 5664 5701 5702
f 5664 5702 5665
f 5665 5702 5703
f 5665 5703 5669
f 5669 5703 5704
f 5669 5704 5670
f 5670 5704 5705
f 5670 5705 5671
f 5671 5705 5680
f 5671 5680 5677
f 5693 5706 5707
f 5693 5707 5694
f 5694 5707 5708
f 5694 5708 5695
f 5695 5708 5709
f 5695 5709 5696
f 5696 5709 5710
f 5696 5710 5697
f 5697 5710 5711
f 5697 5711 5698
f 5698 5711 5712
f 5698 5712 5699
f 5699 5712 5713
f 5699 5713 5700
f 5700 5713 5714
f 5700 5714 5701
f 5701 5714 5715
f 5701 5715 5702
f 5702 5715 5716
f 5702 5716 5703
f 5703 5716 5717
f 5703 5717 5704
f 5704 5717 5718
f 5704 5718 5705
f 5705 5718 5719
f 5705 5719 5680
f 5680 5719 5720
f 5680 5720 5681
f 5681 5720 5721
f 5681 5721 5682
f 5682 5721 5722
f 5682 5722 5683
f 5683 5722 5723
f 5683 5723 5684
f 5684 5723 5724
f 5684 5724 5685
f 5685 5724 5725
f 5685 5725 5686
f 5686 5725 5726
f 5686 5726 5687
f 5687 5726 5727
f 5687 5727 5688
f 5688 5727 5728
f 5688 5728 5689
f 5689 5728 5729
f 5689 5729 5690
f 5690 5729 5730
f 5690 5730 5691
f 5691 5730 5731
f 5691 5731 5692
f 5692 5731 5706
f 5692 5706 5693
f 5730 5732 5731
f 5731 5732 5733
f 5731 5733 5706
f 5706 5733 5734
f 5706 5734 5707
f 5725 5735 5726
f 5726 5735 5736
f 5726 5736 5727
f 5727 5736 5737
f 5727 5737 5728
f 5737 5738 5728
f 5728 5738 5739
f 5728 5739 5729
f 5729 5739 5740
f 5729 5740 5730
f 5730 5740 5741
f 5730 5741 5732
f 5722 5742 5723
f 5723 5742 5743
f 5723 5743 5724
f 5724 5743 5744
f 5724 5744 5725
f 5725 5744 5745
f 5725 5745 5735
f 5717 5746 5718
f 5718 5746 5747
f 5718 5747 5719
f 5719 5747 5748
f 5719 5748 5720
f 5709 5749 5710
f 5710 5749 5750
f 5710 5750 5711
f 5711 5750 5751
f 5711 5751 5712
f 5748 5752 5720
f 5720 5752 5753
f 5720 5753 5721
f 5721 5753 5754
f 5721 5754 5722
f 5722 5754 5755
f 5722 5755 5742
f 5734 5756 5707
f 5707 5756 5757
f 5707 5757 5708
f 5708 5757 5758
f 5708 5758 5709
f 5709 5758 5759
f 5709 5759 5749
f 5715 5760 5716
f 5716 5760 5761
f 5716 5761 5717
f 5717 5761 5762
f 5717 5762 5746
f 5751 5763 5712
f 5712 5763 5764
f 5712 5764 5713
f 5713 5764 5765
f 5713 5765 5714
f 5714 5765 5766
f 5714 5766 5715
f 5715 5766 5767
f 5715 5767 5760
f 5768 5769 5770
f 5768 5770 5771
f 5771 5770 5772
f 5771 5772 5773
f 5773 5772 5774
f 5773 5774 5775
f 5775 5774 5776
f 5775 5776 5777
f 5777 5776 5778
f 5777 5778 5779
f 5779 5778 5780
f 5779 5780 5781
f 5781 5780 5782
f 5781 5782 5783
f 5783 5782 5784
f 5783 5784 5785
f 5785 5784 5786
f 5785 5786 5787
f 5787 5786 5788
f 5787 5788 5789
f 5789 5788 5790
f 5789 5790 5791
f 5791 5790 5792
f 5791 5792 5793
f 5793 5792 5794
f 5793 5794 5795
f 5795 5794 5796
f 5795 5796 5797
f 5797 5796 5798
f 5797 5798 5799
f 5799 5798 5800
f 5799 5800 5801
f 5801 5800 5802
f 5801 5802 5803
f 5803 5802 5804
f 5803 5804 5805
f 5734 5804 5802
f 5734 5802 5756
f 5756 5802 5800
f 5756 5800 5757
f 5757 5800 5798
f 5757 5798 5758
f 5758 5798 5796
f 5758 5796 5759
f 5759 5796 5794
f 5759 5794 5749
f 5749 5794 5792
f 5749 5792 5750
f 5750 5792 5790
f 5750 5790 5751
f 5751 5790 5788
f 5751 5788 5763
f 5763 5788 5786
f 5763 5786 5764
f 5764 5786 5784
f 5764 5784 5765
f 5765 5784 5782
f 5765 5782 5766
f 5766 5782 5780
f 5766 5780 5767
f 5767 5780 5778
f 5767 5778 5760
f 5760 5778 5776
f 5760 5776 5761
f 5761 5776 5774
f 5761 5774 5762
f 5762 5774 5772
f 5762 5772 5746
f 5746 5772 5770
f 5746 5770 5747
f 5747 5770 5769
f 5747 5769 5748
f 5748 5769 5806
f 5748 5806 5752
f 5752 5806 5807
f 5752 5807 5753
f 5753 5807 5808
f 5753 5808 5754
f 5754 5808 5809
f 5754 5809 5755
f 5755 5809 5810
f 5755 5810 5742
f 5742 5810 5811
f 5742 5811 5743
f 5743 5811 5812
f 5743 5812 5744
f 5744 5812 5813
f 5744 5813 5745
f 5745 5813 5814
f 5745 5814 5735
f 5735 5814 5815
f 5735 5815 5736
f 5736 5815 5816
f 5736 5816 5737
f 5737 5816 5817
f 5737 5817 5738
f 5738 5817 5818
f 5738 5818 5739
f 5739 5818 5819
f 5739 5819 5740
f 5740 5819 5820
f 5740 5820 5741
f 5741 5820 5821
f 5741 5821 5732
f 5732 5821 5822
f 5732 5822 5733
f 5733 5822 5804
f 5733 5804 5734
f 5805 5804 5822
f 5805 5822 5823
f 5823 5822 5821
f 5823 5821 5824
f 5824 5821 5820
f 5824 5820 5825
f 5825 5820 5819
f 5825 5819 5826
f 5826 5819 5818
f 5826 5818 5827
f 5827 5818 5817
f 5827 5817 5828
f 5828 5817 5816
f 5828 5816 5829
f 5829 5816 5815
f 5829 5815 5830
f 5830 5815 5814
f 5830 5814 5831
f 5831 5814 5813
f 5831 5813 5832
f 5832 5813 5812
f 5832 5812 5833
f 5833 5812 5811
f 5833 5811 5834
f 5834 5811 5810
f 5834 5810 5835
f 5835 5810 5809
f 5835 5809 5836
f 5836 5809 5808
f 5836 5808 5837
f 5837 5808 5807
f 5837 5807 5838
f 5838 5807 5806
f 5838 5806 5839
f 5839 5806 5769
f 5839 5769 5768
f 5827 5828 5649
f 5647 5805 5823
f 5838 5653 5837
f 5837 5653 5651
f 5837 5651 5836
f 5836 5651 5835
f 5823 5824 5647
f 5647 5824 5825
f 5647 5825 5649
f 5649 5825 5826
f 5649 5826 5827
f 5838 5839 5653
f 5653 5839 5768
f 5653 5768 5771
f 5828 5829 5649
f 5649 5829 5830
f 5649 5830 5651
f 5651 5830 5831
f 5651 5831 5832
f 5832 5833 5651
f 5651 5833 5834
f 5651 5834 5835
f 5791 5793 5644
f 5644 5793 5795
f 5644 5795 5797
f 5779 5781 5645
f 5645 5781 5783
f 5771 5773 5653
f 5653 5773 5775
f 5653 5775 5645
f 5645 5775 5777
f 5645 5777 5779
f 5797 5799 5644
f 5644 5799 5801
f 5644 5801 5647
f 5647 5801 5803
f 5647 5803 5805
f 5783 5785 5645
f 5645 5785 5787
f 5645 5787 5644
f 5644 5787 5789
f 5644 5789 5791
f 5650 5651 5652
f 5652 5651 5653
f 5840 5841 5842
f 5843 5841 5840
f 5840 5844 5845
f 5846 5844 5840
f 5842 5846 5840
f 5840 5847 5848
f 5849 5847 5840
f 5845 5849 5840
f 5840 5850 5851
f 5852 5850 5840
f 5848 5852 5840
f 5851 5843 5840
f 5853 5854 5855
f 5856 5854 5853
f 5853 5857 5858
f 5859 5857 5853
f 5855 5859 5853
f 5853 5860 5861
f 5862 5860 5853
f 5858 5862 5853
f 5853 5863 5864
f 5865 5863 5853
f 5861 5865 5853
f 5864 5856 5853
f 5866 5867 5868
f 5869 5867 5866
f 5866 5870 5871
f 5872 5870 5866
f 5868 5872 5866
f 5866 5873 5874
f 5875 5873 5866
f 5871 5875 5866
f 5866 5876 5877
f 5878 5876 5866
f 5874 5878 5866
f 5877 5869 5866
f 5879 5880 5881
f 5882 5880 5879
f 5879 5883 5884
f 5885 5883 5879
f 5881 5885 5879
f 5879 5886 5887
f 5888 5886 5879
f 5884 5888 5879
f 5879 5889 5890
f 5891 5889 5879
f 5887 5891 5879
f 5890 5882 5879
f 5892 5849 5893
f 5893 5849 5845
f 5893 5845 5894
f 5894 5845 5844
f 5894 5844 5895
f 5895 5844 5846
f 5895 5846 5896
f 5896 5846 5842
f 5896 5842 5897
f 5897 5842 5841
f 5897 5841 5898
f 5898 5841 5843
f 5898 5843 5899
f 5899 5843 5851
f 5899 5851 5900
f 5900 5851 5850
f 5900 5850 5901
f 5901 5850 5852
f 5901 5852 5902
f 5902 5852 5848
f 5902 5848 5903
f 5903 5848 5847
f 5903 5847 5892
f 5892 5847 5849
f 5904 5862 5905
f 5905 5862 5858
f 5905 5858 5906
f 5906 5858 5857
f 5906 5857 5907
f 5907 5857 5859
f 5907 5859 5908
f 5908 5859 5855
f 5908 5855 5909
f 5909 5855 5854
f 5909 5854 5910
f 5910 5854 5856
f 5910 5856 5911
f 5911 5856 5864
f 5911 5864 5912
f 5912 5864 5863
f 5912 5863 5913
f 5913 5863 5865
f 5913 5865 5914
f 5914 5865 5861
f 5914 5861 5915
f 5915 5861 5860
f 5915 5860 5904
f 5904 5860 5862
f 5916 5917 5918
f 5918 5917 5919
f 5920 5921 5922
f 5922 5921 5923
f 5924 5925 5926
f 5926 5925 5927
f 5928 5875 5929
f 5929 5875 5871
f 5929 5871 5930
f 5930 5871 5870
f 5930 5870 5931
f 5931 5870 5872
f 5931 5872 5932
f 5932 5872 5868
f 5932 5868 5933
f 5933 5868 5867
f 5933 5867 5934
f 5934 5867 5869
f 5934 5869 5935
f 5935 5869 5877
f 5935 5877 5936
f 5936 5877 5876
f 5936 5876 5937
f 5937 5876 5878
f 5937 5878 5938
f 5938 5878 5874
f 5938 5874 5939
f 5939 5874 5873
f 5939 5873 5928
f 5928 5873 5875
f 5940 5888 5941
f 5941 5888 5884
f 5941 5884 5942
f 5942 5884 5883
f 5942 5883 5943
f 5943 5883 5885
f 5943 5885 5944
f 5944 5885 5881
f 5944 5881 5945
f 5945 5881 5880
f 5945 5880 5946
f 5946 5880 5882
f 5946 5882 5947
f 5947 5882 5890
f 5947 5890 5948
f 5948 5890 5889
f 5948 5889 5949
f 5949 5889 5891
f 5949 5891 5950
f 5950 5891 5887
f 5950 5887 5951
f 5951 5887 5886
f 5951 5886 5940
f 5940 5886 5888
f 5952 5953 5954
f 5954 5953 5955
f 5954 5955 5956
f 5956 5955 5957
f 5956 5957 5958
f 5958 5957 5959
f 5958 5959 5960
f 5960 5959 5961
f 5960 5961 5962
f 5962 5961 5963
f 5962 5963 5964
f 5964 5963 5965
f 5966 5967 5968
f 5968 5967 5969
f 5923 5921 5965
f 5965 5921 5964
f 5902 5903 5969
f 5969 5903 5892
f 5969 5892 5919
f 5902 5969 5901
f 5901 5969 5967
f 5901 5967 5900
f 5911 5912 5967
f 5967 5912 5913
f 5904 5897 5915
f 5915 5897 5898
f 5900 5967 5899
f 5899 5967 5913
f 5899 5913 5898
f 5898 5913 5914
f 5898 5914 5915
f 5892 5893 5919
f 5919 5893 5894
f 5919 5894 5895
f 5907 5908 5918
f 5918 5908 5909
f 5918 5909 5967
f 5967 5909 5910
f 5967 5910 5911
f 5907 5918 5906
f 5906 5918 5919
f 5906 5919 5905
f 5905 5919 5895
f 5905 5895 5904
f 5904 5895 5896
f 5904 5896 5897
f 5917 5916 5926
f 5926 5916 5924
f 5925 5948 5949
f 5944 5945 5920
f 5920 5945 5946
f 5920 5946 5925
f 5925 5946 5947
f 5925 5947 5948
f 5937 5927 5936
f 5936 5927 5925
f 5936 5925 5935
f 5935 5925 5949
f 5935 5949 5934
f 5928 5922 5939
f 5939 5922 5927
f 5939 5927 5938
f 5938 5927 5937
f 5928 5929 5922
f 5922 5929 5930
f 5922 5930 5931
f 5944 5920 5943
f 5943 5920 5922
f 5943 5922 5942
f 5940 5933 5951
f 5951 5933 5934
f 5951 5934 5950
f 5950 5934 5949
f 5942 5922 5941
f 5941 5922 5931
f 5941 5931 5940
f 5940 5931 5932
f 5940 5932 5933
f 5970 5971 5952
f 5952 5971 5953
f 5972 5973 5974
f 5974 5973 5975
f 5962 5964 5921
f 5916 5975 5924
f 5924 5975 5976
f 5977 5958 5960
f 5960 5962 5977
f 5977 5962 5921
f 5977 5921 5976
f 5976 5921 5920
f 5976 5920 5924
f 5924 5920 5925
f 5916 5918 5975
f 5975 5918 5967
f 5975 5967 5974
f 5974 5967 5966
f 5974 5966 5978
f 5978 5966 5979
f 5978 5979 5980
f 5956 5958 5981
f 5982 5983 5981
f 5981 5983 5970
f 5970 5952 5981
f 5981 5952 5954
f 5981 5954 5956
f 5984 5977 5985
f 5985 5977 5976
f 5986 5987 5988
f 5988 5987 5989
f 5990 5991 5992
f 5992 5991 5993
f 5994 5995 5996
f 5997 5995 5994
f 5994 5998 5999
f 6000 5998 5994
f 5996 6000 5994
f 5994 6001 6002
f 6003 6001 5994
f 5999 6003 5994
f 5994 6004 6005
f 6006 6004 5994
f 6002 6006 5994
f 6005 5997 5994
f 6007 6008 6009
f 6010 6011 6012
f 6013 6014 6015
f 6016 6017 6018
f 6009 6013 6007
f 6007 6013 6015
f 6007 6015 6018
f 6018 6015 6010
f 6018 6010 6016
f 6016 6010 6012
f 6019 6020 6021
f 6022 6023 6024
f 6020 6025 6021
f 6021 6025 6026
f 6021 6026 6027
f 6019 6021 6028
f 6028 6021 6029
f 6028 6029 6030
f 6024 6023 6031
f 6023 6032 6031
f 6031 6032 6033
f 6031 6033 6034
f 6034 6035 6031
f 6031 6035 6036
f 6031 6036 6037
f 6037 6036 6038
f 6026 6039 6027
f 6027 6039 6040
f 6027 6040 6041
f 6041 6040 6042
f 6041 6042 6043
f 6042 6044 6043
f 6043 6044 6045
f 6043 6045 6046
f 6046 6045 6047
f 6046 6047 6048
f 6048 6047 6049
f 6048 6049 6024
f 6024 6049 6050
f 6024 6050 6022
f 6051 6052 6053
f 6054 6055 6056
f 6057 6058 6059
f 6057 6059 6056
f 6056 6059 6060
f 6056 6060 6054
f 6055 6054 6052
f 6052 6054 6061
f 6052 6061 6053
f 6062 6063 6053
f 6053 6063 6064
f 6053 6064 6051
f 6062 6053 6065
f 6065 6053 6066
f 6065 6066 6067
f 6067 6066 6068
f 6067 6068 6069
f 6069 6068 6070
f 6069 6070 6071
f 6072 6073 6074
f 6074 6073 6075
f 6076 6077 5980
f 5980 6077 5978
f 5966 5968 5979
f 5979 5968 6078
f 6079 6080 6081
f 6081 6080 6082
f 6083 6084 6085
f 6085 6084 6086
f 5970 5983 5971
f 5971 5983 6087
f 6088 5982 6089
f 6089 5982 5981
f 6090 6091 6092
f 6092 6091 6093
f 6094 6095 6096
f 6096 6095 6097
f 5926 6097 5917
f 5917 6097 6074
f 5919 5917 5969
f 5969 5917 6074
f 5969 6074 5968
f 5968 6074 6075
f 5968 6075 6078
f 6078 6075 6081
f 6078 6081 6082
f 5965 5963 6096
f 6096 5963 5961
f 6096 5961 5959
f 5926 5927 6097
f 6097 5927 5922
f 6097 5922 6096
f 6096 5922 5923
f 6096 5923 5965
f 6087 6098 5971
f 5971 6098 6099
f 5953 5971 5955
f 5955 5971 6099
f 5955 6099 5957
f 5957 6099 5959
f 6100 6101 6098
f 6098 6101 6099
f 6102 6103 6104
f 6104 6103 6105
f 6106 6107 6108
f 6108 6107 6109
f 6108 6109 6110
f 6110 6109 6105
f 6105 6109 6111
f 6105 6111 6104
f 6112 6113 6114
f 6114 6113 6115
f 6116 6117 6118
f 6118 6117 6119
f 6118 6119 6120
f 6120 6121 6118
f 6118 6121 6122
f 6118 6122 6123
f 6123 6122 6124
f 6123 6124 6125
f 6124 6126 6125
f 6125 6126 6127
f 6125 6127 6115
f 6115 6127 6128
f 6115 6128 6114
f 6129 6130 6131
f 6132 6130 6129
f 6129 6133 6134
f 6135 6133 6129
f 6131 6135 6129
f 6129 6136 6137
f 6138 6136 6129
f 6134 6138 6129
f 6129 6139 6140
f 6141 6139 6129
f 6137 6141 6129
f 6140 6132 6129
f 6142 6143 6144
f 6144 6143 6145
f 6144 6145 6146
f 6147 6148 6149
f 6149 6148 6150
f 6149 6150 6151
f 6151 6150 6152
f 6151 6152 6153
f 6153 6152 6154
f 6153 6154 6155
f 6155 6154 6156
f 6155 6156 6157
f 6145 6158 6146
f 6146 6158 6159
f 6146 6159 6156
f 6156 6159 6160
f 6156 6160 6157
f 6161 6162 6163
f 6164 6165 6166
f 6166 6165 6161
f 6166 6161 6167
f 6167 6161 6163
f 6168 6169 6170
f 6170 6169 6171
f 6172 6173 6162
f 6162 6173 6174
f 6162 6174 6163
f 6147 6175 6148
f 6148 6175 6176
f 6148 6176 6170
f 6170 6176 6177
f 6170 6177 6168
f 6169 6178 6171
f 6171 6178 6179
f 6171 6179 6180
f 6180 6179 6181
f 6180 6181 6172
f 6172 6181 6182
f 6172 6182 6173
f 6183 6184 6185
f 6186 6187 6188
f 6188 6187 6189
f 6185 6190 6183
f 6183 6190 6191
f 6183 6191 6192
f 6189 6187 6193
f 6193 6187 6194
f 6193 6194 6195
f 6195 6194 6196
f 6195 6196 6190
f 6190 6196 6197
f 6190 6197 6191
f 6198 6199 6200
f 6200 6201 6198
f 6198 6201 6202
f 6198 6202 6203
f 6203 6202 6204
f 6203 6204 6205
f 6205 6204 6206
f 6205 6206 6207
f 6207 6206 6208
f 6207 6208 6209
f 6209 6208 6210
f 6211 6212 6213
f 6213 6212 6214
f 6213 6214 6215
f 6215 6214 6216
f 6215 6216 6217
f 6217 6216 6218
f 6217 6218 6219
f 6219 6218 6220
f 6219 6220 6221
f 6221 6220 6222
f 6221 6222 6223
f 6223 6222 6224
f 6223 6224 6225
f 6225 6224 6226
f 6225 6226 6227
f 6227 6226 6228
f 6227 6228 6229
f 6229 6228 6210
f 6229 6210 6230
f 6230 6210 6208
f 6231 6232 6233
f 6231 6233 6234
f 6234 6233 6235
f 6234 6235 6236
f 6236 6235 6237
f 6236 6237 6238
f 6238 6237 6239
f 6238 6239 6240
f 6240 6239 6241
f 6240 6241 6242
f 6242 6241 6092
f 6242 6092 6093
f 5975 5973 6243
f 6243 6244 5975
f 5975 6244 6245
f 5975 6245 6246
f 5985 5976 6247
f 6247 5976 5975
f 6247 5975 6248
f 6248 5975 6246
f 5974 5978 6077
f 6077 6249 5974
f 5974 6249 6250
f 5974 6250 5972
f 6089 5981 6251
f 6251 5981 5958
f 6251 5958 6252
f 6252 5958 5977
f 6252 5977 5984
f 6253 5986 6254
f 6254 5986 5988
f 6254 5988 6255
f 6255 5988 5989
f 6255 5989 6256
f 6256 5989 5987
f 6256 5987 6257
f 6257 5987 6258
f 6258 5987 5986
f 6258 5986 6253
f 6259 5990 6260
f 6260 5990 5992
f 6260 5992 6261
f 6261 5992 5993
f 6261 5993 6262
f 6262 5993 5991
f 6262 5991 6259
f 6259 5991 5990
f 6263 6003 6264
f 6264 6003 5999
f 6264 5999 6265
f 6265 5999 5998
f 6265 5998 6266
f 6266 5998 6000
f 6266 6000 6267
f 6267 6000 5996
f 6267 5996 6268
f 6268 5996 5995
f 6268 5995 6269
f 6269 5995 5997
f 6269 5997 6270
f 6270 5997 6005
f 6270 6005 6271
f 6271 6005 6004
f 6271 6004 6272
f 6272 6004 6006
f 6272 6006 6273
f 6273 6006 6002
f 6273 6002 6274
f 6274 6002 6001
f 6274 6001 6263
f 6263 6001 6003
f 6275 6017 6276
f 6276 6017 6016
f 6276 6016 6277
f 6277 6016 6012
f 6277 6012 6278
f 6278 6012 6011
f 6278 6011 6279
f 6279 6011 6010
f 6279 6010 6280
f 6280 6010 6015
f 6280 6015 6281
f 6281 6015 6014
f 6281 6014 6282
f 6282 6014 6013
f 6282 6013 6283
f 6283 6013 6009
f 6283 6009 6284
f 6284 6009 6008
f 6284 6008 6285
f 6285 6008 6007
f 6285 6007 6286
f 6286 6007 6018
f 6286 6018 6275
f 6275 6018 6017
f 6287 6288 6043
f 6043 6288 6041
f 6048 6289 6290
f 6048 6290 6046
f 6046 6290 6287
f 6046 6287 6043
f 6289 6048 6291
f 6291 6048 6024
f 6291 6024 6292
f 6292 6024 6031
f 6292 6031 6293
f 6293 6031 6037
f 6293 6037 6294
f 6294 6037 6038
f 6036 6295 6038
f 6038 6295 6294
f 6296 6295 6035
f 6035 6295 6036
f 6033 6297 6298
f 6033 6298 6034
f 6034 6298 6296
f 6034 6296 6035
f 6023 6299 6300
f 6023 6300 6032
f 6032 6300 6297
f 6032 6297 6033
f 6049 6301 6302
f 6299 6023 6303
f 6303 6023 6022
f 6303 6022 6302
f 6302 6022 6050
f 6302 6050 6049
f 6045 6304 6305
f 6045 6305 6047
f 6047 6305 6301
f 6047 6301 6049
f 6304 6045 6306
f 6306 6045 6044
f 6306 6044 6307
f 6042 6308 6044
f 6044 6308 6307
f 6026 6309 6310
f 6308 6042 6311
f 6311 6042 6040
f 6311 6040 6310
f 6310 6040 6039
f 6310 6039 6026
f 6020 6312 6313
f 6020 6313 6025
f 6025 6313 6309
f 6025 6309 6026
f 6028 6314 6315
f 6028 6315 6019
f 6019 6315 6312
f 6019 6312 6020
f 6314 6028 6316
f 6316 6028 6030
f 6316 6030 6317
f 6317 6030 6029
f 6317 6029 6318
f 6318 6029 6021
f 6318 6021 6319
f 6319 6021 6320
f 6320 6021 6027
f 6041 6288 6027
f 6027 6288 6320
f 6063 6321 6322
f 6323 6052 6324
f 6324 6052 6051
f 6324 6051 6322
f 6322 6051 6064
f 6322 6064 6063
f 6067 6325 6326
f 6321 6063 6327
f 6327 6063 6062
f 6327 6062 6326
f 6326 6062 6065
f 6326 6065 6067
f 6071 6328 6329
f 6071 6329 6069
f 6069 6329 6325
f 6069 6325 6067
f 6328 6071 6330
f 6330 6071 6070
f 6330 6070 6331
f 6331 6070 6068
f 6331 6068 6332
f 6332 6068 6066
f 6332 6066 6333
f 6333 6066 6053
f 6054 6334 6335
f 6054 6335 6061
f 6061 6335 6333
f 6061 6333 6053
f 6059 6336 6337
f 6059 6337 6060
f 6060 6337 6334
f 6060 6334 6054
f 6336 6059 6338
f 6338 6059 6058
f 6338 6058 6339
f 6339 6058 6057
f 6339 6057 6340
f 6340 6057 6056
f 6340 6056 6341
f 6341 6056 6055
f 6052 6323 6055
f 6055 6323 6341
f 6095 6342 6097
f 6097 6342 6343
f 6097 6343 6344
f 6344 6345 6097
f 6097 6345 6346
f 6097 6346 6074
f 6074 6346 6347
f 6074 6347 6072
f 6073 6348 6075
f 6075 6348 6349
f 6079 6081 6350
f 6350 6081 6075
f 6350 6075 6351
f 6351 6075 6349
f 6085 6086 6352
f 5979 6078 5980
f 5980 6078 6082
f 6353 6076 5980
f 6352 6353 6085
f 6085 6353 5980
f 6085 5980 6354
f 6354 5980 6082
f 6354 6082 6080
f 6084 6083 6355
f 6084 6355 6356
f 6356 6355 6357
f 6356 6357 6358
f 6358 6357 6359
f 6358 6359 6360
f 6360 6359 6361
f 6360 6361 6362
f 6362 6361 6363
f 6362 6363 6364
f 6364 6363 6365
f 6364 6365 6366
f 6088 6091 5982
f 5982 6091 6090
f 6087 5983 6098
f 6098 5983 5982
f 6090 6367 5982
f 5982 6367 6368
f 5982 6368 6098
f 6098 6368 6100
f 6099 6101 5959
f 5959 6101 6369
f 6369 6370 5959
f 5959 6370 6371
f 5959 6371 6096
f 6096 6371 6372
f 6096 6372 6094
f 6373 6109 6374
f 6374 6109 6107
f 6374 6107 6375
f 6109 6373 6111
f 6111 6373 6376
f 6111 6376 6377
f 6378 6104 6377
f 6377 6104 6111
f 6379 6102 6380
f 6380 6102 6104
f 6380 6104 6378
f 6381 6103 6379
f 6379 6103 6102
f 6382 6105 6381
f 6381 6105 6103
f 6383 6110 6382
f 6382 6110 6105
f 6384 6108 6383
f 6383 6108 6110
f 6108 6384 6106
f 6106 6384 6385
f 6106 6385 6386
f 6375 6107 6386
f 6386 6107 6106
f 6387 6115 6388
f 6388 6115 6113
f 6388 6113 6389
f 6115 6387 6125
f 6125 6387 6390
f 6125 6390 6391
f 6392 6123 6391
f 6391 6123 6125
f 6393 6118 6394
f 6394 6118 6123
f 6394 6123 6392
f 6118 6393 6116
f 6116 6393 6395
f 6116 6395 6396
f 6397 6117 6396
f 6396 6117 6116
f 6398 6119 6399
f 6399 6119 6117
f 6399 6117 6397
f 6400 6120 6398
f 6398 6120 6119
f 6120 6400 6401
f 6120 6401 6121
f 6121 6401 6402
f 6121 6402 6122
f 6122 6402 6403
f 6122 6403 6124
f 6124 6403 6404
f 6124 6404 6126
f 6126 6404 6405
f 6126 6405 6127
f 6406 6128 6405
f 6405 6128 6127
f 6407 6114 6406
f 6406 6114 6128
f 6114 6407 6112
f 6112 6407 6408
f 6112 6408 6409
f 6389 6113 6409
f 6409 6113 6112
f 6410 6138 6411
f 6411 6138 6134
f 6411 6134 6412
f 6412 6134 6133
f 6412 6133 6413
f 6413 6133 6135
f 6413 6135 6414
f 6414 6135 6131
f 6414 6131 6415
f 6415 6131 6130
f 6415 6130 6416
f 6416 6130 6132
f 6416 6132 6417
f 6417 6132 6140
f 6417 6140 6418
f 6418 6140 6139
f 6418 6139 6419
f 6419 6139 6141
f 6419 6141 6420
f 6420 6141 6137
f 6420 6137 6421
f 6421 6137 6136
f 6421 6136 6410
f 6410 6136 6138
f 6147 6422 6423
f 6424 6177 6425
f 6425 6177 6176
f 6425 6176 6423
f 6423 6176 6175
f 6423 6175 6147
f 6177 6424 6426
f 6177 6426 6168
f 6168 6426 6427
f 6168 6427 6169
f 6169 6427 6428
f 6169 6428 6178
f 6178 6428 6429
f 6178 6429 6179
f 6179 6429 6430
f 6179 6430 6181
f 6181 6430 6431
f 6181 6431 6182
f 6182 6431 6432
f 6182 6432 6173
f 6173 6432 6433
f 6173 6433 6174
f 6174 6433 6434
f 6174 6434 6163
f 6163 6434 6435
f 6163 6435 6167
f 6167 6435 6436
f 6167 6436 6166
f 6166 6436 6437
f 6166 6437 6164
f 6438 6165 6437
f 6437 6165 6164
f 6165 6438 6439
f 6165 6439 6161
f 6161 6439 6440
f 6161 6440 6162
f 6162 6440 6441
f 6162 6441 6172
f 6172 6441 6442
f 6172 6442 6180
f 6180 6442 6443
f 6180 6443 6171
f 6171 6443 6444
f 6171 6444 6170
f 6170 6444 6445
f 6170 6445 6148
f 6148 6445 6446
f 6148 6446 6150
f 6150 6446 6447
f 6150 6447 6152
f 6152 6447 6448
f 6152 6448 6154
f 6154 6448 6449
f 6154 6449 6156
f 6156 6449 6450
f 6156 6450 6146
f 6451 6144 6452
f 6452 6144 6146
f 6452 6146 6450
f 6453 6142 6451
f 6451 6142 6144
f 6454 6143 6453
f 6453 6143 6142
f 6455 6145 6454
f 6454 6145 6143
f 6456 6158 6455
f 6455 6158 6145
f 6158 6456 6457
f 6158 6457 6159
f 6159 6457 6458
f 6159 6458 6160
f 6160 6458 6459
f 6160 6459 6157
f 6157 6459 6460
f 6157 6460 6155
f 6155 6460 6461
f 6155 6461 6153
f 6153 6461 6462
f 6153 6462 6151
f 6151 6462 6463
f 6151 6463 6149
f 6149 6463 6422
f 6149 6422 6147
f 6464 6186 6188
f 6193 6465 6189
f 6189 6465 6466
f 6189 6466 6188
f 6188 6466 6467
f 6188 6467 6464
f 6468 6187 6464
f 6464 6187 6186
f 6187 6468 6469
f 6187 6469 6194
f 6194 6469 6470
f 6194 6470 6196
f 6471 6192 6191
f 6196 6470 6197
f 6197 6470 6472
f 6197 6472 6191
f 6191 6472 6473
f 6191 6473 6471
f 6474 6183 6471
f 6471 6183 6192
f 6475 6184 6474
f 6474 6184 6183
f 6476 6185 6475
f 6475 6185 6184
f 6477 6190 6476
f 6476 6190 6185
f 6190 6477 6478
f 6190 6478 6195
f 6195 6478 6465
f 6195 6465 6193
f 6205 6479 6480
f 6205 6480 6203
f 6203 6480 6481
f 6203 6481 6198
f 6198 6481 6482
f 6198 6482 6199
f 6483 6200 6482
f 6482 6200 6199
f 6200 6483 6484
f 6200 6484 6201
f 6201 6484 6485
f 6201 6485 6202
f 6202 6485 6486
f 6202 6486 6204
f 6204 6486 6487
f 6204 6487 6206
f 6206 6487 6488
f 6206 6488 6208
f 6208 6488 6489
f 6208 6489 6230
f 6230 6489 6490
f 6230 6490 6229
f 6229 6490 6491
f 6229 6491 6227
f 6227 6491 6492
f 6227 6492 6225
f 6225 6492 6493
f 6225 6493 6223
f 6223 6493 6494
f 6223 6494 6221
f 6221 6494 6495
f 6221 6495 6219
f 6219 6495 6496
f 6219 6496 6217
f 6217 6496 6497
f 6217 6497 6215
f 6215 6497 6498
f 6215 6498 6213
f 6213 6498 6499
f 6213 6499 6211
f 6500 6212 6499
f 6499 6212 6211
f 6212 6500 6501
f 6212 6501 6214
f 6214 6501 6502
f 6214 6502 6216
f 6216 6502 6503
f 6216 6503 6218
f 6218 6503 6504
f 6218 6504 6220
f 6220 6504 6505
f 6220 6505 6222
f 6222 6505 6506
f 6222 6506 6224
f 6224 6506 6507
f 6224 6507 6226
f 6226 6507 6508
f 6226 6508 6228
f 6228 6508 6509
f 6228 6509 6210
f 6210 6509 6510
f 6479 6205 6511
f 6511 6205 6207
f 6511 6207 6510
f 6510 6207 6209
f 6510 6209 6210
f 6232 6231 6512
f 6512 6231 6513
f 6285 6286 6284
f 6251 6514 6513
f 6513 6514 6515
f 6251 6513 6089
f 6089 6513 6231
f 6089 6231 6088
f 6088 6231 6093
f 6088 6093 6091
f 6231 6234 6236
f 6242 6093 6240
f 6240 6093 6231
f 6240 6231 6238
f 6238 6231 6236
f 6331 6332 6516
f 6517 6518 6516
f 6516 6518 6519
f 6254 6318 6319
f 6366 6520 6352
f 6520 6521 6522
f 6356 6366 6084
f 6084 6366 6352
f 6084 6352 6086
f 6362 6364 6360
f 6360 6364 6366
f 6360 6366 6358
f 6358 6366 6356
f 6077 6076 6523
f 6524 6306 6525
f 6525 6306 6307
f 6317 6525 6316
f 6316 6525 6307
f 6316 6307 6314
f 6314 6307 6308
f 6314 6308 6315
f 6315 6308 6312
f 6308 6311 6312
f 6312 6311 6310
f 6312 6310 6313
f 6313 6310 6309
f 6318 6254 6317
f 6317 6254 6255
f 6317 6255 6525
f 6525 6255 6256
f 6525 6256 6526
f 6526 6256 6257
f 6526 6257 6517
f 6517 6257 6258
f 6517 6258 6518
f 6518 6258 6253
f 6518 6253 6519
f 6352 6260 6527
f 6527 6260 6261
f 6262 6259 6292
f 6293 6294 6524
f 6292 6293 6262
f 6262 6293 6524
f 6262 6524 6261
f 6261 6524 6528
f 6261 6528 6527
f 6298 6297 6303
f 6303 6297 6300
f 6303 6300 6299
f 6298 6303 6296
f 6296 6303 6302
f 6296 6302 6295
f 6295 6302 6301
f 6295 6301 6294
f 6294 6301 6305
f 6294 6305 6524
f 6524 6305 6304
f 6524 6304 6306
f 6270 6251 6269
f 6269 6251 6252
f 6269 6252 6268
f 6268 6252 5984
f 6268 5984 6267
f 6267 5984 5985
f 6267 5985 6266
f 6266 5985 6247
f 6266 6247 6265
f 6514 6274 6529
f 6529 6274 6263
f 6529 6263 6264
f 6270 6271 6251
f 6251 6271 6272
f 6251 6272 6514
f 6514 6272 6273
f 6514 6273 6274
f 6352 6275 6353
f 6353 6275 6276
f 6278 6528 6277
f 6277 6528 6530
f 6277 6530 6276
f 6276 6530 6523
f 6276 6523 6353
f 6353 6523 6076
f 6286 6275 6284
f 6284 6275 6352
f 6284 6352 6283
f 6283 6352 6527
f 6283 6527 6282
f 6282 6527 6528
f 6282 6528 6281
f 6281 6528 6278
f 6281 6278 6280
f 6280 6278 6279
f 6522 6287 6290
f 6290 6289 6522
f 6522 6289 6291
f 6522 6291 6520
f 6520 6291 6292
f 6520 6292 6352
f 6352 6292 6259
f 6352 6259 6260
f 6253 6254 6519
f 6519 6254 6319
f 6519 6319 6521
f 6521 6319 6320
f 6521 6320 6522
f 6522 6320 6288
f 6522 6288 6287
f 6516 6515 6331
f 6331 6515 6514
f 6331 6514 6330
f 6330 6514 6529
f 6330 6529 6328
f 6328 6529 6526
f 6322 6321 6329
f 6321 6327 6329
f 6329 6327 6326
f 6329 6326 6325
f 6335 6334 6337
f 6335 6337 6333
f 6333 6337 6336
f 6333 6336 6332
f 6332 6336 6338
f 6332 6338 6516
f 6516 6338 6339
f 6516 6339 6517
f 6517 6339 6340
f 6517 6340 6526
f 6526 6340 6341
f 6526 6341 6328
f 6328 6341 6323
f 6328 6323 6329
f 6329 6323 6324
f 6329 6324 6322
f 5973 6530 6243
f 6243 6530 6528
f 6243 6528 6244
f 6244 6528 6524
f 6244 6524 6245
f 6245 6524 6525
f 6245 6525 6246
f 6246 6525 6526
f 6246 6526 6248
f 6248 6526 6529
f 6248 6529 6247
f 6247 6529 6264
f 6247 6264 6265
f 5973 5972 6530
f 6530 5972 6250
f 6530 6250 6523
f 6523 6250 6249
f 6523 6249 6077
f 6531 6520 6365
f 6365 6520 6366
f 6482 6481 6532
f 6416 6533 6534
f 6402 6404 6403
f 6398 6399 6535
f 6101 6100 6368
f 6072 6347 6534
f 6095 6094 6372
f 6348 6073 6072
f 6080 6536 6354
f 6354 6536 6531
f 6354 6531 6365
f 6363 6361 6365
f 6365 6361 6359
f 6085 6354 6083
f 6083 6354 6365
f 6083 6365 6355
f 6355 6365 6359
f 6355 6359 6357
f 6537 6538 6539
f 6539 6538 6540
f 6539 6540 6541
f 6541 6540 6542
f 6541 6542 6512
f 6235 6233 6237
f 6237 6233 6232
f 6239 6237 6241
f 6241 6237 6232
f 6241 6232 6092
f 6092 6232 6543
f 6375 6386 6543
f 6543 6386 6544
f 6232 6512 6543
f 6543 6512 6542
f 6543 6542 6375
f 6375 6542 6377
f 6375 6377 6374
f 6374 6377 6376
f 6374 6376 6373
f 6385 6384 6545
f 6383 6382 6381
f 6384 6383 6545
f 6545 6383 6381
f 6545 6381 6546
f 6546 6381 6379
f 6546 6379 6547
f 6547 6379 6380
f 6547 6380 6542
f 6542 6380 6378
f 6542 6378 6377
f 6399 6397 6548
f 6548 6397 6396
f 6548 6396 6369
f 6391 6369 6392
f 6392 6369 6396
f 6392 6396 6394
f 6394 6396 6395
f 6394 6395 6393
f 6407 6371 6408
f 6408 6371 6370
f 6408 6370 6409
f 6409 6370 6369
f 6409 6369 6389
f 6389 6369 6391
f 6389 6391 6388
f 6388 6391 6390
f 6388 6390 6387
f 6401 6400 6406
f 6406 6400 6549
f 6401 6406 6402
f 6402 6406 6405
f 6402 6405 6404
f 6419 6420 6532
f 6533 6416 6550
f 6416 6417 6550
f 6550 6417 6418
f 6550 6418 6419
f 6411 6412 6346
f 6346 6412 6413
f 6346 6413 6347
f 6347 6413 6414
f 6347 6414 6534
f 6534 6414 6415
f 6534 6415 6416
f 6461 6460 6462
f 6462 6460 6459
f 6462 6459 6458
f 6441 6440 6545
f 6545 6440 6439
f 6386 6385 6544
f 6544 6385 6545
f 6544 6545 6438
f 6438 6545 6439
f 6456 6455 6457
f 6457 6455 6454
f 6453 6427 6426
f 6426 6424 6453
f 6453 6424 6425
f 6453 6425 6423
f 6451 6438 6437
f 6458 6457 6462
f 6462 6457 6454
f 6462 6454 6463
f 6463 6454 6453
f 6463 6453 6422
f 6422 6453 6423
f 6432 6431 6453
f 6453 6431 6430
f 6435 6434 6453
f 6453 6434 6433
f 6453 6433 6432
f 6430 6429 6453
f 6453 6429 6428
f 6453 6428 6427
f 6451 6437 6453
f 6453 6437 6436
f 6453 6436 6435
f 6445 6444 6549
f 6400 6398 6549
f 6549 6398 6535
f 6549 6535 6445
f 6445 6535 6446
f 6438 6451 6544
f 6544 6451 6452
f 6544 6452 6543
f 6399 6548 6535
f 6535 6548 6447
f 6535 6447 6446
f 6452 6450 6543
f 6543 6450 6449
f 6543 6449 6548
f 6548 6449 6448
f 6548 6448 6447
f 6478 6477 6476
f 6478 6476 6465
f 6551 6471 6473
f 6473 6472 6551
f 6551 6472 6470
f 6551 6470 6469
f 6466 6465 6547
f 6547 6465 6476
f 6547 6476 6546
f 6546 6476 6475
f 6546 6475 6552
f 6552 6475 6474
f 6469 6468 6540
f 6540 6468 6542
f 6542 6468 6464
f 6542 6464 6547
f 6547 6464 6467
f 6547 6467 6466
f 6510 6509 6540
f 6532 6481 6538
f 6469 6540 6551
f 6551 6540 6509
f 6551 6509 6508
f 6481 6480 6538
f 6538 6480 6479
f 6538 6479 6540
f 6540 6479 6511
f 6540 6511 6510
f 6499 6498 6497
f 6502 6501 6553
f 6553 6501 6500
f 6496 6495 6483
f 6483 6495 6494
f 6483 6494 6484
f 6420 6421 6532
f 6532 6421 6553
f 6532 6553 6482
f 6482 6553 6500
f 6482 6500 6483
f 6483 6500 6499
f 6483 6499 6496
f 6496 6499 6497
f 6490 6489 6485
f 6494 6493 6484
f 6484 6493 6492
f 6484 6492 6485
f 6485 6492 6491
f 6485 6491 6490
f 6489 6488 6485
f 6485 6488 6487
f 6485 6487 6486
f 6502 6553 6503
f 6503 6553 6554
f 6503 6554 6555
f 6508 6507 6551
f 6551 6507 6552
f 6551 6552 6471
f 6471 6552 6474
f 6507 6506 6552
f 6552 6506 6505
f 6552 6505 6504
f 6090 6092 6367
f 6367 6092 6543
f 6367 6543 6368
f 6368 6543 6548
f 6368 6548 6101
f 6101 6548 6369
f 6419 6532 6550
f 6550 6532 6538
f 6550 6538 6536
f 6536 6538 6537
f 6536 6537 6531
f 6095 6372 6556
f 6556 6372 6371
f 6556 6371 6549
f 6549 6371 6407
f 6549 6407 6406
f 6504 6503 6552
f 6552 6503 6555
f 6552 6555 6546
f 6546 6555 6557
f 6546 6557 6545
f 6545 6557 6558
f 6545 6558 6441
f 6441 6558 6556
f 6441 6556 6442
f 6442 6556 6549
f 6442 6549 6443
f 6443 6549 6444
f 6072 6534 6348
f 6348 6534 6533
f 6348 6533 6349
f 6349 6533 6550
f 6349 6550 6351
f 6351 6550 6536
f 6351 6536 6350
f 6350 6536 6080
f 6350 6080 6079
f 6421 6410 6553
f 6553 6410 6411
f 6553 6411 6554
f 6554 6411 6346
f 6554 6346 6555
f 6555 6346 6345
f 6555 6345 6557
f 6557 6345 6344
f 6557 6344 6558
f 6558 6344 6343
f 6558 6343 6556
f 6556 6343 6342
f 6556 6342 6095
f 6541 6512 6513
f 6516 6531 6515
f 6515 6531 6537
f 6515 6537 6513
f 6513 6537 6539
f 6513 6539 6541
f 6516 6519 6531
f 6531 6519 6521
f 6531 6521 6520
f 6559 6560 6561
f 6561 6560 6562
f 6561 6562 6563
f 6563 6562 6564
f 6560 6565 6562
f 6562 6565 6566
f 6562 6566 6564
f 6564 6566 6567
f 6564 6567 6563
f 6563 6567 6568
f 6563 6568 6561
f 6561 6568 6569
f 6561 6569 6559
f 6559 6569 6570
f 6559 6570 6560
f 6560 6570 6565
f 6571 6572 6573
f 6573 6572 6574
f 6573 6574 6575
f 6566 6565 6576
f 6576 6565 6577
f 6576 6577 6571
f 6571 6577 6578
f 6571 6578 6572
f 6579 6567 6566
f 6566 6576 6579
f 6579 6576 6571
f 6579 6571 6580
f 6580 6571 6573
f 6580 6573 6581
f 6581 6573 6575
f 6581 6575 6582
f 6583 6568 6567
f 6567 6579 6583
f 6583 6579 6580
f 6583 6580 6584
f 6584 6580 6581
f 6584 6581 6585
f 6585 6581 6582
f 6585 6582 6586
f 6569 6568 6587
f 6587 6568 6583
f 6587 6583 6588
f 6583 6584 6588
f 6588 6584 6585
f 6588 6585 6589
f 6589 6585 6586
f 6589 6586 6590
f 6591 6570 6569
f 6569 6587 6591
f 6591 6587 6588
f 6591 6588 6592
f 6592 6588 6589
f 6592 6589 6593
f 6593 6589 6590
f 6593 6590 6594
f 6577 6565 6570
f 6570 6591 6577
f 6577 6591 6592
f 6577 6592 6578
f 6578 6592 6593
f 6578 6593 6572
f 6572 6593 6594
f 6572 6594 6574
f 6595 6596 6590
f 6590 6596 6597
f 6590 6597 6598
f 6599 6600 6586
f 6601 6602 6575
f 6598 6603 6590
f 6590 6603 6604
f 6590 6604 6594
f 6604 6605 6594
f 6594 6605 6606
f 6594 6606 6607
f 6601 6575 6608
f 6600 6609 6586
f 6586 6609 6610
f 6586 6610 6590
f 6590 6610 6611
f 6590 6611 6595
f 6612 6613 6582
f 6582 6613 6614
f 6582 6614 6615
f 6616 6586 6617
f 6617 6586 6582
f 6617 6582 6618
f 6618 6582 6615
f 6616 6619 6586
f 6586 6619 6620
f 6586 6620 6621
f 6621 6622 6586
f 6586 6622 6623
f 6586 6623 6599
f 6602 6624 6575
f 6575 6624 6625
f 6575 6625 6626
f 6627 6574 6628
f 6628 6574 6629
f 6630 6631 6574
f 6574 6631 6632
f 6574 6632 6629
f 6626 6633 6575
f 6575 6633 6634
f 6575 6634 6582
f 6582 6634 6635
f 6582 6635 6612
f 6607 6636 6594
f 6594 6636 6637
f 6594 6637 6638
f 6638 6639 6594
f 6594 6639 6640
f 6594 6640 6574
f 6574 6640 6641
f 6574 6641 6630
f 6627 6642 6574
f 6574 6642 6643
f 6574 6643 6575
f 6575 6643 6644
f 6575 6644 6608
f 6616 6617 6645
f 6645 6617 6618
f 6645 6618 6646
f 6646 6618 6615
f 6646 6615 6647
f 6647 6615 6614
f 6647 6614 6648
f 6648 6614 6613
f 6648 6613 6649
f 6649 6613 6612
f 6649 6612 6650
f 6650 6612 6635
f 6650 6635 6651
f 6651 6635 6634
f 6651 6634 6652
f 6652 6634 6633
f 6652 6633 6653
f 6653 6633 6626
f 6653 6626 6654
f 6654 6626 6625
f 6654 6625 6655
f 6655 6625 6624
f 6655 6624 6656
f 6656 6624 6602
f 6656 6602 6657
f 6657 6602 6601
f 6657 6601 6658
f 6658 6601 6608
f 6658 6608 6659
f 6659 6608 6644
f 6659 6644 6660
f 6660 6644 6643
f 6660 6643 6661
f 6661 6643 6642
f 6661 6642 6662
f 6662 6642 6627
f 6662 6627 6663
f 6663 6627 6628
f 6663 6628 6664
f 6664 6628 6629
f 6664 6629 6665
f 6665 6629 6632
f 6665 6632 6666
f 6666 6632 6631
f 6666 6631 6667
f 6667 6631 6630
f 6667 6630 6668
f 6668 6630 6641
f 6668 6641 6669
f 6669 6641 6640
f 6669 6640 6670
f 6670 6640 6639
f 6670 6639 6671
f 6671 6639 6638
f 6671 6638 6672
f 6672 6638 6637
f 6672 6637 6673
f 6673 6637 6636
f 6673 6636 6674
f 6674 6636 6607
f 6674 6607 6675
f 6675 6607 6606
f 6675 6606 6676
f 6676 6606 6605
f 6676 6605 6677
f 6677 6605 6604
f 6677 6604 6678
f 6678 6604 6603
f 6678 6603 6679
f 6679 6603 6598
f 6679 6598 6680
f 6680 6598 6597
f 6680 6597 6681
f 6681 6597 6596
f 6681 6596 6682
f 6682 6596 6595
f 6682 6595 6683
f 6683 6595 6611
f 6683 6611 6684
f 6684 6611 6610
f 6684 6610 6685
f 6685 6610 6609
f 6685 6609 6686
f 6686 6609 6600
f 6686 6600 6687
f 6687 6600 6599
f 6687 6599 6688
f 6688 6599 6623
f 6688 6623 6689
f 6689 6623 6622
f 6689 6622 6690
f 6690 6622 6621
f 6690 6621 6691
f 6691 6621 6620
f 6691 6620 6692
f 6692 6620 6619
f 6692 6619 6693
f 6693 6619 6616
f 6693 6616 6645
f 6694 6695 6696
f 6696 6695 6697
f 6696 6697 6698
f 6698 6697 6699
f 6698 6699 6700
f 6700 6699 6701
f 6702 6703 6701
f 6701 6703 6704
f 6701 6704 6700
f 6705 6706 6702
f 6702 6706 6707
f 6702 6707 6703
f 6708 6709 6710
f 6710 6709 6711
f 6710 6711 6712
f 6712 6711 6713
f 6712 6713 6705
f 6705 6713 6714
f 6705 6714 6706
f 6708 6710 6715
f 6715 6710 6716
f 6715 6716 6717
f 6717 6716 6718
f 6717 6718 6719
f 6719 6718 6720
f 6719 6720 6721
f 6721 6720 6722
f 6722 6720 6723
f 6722 6723 6724
f 6724 6723 6725
f 6725 6723 6726
f 6725 6726 6727
f 6727 6726 6728
f 6728 6726 6729
f 6728 6729 6730
f 6730 6729 6731
f 6730 6731 6732
f 6733 6734 6735
f 6735 6734 6736
f 6735 6736 6737
f 6737 6736 6738
f 6737 6738 6731
f 6731 6738 6739
f 6731 6739 6732
f 6740 6741 6733
f 6733 6741 6742
f 6733 6742 6734
f 6743 6744 6740
f 6740 6744 6745
f 6740 6745 6741
f 6746 6747 6748
f 6748 6747 6749
f 6748 6749 6750
f 6750 6749 6751
f 6750 6751 6743
f 6743 6751 6752
f 6743 6752 6744
f 6746 6748 6753
f 6753 6748 6754
f 6753 6754 6755
f 6755 6754 6756
f 6755 6756 6757
f 6757 6756 6758
f 6757 6758 6759
f 6759 6758 6760
f 6760 6758 6761
f 6760 6761 6762
f 6762 6761 6763
f 6763 6761 6764
f 6763 6764 6765
f 6765 6764 6766
f 6766 6764 6767
f 6766 6767 6768
f 6768 6767 6769
f 6768 6769 6770
f 6771 6772 6773
f 6773 6772 6774
f 6773 6774 6775
f 6775 6774 6776
f 6775 6776 6769
f 6769 6776 6777
f 6769 6777 6770
f 6778 6779 6771
f 6771 6779 6780
f 6771 6780 6772
f 6781 6782 6778
f 6778 6782 6783
f 6778 6783 6779
f 6784 6785 6786
f 6786 6785 6787
f 6786 6787 6788
f 6788 6787 6789
f 6788 6789 6781
f 6781 6789 6790
f 6781 6790 6782
f 6784 6786 6791
f 6791 6786 6792
f 6791 6792 6793
f 6793 6792 6794
f 6793 6794 6795
f 6795 6794 6796
f 6795 6796 6797
f 6797 6796 6798
f 6798 6796 6799
f 6798 6799 6800
f 6800 6799 6801
f 6801 6799 6802
f 6801 6802 6803
f 6803 6802 6804
f 6804 6802 6805
f 6804 6805 6806
f 6806 6805 6807
f 6806 6807 6808
f 6809 6810 6811
f 6811 6810 6812
f 6811 6812 6813
f 6813 6812 6814
f 6813 6814 6807
f 6807 6814 6815
f 6807 6815 6808
f 6816 6817 6809
f 6809 6817 6818
f 6809 6818 6810
f 6819 6820 6816
f 6816 6820 6821
f 6816 6821 6817
f 6694 6822 6695
f 6695 6822 6823
f 6695 6823 6824
f 6824 6823 6825
f 6824 6825 6819
f 6819 6825 6826
f 6819 6826 6820
f 6669 6827 6668
f 6668 6827 6828
f 6668 6828 6667
f 6667 6828 6829
f 6667 6829 6666
f 6666 6829 6830
f 6666 6830 6665
f 6665 6830 6831
f 6665 6831 6664
f 6664 6831 6832
f 6664 6832 6663
f 6663 6832 6833
f 6663 6833 6662
f 6662 6833 6834
f 6662 6834 6661
f 6661 6834 6835
f 6661 6835 6660
f 6660 6835 6836
f 6660 6836 6659
f 6659 6836 6837
f 6659 6837 6658
f 6658 6837 6838
f 6658 6838 6657
f 6657 6838 6839
f 6657 6839 6656
f 6656 6839 6840
f 6656 6840 6655
f 6655 6840 6841
f 6655 6841 6654
f 6654 6841 6842
f 6654 6842 6653
f 6653 6842 6843
f 6653 6843 6652
f 6652 6843 6844
f 6652 6844 6651
f 6651 6844 6845
f 6651 6845 6650
f 6650 6845 6846
f 6650 6846 6649
f 6649 6846 6847
f 6649 6847 6648
f 6648 6847 6848
f 6648 6848 6647
f 6647 6848 6849
f 6647 6849 6646
f 6646 6849 6850
f 6646 6850 6645
f 6645 6850 6851
f 6645 6851 6693
f 6693 6851 6852
f 6693 6852 6692
f 6692 6852 6853
f 6692 6853 6691
f 6691 6853 6854
f 6691 6854 6690
f 6690 6854 6855
f 6690 6855 6689
f 6689 6855 6856
f 6689 6856 6688
f 6688 6856 6857
f 6688 6857 6687
f 6687 6857 6858
f 6687 6858 6686
f 6686 6858 6859
f 6686 6859 6685
f 6685 6859 6860
f 6685 6860 6684
f 6684 6860 6861
f 6684 6861 6683
f 6683 6861 6862
f 6683 6862 6682
f 6682 6862 6863
f 6682 6863 6681
f 6681 6863 6864
f 6681 6864 6680
f 6680 6864 6865
f 6680 6865 6679
f 6679 6865 6866
f 6679 6866 6678
f 6678 6866 6867
f 6678 6867 6677
f 6677 6867 6868
f 6677 6868 6676
f 6676 6868 6869
f 6676 6869 6675
f 6675 6869 6870
f 6675 6870 6674
f 6674 6870 6871
f 6674 6871 6673
f 6673 6871 6872
f 6673 6872 6672
f 6672 6872 6873
f 6672 6873 6671
f 6671 6873 6874
f 6671 6874 6670
f 6670 6874 6875
f 6670 6875 6669
f 6669 6875 6827
f 6827 6794 6828
f 6828 6794 6792
f 6828 6792 6829
f 6829 6792 6786
f 6829 6786 6830
f 6830 6786 6788
f 6830 6788 6831
f 6831 6788 6781
f 6831 6781 6832
f 6832 6781 6778
f 6832 6778 6833
f 6833 6778 6771
f 6833 6771 6834
f 6834 6771 6773
f 6834 6773 6835
f 6835 6773 6775
f 6835 6775 6836
f 6836 6775 6769
f 6836 6769 6837
f 6837 6769 6767
f 6837 6767 6838
f 6838 6767 6764
f 6838 6764 6839
f 6839 6764 6761
f 6839 6761 6840
f 6840 6761 6758
f 6840 6758 6841
f 6841 6758 6756
f 6841 6756 6842
f 6842 6756 6754
f 6842 6754 6843
f 6843 6754 6748
f 6843 6748 6844
f 6844 6748 6750
f 6844 6750 6845
f 6845 6750 6743
f 6845 6743 6846
f 6846 6743 6740
f 6846 6740 6847
f 6847 6740 6733
f 6847 6733 6848
f 6848 6733 6735
f 6848 6735 6849
f 6849 6735 6737
f 6849 6737 6850
f 6850 6737 6731
f 6850 6731 6851
f 6851 6731 6729
f 6851 6729 6852
f 6852 6729 6726
f 6852 6726 6853
f 6853 6726 6723
f 6853 6723 6854
f 6854 6723 6720
f 6854 6720 6855
f 6855 6720 6718
f 6855 6718 6856
f 6856 6718 6716
f 6856 6716 6857
f 6857 6716 6710
f 6857 6710 6858
f 6858 6710 6712
f 6858 6712 6859
f 6859 6712 6705
f 6859 6705 6860
f 6860 6705 6702
f 6860 6702 6861
f 6861 6702 6701
f 6861 6701 6862
f 6862 6701 6699
f 6862 6699 6863
f 6863 6699 6697
f 6863 6697 6864
f 6864 6697 6695
f 6864 6695 6865
f 6865 6695 6824
f 6865 6824 6866
f 6866 6824 6819
f 6866 6819 6867
f 6867 6819 6816
f 6867 6816 6868
f 6868 6816 6809
f 6868 6809 6869
f 6869 6809 6811
f 6869 6811 6870
f 6870 6811 6813
f 6870 6813 6871
f 6871 6813 6807
f 6871 6807 6872
f 6872 6807 6805
f 6872 6805 6873
f 6873 6805 6802
f 6873 6802 6874
f 6874 6802 6799
f 6874 6799 6875
f 6875 6799 6796
f 6875 6796 6827
f 6827 6796 6794
f 6698 6876 6696
f 6696 6876 6877
f 6698 6700 6876
f 6876 6700 6704
f 6876 6704 6878
f 6704 6703 6878
f 6878 6703 6707
f 6878 6707 6879
f 6713 6880 6714
f 6714 6880 6879
f 6714 6879 6706
f 6706 6879 6707
f 6713 6711 6880
f 6880 6711 6709
f 6880 6709 6881
f 6717 6882 6715
f 6715 6882 6881
f 6715 6881 6708
f 6708 6881 6709
f 6717 6719 6882
f 6882 6719 6721
f 6882 6721 6883
f 6721 6722 6883
f 6883 6722 6724
f 6883 6724 6884
f 6728 6885 6727
f 6727 6885 6884
f 6727 6884 6725
f 6725 6884 6724
f 6728 6730 6885
f 6885 6730 6732
f 6885 6732 6886
f 6736 6887 6738
f 6738 6887 6886
f 6738 6886 6739
f 6739 6886 6732
f 6736 6734 6887
f 6887 6734 6742
f 6887 6742 6888
f 6742 6741 6888
f 6888 6741 6745
f 6888 6745 6889
f 6751 6890 6752
f 6752 6890 6889
f 6752 6889 6744
f 6744 6889 6745
f 6751 6749 6890
f 6890 6749 6747
f 6890 6747 6891
f 6755 6892 6753
f 6753 6892 6891
f 6753 6891 6746
f 6746 6891 6747
f 6755 6757 6892
f 6892 6757 6759
f 6892 6759 6893
f 6759 6760 6893
f 6893 6760 6762
f 6893 6762 6894
f 6766 6895 6765
f 6765 6895 6894
f 6765 6894 6763
f 6763 6894 6762
f 6766 6768 6895
f 6895 6768 6770
f 6895 6770 6896
f 6774 6897 6776
f 6776 6897 6896
f 6776 6896 6777
f 6777 6896 6770
f 6774 6772 6897
f 6897 6772 6780
f 6897 6780 6898
f 6780 6779 6898
f 6898 6779 6783
f 6898 6783 6899
f 6789 6900 6790
f 6790 6900 6899
f 6790 6899 6782
f 6782 6899 6783
f 6789 6787 6900
f 6900 6787 6785
f 6900 6785 6901
f 6793 6902 6791
f 6791 6902 6901
f 6791 6901 6784
f 6784 6901 6785
f 6793 6795 6902
f 6902 6795 6797
f 6902 6797 6903
f 6797 6798 6903
f 6903 6798 6800
f 6903 6800 6904
f 6804 6905 6803
f 6803 6905 6904
f 6803 6904 6801
f 6801 6904 6800
f 6804 6806 6905
f 6905 6806 6808
f 6905 6808 6906
f 6812 6907 6814
f 6814 6907 6906
f 6814 6906 6815
f 6815 6906 6808
f 6812 6810 6907
f 6907 6810 6818
f 6907 6818 6908
f 6818 6817 6908
f 6908 6817 6821
f 6908 6821 6909
f 6825 6910 6826
f 6826 6910 6909
f 6826 6909 6820
f 6820 6909 6821
f 6825 6823 6910
f 6910 6823 6822
f 6910 6822 6877
f 6877 6822 6694
f 6877 6694 6696
f 6911 6912 6913
f 6911 6913 6914
f 6915 6916 6913
f 6913 6916 6917
f 6913 6917 6914
f 6918 6919 6913
f 6913 6919 6920
f 6913 6920 6915
f 6921 6922 6913
f 6913 6922 6923
f 6913 6923 6918
f 6924 6925 6913
f 6913 6925 6926
f 6913 6926 6921
f 6927 6928 6913
f 6913 6928 6929
f 6913 6929 6924
f 6930 6931 6913
f 6913 6931 6932
f 6913 6932 6927
f 6933 6934 6913
f 6913 6934 6935
f 6913 6935 6930
f 6912 6936 6913
f 6913 6936 6937
f 6913 6937 6933
f 6938 6890 6939
f 6939 6890 6891
f 6939 6891 6940
f 6941 6886 6942
f 6942 6886 6887
f 6942 6887 6943
f 6943 6887 6888
f 6943 6888 6938
f 6938 6888 6889
f 6938 6889 6890
f 6944 6905 6945
f 6945 6905 6906
f 6945 6906 6946
f 6946 6906 6907
f 6946 6907 6947
f 6948 6882 6949
f 6949 6882 6883
f 6949 6883 6950
f 6950 6883 6884
f 6950 6884 6941
f 6941 6884 6885
f 6941 6885 6886
f 6951 6878 6952
f 6952 6878 6879
f 6952 6879 6953
f 6953 6879 6880
f 6953 6880 6948
f 6948 6880 6881
f 6948 6881 6882
f 6907 6908 6947
f 6947 6908 6909
f 6947 6909 6954
f 6954 6909 6910
f 6954 6910 6955
f 6955 6910 6877
f 6955 6877 6951
f 6951 6877 6876
f 6951 6876 6878
f 6956 6901 6957
f 6957 6901 6902
f 6957 6902 6958
f 6958 6902 6903
f 6958 6903 6944
f 6944 6903 6904
f 6944 6904 6905
f 6959 6897 6960
f 6960 6897 6898
f 6960 6898 6961
f 6961 6898 6899
f 6961 6899 6956
f 6956 6899 6900
f 6956 6900 6901
f 6891 6892 6940
f 6940 6892 6893
f 6940 6893 6962
f 6962 6893 6894
f 6962 6894 6963
f 6963 6894 6895
f 6963 6895 6959
f 6959 6895 6896
f 6959 6896 6897
f 6955 6914 6954
f 6954 6914 6917
f 6954 6917 6947
f 6947 6917 6916
f 6947 6916 6946
f 6946 6916 6915
f 6946 6915 6945
f 6945 6915 6920
f 6945 6920 6944
f 6944 6920 6919
f 6944 6919 6958
f 6958 6919 6918
f 6958 6918 6957
f 6957 6918 6923
f 6957 6923 6956
f 6956 6923 6922
f 6956 6922 6961
f 6961 6922 6921
f 6961 6921 6960
f 6960 6921 6926
f 6960 6926 6959
f 6959 6926 6925
f 6959 6925 6963
f 6963 6925 6924
f 6963 6924 6962
f 6962 6924 6929
f 6962 6929 6940
f 6940 6929 6928
f 6940 6928 6939
f 6939 6928 6927
f 6939 6927 6938
f 6938 6927 6932
f 6938 6932 6943
f 6943 6932 6931
f 6943 6931 6942
f 6942 6931 6930
f 6942 6930 6941
f 6941 6930 6935
f 6941 6935 6950
f 6950 6935 6934
f 6950 6934 6949
f 6949 6934 6933
f 6949 6933 6948
f 6948 6933 6937
f 6948 6937 6953
f 6953 6937 6936
f 6953 6936 6952
f 6952 6936 6912
f 6952 6912 6951
f 6951 6912 6911
f 6951 6911 6955
f 6955 6911 6914
f 6964 6965 6966
f 6966 6965 6967
f 6966 6967 6968
f 6968 6967 6969
f 6965 6970 6967
f 6967 6970 6971
f 6967 6971 6969
f 6969 6971 6972
f 6969 6972 6968
f 6968 6972 6973
f 6968 6973 6966
f 6966 6973 6974
f 6966 6974 6964
f 6964 6974 6975
f 6964 6975 6965
f 6965 6975 6970
f 6976 6977 6978
f 6978 6977 6979
f 6978 6979 6980
f 6971 6970 6981
f 6981 6970 6982
f 6981 6982 6976
f 6976 6982 6983
f 6976 6983 6977
f 6984 6972 6971
f 6971 6981 6984
f 6984 6981 6976
f 6984 6976 6985
f 6985 6976 6978
f 6985 6978 6986
f 6986 6978 6980
f 6986 6980 6987
f 6988 6973 6972
f 6972 6984 6988
f 6988 6984 6985
f 6988 6985 6989
f 6989 6985 6986
f 6989 6986 6990
f 6990 6986 6987
f 6990 6987 6991
f 6974 6973 6992
f 6992 6973 6988
f 6992 6988 6993
f 6988 6989 6993
f 6993 6989 6990
f 6993 6990 6994
f 6994 6990 6991
f 6994 6991 6995
f 6996 6975 6974
f 6974 6992 6996
f 6996 6992 6993
f 6996 6993 6997
f 6997 6993 6994
f 6997 6994 6998
f 6998 6994 6995
f 6998 6995 6999
f 6982 6970 6975
f 6975 6996 6982
f 6982 6996 6997
f 6982 6997 6983
f 6983 6997 6998
f 6983 6998 6977
f 6977 6998 6999
f 6977 6999 6979
f 7000 7001 6995
f 6995 7001 7002
f 6995 7002 7003
f 7004 7005 6991
f 7006 7007 6980
f 7003 7008 6995
f 6995 7008 7009
f 6995 7009 6999
f 7009 7010 6999
f 6999 7010 7011
f 6999 7011 7012
f 7006 6980 7013
f 7005 7014 6991
f 6991 7014 7015
f 6991 7015 6995
f 6995 7015 7016
f 6995 7016 7000
f 7017 7018 6987
f 6987 7018 7019
f 6987 7019 7020
f 7021 6991 7022
f 7022 6991 6987
f 7022 6987 7023
f 7023 6987 7020
f 7021 7024 6991
f 6991 7024 7025
f 6991 7025 7026
f 7026 7027 6991
f 6991 7027 7028
f 6991 7028 7004
f 7007 7029 6980
f 6980 7029 7030
f 6980 7030 7031
f 7032 6979 7033
f 7033 6979 7034
f 7035 7036 6979
f 6979 7036 7037
f 6979 7037 7034
f 7031 7038 6980
f 6980 7038 7039
f 6980 7039 6987
f 6987 7039 7040
f 6987 7040 7017
f 7012 7041 6999
f 6999 7041 7042
f 6999 7042 7043
f 7043 7044 6999
f 6999 7044 7045
f 6999 7045 6979
f 6979 7045 7046
f 6979 7046 7035
f 7032 7047 6979
f 6979 7047 7048
f 6979 7048 6980
f 6980 7048 7049
f 6980 7049 7013
f 7021 7022 7050
f 7050 7022 7023
f 7050 7023 7051
f 7051 7023 7020
f 7051 7020 7052
f 7052 7020 7019
f 7052 7019 7053
f 7053 7019 7018
f 7053 7018 7054
f 7054 7018 7017
f 7054 7017 7055
f 7055 7017 7040
f 7055 7040 7056
f 7056 7040 7039
f 7056 7039 7057
f 7057 7039 7038
f 7057 7038 7058
f 7058 7038 7031
f 7058 7031 7059
f 7059 7031 7030
f 7059 7030 7060
f 7060 7030 7029
f 7060 7029 7061
f 7061 7029 7007
f 7061 7007 7062
f 7062 7007 7006
f 7062 7006 7063
f 7063 7006 7013
f 7063 7013 7064
f 7064 7013 7049
f 7064 7049 7065
f 7065 7049 7048
f 7065 7048 7066
f 7066 7048 7047
f 7066 7047 7067
f 7067 7047 7032
f 7067 7032 7068
f 7068 7032 7033
f 7068 7033 7069
f 7069 7033 7034
f 7069 7034 7070
f 7070 7034 7037
f 7070 7037 7071
f 7071 7037 7036
f 7071 7036 7072
f 7072 7036 7035
f 7072 7035 7073
f 7073 7035 7046
f 7073 7046 7074
f 7074 7046 7045
f 7074 7045 7075
f 7075 7045 7044
f 7075 7044 7076
f 7076 7044 7043
f 7076 7043 7077
f 7077 7043 7042
f 7077 7042 7078
f 7078 7042 7041
f 7078 7041 7079
f 7079 7041 7012
f 7079 7012 7080
f 7080 7012 7011
f 7080 7011 7081
f 7081 7011 7010
f 7081 7010 7082
f 7082 7010 7009
f 7082 7009 7083
f 7083 7009 7008
f 7083 7008 7084
f 7084 7008 7003
f 7084 7003 7085
f 7085 7003 7002
f 7085 7002 7086
f 7086 7002 7001
f 7086 7001 7087
f 7087 7001 7000
f 7087 7000 7088
f 7088 7000 7016
f 7088 7016 7089
f 7089 7016 7015
f 7089 7015 7090
f 7090 7015 7014
f 7090 7014 7091
f 7091 7014 7005
f 7091 7005 7092
f 7092 7005 7004
f 7092 7004 7093
f 7093 7004 7028
f 7093 7028 7094
f 7094 7028 7027
f 7094 7027 7095
f 7095 7027 7026
f 7095 7026 7096
f 7096 7026 7025
f 7096 7025 7097
f 7097 7025 7024
f 7097 7024 7098
f 7098 7024 7021
f 7098 7021 7050
f 7099 7100 7101
f 7101 7100 7102
f 7101 7102 7103
f 7103 7102 7104
f 7103 7104 7105
f 7105 7104 7106
f 7107 7108 7106
f 7106 7108 7109
f 7106 7109 7105
f 7110 7111 7107
f 7107 7111 7112
f 7107 7112 7108
f 7113 7114 7115
f 7115 7114 7116
f 7115 7116 7117
f 7117 7116 7118
f 7117 7118 7110
f 7110 7118 7119
f 7110 7119 7111
f 7113 7115 7120
f 7120 7115 7121
f 7120 7121 7122
f 7122 7121 7123
f 7122 7123 7124
f 7124 7123 7125
f 7124 7125 7126
f 7126 7125 7127
f 7127 7125 7128
f 7127 7128 7129
f 7129 7128 7130
f 7130 7128 7131
f 7130 7131 7132
f 7132 7131 7133
f 7133 7131 7134
f 7133 7134 7135
f 7135 7134 7136
f 7135 7136 7137
f 7138 7139 7140
f 7140 7139 7141
f 7140 7141 7142
f 7142 7141 7143
f 7142 7143 7136
f 7136 7143 7144
f 7136 7144 7137
f 7145 7146 7138
f 7138 7146 7147
f 7138 7147 7139
f 7148 7149 7145
f 7145 7149 7150
f 7145 7150 7146
f 7151 7152 7153
f 7153 7152 7154
f 7153 7154 7155
f 7155 7154 7156
f 7155 7156 7148
f 7148 7156 7157
f 7148 7157 7149
f 7151 7153 7158
f 7158 7153 7159
f 7158 7159 7160
f 7160 7159 7161
f 7160 7161 7162
f 7162 7161 7163
f 7162 7163 7164
f 7164 7163 7165
f 7165 7163 7166
f 7165 7166 7167
f 7167 7166 7168
f 7168 7166 7169
f 7168 7169 7170
f 7170 7169 7171
f 7171 7169 7172
f 7171 7172 7173
f 7173 7172 7174
f 7173 7174 7175
f 7176 7177 7178
f 7178 7177 7179
f 7178 7179 7180
f 7180 7179 7181
f 7180 7181 7174
f 7174 7181 7182
f 7174 7182 7175
f 7183 7184 7176
f 7176 7184 7185
f 7176 7185 7177
f 7186 7187 7183
f 7183 7187 7188
f 7183 7188 7184
f 7189 7190 7191
f 7191 7190 7192
f 7191 7192 7193
f 7193 7192 7194
f 7193 7194 7186
f 7186 7194 7195
f 7186 7195 7187
f 7189 7191 7196
f 7196 7191 7197
f 7196 7197 7198
f 7198 7197 7199
f 7198 7199 7200
f 7200 7199 7201
f 7200 7201 7202
f 7202 7201 7203
f 7203 7201 7204
f 7203 7204 7205
f 7205 7204 7206
f 7206 7204 7207
f 7206 7207 7208
f 7208 7207 7209
f 7209 7207 7210
f 7209 7210 7211
f 7211 7210 7212
f 7211 7212 7213
f 7214 7215 7216
f 7216 7215 7217
f 7216 7217 7218
f 7218 7217 7219
f 7218 7219 7212
f 7212 7219 7220
f 7212 7220 7213
f 7221 7222 7214
f 7214 7222 7223
f 7214 7223 7215
f 7224 7225 7221
f 7221 7225 7226
f 7221 7226 7222
f 7099 7227 7100
f 7100 7227 7228
f 7100 7228 7229
f 7229 7228 7230
f 7229 7230 7224
f 7224 7230 7231
f 7224 7231 7225
f 7074 7232 7073
f 7073 7232 7233
f 7073 7233 7072
f 7072 7233 7234
f 7072 7234 7071
f 7071 7234 7235
f 7071 7235 7070
f 7070 7235 7236
f 7070 7236 7069
f 7069 7236 7237
f 7069 7237 7068
f 7068 7237 7238
f 7068 7238 7067
f 7067 7238 7239
f 7067 7239 7066
f 7066 7239 7240
f 7066 7240 7065
f 7065 7240 7241
f 7065 7241 7064
f 7064 7241 7242
f 7064 7242 7063
f 7063 7242 7243
f 7063 7243 7062
f 7062 7243 7244
f 7062 7244 7061
f 7061 7244 7245
f 7061 7245 7060
f 7060 7245 7246
f 7060 7246 7059
f 7059 7246 7247
f 7059 7247 7058
f 7058 7247 7248
f 7058 7248 7057
f 7057 7248 7249
f 7057 7249 7056
f 7056 7249 7250
f 7056 7250 7055
f 7055 7250 7251
f 7055 7251 7054
f 7054 7251 7252
f 7054 7252 7053
f 7053 7252 7253
f 7053 7253 7052
f 7052 7253 7254
f 7052 7254 7051
f 7051 7254 7255
f 7051 7255 7050
f 7050 7255 7256
f 7050 7256 7098
f 7098 7256 7257
f 7098 7257 7097
f 7097 7257 7258
f 7097 7258 7096
f 7096 7258 7259
f 7096 7259 7095
f 7095 7259 7260
f 7095 7260 7094
f 7094 7260 7261
f 7094 7261 7093
f 7093 7261 7262
f 7093 7262 7092
f 7092 7262 7263
f 7092 7263 7091
f 7091 7263 7264
f 7091 7264 7090
f 7090 7264 7265
f 7090 7265 7089
f 7089 7265 7266
f 7089 7266 7088
f 7088 7266 7267
f 7088 7267 7087
f 7087 7267 7268
f 7087 7268 7086
f 7086 7268 7269
f 7086 7269 7085
f 7085 7269 7270
f 7085 7270 7084
f 7084 7270 7271
f 7084 7271 7083
f 7083 7271 7272
f 7083 7272 7082
f 7082 7272 7273
f 7082 7273 7081
f 7081 7273 7274
f 7081 7274 7080
f 7080 7274 7275
f 7080 7275 7079
f 7079 7275 7276
f 7079 7276 7078
f 7078 7276 7277
f 7078 7277 7077
f 7077 7277 7278
f 7077 7278 7076
f 7076 7278 7279
f 7076 7279 7075
f 7075 7279 7280
f 7075 7280 7074
f 7074 7280 7232
f 7232 7199 7233
f 7233 7199 7197
f 7233 7197 7234
f 7234 7197 7191
f 7234 7191 7235
f 7235 7191 7193
f 7235 7193 7236
f 7236 7193 7186
f 7236 7186 7237
f 7237 7186 7183
f 7237 7183 7238
f 7238 7183 7176
f 7238 7176 7239
f 7239 7176 7178
f 7239 7178 7240
f 7240 7178 7180
f 7240 7180 7241
f 7241 7180 7174
f 7241 7174 7242
f 7242 7174 7172
f 7242 7172 7243
f 7243 7172 7169
f 7243 7169 7244
f 7244 7169 7166
f 7244 7166 7245
f 7245 7166 7163
f 7245 7163 7246
f 7246 7163 7161
f 7246 7161 7247
f 7247 7161 7159
f 7247 7159 7248
f 7248 7159 7153
f 7248 7153 7249
f 7249 7153 7155
f 7249 7155 7250
f 7250 7155 7148
f 7250 7148 7251
f 7251 7148 7145
f 7251 7145 7252
f 7252 7145 7138
f 7252 7138 7253
f 7253 7138 7140
f 7253 7140 7254
f 7254 7140 7142
f 7254 7142 7255
f 7255 7142 7136
f 7255 7136 7256
f 7256 7136 7134
f 7256 7134 7257
f 7257 7134 7131
f 7257 7131 7258
f 7258 7131 7128
f 7258 7128 7259
f 7259 7128 7125
f 7259 7125 7260
f 7260 7125 7123
f 7260 7123 7261
f 7261 7123 7121
f 7261 7121 7262
f 7262 7121 7115
f 7262 7115 7263
f 7263 7115 7117
f 7263 7117 7264
f 7264 7117 7110
f 7264 7110 7265
f 7265 7110 7107
f 7265 7107 7266
f 7266 7107 7106
f 7266 7106 7267
f 7267 7106 7104
f 7267 7104 7268
f 7268 7104 7102
f 7268 7102 7269
f 7269 7102 7100
f 7269 7100 7270
f 7270 7100 7229
f 7270 7229 7271
f 7271 7229 7224
f 7271 7224 7272
f 7272 7224 7221
f 7272 7221 7273
f 7273 7221 7214
f 7273 7214 7274
f 7274 7214 7216
f 7274 7216 7275
f 7275 7216 7218
f 7275 7218 7276
f 7276 7218 7212
f 7276 7212 7277
f 7277 7212 7210
f 7277 7210 7278
f 7278 7210 7207
f 7278 7207 7279
f 7279 7207 7204
f 7279 7204 7280
f 7280 7204 7201
f 7280 7201 7232
f 7232 7201 7199
f 7103 7281 7101
f 7101 7281 7282
f 7103 7105 7281
f 7281 7105 7109
f 7281 7109 7283
f 7109 7108 7283
f 7283 7108 7112
f 7283 7112 7284
f 7118 7285 7119
f 7119 7285 7284
f 7119 7284 7111
f 7111 7284 7112
f 7118 7116 7285
f 7285 7116 7114
f 7285 7114 7286
f 7122 7287 7120
f 7120 7287 7286
f 7120 7286 7113
f 7113 7286 7114
f 7122 7124 7287
f 7287 7124 7126
f 7287 7126 7288
f 7126 7127 7288
f 7288 7127 7129
f 7288 7129 7289
f 7133 7290 7132
f 7132 7290 7289
f 7132 7289 7130
f 7130 7289 7129
f 7133 7135 7290
f 7290 7135 7137
f 7290 7137 7291
f 7141 7292 7143
f 7143 7292 7291
f 7143 7291 7144
f 7144 7291 7137
f 7141 7139 7292
f 7292 7139 7147
f 7292 7147 7293
f 7147 7146 7293
f 7293 7146 7150
f 7293 7150 7294
f 7156 7295 7157
f 7157 7295 7294
f 7157 7294 7149
f 7149 7294 7150
f 7156 7154 7295
f 7295 7154 7152
f 7295 7152 7296
f 7160 7297 7158
f 7158 7297 7296
f 7158 7296 7151
f 7151 7296 7152
f 7160 7162 7297
f 7297 7162 7164
f 7297 7164 7298
f 7164 7165 7298
f 7298 7165 7167
f 7298 7167 7299
f 7171 7300 7170
f 7170 7300 7299
f 7170 7299 7168
f 7168 7299 7167
f 7171 7173 7300
f 7300 7173 7175
f 7300 7175 7301
f 7179 7302 7181
f 7181 7302 7301
f 7181 7301 7182
f 7182 7301 7175
f 7179 7177 7302
f 7302 7177 7185
f 7302 7185 7303
f 7185 7184 7303
f 7303 7184 7188
f 7303 7188 7304
f 7194 7305 7195
f 7195 7305 7304
f 7195 7304 7187
f 7187 7304 7188
f 7194 7192 7305
f 7305 7192 7190
f 7305 7190 7306
f 7198 7307 7196
f 7196 7307 7306
f 7196 7306 7189
f 7189 7306 7190
f 7198 7200 7307
f 7307 7200 7202
f 7307 7202 7308
f 7202 7203 7308
f 7308 7203 7205
f 7308 7205 7309
f 7209 7310 7208
f 7208 7310 7309
f 7208 7309 7206
f 7206 7309 7205
f 7209 7211 7310
f 7310 7211 7213
f 7310 7213 7311
f 7217 7312 7219
f 7219 7312 7311
f 7219 7311 7220
f 7220 7311 7213
f 7217 7215 7312
f 7312 7215 7223
f 7312 7223 7313
f 7223 7222 7313
f 7313 7222 7226
f 7313 7226 7314
f 7230 7315 7231
f 7231 7315 7314
f 7231 7314 7225
f 7225 7314 7226
f 7230 7228 7315
f 7315 7228 7227
f 7315 7227 7282
f 7282 7227 7099
f 7282 7099 7101
f 7316 7317 7318
f 7316 7318 7319
f 7320 7321 7318
f 7318 7321 7322
f 7318 7322 7319
f 7323 7324 7318
f 7318 7324 7325
f 7318 7325 7320
f 7326 7327 7318
f 7318 7327 7328
f 7318 7328 7323
f 7329 7330 7318
f 7318 7330 7331
f 7318 7331 7326
f 7332 7333 7318
f 7318 7333 7334
f 7318 7334 7329
f 7335 7336 7318
f 7318 7336 7337
f 7318 7337 7332
f 7338 7339 7318
f 7318 7339 7340
f 7318 7340 7335
f 7317 7341 7318
f 7318 7341 7342
f 7318 7342 7338
f 7343 7295 7344
f 7344 7295 7296
f 7344 7296 7345
f 7346 7291 7347
f 7347 7291 7292
f 7347 7292 7348
f 7348 7292 7293
f 7348 7293 7343
f 7343 7293 7294
f 7343 7294 7295
f 7349 7310 7350
f 7350 7310 7311
f 7350 7311 7351
f 7351 7311 7312
f 7351 7312 7352
f 7353 7287 7354
f 7354 7287 7288
f 7354 7288 7355
f 7355 7288 7289
f 7355 7289 7346
f 7346 7289 7290
f 7346 7290 7291
f 7356 7283 7357
f 7357 7283 7284
f 7357 7284 7358
f 7358 7284 7285
f 7358 7285 7353
f 7353 7285 7286
f 7353 7286 7287
f 7312 7313 7352
f 7352 7313 7314
f 7352 7314 7359
f 7359 7314 7315
f 7359 7315 7360
f 7360 7315 7282
f 7360 7282 7356
f 7356 7282 7281
f 7356 7281 7283
f 7361 7306 7362
f 7362 7306 7307
f 7362 7307 7363
f 7363 7307 7308
f 7363 7308 7349
f 7349 7308 7309
f 7349 7309 7310
f 7364 7302 7365
f 7365 7302 7303
f 7365 7303 7366
f 7366 7303 7304
f 7366 7304 7361
f 7361 7304 7305
f 7361 7305 7306
f 7296 7297 7345
f 7345 7297 7298
f 7345 7298 7367
f 7367 7298 7299
f 7367 7299 7368
f 7368 7299 7300
f 7368 7300 7364
f 7364 7300 7301
f 7364 7301 7302
f 7360 7319 7359
f 7359 7319 7322
f 7359 7322 7352
f 7352 7322 7321
f 7352 7321 7351
f 7351 7321 7320
f 7351 7320 7350
f 7350 7320 7325
f 7350 7325 7349
f 7349 7325 7324
f 7349 7324 7363
f 7363 7324 7323
f 7363 7323 7362
f 7362 7323 7328
f 7362 7328 7361
f 7361 7328 7327
f 7361 7327 7366
f 7366 7327 7326
f 7366 7326 7365
f 7365 7326 7331
f 7365 7331 7364
f 7364 7331 7330
f 7364 7330 7368
f 7368 7330 7329
f 7368 7329 7367
f 7367 7329 7334
f 7367 7334 7345
f 7345 7334 7333
f 7345 7333 7344
f 7344 7333 7332
f 7344 7332 7343
f 7343 7332 7337
f 7343 7337 7348
f 7348 7337 7336
f 7348 7336 7347
f 7347 7336 7335
f 7347 7335 7346
f 7346 7335 7340
f 7346 7340 7355
f 7355 7340 7339
f 7355 7339 7354
f 7354 7339 7338
f 7354 7338 7353
f 7353 7338 7342
f 7353 7342 7358
f 7358 7342 7341
f 7358 7341 7357
f 7357 7341 7317
f 7357 7317 7356
f 7356 7317 7316
f 7356 7316 7360
f 7360 7316 7319
f 7369 7370 7371
f 7371 7370 7372
f 7371 7372 7373
f 7373 7372 7374
f 7370 7375 7372
f 7372 7375 7376
f 7372 7376 7374
f 7374 7376 7377
f 7374 7377 7373
f 7373 7377 7378
f 7373 7378 7371
f 7371 7378 7379
f 7371 7379 7369
f 7369 7379 7380
f 7369 7380 7370
f 7370 7380 7375
f 7381 7382 7383
f 7383 7382 7384
f 7383 7384 7385
f 7376 7375 7386
f 7386 7375 7387
f 7386 7387 7381
f 7381 7387 7388
f 7381 7388 7382
f 7389 7377 7376
f 7376 7386 7389
f 7389 7386 7381
f 7389 7381 7390
f 7390 7381 7383
f 7390 7383 7391
f 7391 7383 7385
f 7391 7385 7392
f 7393 7378 7377
f 7377 7389 7393
f 7393 7389 7390
f 7393 7390 7394
f 7394 7390 7391
f 7394 7391 7395
f 7395 7391 7392
f 7395 7392 7396
f 7379 7378 7397
f 7397 7378 7393
f 7397 7393 7398
f 7393 7394 7398
f 7398 7394 7395
f 7398 7395 7399
f 7399 7395 7396
f 7399 7396 7400
f 7401 7380 7379
f 7379 7397 7401
f 7401 7397 7398
f 7401 7398 7402
f 7402 7398 7399
f 7402 7399 7403
f 7403 7399 7400
f 7403 7400 7404
f 7387 7375 7380
f 7380 7401 7387
f 7387 7401 7402
f 7387 7402 7388
f 7388 7402 7403
f 7388 7403 7382
f 7382 7403 7404
f 7382 7404 7384
f 7405 7406 7400
f 7400 7406 7407
f 7400 7407 7408
f 7409 7410 7396
f 7411 7412 7385
f 7408 7413 7400
f 7400 7413 7414
f 7400 7414 7404
f 7414 7415 7404
f 7404 7415 7416
f 7404 7416 7417
f 7411 7385 7418
f 7410 7419 7396
f 7396 7419 7420
f 7396 7420 7400
f 7400 7420 7421
f 7400 7421 7405
f 7422 7423 7392
f 7392 7423 7424
f 7392 7424 7425
f 7426 7396 7427
f 7427 7396 7392
f 7427 7392 7428
f 7428 7392 7425
f 7426 7429 7396
f 7396 7429 7430
f 7396 7430 7431
f 7431 7432 7396
f 7396 7432 7433
f 7396 7433 7409
f 7412 7434 7385
f 7385 7434 7435
f 7385 7435 7436
f 7437 7384 7438
f 7438 7384 7439
f 7440 7441 7384
f 7384 7441 7442
f 7384 7442 7439
f 7436 7443 7385
f 7385 7443 7444
f 7385 7444 7392
f 7392 7444 7445
f 7392 7445 7422
f 7417 7446 7404
f 7404 7446 7447
f 7404 7447 7448
f 7448 7449 7404
f 7404 7449 7450
f 7404 7450 7384
f 7384 7450 7451
f 7384 7451 7440
f 7437 7452 7384
f 7384 7452 7453
f 7384 7453 7385
f 7385 7453 7454
f 7385 7454 7418
f 7426 7427 7455
f 7455 7427 7428
f 7455 7428 7456
f 7456 7428 7425
f 7456 7425 7457
f 7457 7425 7424
f 7457 7424 7458
f 7458 7424 7423
f 7458 7423 7459
f 7459 7423 7422
f 7459 7422 7460
f 7460 7422 7445
f 7460 7445 7461
f 7461 7445 7444
f 7461 7444 7462
f 7462 7444 7443
f 7462 7443 7463
f 7463 7443 7436
f 7463 7436 7464
f 7464 7436 7435
f 7464 7435 7465
f 7465 7435 7434
f 7465 7434 7466
f 7466 7434 7412
f 7466 7412 7467
f 7467 7412 7411
f 7467 7411 7468
f 7468 7411 7418
f 7468 7418 7469
f 7469 7418 7454
f 7469 7454 7470
f 7470 7454 7453
f 7470 7453 7471
f 7471 7453 7452
f 7471 7452 7472
f 7472 7452 7437
f 7472 7437 7473
f 7473 7437 7438
f 7473 7438 7474
f 7474 7438 7439
f 7474 7439 7475
f 7475 7439 7442
f 7475 7442 7476
f 7476 7442 7441
f 7476 7441 7477
f 7477 7441 7440
f 7477 7440 7478
f 7478 7440 7451
f 7478 7451 7479
f 7479 7451 7450
f 7479 7450 7480
f 7480 7450 7449
f 7480 7449 7481
f 7481 7449 7448
f 7481 7448 7482
f 7482 7448 7447
f 7482 7447 7483
f 7483 7447 7446
f 7483 7446 7484
f 7484 7446 7417
f 7484 7417 7485
f 7485 7417 7416
f 7485 7416 7486
f 7486 7416 7415
f 7486 7415 7487
f 7487 7415 7414
f 7487 7414 7488
f 7488 7414 7413
f 7488 7413 7489
f 7489 7413 7408
f 7489 7408 7490
f 7490 7408 7407
f 7490 7407 7491
f 7491 7407 7406
f 7491 7406 7492
f 7492 7406 7405
f 7492 7405 7493
f 7493 7405 7421
f 7493 7421 7494
f 7494 7421 7420
f 7494 7420 7495
f 7495 7420 7419
f 7495 7419 7496
f 7496 7419 7410
f 7496 7410 7497
f 7497 7410 7409
f 7497 7409 7498
f 7498 7409 7433
f 7498 7433 7499
f 7499 7433 7432
f 7499 7432 7500
f 7500 7432 7431
f 7500 7431 7501
f 7501 7431 7430
f 7501 7430 7502
f 7502 7430 7429
f 7502 7429 7503
f 7503 7429 7426
f 7503 7426 7455
f 7504 7505 7506
f 7506 7505 7507
f 7506 7507 7508
f 7508 7507 7509
f 7508 7509 7510
f 7510 7509 7511
f 7512 7513 7511
f 7511 7513 7514
f 7511 7514 7510
f 7515 7516 7512
f 7512 7516 7517
f 7512 7517 7513
f 7518 7519 7520
f 7520 7519 7521
f 7520 7521 7522
f 7522 7521 7523
f 7522 7523 7515
f 7515 7523 7524
f 7515 7524 7516
f 7518 7520 7525
f 7525 7520 7526
f 7525 7526 7527
f 7527 7526 7528
f 7527 7528 7529
f 7529 7528 7530
f 7529 7530 7531
f 7531 7530 7532
f 7532 7530 7533
f 7532 7533 7534
f 7534 7533 7535
f 7535 7533 7536
f 7535 7536 7537
f 7537 7536 7538
f 7538 7536 7539
f 7538 7539 7540
f 7540 7539 7541
f 7540 7541 7542
f 7543 7544 7545
f 7545 7544 7546
f 7545 7546 7547
f 7547 7546 7548
f 7547 7548 7541
f 7541 7548 7549
f 7541 7549 7542
f 7550 7551 7543
f 7543 7551 7552
f 7543 7552 7544
f 7553 7554 7550
f 7550 7554 7555
f 7550 7555 7551
f 7556 7557 7558
f 7558 7557 7559
f 7558 7559 7560
f 7560 7559 7561
f 7560 7561 7553
f 7553 7561 7562
f 7553 7562 7554
f 7556 7558 7563
f 7563 7558 7564
f 7563 7564 7565
f 7565 7564 7566
f 7565 7566 7567
f 7567 7566 7568
f 7567 7568 7569
f 7569 7568 7570
f 7570 7568 7571
f 7570 7571 7572
f 7572 7571 7573
f 7573 7571 7574
f 7573 7574 7575
f 7575 7574 7576
f 7576 7574 7577
f 7576 7577 7578
f 7578 7577 7579
f 7578 7579 7580
f 7581 7582 7583
f 7583 7582 7584
f 7583 7584 7585
f 7585 7584 7586
f 7585 7586 7579
f 7579 7586 7587
f 7579 7587 7580
f 7588 7589 7581
f 7581 7589 7590
f 7581 7590 7582
f 7591 7592 7588
f 7588 7592 7593
f 7588 7593 7589
f 7594 7595 7596
f 7596 7595 7597
f 7596 7597 7598
f 7598 7597 7599
f 7598 7599 7591
f 7591 7599 7600
f 7591 7600 7592
f 7594 7596 7601
f 7601 7596 7602
f 7601 7602 7603
f 7603 7602 7604
f 7603 7604 7605
f 7605 7604 7606
f 7605 7606 7607
f 7607 7606 7608
f 7608 7606 7609
f 7608 7609 7610
f 7610 7609 7611
f 7611 7609 7612
f 7611 7612 7613
f 7613 7612 7614
f 7614 7612 7615
f 7614 7615 7616
f 7616 7615 7617
f 7616 7617 7618
f 7619 7620 7621
f 7621 7620 7622
f 7621 7622 7623
f 7623 7622 7624
f 7623 7624 7617
f 7617 7624 7625
f 7617 7625 7618
f 7626 7627 7619
f 7619 7627 7628
f 7619 7628 7620
f 7629 7630 7626
f 7626 7630 7631
f 7626 7631 7627
f 7504 7632 7505
f 7505 7632 7633
f 7505 7633 7634
f 7634 7633 7635
f 7634 7635 7629
f 7629 7635 7636
f 7629 7636 7630
f 7479 7637 7478
f 7478 7637 7638
f 7478 7638 7477
f 7477 7638 7639
f 7477 7639 7476
f 7476 7639 7640
f 7476 7640 7475
f 7475 7640 7641
f 7475 7641 7474
f 7474 7641 7642
f 7474 7642 7473
f 7473 7642 7643
f 7473 7643 7472
f 7472 7643 7644
f 7472 7644 7471
f 7471 7644 7645
f 7471 7645 7470
f 7470 7645 7646
f 7470 7646 7469
f 7469 7646 7647
f 7469 7647 7468
f 7468 7647 7648
f 7468 7648 7467
f 7467 7648 7649
f 7467 7649 7466
f 7466 7649 7650
f 7466 7650 7465
f 7465 7650 7651
f 7465 7651 7464
f 7464 7651 7652
f 7464 7652 7463
f 7463 7652 7653
f 7463 7653 7462
f 7462 7653 7654
f 7462 7654 7461
f 7461 7654 7655
f 7461 7655 7460
f 7460 7655 7656
f 7460 7656 7459
f 7459 7656 7657
f 7459 7657 7458
f 7458 7657 7658
f 7458 7658 7457
f 7457 7658 7659
f 7457 7659 7456
f 7456 7659 7660
f 7456 7660 7455
f 7455 7660 7661
f 7455 7661 7503
f 7503 7661 7662
f 7503 7662 7502
f 7502 7662 7663
f 7502 7663 7501
f 7501 7663 7664
f 7501 7664 7500
f 7500 7664 7665
f 7500 7665 7499
f 7499 7665 7666
f 7499 7666 7498
f 7498 7666 7667
f 7498 7667 7497
f 7497 7667 7668
f 7497 7668 7496
f 7496 7668 7669
f 7496 7669 7495
f 7495 7669 7670
f 7495 7670 7494
f 7494 7670 7671
f 7494 7671 7493
f 7493 7671 7672
f 7493 7672 7492
f 7492 7672 7673
f 7492 7673 7491
f 7491 7673 7674
f 7491 7674 7490
f 7490 7674 7675
f 7490 7675 7489
f 7489 7675 7676
f 7489 7676 7488
f 7488 7676 7677
f 7488 7677 7487
f 7487 7677 7678
f 7487 7678 7486
f 7486 7678 7679
f 7486 7679 7485
f 7485 7679 7680
f 7485 7680 7484
f 7484 7680 7681
f 7484 7681 7483
f 7483 7681 7682
f 7483 7682 7482
f 7482 7682 7683
f 7482 7683 7481
f 7481 7683 7684
f 7481 7684 7480
f 7480 7684 7685
f 7480 7685 7479
f 7479 7685 7637
f 7637 7604 7638
f 7638 7604 7602
f 7638 7602 7639
f 7639 7602 7596
f 7639 7596 7640
f 7640 7596 7598
f 7640 7598 7641
f 7641 7598 7591
f 7641 7591 7642
f 7642 7591 7588
f 7642 7588 7643
f 7643 7588 7581
f 7643 7581 7644
f 7644 7581 7583
f 7644 7583 7645
f 7645 7583 7585
f 7645 7585 7646
f 7646 7585 7579
f 7646 7579 7647
f 7647 7579 7577
f 7647 7577 7648
f 7648 7577 7574
f 7648 7574 7649
f 7649 7574 7571
f 7649 7571 7650
f 7650 7571 7568
f 7650 7568 7651
f 7651 7568 7566
f 7651 7566 7652
f 7652 7566 7564
f 7652 7564 7653
f 7653 7564 7558
f 7653 7558 7654
f 7654 7558 7560
f 7654 7560 7655
f 7655 7560 7553
f 7655 7553 7656
f 7656 7553 7550
f 7656 7550 7657
f 7657 7550 7543
f 7657 7543 7658
f 7658 7543 7545
f 7658 7545 7659
f 7659 7545 7547
f 7659 7547 7660
f 7660 7547 7541
f 7660 7541 7661
f 7661 7541 7539
f 7661 7539 7662
f 7662 7539 7536
f 7662 7536 7663
f 7663 7536 7533
f 7663 7533 7664
f 7664 7533 7530
f 7664 7530 7665
f 7665 7530 7528
f 7665 7528 7666
f 7666 7528 7526
f 7666 7526 7667
f 7667 7526 7520
f 7667 7520 7668
f 7668 7520 7522
f 7668 7522 7669
f 7669 7522 7515
f 7669 7515 7670
f 7670 7515 7512
f 7670 7512 7671
f 7671 7512 7511
f 7671 7511 7672
f 7672 7511 7509
f 7672 7509 7673
f 7673 7509 7507
f 7673 7507 7674
f 7674 7507 7505
f 7674 7505 7675
f 7675 7505 7634
f 7675 7634 7676
f 7676 7634 7629
f 7676 7629 7677
f 7677 7629 7626
f 7677 7626 7678
f 7678 7626 7619
f 7678 7619 7679
f 7679 7619 7621
f 7679 7621 7680
f 7680 7621 7623
f 7680 7623 7681
f 7681 7623 7617
f 7681 7617 7682
f 7682 7617 7615
f 7682 7615 7683
f 7683 7615 7612
f 7683 7612 7684
f 7684 7612 7609
f 7684 7609 7685
f 7685 7609 7606
f 7685 7606 7637
f 7637 7606 7604
f 7508 7686 7506
f 7506 7686 7687
f 7508 7510 7686
f 7686 7510 7514
f 7686 7514 7688
f 7514 7513 7688
f 7688 7513 7517
f 7688 7517 7689
f 7523 7690 7524
f 7524 7690 7689
f 7524 7689 7516
f 7516 7689 7517
f 7523 7521 7690
f 7690 7521 7519
f 7690 7519 7691
f 7527 7692 7525
f 7525 7692 7691
f 7525 7691 7518
f 7518 7691 7519
f 7527 7529 7692
f 7692 7529 7531
f 7692 7531 7693
f 7531 7532 7693
f 7693 7532 7534
f 7693 7534 7694
f 7538 7695 7537
f 7537 7695 7694
f 7537 7694 7535
f 7535 7694 7534
f 7538 7540 7695
f 7695 7540 7542
f 7695 7542 7696
f 7546 7697 7548
f 7548 7697 7696
f 7548 7696 7549
f 7549 7696 7542
f 7546 7544 7697
f 7697 7544 7552
f 7697 7552 7698
f 7552 7551 7698
f 7698 7551 7555
f 7698 7555 7699
f 7561 7700 7562
f 7562 7700 7699
f 7562 7699 7554
f 7554 7699 7555
f 7561 7559 7700
f 7700 7559 7557
f 7700 7557 7701
f 7565 7702 7563
f 7563 7702 7701
f 7563 7701 7556
f 7556 7701 7557
f 7565 7567 7702
f 7702 7567 7569
f 7702 7569 7703
f 7569 7570 7703
f 7703 7570 7572
f 7703 7572 7704
f 7576 7705 7575
f 7575 7705 7704
f 7575 7704 7573
f 7573 7704 7572
f 7576 7578 7705
f 7705 7578 7580
f 7705 7580 7706
f 7584 7707 7586
f 7586 7707 7706
f 7586 7706 7587
f 7587 7706 7580
f 7584 7582 7707
f 7707 7582 7590
f 7707 7590 7708
f 7590 7589 7708
f 7708 7589 7593
f 7708 7593 7709
f 7599 7710 7600
f 7600 7710 7709
f 7600 7709 7592
f 7592 7709 7593
f 7599 7597 7710
f 7710 7597 7595
f 7710 7595 7711
f 7603 7712 7601
f 7601 7712 7711
f 7601 7711 7594
f 7594 7711 7595
f 7603 7605 7712
f 7712 7605 7607
f 7712 7607 7713
f 7607 7608 7713
f 7713 7608 7610
f 7713 7610 7714
f 7614 7715 7613
f 7613 7715 7714
f 7613 7714 7611
f 7611 7714 7610
f 7614 7616 7715
f 7715 7616 7618
f 7715 7618 7716
f 7622 7717 7624
f 7624 7717 7716
f 7624 7716 7625
f 7625 7716 7618
f 7622 7620 7717
f 7717 7620 7628
f 7717 7628 7718
f 7628 7627 7718
f 7718 7627 7631
f 7718 7631 7719
f 7635 7720 7636
f 7636 7720 7719
f 7636 7719 7630
f 7630 7719 7631
f 7635 7633 7720
f 7720 7633 7632
f 7720 7632 7687
f 7687 7632 7504
f 7687 7504 7506
f 7721 7722 7723
f 7721 7723 7724
f 7725 7726 7723
f 7723 7726 7727
f 7723 7727 7724
f 7728 7729 7723
f 7723 7729 7730
f 7723 7730 7725
f 7731 7732 7723
f 7723 7732 7733
f 7723 7733 7728
f 7734 7735 7723
f 7723 7735 7736
f 7723 7736 7731
f 7737 7738 7723
f 7723 7738 7739
f 7723 7739 7734
f 7740 7741 7723
f 7723 7741 7742
f 7723 7742 7737
f 7743 7744 7723
f 7723 7744 7745
f 7723 7745 7740
f 7722 7746 7723
f 7723 7746 7747
f 7723 7747 7743
f 7748 7700 7749
f 7749 7700 7701
f 7749 7701 7750
f 7751 7696 7752
f 7752 7696 7697
f 7752 7697 7753
f 7753 7697 7698
f 7753 7698 7748
f 7748 7698 7699
f 7748 7699 7700
f 7754 7715 7755
f 7755 7715 7716
f 7755 7716 7756
f 7756 7716 7717
f 7756 7717 7757
f 7758 7692 7759
f 7759 7692 7693
f 7759 7693 7760
f 7760 7693 7694
f 7760 7694 7751
f 7751 7694 7695
f 7751 7695 7696
f 7761 7688 7762
f 7762 7688 7689
f 7762 7689 7763
f 7763 7689 7690
f 7763 7690 7758
f 7758 7690 7691
f 7758 7691 7692
f 7717 7718 7757
f 7757 7718 7719
f 7757 7719 7764
f 7764 7719 7720
f 7764 7720 7765
f 7765 7720 7687
f 7765 7687 7761
f 7761 7687 7686
f 7761 7686 7688
f 7766 7711 7767
f 7767 7711 7712
f 7767 7712 7768
f 7768 7712 7713
f 7768 7713 7754
f 7754 7713 7714
f 7754 7714 7715
f 7769 7707 7770
f 7770 7707 7708
f 7770 7708 7771
f 7771 7708 7709
f 7771 7709 7766
f 7766 7709 7710
f 7766 7710 7711
f 7701 7702 7750
f 7750 7702 7703
f 7750 7703 7772
f 7772 7703 7704
f 7772 7704 7773
f 7773 7704 7705
f 7773 7705 7769
f 7769 7705 7706
f 7769 7706 7707
f 7765 7724 7764
f 7764 7724 7727
f 7764 7727 7757
f 7757 7727 7726
f 7757 7726 7756
f 7756 7726 7725
f 7756 7725 7755
f 7755 7725 7730
f 7755 7730 7754
f 7754 7730 7729
f 7754 7729 7768
f 7768 7729 7728
f 7768 7728 7767
f 7767 7728 7733
f 7767 7733 7766
f 7766 7733 7732
f 7766 7732 7771
f 7771 7732 7731
f 7771 7731 7770
f 7770 7731 7736
f 7770 7736 7769
f 7769 7736 7735
f 7769 7735 7773
f 7773 7735 7734
f 7773 7734 7772
f 7772 7734 7739
f 7772 7739 7750
f 7750 7739 7738
f 7750 7738 7749
f 7749 7738 7737
f 7749 7737 7748
f 7748 7737 7742
f 7748 7742 7753
f 7753 7742 7741
f 7753 7741 7752
f 7752 7741 7740
f 7752 7740 7751
f 7751 7740 7745
f 7751 7745 7760
f 7760 7745 7744
f 7760 7744 7759
f 7759 7744 7743
f 7759 7743 7758
f 7758 7743 7747
f 7758 7747 7763
f 7763 7747 7746
f 7763 7746 7762
f 7762 7746 7722
f 7762 7722 7761
f 7761 7722 7721
f 7761 7721 7765
f 7765 7721 7724

