# https://github.com/mikedh/trimesh

o link4.STL
v 0.00240498 0.02874401 -0.02272397
v 0.00240468 0.02874401 -0.01693705
v 0.00220542 0.02892698 -0.01733052
v 0.00222706 0.02890711 -0.01719058
v 0.00221655 0.02891676 -0.01722979
v 0.00220590 0.02892654 -0.01730954
v 0.00233863 0.02880465 -0.01699840
v 0.00228728 0.02885181 -0.01706443
v 0.00225831 0.02887841 -0.01711421
v 0.00220568 0.02892698 -0.02233052
v 0.00220642 0.02892630 -0.02235660
v 0.00221015 0.02892287 -0.02239452
v 0.00228638 0.02885289 -0.02259481
v 0.00233901 0.02880458 -0.02266272
v 0.00224624 0.02888974 -0.02252079
v 0.00222816 0.02890634 -0.02247309
v -0.00207898 0.02892686 -0.01733074
v -0.00207872 0.02892686 -0.02233074
v -0.00207627 0.02895618 -0.01733074
v -0.00207602 0.02895618 -0.02233074
v -0.00203168 0.02922753 -0.01733074
v -0.00203143 0.02922753 -0.02233074
v -0.00200110 0.02934484 -0.01733074
v -0.00200084 0.02934484 -0.02233074
v -0.00195282 0.02949097 -0.01733074
v -0.00195256 0.02949097 -0.02233074
v -0.00184248 0.02973932 -0.01733073
v -0.00184223 0.02973932 -0.02233073
v -0.00184098 0.02974219 -0.01733073
v -0.00184072 0.02974219 -0.02233073
v -0.00169799 0.02997709 -0.01733072
v -0.00169773 0.02997708 -0.02233072
v -0.00160935 0.03009487 -0.01733072
v -0.00160909 0.03009487 -0.02233072
v -0.00152618 0.03019180 -0.01733072
v -0.00152592 0.03019180 -0.02233072
v -0.00132837 0.03038283 -0.01733070
v -0.00132811 0.03038283 -0.02233071
v -0.00131080 0.03039760 -0.01733070
v -0.00131054 0.03039759 -0.02233071
v -0.00110780 0.03054705 -0.01733069
v -0.00110754 0.03054705 -0.02233069
v -0.00095852 0.03063565 -0.01733069
v -0.00095826 0.03063565 -0.02233069
v -0.00086807 0.03068178 -0.01733068
v -0.00086781 0.03068178 -0.02233068
v -0.00061310 0.03078480 -0.01733067
v -0.00061284 0.03078480 -0.02233067
v -0.00056628 0.03079972 -0.01733067
v -0.00056602 0.03079972 -0.02233067
v -0.00034707 0.03085443 -0.01733065
v -0.00034681 0.03085443 -0.02233065
v -0.00014942 0.03088340 -0.01733064
v -0.00014916 0.03088340 -0.02233064
v -0.00007433 0.03088954 -0.01733064
v -0.00007407 0.03088954 -0.02233064
v 0.00020066 0.03088955 -0.01733063
v 0.00020092 0.03088954 -0.02233063
v 0.00027575 0.03088341 -0.01733062
v 0.00027601 0.03088341 -0.02233062
v 0.00047341 0.03085445 -0.01733061
v 0.00047366 0.03085445 -0.02233061
v 0.00069261 0.03079976 -0.01733060
v 0.00069287 0.03079976 -0.02233060
v 0.00073944 0.03078483 -0.01733060
v 0.00073970 0.03078483 -0.02233060
v 0.00099441 0.03068183 -0.01733059
v 0.00099467 0.03068183 -0.02233059
v 0.00108486 0.03063570 -0.01733058
v 0.00108512 0.03063570 -0.02233058
v 0.00123415 0.03054712 -0.01733057
v 0.00123441 0.03054712 -0.02233057
v 0.00143716 0.03039767 -0.01733056
v 0.00143741 0.03039767 -0.02233056
v 0.00145473 0.03038291 -0.01733056
v 0.00145499 0.03038291 -0.02233056
v 0.00165255 0.03019189 -0.01733055
v 0.00165281 0.03019189 -0.02233055
v 0.00173572 0.03009496 -0.01733055
v 0.00173598 0.03009496 -0.02233055
v 0.00182437 0.02997718 -0.01733054
v 0.00182463 0.02997718 -0.02233054
v 0.00196737 0.02974230 -0.01733053
v 0.00196763 0.02974230 -0.02233054
v 0.00196888 0.02973942 -0.01733053
v 0.00196914 0.02973942 -0.02233054
v 0.00207923 0.02949108 -0.01733053
v 0.00207949 0.02949108 -0.02233053
v 0.00212751 0.02934495 -0.01733053
v 0.00212777 0.02934495 -0.02233053
v 0.00215811 0.02922764 -0.01733053
v 0.00215836 0.02922764 -0.02233052
v 0.00220271 0.02895629 -0.01733052
v 0.00220297 0.02895629 -0.02233052
v -0.00208587 0.02892029 -0.02241161
v -0.00227797 0.02874388 -0.02272421
v -0.00215761 0.02885441 -0.02259227
v -0.00211568 0.02889292 -0.02251264
v -0.00209512 0.02891180 -0.02245280
v -0.00227827 0.02874388 -0.01693729
v -0.00207972 0.02892618 -0.01730467
v -0.00208346 0.02892276 -0.01726674
v -0.00220570 0.02881025 -0.02265590
v -0.00215968 0.02885277 -0.01706646
v -0.00221230 0.02880445 -0.01699855
v -0.00211955 0.02888962 -0.01714048
v -0.00210146 0.02890622 -0.01718818
v -0.00820180 0.02874372 -0.01683106
v -0.00820177 0.02774372 -0.01683106
v -0.00820149 0.02874372 -0.02283106
v -0.00820147 0.02774372 -0.02283106
v 0.00832851 0.02874417 -0.02283021
v 0.00832854 0.02774417 -0.02283021
v 0.00832820 0.02874417 -0.01683021
v 0.00832823 0.02774417 -0.01683021
v -0.00593658 0.02874378 -0.02118094
v -0.00593663 0.03064378 -0.02118094
v -0.00628599 0.02874377 -0.02113496
v -0.00628604 0.03064377 -0.02113496
v -0.00661159 0.02874376 -0.02100011
v -0.00661164 0.03064376 -0.02100011
v -0.00689119 0.02874375 -0.02078559
v -0.00689124 0.03064375 -0.02078559
v -0.00710574 0.02874375 -0.02050600
v -0.00710580 0.03064375 -0.02050600
v -0.00724063 0.02874374 -0.02018042
v -0.00724068 0.03064374 -0.02018042
v -0.00728665 0.02874374 -0.01983101
v -0.00728670 0.03064374 -0.01983101
v -0.00724066 0.02874374 -0.01948160
v -0.00724072 0.03064374 -0.01948160
v -0.00710581 0.02874375 -0.01915600
v -0.00710587 0.03064375 -0.01915600
v -0.00689129 0.02874375 -0.01887640
v -0.00689134 0.03064375 -0.01887640
v -0.00661171 0.02874376 -0.01866184
v -0.00661176 0.03064376 -0.01866184
v -0.00628612 0.02874377 -0.01852696
v -0.00628617 0.03064377 -0.01852696
v -0.00593672 0.02874378 -0.01848094
v -0.00593677 0.03064378 -0.01848094
v -0.00558731 0.02874379 -0.01852692
v -0.00558736 0.03064379 -0.01852692
v -0.00526171 0.02874380 -0.01866177
v -0.00526176 0.03064380 -0.01866177
v -0.00498210 0.02874381 -0.01887630
v -0.00498215 0.03064381 -0.01887630
v -0.00476755 0.02874381 -0.01915588
v -0.00476760 0.03064381 -0.01915588
v -0.00463267 0.02874381 -0.01948147
v -0.00463272 0.03064382 -0.01948147
v -0.00458665 0.02874382 -0.01983087
v -0.00458670 0.03064382 -0.01983087
v -0.00463263 0.02874381 -0.02018028
v -0.00463268 0.03064382 -0.02018028
v -0.00476748 0.02874381 -0.02050588
v -0.00476753 0.03064381 -0.02050588
v -0.00498200 0.02874381 -0.02078549
v -0.00498205 0.03064380 -0.02078549
v -0.00526159 0.02874380 -0.02100004
v -0.00526164 0.03064380 -0.02100004
v -0.00558717 0.02874379 -0.02113492
v -0.00558723 0.03064379 -0.02113492
v 0.00606342 0.02874411 -0.02118032
v 0.00606337 0.03064411 -0.02118032
v 0.00571402 0.02874410 -0.02113434
v 0.00571396 0.03064410 -0.02113434
v 0.00538841 0.02874409 -0.02099949
v 0.00538836 0.03064409 -0.02099949
v 0.00510881 0.02874408 -0.02078497
v 0.00510876 0.03064408 -0.02078497
v 0.00489425 0.02874408 -0.02050538
v 0.00489420 0.03064408 -0.02050538
v 0.00475937 0.02874407 -0.02017980
v 0.00475932 0.03064407 -0.02017980
v 0.00471335 0.02874407 -0.01983039
v 0.00471330 0.03064407 -0.01983039
v 0.00475934 0.02874407 -0.01948098
v 0.00475928 0.03064407 -0.01948098
v 0.00489418 0.02874408 -0.01915538
v 0.00489413 0.03064408 -0.01915538
v 0.00510871 0.02874408 -0.01887578
v 0.00510866 0.03064408 -0.01887578
v 0.00538829 0.02874409 -0.01866122
v 0.00538824 0.03064409 -0.01866123
v 0.00571388 0.02874410 -0.01852634
v 0.00571383 0.03064410 -0.01852634
v 0.00606328 0.02874411 -0.01848032
v 0.00606323 0.03064411 -0.01848032
v 0.00641269 0.02874412 -0.01852631
v 0.00641264 0.03064412 -0.01852631
v 0.00673829 0.02874413 -0.01866115
v 0.00673824 0.03064413 -0.01866115
v 0.00701790 0.02874413 -0.01887568
v 0.00701785 0.03064413 -0.01887568
v 0.00723245 0.02874414 -0.01915526
v 0.00723240 0.03064414 -0.01915526
v 0.00736734 0.02874414 -0.01948085
v 0.00736728 0.03064414 -0.01948085
v 0.00741335 0.02874414 -0.01983025
v 0.00741330 0.03064414 -0.01983025
v 0.00736737 0.02874414 -0.02017966
v 0.00736732 0.03064414 -0.02017966
v 0.00723252 0.02874414 -0.02050526
v 0.00723247 0.03064414 -0.02050526
v 0.00701800 0.02874413 -0.02078487
v 0.00701794 0.03064413 -0.02078487
v 0.00673841 0.02874413 -0.02099942
v 0.00673836 0.03064413 -0.02099942
v 0.00641283 0.02874412 -0.02113431
v 0.00641277 0.03064412 -0.02113431
v 0.00234872 0.02897076 -0.02268407
v -0.00213630 0.02896216 -0.02256933
v -0.00234792 0.02874388 -0.02277017
v -0.00233614 0.02898198 -0.02277017
v -0.00208688 0.02895726 -0.02243470
v -0.00204207 0.02922999 -0.02243470
v -0.00170667 0.02998335 -0.02243468
v -0.00185039 0.02974727 -0.02243469
v -0.00196281 0.02949477 -0.02243469
v -0.00133518 0.03039116 -0.02243466
v -0.00153399 0.03019916 -0.02243467
v -0.00111349 0.03055621 -0.02243465
v -0.00087254 0.03069162 -0.02243464
v -0.00061628 0.03079517 -0.02243462
v 0.00020162 0.03090045 -0.02243458
v -0.00007477 0.03090044 -0.02243460
v -0.00034889 0.03086516 -0.02243461
v 0.00047575 0.03086518 -0.02243457
v 0.00074314 0.03079521 -0.02243455
v 0.00099941 0.03069167 -0.02243454
v 0.00166089 0.03019925 -0.02243451
v 0.00146207 0.03039124 -0.02243452
v 0.00124036 0.03055628 -0.02243453
v 0.00197731 0.02974737 -0.02243449
v 0.00183358 0.02998345 -0.02243450
v 0.00221385 0.02895737 -0.02243448
v 0.00208974 0.02949488 -0.02243448
v 0.00216902 0.02923010 -0.02243448
v 0.00270055 0.02900568 -0.02283050
v 0.00271351 0.02874402 -0.02283050
v 0.00260955 0.02874401 -0.02281957
v 0.00259710 0.02899541 -0.02281958
v 0.00254428 0.02931675 -0.02281958
v 0.00264557 0.02934013 -0.02283050
v 0.00245088 0.02962871 -0.02281958
v 0.00254835 0.02966484 -0.02283050
v 0.00231841 0.02992620 -0.02281959
v 0.00241048 0.02997447 -0.02283051
v 0.00214906 0.03020435 -0.02281960
v 0.00223422 0.03026398 -0.02283052
v 0.00194560 0.03045861 -0.02281961
v 0.00202244 0.03052862 -0.02283053
v 0.00171134 0.03068482 -0.02281962
v 0.00177862 0.03076406 -0.02283054
v 0.00145012 0.03087927 -0.02281964
v 0.00150674 0.03096646 -0.02283056
v 0.00116623 0.03103880 -0.02281965
v 0.00121125 0.03113250 -0.02283057
v 0.00086429 0.03116078 -0.02281967
v 0.00089698 0.03125946 -0.02283059
v 0.00054925 0.03124322 -0.02281968
v 0.00056908 0.03134527 -0.02283061
v 0.00022626 0.03128478 -0.02281970
v 0.00023291 0.03138852 -0.02283062
v -0.00009939 0.03128477 -0.02281972
v -0.00010604 0.03138851 -0.02283064
v -0.00042237 0.03124320 -0.02281973
v -0.00044221 0.03134524 -0.02283066
v -0.00073740 0.03116073 -0.02281975
v -0.00077010 0.03125941 -0.02283068
v -0.00103934 0.03103874 -0.02281976
v -0.00108436 0.03113243 -0.02283069
v -0.00132323 0.03087920 -0.02281978
v -0.00137985 0.03096638 -0.02283071
v -0.00158443 0.03068473 -0.02281979
v -0.00165172 0.03076397 -0.02283072
v -0.00181868 0.03045851 -0.02281980
v -0.00189552 0.03052851 -0.02283073
v -0.00202213 0.03020424 -0.02281982
v -0.00210729 0.03026386 -0.02283075
v -0.00219146 0.02992608 -0.02281982
v -0.00228353 0.02997435 -0.02283075
v -0.00232391 0.02962858 -0.02281983
v -0.00242139 0.02966470 -0.02283076
v -0.00241730 0.02931661 -0.02281984
v -0.00251859 0.02933999 -0.02283077
v -0.00247010 0.02899527 -0.02281984
v -0.00257355 0.02900553 -0.02283077
v -0.00248254 0.02874387 -0.02281984
v -0.00258649 0.02874387 -0.02283077
v 0.00247493 0.02874401 -0.02276992
v 0.00246313 0.02898211 -0.02276992
v 0.00241311 0.02928646 -0.02276992
v 0.00232464 0.02958193 -0.02276993
v 0.00219918 0.02986369 -0.02276993
v 0.00203879 0.03012713 -0.02276994
v 0.00184608 0.03036794 -0.02276995
v 0.00162421 0.03058219 -0.02276996
v 0.00137680 0.03076637 -0.02276997
v 0.00110792 0.03091745 -0.02276999
v 0.00082194 0.03103299 -0.02277000
v 0.00052356 0.03111107 -0.02277002
v 0.00021765 0.03115043 -0.02277003
v -0.00009078 0.03115042 -0.02277005
v -0.00039668 0.03111105 -0.02277007
v -0.00069506 0.03103295 -0.02277008
v -0.00098102 0.03091740 -0.02277010
v -0.00124990 0.03076629 -0.02277011
v -0.00149730 0.03058211 -0.02277012
v -0.00171916 0.03036785 -0.02277013
v -0.00191185 0.03012702 -0.02277014
v -0.00207223 0.02986357 -0.02277015
v -0.00219768 0.02958180 -0.02277016
v -0.00228613 0.02928633 -0.02277016
v 0.00230108 0.02926059 -0.02268407
v 0.00221683 0.02954197 -0.02268407
v 0.00209735 0.02981030 -0.02268408
v 0.00194460 0.03006118 -0.02268409
v 0.00176108 0.03029051 -0.02268410
v 0.00154979 0.03049455 -0.02268411
v 0.00131418 0.03066994 -0.02268412
v 0.00105811 0.03081382 -0.02268413
v 0.00078578 0.03092385 -0.02268415
v 0.00050162 0.03099821 -0.02268416
v 0.00021030 0.03103569 -0.02268418
v -0.00008342 0.03103568 -0.02268419
v -0.00037474 0.03099819 -0.02268421
v -0.00065889 0.03092381 -0.02268422
v -0.00093123 0.03081377 -0.02268424
v -0.00118729 0.03066987 -0.02268425
v -0.00142288 0.03049446 -0.02268426
v -0.00163417 0.03029042 -0.02268427
v -0.00181767 0.03006108 -0.02268428
v -0.00197041 0.02981019 -0.02268429
v -0.00208987 0.02954186 -0.02268430
v -0.00217410 0.02926047 -0.02268430
v -0.00222173 0.02897063 -0.02268430
v 0.00226328 0.02896228 -0.02256910
v 0.00221742 0.02924128 -0.02256910
v 0.00213632 0.02951214 -0.02256911
v 0.00202131 0.02977043 -0.02256911
v 0.00187427 0.03001194 -0.02256912
v 0.00169761 0.03023269 -0.02256913
v 0.00149422 0.03042910 -0.02256914
v 0.00126742 0.03059793 -0.02256915
v 0.00102092 0.03073644 -0.02256916
v 0.00075877 0.03084235 -0.02256918
v 0.00048524 0.03091393 -0.02256919
v 0.00020481 0.03095001 -0.02256921
v -0.00007794 0.03095001 -0.02256922
v -0.00035837 0.03091391 -0.02256923
v -0.00063189 0.03084231 -0.02256925
v -0.00089404 0.03073639 -0.02256926
v -0.00114053 0.03059787 -0.02256927
v -0.00136732 0.03042902 -0.02256929
v -0.00157070 0.03023260 -0.02256930
v -0.00174735 0.03001184 -0.02256931
v -0.00189437 0.02977033 -0.02256931
v -0.00200937 0.02951203 -0.02256932
v -0.00209045 0.02924116 -0.02256932
v 0.00247462 0.02874401 -0.01689110
v 0.00271320 0.02874402 -0.01683050
v 0.00260924 0.02874401 -0.01684143
v -0.00222202 0.02897063 -0.01697720
v 0.00234842 0.02897076 -0.01697696
v 0.00246283 0.02898211 -0.01689110
v 0.00226299 0.02896228 -0.01709194
v 0.00221358 0.02895737 -0.01722657
v 0.00216875 0.02923010 -0.01722657
v 0.00183331 0.02998345 -0.01722659
v 0.00197705 0.02974737 -0.01722658
v 0.00208947 0.02949488 -0.01722657
v 0.00146180 0.03039124 -0.01722660
v 0.00166062 0.03019925 -0.01722660
v 0.00124009 0.03055628 -0.01722662
v 0.00099914 0.03069167 -0.01722663
v 0.00074287 0.03079521 -0.01722664
v -0.00007503 0.03090044 -0.01722668
v 0.00020135 0.03090045 -0.01722667
v 0.00047549 0.03086518 -0.01722666
v -0.00034916 0.03086516 -0.01722670
v -0.00061655 0.03079517 -0.01722671
v -0.00087281 0.03069162 -0.01722673
v -0.00153426 0.03019916 -0.01722676
v -0.00133545 0.03039116 -0.01722675
v -0.00111376 0.03055622 -0.01722674
v -0.00185066 0.02974727 -0.01722678
v -0.00170694 0.02998335 -0.01722677
v -0.00208715 0.02895726 -0.01722679
v -0.00196307 0.02949477 -0.01722678
v -0.00204234 0.02922999 -0.01722679
v -0.00257386 0.02900553 -0.01683077
v -0.00258680 0.02874387 -0.01683077
v -0.00248285 0.02874387 -0.01684169
v -0.00247041 0.02899527 -0.01684169
v -0.00241761 0.02931661 -0.01684169
v -0.00251890 0.02933999 -0.01683077
v -0.00232422 0.02962858 -0.01684168
v -0.00242170 0.02966470 -0.01683076
v -0.00219177 0.02992608 -0.01684168
v -0.00228384 0.02997435 -0.01683075
v -0.00202244 0.03020424 -0.01684167
v -0.00210760 0.03026386 -0.01683075
v -0.00181898 0.03045851 -0.01684166
v -0.00189583 0.03052851 -0.01683073
v -0.00158474 0.03068473 -0.01684164
v -0.00165203 0.03076397 -0.01683072
v -0.00132353 0.03087920 -0.01684163
v -0.00138016 0.03096638 -0.01683071
v -0.00103964 0.03103874 -0.01684162
v -0.00108467 0.03113243 -0.01683069
v -0.00073771 0.03116073 -0.01684160
v -0.00077041 0.03125941 -0.01683068
v -0.00042268 0.03124320 -0.01684158
v -0.00044252 0.03134524 -0.01683066
v -0.00009969 0.03128477 -0.01684157
v -0.00010635 0.03138851 -0.01683064
v 0.00022595 0.03128478 -0.01684155
v 0.00023260 0.03138852 -0.01683063
v 0.00054894 0.03124322 -0.01684153
v 0.00056877 0.03134527 -0.01683061
v 0.00086398 0.03116078 -0.01684152
v 0.00089667 0.03125946 -0.01683059
v 0.00116592 0.03103880 -0.01684150
v 0.00121094 0.03113250 -0.01683057
v 0.00144982 0.03087927 -0.01684149
v 0.00150643 0.03096646 -0.01683056
v 0.00171103 0.03068482 -0.01684147
v 0.00177831 0.03076406 -0.01683054
v 0.00194529 0.03045861 -0.01684146
v 0.00202213 0.03052862 -0.01683053
v 0.00214876 0.03020435 -0.01684145
v 0.00223391 0.03026398 -0.01683052
v 0.00231811 0.02992620 -0.01684144
v 0.00241017 0.02997447 -0.01683051
v 0.00245057 0.02962871 -0.01684144
v 0.00254804 0.02966484 -0.01683051
v 0.00254397 0.02931675 -0.01684143
v 0.00264526 0.02934013 -0.01683050
v 0.00259679 0.02899541 -0.01684143
v 0.00270024 0.02900568 -0.01683050
v 0.00221713 0.02924128 -0.01709194
v 0.00213603 0.02951214 -0.01709195
v 0.00202102 0.02977043 -0.01709195
v 0.00187399 0.03001194 -0.01709196
v 0.00169733 0.03023269 -0.01709197
v 0.00149393 0.03042910 -0.01709198
v 0.00126714 0.03059793 -0.01709199
v 0.00102064 0.03073644 -0.01709200
v 0.00075848 0.03084235 -0.01709202
v 0.00048495 0.03091393 -0.01709203
v 0.00020452 0.03095001 -0.01709205
v -0.00007822 0.03095001 -0.01709206
v -0.00035865 0.03091391 -0.01709208
v -0.00063217 0.03084231 -0.01709209
v -0.00089433 0.03073639 -0.01709210
v -0.00114081 0.03059787 -0.01709212
v -0.00136760 0.03042902 -0.01709213
v -0.00157099 0.03023260 -0.01709214
v -0.00174763 0.03001184 -0.01709215
v -0.00189466 0.02977033 -0.01709216
v -0.00200965 0.02951203 -0.01709216
v -0.00209074 0.02924116 -0.01709216
v -0.00213658 0.02896216 -0.01709217
v 0.00230078 0.02926059 -0.01697696
v 0.00221653 0.02954197 -0.01697697
v 0.00209706 0.02981030 -0.01697697
v 0.00194431 0.03006118 -0.01697698
v 0.00176079 0.03029051 -0.01697699
v 0.00154949 0.03049455 -0.01697700
v 0.00131389 0.03066994 -0.01697702
v 0.00105782 0.03081382 -0.01697703
v 0.00078548 0.03092385 -0.01697704
v 0.00050133 0.03099821 -0.01697706
v 0.00021001 0.03103569 -0.01697707
v -0.00008372 0.03103568 -0.01697709
v -0.00037504 0.03099819 -0.01697710
v -0.00065919 0.03092381 -0.01697712
v -0.00093152 0.03081377 -0.01697713
v -0.00118758 0.03066987 -0.01697714
v -0.00142318 0.03049446 -0.01697716
v -0.00163446 0.03029042 -0.01697717
v -0.00181797 0.03006108 -0.01697718
v -0.00197070 0.02981019 -0.01697719
v -0.00209016 0.02954186 -0.01697719
v -0.00217440 0.02926047 -0.01697719
v 0.00241280 0.02928646 -0.01689110
v 0.00232434 0.02958193 -0.01689111
v 0.00219888 0.02986369 -0.01689111
v 0.00203848 0.03012713 -0.01689112
v 0.00184577 0.03036795 -0.01689113
v 0.00162390 0.03058219 -0.01689114
v 0.00137650 0.03076637 -0.01689116
v 0.00110761 0.03091746 -0.01689117
v 0.00082164 0.03103299 -0.01689119
v 0.00052326 0.03111107 -0.01689120
v 0.00021735 0.03115043 -0.01689122
v -0.00009108 0.03115042 -0.01689123
v -0.00039698 0.03111105 -0.01689125
v -0.00069536 0.03103295 -0.01689126
v -0.00098133 0.03091740 -0.01689128
v -0.00125021 0.03076630 -0.01689129
v -0.00149760 0.03058211 -0.01689131
v -0.00171946 0.03036785 -0.01689132
v -0.00191216 0.03012702 -0.01689133
v -0.00207254 0.02986357 -0.01689133
v -0.00219798 0.02958180 -0.01689134
v -0.00228643 0.02928633 -0.01689135
v -0.00233644 0.02898198 -0.01689135
v -0.00234822 0.02874388 -0.01689135
v -0.01116084 0.02774364 -0.01772063
v -0.01120171 0.02774364 -0.01803122
v -0.01000177 0.02774367 -0.01683115
v -0.01000147 0.02774367 -0.02283115
v -0.01031235 0.02774366 -0.01687206
v -0.01060177 0.02774365 -0.01699195
v -0.01104097 0.02774364 -0.01743121
v -0.01085028 0.02774365 -0.01718267
v -0.01120153 0.02774363 -0.02163121
v -0.01116062 0.02774364 -0.02194180
v -0.01031205 0.02774366 -0.02279028
v -0.01104073 0.02774364 -0.02223121
v -0.01060147 0.02774365 -0.02267041
v -0.01085001 0.02774365 -0.02247972
v 0.01012823 0.02774422 -0.01683011
v 0.01012854 0.02774422 -0.02283011
v 0.01132829 0.02774425 -0.01803005
v 0.01132847 0.02774425 -0.02163005
v 0.01043912 0.02774423 -0.02278921
v 0.01072853 0.02774423 -0.02266931
v 0.01097705 0.02774424 -0.02247860
v 0.01128760 0.02774425 -0.02194064
v 0.01116773 0.02774425 -0.02223006
v 0.01116749 0.02774425 -0.01743006
v 0.01097677 0.02774424 -0.01718154
v 0.01072823 0.02774424 -0.01699085
v 0.01128738 0.02774425 -0.01771947
v 0.01043881 0.02774423 -0.01687099
v -0.00501814 0.03064380 -0.02204821
v -0.00546836 0.03064379 -0.02218480
v -0.00593657 0.03064378 -0.02223094
v -0.00371934 0.03064384 -0.02074927
v -0.00394110 0.03064383 -0.02116421
v -0.00423955 0.03064382 -0.02152791
v -0.00460323 0.03064382 -0.02182640
v -0.00640479 0.03064377 -0.02218485
v -0.00685502 0.03064375 -0.02204830
v -0.00726996 0.03064374 -0.02182654
v -0.00763367 0.03064373 -0.02152809
v -0.00815406 0.03064372 -0.01891262
v -0.00793230 0.03064372 -0.01849768
v -0.00763384 0.03064373 -0.01813397
v -0.00793216 0.03064372 -0.02116441
v -0.00815396 0.03064372 -0.02074950
v -0.00829056 0.03064371 -0.02029928
v -0.00833670 0.03064371 -0.01983107
v -0.00829061 0.03064371 -0.01936285
v -0.00371943 0.03064384 -0.01891239
v -0.00358284 0.03064384 -0.01936260
v -0.00353670 0.03064384 -0.01983082
v -0.00358279 0.03064384 -0.02029904
v -0.00501837 0.03064380 -0.01761358
v -0.00460343 0.03064382 -0.01783535
v -0.00423973 0.03064382 -0.01813380
v -0.00394124 0.03064383 -0.01849747
v -0.00727017 0.03064374 -0.01783548
v -0.00685525 0.03064375 -0.01761368
v -0.00640504 0.03064377 -0.01747708
v -0.00593682 0.03064378 -0.01743094
v -0.00546860 0.03064379 -0.01747703
v 0.00698186 0.03064413 -0.02204759
v 0.00653164 0.03064412 -0.02218418
v 0.00606343 0.03064411 -0.02223032
v 0.00384604 0.03064405 -0.02074888
v 0.00370944 0.03064404 -0.02029866
v 0.00366330 0.03064404 -0.01983045
v 0.00559521 0.03064409 -0.02218423
v 0.00514498 0.03064408 -0.02204768
v 0.00473004 0.03064407 -0.02182592
v 0.00436633 0.03064406 -0.02152747
v 0.00406784 0.03064405 -0.02116380
v 0.00828066 0.03064417 -0.02074865
v 0.00805890 0.03064416 -0.02116359
v 0.00776045 0.03064415 -0.02152729
v 0.00739677 0.03064414 -0.02182578
v 0.00828057 0.03064417 -0.01891177
v 0.00841716 0.03064417 -0.01936199
v 0.00846330 0.03064417 -0.01983020
v 0.00841721 0.03064417 -0.02029842
v 0.00698163 0.03064413 -0.01761297
v 0.00739657 0.03064414 -0.01783473
v 0.00776027 0.03064415 -0.01813318
v 0.00805876 0.03064416 -0.01849685
v 0.00514475 0.03064408 -0.01761306
v 0.00559496 0.03064409 -0.01747646
v 0.00606318 0.03064411 -0.01743032
v 0.00653140 0.03064412 -0.01747642
v 0.00370939 0.03064404 -0.01936223
v 0.00384594 0.03064405 -0.01891200
v 0.00406771 0.03064405 -0.01849706
v 0.00436616 0.03064406 -0.01813336
v 0.00472983 0.03064407 -0.01783487
v 0.01132815 0.03274425 -0.01803005
v 0.01132834 0.03274425 -0.02163005
v 0.01128746 0.03274425 -0.02194064
v 0.01116760 0.03274425 -0.02223006
v 0.01097691 0.03274424 -0.02247860
v 0.01072839 0.03274424 -0.02266931
v 0.01043898 0.03274423 -0.02278921
v 0.01012840 0.03274422 -0.02283011
v -0.01000160 0.03274367 -0.02283115
v -0.01031219 0.03274366 -0.02279028
v -0.01060161 0.03274365 -0.02267041
v -0.01085015 0.03274364 -0.02247972
v -0.01104086 0.03274364 -0.02223121
v -0.01116076 0.03274364 -0.02194180
v -0.01120166 0.03274364 -0.02163121
v -0.01120185 0.03274364 -0.01803122
v -0.01000191 0.03274367 -0.01683115
v -0.01031249 0.03274366 -0.01687206
v -0.01060190 0.03274365 -0.01699195
v -0.01085042 0.03274364 -0.01718267
v -0.01104111 0.03274364 -0.01743121
v -0.01116098 0.03274364 -0.01772063
v 0.01012809 0.03274422 -0.01683011
v 0.01128725 0.03274425 -0.01771947
v 0.01116735 0.03274425 -0.01743006
v 0.01097664 0.03274424 -0.01718154
v 0.01072810 0.03274424 -0.01699085
v 0.01043867 0.03274423 -0.01687099
v -0.00593663 0.03274378 -0.02223094
v -0.00640485 0.03274377 -0.02218485
v -0.00685508 0.03274375 -0.02204830
v -0.00727002 0.03274374 -0.02182654
v -0.00763372 0.03274373 -0.02152809
v -0.00793221 0.03274373 -0.02116442
v -0.00815402 0.03274372 -0.02074950
v -0.00829062 0.03274371 -0.02029928
v -0.00833676 0.03274371 -0.01983107
v -0.00829067 0.03274371 -0.01936285
v -0.00815411 0.03274372 -0.01891262
v -0.00793235 0.03274373 -0.01849768
v -0.00763390 0.03274373 -0.01813397
v -0.00727023 0.03274374 -0.01783548
v -0.00685531 0.03274376 -0.01761368
v -0.00640509 0.03274377 -0.01747708
v -0.00593688 0.03274378 -0.01743094
v -0.00546866 0.03274379 -0.01747703
v -0.00501843 0.03274380 -0.01761358
v -0.00460349 0.03274382 -0.01783535
v -0.00423979 0.03274383 -0.01813380
v -0.00394130 0.03274383 -0.01849747
v -0.00371949 0.03274384 -0.01891239
v -0.00358290 0.03274385 -0.01936260
v -0.00353676 0.03274385 -0.01983082
v -0.00358285 0.03274385 -0.02029904
v -0.00371940 0.03274384 -0.02074927
v -0.00394116 0.03274383 -0.02116421
v -0.00423961 0.03274383 -0.02152791
v -0.00460329 0.03274382 -0.02182640
v -0.00501820 0.03274380 -0.02204821
v -0.00546842 0.03274379 -0.02218480
v 0.00606337 0.03274411 -0.02223032
v 0.00559515 0.03274409 -0.02218423
v 0.00514492 0.03274408 -0.02204768
v 0.00472998 0.03274407 -0.02182592
v 0.00436628 0.03274406 -0.02152747
v 0.00406779 0.03274405 -0.02116380
v 0.00384598 0.03274405 -0.02074888
v 0.00370938 0.03274404 -0.02029866
v 0.00366324 0.03274404 -0.01983045
v 0.00370934 0.03274404 -0.01936223
v 0.00384589 0.03274405 -0.01891200
v 0.00406765 0.03274405 -0.01849706
v 0.00436610 0.03274406 -0.01813336
v 0.00472977 0.03274407 -0.01783487
v 0.00514469 0.03274408 -0.01761306
v 0.00559491 0.03274409 -0.01747646
v 0.00606312 0.03274411 -0.01743032
v 0.00653134 0.03274412 -0.01747642
v 0.00698157 0.03274413 -0.01761297
v 0.00739651 0.03274414 -0.01783473
v 0.00776021 0.03274415 -0.01813318
v 0.00805870 0.03274416 -0.01849685
v 0.00828051 0.03274417 -0.01891177
v 0.00841710 0.03274417 -0.01936199
v 0.00846324 0.03274417 -0.01983020
v 0.00841715 0.03274417 -0.02029842
v 0.00828060 0.03274417 -0.02074865
v 0.00805884 0.03274416 -0.02116359
v 0.00776039 0.03274415 -0.02152729
v 0.00739672 0.03274414 -0.02182578
v 0.00698180 0.03274413 -0.02204759
v 0.00653158 0.03274412 -0.02218418
v -0.01414240 0.02329349 0.01468436
v -0.01269902 0.02329353 0.01468448
v -0.01486398 0.02329347 0.01343430
v -0.01197723 0.02329355 0.01343454
v -0.01414219 0.02329350 0.01218436
v -0.01269882 0.02329353 0.01218448
v -0.01269905 0.02419353 0.01468448
v -0.01197726 0.02419355 0.01343454
v -0.01269884 0.02419353 0.01218448
v -0.01414222 0.02419349 0.01218436
v -0.01486401 0.02419347 0.01343430
v -0.01414242 0.02419349 0.01468436
v -0.01196179 0.02424355 0.01343454
v -0.01267019 0.02428013 0.01473448
v -0.01191952 0.02428016 0.01343455
v -0.01264132 0.02429353 0.01478449
v -0.01186179 0.02429355 0.01343455
v -0.01197332 0.02421943 0.01343454
v -0.01269708 0.02421941 0.01468789
v -0.01269132 0.02424353 0.01469788
v -0.01269687 0.02421942 0.01218107
v -0.01269111 0.02424353 0.01217108
v -0.01266997 0.02428014 0.01213448
v -0.01264110 0.02429354 0.01208449
v -0.01414418 0.02421938 0.01218095
v -0.01414995 0.02424349 0.01217096
v -0.01417108 0.02428010 0.01213436
v -0.01419995 0.02429349 0.01208436
v -0.01486794 0.02421935 0.01343430
v -0.01487948 0.02424347 0.01343430
v -0.01492175 0.02428007 0.01343430
v -0.01497948 0.02429347 0.01343429
v -0.01414439 0.02421937 0.01468777
v -0.01415016 0.02424349 0.01469776
v -0.01417130 0.02428009 0.01473436
v -0.01420017 0.02429349 0.01478436
v -0.01605289 0.02429344 0.01283340
v -0.01610814 0.02429344 0.01317494
v -0.01611925 0.02429344 0.01352074
v -0.01608606 0.02429344 0.01386512
v -0.01517068 0.02429347 0.01137837
v -0.01541924 0.02429346 0.01161904
v -0.01075528 0.02429358 0.01386556
v -0.01072203 0.02429358 0.01352118
v -0.01600910 0.02429344 0.01420243
v -0.01588964 0.02429344 0.01452713
v -0.01572964 0.02429345 0.01483389
v -0.01553172 0.02429345 0.01511767
v -0.01529914 0.02429346 0.01537381
v -0.01083230 0.02429358 0.01420286
v -0.01563497 0.02429345 0.01188952
v -0.01581435 0.02429345 0.01218537
v -0.01595442 0.02429345 0.01250173
v -0.01167025 0.02429356 0.01137866
v -0.01194750 0.02429356 0.01117171
v -0.01224895 0.02429355 0.01100190
v -0.01256963 0.02429354 0.01087204
v -0.01342041 0.02429352 0.01073442
v -0.01324742 0.02429352 0.01073998
v -0.01290429 0.02429353 0.01078425
v -0.01359340 0.02429351 0.01073995
v -0.01393654 0.02429350 0.01078417
v -0.01427122 0.02429349 0.01087190
v -0.01459192 0.02429348 0.01100171
v -0.01489339 0.02429347 0.01117146
v -0.01073309 0.02429359 0.01317538
v -0.01078828 0.02429358 0.01283383
v -0.01088669 0.02429358 0.01250215
v -0.01154245 0.02429356 0.01537412
v -0.01180592 0.02429355 0.01559837
v -0.01209589 0.02429354 0.01578709
v -0.01307559 0.02429352 0.01611228
v -0.01273598 0.02429353 0.01604617
v -0.01240762 0.02429354 0.01593718
v -0.01102671 0.02429358 0.01218577
v -0.01120604 0.02429358 0.01188989
v -0.01142173 0.02429357 0.01161937
v -0.01503571 0.02429346 0.01559810
v -0.01474577 0.02429347 0.01578687
v -0.01443406 0.02429348 0.01593701
v -0.01410572 0.02429349 0.01604606
v -0.01376612 0.02429350 0.01611223
v -0.01342086 0.02429351 0.01613442
v -0.01130983 0.02429357 0.01511802
v -0.01111187 0.02429357 0.01483427
v -0.01095181 0.02429358 0.01452754
v -0.01324520 0.02428734 0.01070544
v -0.01289767 0.02428735 0.01075028
v -0.01255872 0.02428736 0.01083919
v -0.01223393 0.02428737 0.01097072
v -0.01192862 0.02428738 0.01114270
v -0.01164781 0.02428738 0.01135231
v -0.01139611 0.02428739 0.01159611
v -0.01117765 0.02428740 0.01187009
v -0.01099603 0.02428740 0.01216976
v -0.01085421 0.02428740 0.01249019
v -0.01075454 0.02428740 0.01282613
v -0.01069864 0.02428741 0.01317206
v -0.01068744 0.02428741 0.01352230
v -0.01072111 0.02428740 0.01387109
v -0.01079912 0.02428740 0.01421271
v -0.01092016 0.02428740 0.01454155
v -0.01108227 0.02428739 0.01485222
v -0.01128277 0.02428739 0.01513960
v -0.01151838 0.02428738 0.01539899
v -0.01178522 0.02428737 0.01562611
v -0.01207891 0.02428736 0.01581725
v -0.01239464 0.02428735 0.01596926
v -0.01272721 0.02428734 0.01607965
v -0.01307117 0.02428734 0.01614661
v -0.01342086 0.02428733 0.01616903
v -0.01377055 0.02428732 0.01614655
v -0.01411450 0.02428731 0.01607954
v -0.01444705 0.02428730 0.01596909
v -0.01476275 0.02428729 0.01581703
v -0.01505642 0.02428728 0.01562584
v -0.01532322 0.02428728 0.01539867
v -0.01555878 0.02428727 0.01513925
v -0.01575924 0.02428726 0.01485183
v -0.01592129 0.02428726 0.01454114
v -0.01604228 0.02428726 0.01421228
v -0.01612023 0.02428726 0.01387064
v -0.01615385 0.02428726 0.01352184
v -0.01614259 0.02428726 0.01317161
v -0.01608663 0.02428726 0.01282569
v -0.01598690 0.02428726 0.01248977
v -0.01584504 0.02428727 0.01216936
v -0.01566336 0.02428727 0.01186972
v -0.01544486 0.02428728 0.01159577
v -0.01519312 0.02428729 0.01135202
v -0.01491227 0.02428729 0.01114245
v -0.01460693 0.02428730 0.01097052
v -0.01428212 0.02428731 0.01083905
v -0.01394316 0.02428732 0.01075020
v -0.01359562 0.02428733 0.01070541
v -0.01622063 0.02419344 0.01343419
v -0.01621302 0.02422805 0.01352374
v -0.01620767 0.02419344 0.01316533
v -0.01620152 0.02422805 0.01316592
v -0.01617559 0.02419344 0.01293423
v -0.01614435 0.02422805 0.01281251
v -0.01615038 0.02419344 0.01281114
v -0.01604247 0.02422805 0.01246932
v -0.01589753 0.02422806 0.01214197
v -0.01604201 0.02419344 0.01245036
v -0.01604826 0.02419344 0.01246718
v -0.01571191 0.02422806 0.01183584
v -0.01582417 0.02419345 0.01199810
v -0.01590300 0.02419345 0.01213911
v -0.01516622 0.02419347 0.01124515
v -0.01523550 0.02419347 0.01130222
v -0.01523149 0.02422808 0.01130693
v -0.01549326 0.02419346 0.01155181
v -0.01548868 0.02422807 0.01155596
v -0.01552908 0.02419346 0.01159202
v -0.01571698 0.02419345 0.01183230
v -0.01494794 0.02419348 0.01108765
v -0.01494457 0.02422809 0.01109283
v -0.01474726 0.02419348 0.01096864
v -0.01463262 0.02422809 0.01091718
v -0.01463530 0.02419348 0.01091161
v -0.01430077 0.02422810 0.01078286
v -0.01430272 0.02419349 0.01077699
v -0.01428566 0.02419349 0.01077139
v -0.01395447 0.02422811 0.01069208
v -0.01395565 0.02419350 0.01068601
v -0.01379626 0.02419351 0.01065973
v -0.01359940 0.02422812 0.01064633
v -0.01359980 0.02419351 0.01064016
v -0.01329478 0.02419352 0.01063725
v -0.01324140 0.02422813 0.01064636
v -0.01324101 0.02419352 0.01064019
v -0.01288634 0.02422814 0.01069217
v -0.01288516 0.02419353 0.01068610
v -0.01189631 0.02422817 0.01109308
v -0.01220555 0.02419355 0.01091181
v -0.01220823 0.02422816 0.01091738
v -0.01231995 0.02419355 0.01085983
v -0.01254006 0.02422815 0.01078300
v -0.01253811 0.02419354 0.01077714
v -0.01279735 0.02419353 0.01070467
v -0.01160942 0.02422818 0.01130723
v -0.01187793 0.02419356 0.01109774
v -0.01189294 0.02419356 0.01108790
v -0.01135228 0.02422818 0.01155630
v -0.01148549 0.02419357 0.01141076
v -0.01160542 0.02419356 0.01130252
v -0.01089782 0.02419358 0.01221975
v -0.01093805 0.02419358 0.01213952
v -0.01094353 0.02422819 0.01214238
v -0.01112402 0.02419358 0.01183268
v -0.01112909 0.02422819 0.01183622
v -0.01115525 0.02419358 0.01178881
v -0.01134770 0.02419357 0.01155215
v -0.01079284 0.02419358 0.01246762
v -0.01079864 0.02422820 0.01246975
v -0.01072147 0.02419359 0.01268974
v -0.01069681 0.02422820 0.01281296
v -0.01069078 0.02419359 0.01281159
v -0.01063970 0.02422820 0.01316638
v -0.01063355 0.02419359 0.01316579
v -0.01063188 0.02419359 0.01318366
v -0.01062826 0.02422820 0.01352420
v -0.01062208 0.02419359 0.01352440
v -0.01063193 0.02419359 0.01368564
v -0.01066266 0.02422820 0.01388054
v -0.01065656 0.02419359 0.01388153
v -0.01072160 0.02419358 0.01417955
v -0.01074236 0.02422819 0.01422956
v -0.01073643 0.02419358 0.01423132
v -0.01086602 0.02422819 0.01456552
v -0.01086037 0.02419358 0.01456803
v -0.01147719 0.02422817 0.01544152
v -0.01123165 0.02419357 0.01518037
v -0.01123648 0.02422818 0.01517652
v -0.01115552 0.02419357 0.01508041
v -0.01103164 0.02422819 0.01488291
v -0.01102635 0.02419358 0.01488612
v -0.01089802 0.02419358 0.01464950
v -0.01174981 0.02422816 0.01567356
v -0.01148582 0.02419356 0.01545841
v -0.01147289 0.02419356 0.01544596
v -0.01204986 0.02422816 0.01586884
v -0.01187831 0.02419355 0.01577135
v -0.01174611 0.02419355 0.01567852
v -0.01279780 0.02419352 0.01616427
v -0.01271062 0.02419353 0.01614290
v -0.01271219 0.02422814 0.01613693
v -0.01237010 0.02419354 0.01602988
v -0.01237242 0.02422815 0.01602415
v -0.01232038 0.02419354 0.01600919
v -0.01204683 0.02419355 0.01587423
v -0.01306281 0.02419352 0.01621146
v -0.01306360 0.02422813 0.01620533
v -0.01329524 0.02419351 0.01623161
v -0.01342086 0.02422812 0.01622824
v -0.01342086 0.02419351 0.01623442
v -0.01377813 0.02422811 0.01620527
v -0.01377892 0.02419350 0.01621140
v -0.01379672 0.02419350 0.01620905
v -0.01412952 0.02422810 0.01613681
v -0.01413109 0.02419349 0.01614279
v -0.01428610 0.02419348 0.01609731
v -0.01446928 0.02422809 0.01602397
v -0.01447160 0.02419348 0.01602970
v -0.01474767 0.02419347 0.01589998
v -0.01479181 0.02422808 0.01586862
v -0.01479484 0.02419347 0.01587400
v -0.01509183 0.02422807 0.01567329
v -0.01509553 0.02419346 0.01567824
v -0.01580987 0.02422806 0.01488252
v -0.01560991 0.02419345 0.01518001
v -0.01560507 0.02422806 0.01517616
v -0.01552938 0.02419345 0.01527647
v -0.01536441 0.02422807 0.01544120
v -0.01536871 0.02419345 0.01544564
v -0.01516659 0.02419346 0.01562340
v -0.01597543 0.02422805 0.01456510
v -0.01582441 0.02419344 0.01487034
v -0.01581515 0.02419344 0.01488572
v -0.01609904 0.02422805 0.01422912
v -0.01604217 0.02419344 0.01441805
v -0.01598108 0.02419344 0.01456760
v -0.01621920 0.02419344 0.01352393
v -0.01618478 0.02419344 0.01388107
v -0.01617868 0.02422805 0.01388009
v -0.01617568 0.02419344 0.01393415
v -0.01610497 0.02419344 0.01423088
v -0.01342086 0.02426422 0.01620513
v -0.01306655 0.02426423 0.01618241
v -0.01271805 0.02426424 0.01611457
v -0.01238109 0.02426425 0.01600273
v -0.01206120 0.02426426 0.01584871
v -0.01176363 0.02426426 0.01565504
v -0.01149326 0.02426427 0.01542492
v -0.01125455 0.02426428 0.01516211
v -0.01105140 0.02426429 0.01487093
v -0.01088715 0.02426429 0.01455617
v -0.01076451 0.02426429 0.01422298
v -0.01068548 0.02426430 0.01387685
v -0.01065135 0.02426430 0.01352346
v -0.01066270 0.02426430 0.01316860
v -0.01071934 0.02426430 0.01281810
v -0.01082033 0.02426429 0.01247773
v -0.01096402 0.02426429 0.01215306
v -0.01114804 0.02426429 0.01184944
v -0.01136938 0.02426428 0.01157184
v -0.01162441 0.02426428 0.01132482
v -0.01190892 0.02426427 0.01111245
v -0.01221826 0.02426426 0.01093820
v -0.01254734 0.02426425 0.01080493
v -0.01289076 0.02426424 0.01071485
v -0.01324289 0.02426423 0.01066942
v -0.01359793 0.02426422 0.01066939
v -0.01395005 0.02426421 0.01071476
v -0.01429349 0.02426420 0.01080479
v -0.01462259 0.02426419 0.01093800
v -0.01493196 0.02426418 0.01111220
v -0.01521651 0.02426418 0.01132453
v -0.01547158 0.02426417 0.01157150
v -0.01569296 0.02426416 0.01184906
v -0.01587704 0.02426416 0.01215266
v -0.01602078 0.02426415 0.01247730
v -0.01612183 0.02426415 0.01281766
v -0.01617852 0.02426415 0.01316814
v -0.01618993 0.02426415 0.01352300
v -0.01615587 0.02426415 0.01387640
v -0.01607689 0.02426415 0.01422254
v -0.01595430 0.02426415 0.01455575
v -0.01579011 0.02426415 0.01487054
v -0.01558701 0.02426416 0.01516175
v -0.01534833 0.02426417 0.01542460
v -0.01507801 0.02426417 0.01565477
v -0.01478047 0.02426418 0.01584848
v -0.01446060 0.02426419 0.01600255
v -0.01412366 0.02426420 0.01611446
v -0.01377517 0.02426421 0.01618236
v -0.01617553 0.02179344 0.01293423
v -0.01622057 0.02179344 0.01343419
v -0.01604194 0.02179344 0.01245035
v -0.01582411 0.02179345 0.01199810
v -0.01552901 0.02179346 0.01159201
v -0.01516616 0.02179347 0.01124514
v -0.01474719 0.02179348 0.01096864
v -0.01428559 0.02179349 0.01077139
v -0.01379619 0.02179351 0.01065973
v -0.01329471 0.02179352 0.01063725
v -0.01279728 0.02179353 0.01070467
v -0.01231988 0.02179355 0.01085983
v -0.01187786 0.02179356 0.01109774
v -0.01148542 0.02179357 0.01141075
v -0.01115518 0.02179358 0.01178881
v -0.01089775 0.02179358 0.01221975
v -0.01072141 0.02179359 0.01268974
v -0.01063182 0.02179359 0.01318366
v -0.01063186 0.02179359 0.01368564
v -0.01072153 0.02179359 0.01417954
v -0.01089795 0.02179358 0.01464950
v -0.01115546 0.02179357 0.01508040
v -0.01148576 0.02179356 0.01545840
v -0.01187825 0.02179355 0.01577135
v -0.01232031 0.02179354 0.01600919
v -0.01279773 0.02179352 0.01616427
v -0.01329518 0.02179351 0.01623161
v -0.01379665 0.02179350 0.01620905
v -0.01428603 0.02179348 0.01609730
v -0.01474760 0.02179347 0.01589997
v -0.01516652 0.02179346 0.01562340
v -0.01552932 0.02179345 0.01527647
v -0.01582434 0.02179344 0.01487034
v -0.01604211 0.02179344 0.01441805
v -0.01617561 0.02179344 0.01393415
v -0.01492040 0.01579347 0.01343428
v -0.01487679 0.01579347 0.01307531
v -0.01342040 0.01579351 0.01343441
v -0.01487685 0.01579347 0.01379326
v -0.01427260 0.01579349 0.01466881
v -0.01454325 0.01579348 0.01442900
v -0.01474864 0.01579347 0.01413138
v -0.01323972 0.01579351 0.01492348
v -0.01360133 0.01579350 0.01492346
v -0.01395243 0.01579349 0.01483689
v -0.01229772 0.01579354 0.01442918
v -0.01256841 0.01579353 0.01466895
v -0.01288861 0.01579352 0.01483698
v -0.01192040 0.01579355 0.01343453
v -0.01196402 0.01579355 0.01379350
v -0.01209228 0.01579355 0.01413160
v -0.01229755 0.01579354 0.01243982
v -0.01209216 0.01579355 0.01273743
v -0.01196396 0.01579355 0.01307555
v -0.01323947 0.01579352 0.01194536
v -0.01288838 0.01579353 0.01203193
v -0.01256820 0.01579354 0.01220000
v -0.01427240 0.01579349 0.01219986
v -0.01395219 0.01579350 0.01203184
v -0.01360108 0.01579351 0.01194533
v -0.01474853 0.01579348 0.01273721
v -0.01454309 0.01579348 0.01243963
v -0.01229772 0.02179354 0.01243983
v -0.01209232 0.02179355 0.01273744
v -0.01196412 0.02179355 0.01307556
v -0.01323964 0.02179352 0.01194537
v -0.01288854 0.02179353 0.01203194
v -0.01256837 0.02179354 0.01220001
v -0.01395259 0.02179350 0.01483690
v -0.01427277 0.02179349 0.01466882
v -0.01454342 0.02179348 0.01442901
v -0.01474881 0.02179348 0.01413139
v -0.01427256 0.02179349 0.01219987
v -0.01395236 0.02179350 0.01203185
v -0.01360125 0.02179351 0.01194534
v -0.01487695 0.02179347 0.01307532
v -0.01474869 0.02179348 0.01273722
v -0.01454325 0.02179348 0.01243964
v -0.01487701 0.02179347 0.01379327
v -0.01492057 0.02179347 0.01343429
v -0.01288878 0.02179352 0.01483699
v -0.01323988 0.02179351 0.01492350
v -0.01360149 0.02179351 0.01492347
v -0.01209244 0.02179355 0.01413161
v -0.01229788 0.02179354 0.01442919
v -0.01256857 0.02179353 0.01466896
v -0.01192057 0.02179355 0.01343454
v -0.01196418 0.02179355 0.01379351
v -0.01414102 0.02329354 -0.01218570
v -0.01269764 0.02329358 -0.01218558
v -0.01486260 0.02329352 -0.01343576
v -0.01197585 0.02329360 -0.01343552
v -0.01414081 0.02329354 -0.01468570
v -0.01269743 0.02329358 -0.01468558
v -0.01269766 0.02419358 -0.01218558
v -0.01197587 0.02419360 -0.01343552
v -0.01269746 0.02419358 -0.01468558
v -0.01414083 0.02419354 -0.01468570
v -0.01486262 0.02419352 -0.01343576
v -0.01414104 0.02419354 -0.01218570
v -0.01196040 0.02424360 -0.01343552
v -0.01266880 0.02428018 -0.01213557
v -0.01191814 0.02428020 -0.01343551
v -0.01263994 0.02429358 -0.01208557
v -0.01186041 0.02429360 -0.01343551
v -0.01197194 0.02421948 -0.01343552
v -0.01269570 0.02421946 -0.01218217
v -0.01268993 0.02424358 -0.01217218
v -0.01269549 0.02421946 -0.01468898
v -0.01268972 0.02424358 -0.01469897
v -0.01266859 0.02428018 -0.01473557
v -0.01263972 0.02429358 -0.01478557
v -0.01414280 0.02421942 -0.01468910
v -0.01414857 0.02424354 -0.01469909
v -0.01416970 0.02428014 -0.01473570
v -0.01419856 0.02429354 -0.01478570
v -0.01486656 0.02421940 -0.01343576
v -0.01487810 0.02424352 -0.01343576
v -0.01492036 0.02428012 -0.01343576
v -0.01497810 0.02429352 -0.01343577
v -0.01414301 0.02421942 -0.01218229
v -0.01414878 0.02424354 -0.01217230
v -0.01416991 0.02428014 -0.01213570
v -0.01419879 0.02429353 -0.01208570
v -0.01605151 0.02429349 -0.01403666
v -0.01610675 0.02429348 -0.01369512
v -0.01611787 0.02429348 -0.01334932
v -0.01608468 0.02429348 -0.01300494
v -0.01516930 0.02429351 -0.01549168
v -0.01541785 0.02429351 -0.01525101
v -0.01075390 0.02429363 -0.01300450
v -0.01072065 0.02429363 -0.01334887
v -0.01600772 0.02429349 -0.01266763
v -0.01588826 0.02429349 -0.01234293
v -0.01572825 0.02429349 -0.01203617
v -0.01553034 0.02429350 -0.01175239
v -0.01529775 0.02429350 -0.01149625
v -0.01083091 0.02429363 -0.01266720
v -0.01563359 0.02429350 -0.01498054
v -0.01581297 0.02429350 -0.01468469
v -0.01595304 0.02429349 -0.01436833
v -0.01166886 0.02429361 -0.01549140
v -0.01194612 0.02429360 -0.01569835
v -0.01224756 0.02429359 -0.01586816
v -0.01256825 0.02429358 -0.01599802
v -0.01341903 0.02429356 -0.01613564
v -0.01324604 0.02429357 -0.01613007
v -0.01290290 0.02429358 -0.01608580
v -0.01359202 0.02429356 -0.01613010
v -0.01393516 0.02429355 -0.01608589
v -0.01426983 0.02429354 -0.01599816
v -0.01459054 0.02429353 -0.01586835
v -0.01489201 0.02429352 -0.01569860
v -0.01073171 0.02429363 -0.01369468
v -0.01078690 0.02429363 -0.01403623
v -0.01088531 0.02429363 -0.01436791
v -0.01154107 0.02429361 -0.01149594
v -0.01180453 0.02429360 -0.01127169
v -0.01209451 0.02429359 -0.01108297
v -0.01307420 0.02429356 -0.01075778
v -0.01273460 0.02429357 -0.01082388
v -0.01240624 0.02429358 -0.01093288
v -0.01102533 0.02429363 -0.01468429
v -0.01120466 0.02429362 -0.01498017
v -0.01142035 0.02429362 -0.01525068
v -0.01503433 0.02429351 -0.01127195
v -0.01474438 0.02429352 -0.01108319
v -0.01443268 0.02429353 -0.01093305
v -0.01410433 0.02429353 -0.01082400
v -0.01376474 0.02429354 -0.01075783
v -0.01341947 0.02429355 -0.01073564
v -0.01130845 0.02429361 -0.01175204
v -0.01111048 0.02429362 -0.01203579
v -0.01095043 0.02429362 -0.01234252
v -0.01324382 0.02428739 -0.01616462
v -0.01289628 0.02428740 -0.01611978
v -0.01255734 0.02428740 -0.01603086
v -0.01223254 0.02428741 -0.01589934
v -0.01192723 0.02428742 -0.01572736
v -0.01164643 0.02428743 -0.01551775
v -0.01139473 0.02428744 -0.01527395
v -0.01117627 0.02428744 -0.01499997
v -0.01099464 0.02428745 -0.01470030
v -0.01085283 0.02428745 -0.01437986
v -0.01075315 0.02428745 -0.01404392
v -0.01069725 0.02428745 -0.01369800
v -0.01068605 0.02428745 -0.01334776
v -0.01071973 0.02428745 -0.01299897
v -0.01079773 0.02428745 -0.01265735
v -0.01091878 0.02428744 -0.01232850
v -0.01108089 0.02428744 -0.01201784
v -0.01128139 0.02428743 -0.01173046
v -0.01151699 0.02428742 -0.01147107
v -0.01178383 0.02428742 -0.01124395
v -0.01207753 0.02428741 -0.01105281
v -0.01239325 0.02428740 -0.01090079
v -0.01272582 0.02428739 -0.01079040
v -0.01306978 0.02428738 -0.01072345
v -0.01341948 0.02428737 -0.01070102
v -0.01376917 0.02428736 -0.01072351
v -0.01411312 0.02428735 -0.01079052
v -0.01444567 0.02428734 -0.01090096
v -0.01476137 0.02428734 -0.01105303
v -0.01505503 0.02428733 -0.01124422
v -0.01532183 0.02428732 -0.01147139
v -0.01555740 0.02428732 -0.01173081
v -0.01575785 0.02428731 -0.01201823
v -0.01591991 0.02428731 -0.01232892
v -0.01604090 0.02428730 -0.01265778
v -0.01611885 0.02428730 -0.01299942
v -0.01615247 0.02428730 -0.01334821
v -0.01614120 0.02428730 -0.01369845
v -0.01608525 0.02428731 -0.01404436
v -0.01598552 0.02428731 -0.01438029
v -0.01584365 0.02428731 -0.01470070
v -0.01566197 0.02428732 -0.01500034
v -0.01544347 0.02428732 -0.01527429
v -0.01519173 0.02428733 -0.01551804
v -0.01491089 0.02428734 -0.01572761
v -0.01460555 0.02428735 -0.01589954
v -0.01428073 0.02428736 -0.01603101
v -0.01394177 0.02428737 -0.01611986
v -0.01359423 0.02428738 -0.01616464
v -0.01621925 0.02419348 -0.01343587
v -0.01621164 0.02422809 -0.01334632
v -0.01620629 0.02419348 -0.01370473
v -0.01620014 0.02422809 -0.01370414
v -0.01617421 0.02419348 -0.01393582
v -0.01614297 0.02422810 -0.01405754
v -0.01614900 0.02419348 -0.01405892
v -0.01604108 0.02422810 -0.01440074
v -0.01589614 0.02422810 -0.01472809
v -0.01604063 0.02419349 -0.01441970
v -0.01604688 0.02419349 -0.01440288
v -0.01571053 0.02422811 -0.01503422
v -0.01582279 0.02419350 -0.01487195
v -0.01590162 0.02419349 -0.01473095
v -0.01516484 0.02419351 -0.01562491
v -0.01523411 0.02419351 -0.01556784
v -0.01523011 0.02422812 -0.01556313
v -0.01549187 0.02419350 -0.01531825
v -0.01548730 0.02422812 -0.01531409
v -0.01552770 0.02419350 -0.01527804
v -0.01571560 0.02419350 -0.01503775
v -0.01494655 0.02419352 -0.01578241
v -0.01494318 0.02422813 -0.01577723
v -0.01474588 0.02419353 -0.01590141
v -0.01463123 0.02422814 -0.01595288
v -0.01463391 0.02419353 -0.01595845
v -0.01429939 0.02422815 -0.01608720
v -0.01430133 0.02419354 -0.01609307
v -0.01428428 0.02419354 -0.01609867
v -0.01395309 0.02422816 -0.01617798
v -0.01395427 0.02419355 -0.01618405
v -0.01379487 0.02419355 -0.01621033
v -0.01359802 0.02422817 -0.01622373
v -0.01359841 0.02419356 -0.01622990
v -0.01329340 0.02419357 -0.01623281
v -0.01324002 0.02422818 -0.01622370
v -0.01323962 0.02419357 -0.01622987
v -0.01288496 0.02422819 -0.01617789
v -0.01288378 0.02419358 -0.01618396
v -0.01189493 0.02422822 -0.01577698
v -0.01220417 0.02419360 -0.01595825
v -0.01220685 0.02422821 -0.01595268
v -0.01231857 0.02419359 -0.01601022
v -0.01253868 0.02422820 -0.01608705
v -0.01253673 0.02419359 -0.01609292
v -0.01279596 0.02419358 -0.01616538
v -0.01160804 0.02422822 -0.01556283
v -0.01187654 0.02419360 -0.01577231
v -0.01189156 0.02419360 -0.01578216
v -0.01135089 0.02422823 -0.01531375
v -0.01148411 0.02419361 -0.01545930
v -0.01160403 0.02419361 -0.01556753
v -0.01089644 0.02419363 -0.01465030
v -0.01093666 0.02419363 -0.01473054
v -0.01094214 0.02422824 -0.01472768
v -0.01112263 0.02419362 -0.01503737
v -0.01112770 0.02422824 -0.01503384
v -0.01115386 0.02419362 -0.01508125
v -0.01134631 0.02419362 -0.01531791
v -0.01079146 0.02419363 -0.01440244
v -0.01079726 0.02422824 -0.01440031
v -0.01072009 0.02419363 -0.01418032
v -0.01069543 0.02422825 -0.01405709
v -0.01068940 0.02419363 -0.01405847
v -0.01063832 0.02422825 -0.01370368
v -0.01063216 0.02419364 -0.01370427
v -0.01063050 0.02419364 -0.01368640
v -0.01062687 0.02422825 -0.01334586
v -0.01062069 0.02419364 -0.01334566
v -0.01063054 0.02419363 -0.01318442
v -0.01066128 0.02422825 -0.01298952
v -0.01065518 0.02419363 -0.01298853
v -0.01072021 0.02419363 -0.01269051
v -0.01074097 0.02422824 -0.01264050
v -0.01073504 0.02419363 -0.01263874
v -0.01086464 0.02422824 -0.01230453
v -0.01085899 0.02419363 -0.01230203
v -0.01147580 0.02422822 -0.01142854
v -0.01123026 0.02419361 -0.01168968
v -0.01123510 0.02422823 -0.01169354
v -0.01115414 0.02419362 -0.01178965
v -0.01103025 0.02422823 -0.01198714
v -0.01102497 0.02419362 -0.01198394
v -0.01089664 0.02419362 -0.01222055
v -0.01174842 0.02422821 -0.01119649
v -0.01148444 0.02419361 -0.01141165
v -0.01147150 0.02419361 -0.01142410
v -0.01204847 0.02422820 -0.01100122
v -0.01187693 0.02419360 -0.01109870
v -0.01174472 0.02419360 -0.01119154
v -0.01279642 0.02419357 -0.01070579
v -0.01270924 0.02419357 -0.01072715
v -0.01271081 0.02422818 -0.01073313
v -0.01236872 0.02419358 -0.01084018
v -0.01237104 0.02422819 -0.01084591
v -0.01231899 0.02419358 -0.01086087
v -0.01204544 0.02419359 -0.01099583
v -0.01306142 0.02419356 -0.01065859
v -0.01306221 0.02422817 -0.01066472
v -0.01329386 0.02419356 -0.01063845
v -0.01341948 0.02422816 -0.01064182
v -0.01341948 0.02419355 -0.01063564
v -0.01377674 0.02422816 -0.01066478
v -0.01377753 0.02419354 -0.01065865
v -0.01379533 0.02419354 -0.01066101
v -0.01412814 0.02422815 -0.01073325
v -0.01412971 0.02419353 -0.01072727
v -0.01428472 0.02419353 -0.01077275
v -0.01446789 0.02422814 -0.01084608
v -0.01447021 0.02419353 -0.01084036
v -0.01474629 0.02419352 -0.01097008
v -0.01479043 0.02422813 -0.01100144
v -0.01479346 0.02419352 -0.01099606
v -0.01509045 0.02422812 -0.01119677
v -0.01509414 0.02419351 -0.01119182
v -0.01580848 0.02422810 -0.01198754
v -0.01560852 0.02419350 -0.01169005
v -0.01560369 0.02422811 -0.01169390
v -0.01552800 0.02419350 -0.01159358
v -0.01536303 0.02422811 -0.01142886
v -0.01536733 0.02419350 -0.01142442
v -0.01516520 0.02419351 -0.01124665
v -0.01597405 0.02422810 -0.01230496
v -0.01582302 0.02419349 -0.01199972
v -0.01581377 0.02419349 -0.01198434
v -0.01609766 0.02422809 -0.01264094
v -0.01604079 0.02419348 -0.01245200
v -0.01597970 0.02419349 -0.01230245
v -0.01621782 0.02419348 -0.01334612
v -0.01618339 0.02419348 -0.01298899
v -0.01617729 0.02422809 -0.01298997
v -0.01617429 0.02419348 -0.01293590
v -0.01610358 0.02419348 -0.01263918
v -0.01341948 0.02426426 -0.01066493
v -0.01306517 0.02426427 -0.01068764
v -0.01271667 0.02426428 -0.01075548
v -0.01237971 0.02426429 -0.01086733
v -0.01205981 0.02426430 -0.01102135
v -0.01176224 0.02426431 -0.01121501
v -0.01149188 0.02426432 -0.01144514
v -0.01125317 0.02426432 -0.01170795
v -0.01105002 0.02426433 -0.01199912
v -0.01088577 0.02426434 -0.01231389
v -0.01076312 0.02426434 -0.01264707
v -0.01068409 0.02426434 -0.01299321
v -0.01064997 0.02426434 -0.01334660
v -0.01066132 0.02426434 -0.01370146
v -0.01071796 0.02426434 -0.01405195
v -0.01081895 0.02426434 -0.01439233
v -0.01096263 0.02426434 -0.01471699
v -0.01114666 0.02426433 -0.01502062
v -0.01136800 0.02426433 -0.01529822
v -0.01162302 0.02426432 -0.01554523
v -0.01190754 0.02426431 -0.01575761
v -0.01221688 0.02426431 -0.01593186
v -0.01254596 0.02426430 -0.01606512
v -0.01288938 0.02426429 -0.01615521
v -0.01324150 0.02426428 -0.01620064
v -0.01359654 0.02426427 -0.01620067
v -0.01394867 0.02426426 -0.01615530
v -0.01429211 0.02426425 -0.01606527
v -0.01462121 0.02426424 -0.01593206
v -0.01493058 0.02426423 -0.01575786
v -0.01521513 0.02426422 -0.01554553
v -0.01547019 0.02426422 -0.01529856
v -0.01569158 0.02426421 -0.01502099
v -0.01587565 0.02426420 -0.01471740
v -0.01601940 0.02426420 -0.01439276
v -0.01612044 0.02426420 -0.01405240
v -0.01617714 0.02426419 -0.01370192
v -0.01618855 0.02426419 -0.01334706
v -0.01615448 0.02426419 -0.01299366
v -0.01607551 0.02426419 -0.01264751
v -0.01595292 0.02426420 -0.01231431
v -0.01578872 0.02426420 -0.01199952
v -0.01558562 0.02426421 -0.01170831
v -0.01534695 0.02426421 -0.01144546
v -0.01507663 0.02426422 -0.01121529
v -0.01477909 0.02426423 -0.01102158
v -0.01445922 0.02426424 -0.01086750
v -0.01412228 0.02426424 -0.01075560
v -0.01377379 0.02426425 -0.01068770
v -0.01617415 0.02179348 -0.01393583
v -0.01621918 0.02179348 -0.01343587
v -0.01604056 0.02179349 -0.01441971
v -0.01582272 0.02179349 -0.01487196
v -0.01552763 0.02179350 -0.01527804
v -0.01516477 0.02179351 -0.01562491
v -0.01474581 0.02179353 -0.01590142
v -0.01428421 0.02179354 -0.01609867
v -0.01379481 0.02179355 -0.01621033
v -0.01329333 0.02179357 -0.01623281
v -0.01279590 0.02179358 -0.01616539
v -0.01231850 0.02179359 -0.01601023
v -0.01187648 0.02179360 -0.01577232
v -0.01148404 0.02179362 -0.01545931
v -0.01115380 0.02179362 -0.01508125
v -0.01089637 0.02179363 -0.01465031
v -0.01072003 0.02179363 -0.01418032
v -0.01063043 0.02179364 -0.01368640
v -0.01063048 0.02179363 -0.01318442
v -0.01072015 0.02179363 -0.01269051
v -0.01089657 0.02179362 -0.01222056
v -0.01115407 0.02179362 -0.01178965
v -0.01148438 0.02179361 -0.01141165
v -0.01187686 0.02179360 -0.01109871
v -0.01231893 0.02179358 -0.01086087
v -0.01279635 0.02179357 -0.01070579
v -0.01329379 0.02179356 -0.01063845
v -0.01379527 0.02179354 -0.01066101
v -0.01428465 0.02179353 -0.01077275
v -0.01474622 0.02179352 -0.01097008
v -0.01516514 0.02179351 -0.01124666
v -0.01552794 0.02179350 -0.01159359
v -0.01582296 0.02179349 -0.01199972
v -0.01604072 0.02179348 -0.01245201
v -0.01617423 0.02179348 -0.01293591
v -0.01491902 0.01579352 -0.01343578
v -0.01487540 0.01579352 -0.01379474
v -0.01341902 0.01579356 -0.01343565
v -0.01487546 0.01579352 -0.01307680
v -0.01427122 0.01579353 -0.01220125
v -0.01454187 0.01579352 -0.01244106
v -0.01474726 0.01579352 -0.01273868
v -0.01323834 0.01579356 -0.01194657
v -0.01359995 0.01579355 -0.01194660
v -0.01395104 0.01579354 -0.01203317
v -0.01229633 0.01579359 -0.01244087
v -0.01256702 0.01579358 -0.01220110
v -0.01288723 0.01579357 -0.01203308
v -0.01191902 0.01579360 -0.01343553
v -0.01196264 0.01579360 -0.01307656
v -0.01209089 0.01579359 -0.01273846
v -0.01229617 0.01579359 -0.01443024
v -0.01209078 0.01579360 -0.01413263
v -0.01196258 0.01579360 -0.01379450
v -0.01323809 0.01579357 -0.01492470
v -0.01288700 0.01579357 -0.01483813
v -0.01256682 0.01579358 -0.01467006
v -0.01427101 0.01579354 -0.01467020
v -0.01395081 0.01579355 -0.01483822
v -0.01359970 0.01579355 -0.01492473
v -0.01474715 0.01579352 -0.01413285
v -0.01454170 0.01579353 -0.01443043
v -0.01229633 0.02179359 -0.01443023
v -0.01209094 0.02179359 -0.01413262
v -0.01196274 0.02179360 -0.01379449
v -0.01323825 0.02179356 -0.01492469
v -0.01288716 0.02179357 -0.01483812
v -0.01256698 0.02179358 -0.01467005
v -0.01395121 0.02179354 -0.01203316
v -0.01427138 0.02179353 -0.01220124
v -0.01454203 0.02179353 -0.01244105
v -0.01474742 0.02179352 -0.01273867
v -0.01427118 0.02179354 -0.01467019
v -0.01395097 0.02179355 -0.01483821
v -0.01359987 0.02179356 -0.01492472
v -0.01487557 0.02179352 -0.01379473
v -0.01474731 0.02179352 -0.01413283
v -0.01454187 0.02179353 -0.01443042
v -0.01487563 0.02179352 -0.01307679
v -0.01491918 0.02179352 -0.01343577
v -0.01288739 0.02179357 -0.01203307
v -0.01323850 0.02179356 -0.01194656
v -0.01360011 0.02179355 -0.01194659
v -0.01209106 0.02179359 -0.01273845
v -0.01229650 0.02179359 -0.01244086
v -0.01256719 0.02179358 -0.01220109
v -0.01191918 0.02179360 -0.01343552
v -0.01196280 0.02179360 -0.01307655
v 0.00651622 0.03254412 -0.02083272
v 0.00646303 0.03254412 -0.02085511
v 0.00496325 0.03254408 -0.01983042
v 0.00634814 0.03254411 -0.02089294
v 0.00625729 0.03254411 -0.02091321
v 0.00715268 0.03254414 -0.01998346
v 0.00716286 0.03254414 -0.01986009
v 0.00496364 0.03254408 -0.01980055
v 0.00716325 0.03254414 -0.01983023
v 0.00497382 0.03254408 -0.01967719
v 0.00561028 0.03254410 -0.01882792
v 0.00566347 0.03254410 -0.01880554
v 0.00577835 0.03254410 -0.01876771
v 0.00586921 0.03254410 -0.01874744
v 0.00503950 0.03254408 -0.02023275
v 0.00499736 0.03254408 -0.02010215
v 0.00497181 0.03254408 -0.01996731
v 0.00708699 0.03254414 -0.01942790
v 0.00712914 0.03254414 -0.01955850
v 0.00715469 0.03254414 -0.01969333
v 0.00684113 0.03254413 -0.02060808
v 0.00674586 0.03254412 -0.02069334
v 0.00663229 0.03254412 -0.02077187
v 0.00528537 0.03254409 -0.01905257
v 0.00538064 0.03254409 -0.01896731
v 0.00549421 0.03254409 -0.01888878
v 0.00714270 0.03254414 -0.02004260
v 0.00710899 0.03254414 -0.02017124
v 0.00706132 0.03254414 -0.02029306
v 0.00571232 0.03254410 -0.02087287
v 0.00612038 0.03254411 -0.02092877
v 0.00584448 0.03254410 -0.02090853
v 0.00598028 0.03254411 -0.02092732
v 0.00498380 0.03254408 -0.01961805
v 0.00501751 0.03254408 -0.01948941
v 0.00506518 0.03254408 -0.01936758
v 0.00641418 0.03254412 -0.01878778
v 0.00600612 0.03254411 -0.01873188
v 0.00628201 0.03254411 -0.01875212
v 0.00614621 0.03254411 -0.01873333
v 0.00699633 0.03254413 -0.02041333
v 0.00691695 0.03254413 -0.02052419
v 0.00525768 0.03254408 -0.02057936
v 0.00517068 0.03254408 -0.02047323
v 0.00509758 0.03254408 -0.02035709
v 0.00513017 0.03254408 -0.01924732
v 0.00520955 0.03254408 -0.01913646
v 0.00686882 0.03254413 -0.01908129
v 0.00695582 0.03254413 -0.01918742
v 0.00702892 0.03254413 -0.01930356
v 0.00557905 0.03254410 -0.02081832
v 0.00545951 0.03254409 -0.02075012
v 0.00536027 0.03254409 -0.02067645
v 0.00654744 0.03254412 -0.01884233
v 0.00666699 0.03254412 -0.01891053
v 0.00676623 0.03254412 -0.01898420
v 0.00565279 0.03134410 -0.02209339
v 0.00548006 0.03134409 -0.02205515
v 0.00548473 0.03155374 -0.02203730
v 0.00525530 0.03134409 -0.02198373
v 0.00520034 0.03134408 -0.02196230
v 0.00520726 0.03155373 -0.02194520
v 0.00488378 0.03134407 -0.02180485
v 0.00468778 0.03134407 -0.02167369
v 0.00469881 0.03155372 -0.02165890
v 0.00455017 0.03134407 -0.02156251
v 0.00446335 0.03134406 -0.02148266
v 0.00447618 0.03155371 -0.02146940
v 0.00403800 0.03134405 -0.02092039
v 0.00396021 0.03134405 -0.02076150
v 0.00397708 0.03155370 -0.02075403
v 0.00387591 0.03134405 -0.02054124
v 0.00385840 0.03134404 -0.02048492
v 0.00387609 0.03155369 -0.02047967
v 0.00378412 0.03134404 -0.02013925
v 0.00376447 0.03134404 -0.01990423
v 0.00378291 0.03155369 -0.01990364
v 0.00376559 0.03134404 -0.01972733
v 0.00377389 0.03134404 -0.01960966
v 0.00379226 0.03155369 -0.01961143
v 0.00394829 0.03134405 -0.01892654
v 0.00402402 0.03134405 -0.01876665
v 0.00404037 0.03155370 -0.01877519
v 0.00414366 0.03134406 -0.01856342
v 0.00417678 0.03134406 -0.01851461
v 0.00419191 0.03155370 -0.01852517
v 0.00440072 0.03134406 -0.01824102
v 0.00457221 0.03134407 -0.01807912
v 0.00458417 0.03155372 -0.01809317
v 0.00471122 0.03134407 -0.01796970
v 0.00480839 0.03134407 -0.01790283
v 0.00481846 0.03155372 -0.01791829
v 0.00545121 0.03134409 -0.01761326
v 0.00562343 0.03134409 -0.01757277
v 0.00562695 0.03155374 -0.01759089
v 0.00585692 0.03134410 -0.01753960
v 0.00591573 0.03134410 -0.01753506
v 0.00591691 0.03155375 -0.01755348
v 0.00626926 0.03134411 -0.01753957
v 0.00650276 0.03134412 -0.01757270
v 0.00649923 0.03155377 -0.01759082
v 0.00667498 0.03134412 -0.01761316
v 0.00678785 0.03134413 -0.01764744
v 0.00678203 0.03155378 -0.01766495
v 0.00741503 0.03134415 -0.01796947
v 0.00755406 0.03134415 -0.01807887
v 0.00754210 0.03155379 -0.01809293
v 0.00772558 0.03134415 -0.01824074
v 0.00776579 0.03134415 -0.01828389
v 0.00775213 0.03155380 -0.01829630
v 0.00798270 0.03134416 -0.01856310
v 0.00810237 0.03134416 -0.01876632
v 0.00808601 0.03155381 -0.01877485
v 0.00817812 0.03134416 -0.01892619
v 0.00822169 0.03134417 -0.01903581
v 0.00820437 0.03155381 -0.01904218
v 0.00836096 0.03134417 -0.01972695
v 0.00836211 0.03134417 -0.01990385
v 0.00834365 0.03155382 -0.01990326
v 0.00834249 0.03134417 -0.02013887
v 0.00833383 0.03134417 -0.02019722
v 0.00831561 0.03155382 -0.02019427
v 0.00825077 0.03134417 -0.02054088
v 0.00816651 0.03134416 -0.02076115
v 0.00814963 0.03155381 -0.02075368
v 0.00808874 0.03134416 -0.02092005
v 0.00803021 0.03134416 -0.02102246
v 0.00801442 0.03155381 -0.02101290
v 0.00757668 0.03134415 -0.02156226
v 0.00743909 0.03134415 -0.02167346
v 0.00742804 0.03155379 -0.02165867
v 0.00724311 0.03134414 -0.02180466
v 0.00719210 0.03134414 -0.02183426
v 0.00718303 0.03155379 -0.02181818
v 0.00687162 0.03134413 -0.02198360
v 0.00664687 0.03134412 -0.02205505
v 0.00664218 0.03155377 -0.02203720
v 0.00647415 0.03134412 -0.02209333
v 0.00635759 0.03134412 -0.02211142
v 0.00635522 0.03155376 -0.02209311
v 0.00542629 0.03252761 -0.02096153
v 0.00734484 0.03252766 -0.02003741
v 0.00565407 0.03252761 -0.01859828
v 0.00476571 0.03252759 -0.01987204
v 0.00606336 0.03252762 -0.02112854
v 0.00622937 0.03252763 -0.02111786
v 0.00606338 0.03247479 -0.02133226
v 0.00625544 0.03247480 -0.02131991
v 0.00606339 0.03238718 -0.02152361
v 0.00627993 0.03238719 -0.02150969
v 0.00606341 0.03226749 -0.02169672
v 0.00630208 0.03226750 -0.02168138
v 0.00606343 0.03211940 -0.02184625
v 0.00632122 0.03211940 -0.02182968
v 0.00606344 0.03194745 -0.02196762
v 0.00633675 0.03194746 -0.02195005
v 0.00606346 0.03175695 -0.02205707
v 0.00634820 0.03175696 -0.02203877
v 0.00606347 0.03155375 -0.02211187
v 0.00606347 0.03134411 -0.02213032
v 0.00662827 0.03175697 -0.02198420
v 0.00660557 0.03194747 -0.02189767
v 0.00657477 0.03211941 -0.02178028
v 0.00653683 0.03226750 -0.02163564
v 0.00649290 0.03238720 -0.02146820
v 0.00644434 0.03247480 -0.02128310
v 0.00639265 0.03252763 -0.02108605
v 0.00692657 0.03134413 -0.02196216
v 0.00691964 0.03155378 -0.02194506
v 0.00689907 0.03175697 -0.02189426
v 0.00686548 0.03194747 -0.02181135
v 0.00681993 0.03211942 -0.02169886
v 0.00676380 0.03226751 -0.02156026
v 0.00669882 0.03238720 -0.02139981
v 0.00662699 0.03247481 -0.02122244
v 0.00655053 0.03252764 -0.02103362
v 0.00670040 0.03252764 -0.02096143
v 0.00680038 0.03247481 -0.02113893
v 0.00689430 0.03238720 -0.02130565
v 0.00697926 0.03226751 -0.02145647
v 0.00705266 0.03211942 -0.02158676
v 0.00711223 0.03194748 -0.02169250
v 0.00715614 0.03175698 -0.02177044
v 0.00739526 0.03175699 -0.02161476
v 0.00734174 0.03194749 -0.02154307
v 0.00726914 0.03211943 -0.02144582
v 0.00717969 0.03226752 -0.02132599
v 0.00707614 0.03238721 -0.02118726
v 0.00696167 0.03247482 -0.02103392
v 0.00683981 0.03252764 -0.02087067
v 0.00766349 0.03134415 -0.02148240
v 0.00765064 0.03155380 -0.02146914
v 0.00761251 0.03175700 -0.02142978
v 0.00755027 0.03194749 -0.02136552
v 0.00746583 0.03211943 -0.02127835
v 0.00736179 0.03226753 -0.02117094
v 0.00724135 0.03238722 -0.02104660
v 0.00710821 0.03247482 -0.02090915
v 0.00696647 0.03252765 -0.02076282
v 0.00707830 0.03252765 -0.02063966
v 0.00723759 0.03247482 -0.02076667
v 0.00738721 0.03238722 -0.02088596
v 0.00752256 0.03226753 -0.02099388
v 0.00763948 0.03211944 -0.02108710
v 0.00773438 0.03194750 -0.02116277
v 0.00780433 0.03175700 -0.02121853
v 0.00784718 0.03155380 -0.02125270
v 0.00786161 0.03134416 -0.02126420
v 0.00717346 0.03252766 -0.02050322
v 0.00734768 0.03247483 -0.02060881
v 0.00751133 0.03238722 -0.02070799
v 0.00765937 0.03226753 -0.02079772
v 0.00778726 0.03211944 -0.02087522
v 0.00789105 0.03194750 -0.02093813
v 0.00796755 0.03175700 -0.02098450
v 0.00809951 0.03175701 -0.02073151
v 0.00801770 0.03194751 -0.02069530
v 0.00790672 0.03211945 -0.02064619
v 0.00776998 0.03226754 -0.02058567
v 0.00761168 0.03238723 -0.02051561
v 0.00743669 0.03247483 -0.02043817
v 0.00725040 0.03252766 -0.02035572
v 0.00826827 0.03134417 -0.02048456
v 0.00825057 0.03155381 -0.02047930
v 0.00819803 0.03175701 -0.02046372
v 0.00811227 0.03194751 -0.02043827
v 0.00799592 0.03211945 -0.02040375
v 0.00785256 0.03226754 -0.02036122
v 0.00768659 0.03238723 -0.02031198
v 0.00750314 0.03247483 -0.02025755
v 0.00730784 0.03252766 -0.02019960
v 0.00754595 0.03247483 -0.02006991
v 0.00773486 0.03238723 -0.02010043
v 0.00790575 0.03226754 -0.02012805
v 0.00805338 0.03211945 -0.02015190
v 0.00817319 0.03194751 -0.02017126
v 0.00826150 0.03175701 -0.02018553
v 0.00828888 0.03175702 -0.01990151
v 0.00819946 0.03194751 -0.01989865
v 0.00807816 0.03211945 -0.01989477
v 0.00792870 0.03226754 -0.01988999
v 0.00775568 0.03238723 -0.01988446
v 0.00756442 0.03247483 -0.01987834
v 0.00736080 0.03252766 -0.01987183
v 0.00835264 0.03134417 -0.01960928
v 0.00833426 0.03155382 -0.01961106
v 0.00827971 0.03175702 -0.01961632
v 0.00819066 0.03194751 -0.01962492
v 0.00806986 0.03211945 -0.01963658
v 0.00792101 0.03226754 -0.01965095
v 0.00774870 0.03238723 -0.01966759
v 0.00755823 0.03247483 -0.01968598
v 0.00735545 0.03252766 -0.01970556
v 0.00732889 0.03252766 -0.01954134
v 0.00752750 0.03247483 -0.01949599
v 0.00771406 0.03238723 -0.01945340
v 0.00788282 0.03226754 -0.01941486
v 0.00802861 0.03211945 -0.01938158
v 0.00814693 0.03194751 -0.01935456
v 0.00823415 0.03175701 -0.01933465
v 0.00828758 0.03155382 -0.01932245
v 0.00830557 0.03134417 -0.01931834
v 0.00728155 0.03252766 -0.01938187
v 0.00747272 0.03247483 -0.01931149
v 0.00765230 0.03238723 -0.01924539
v 0.00781476 0.03226754 -0.01918559
v 0.00795509 0.03211945 -0.01913393
v 0.00806899 0.03194751 -0.01909201
v 0.00815294 0.03175701 -0.01906111
v 0.00803742 0.03175701 -0.01880020
v 0.00795810 0.03194750 -0.01884159
v 0.00785051 0.03211945 -0.01889773
v 0.00771793 0.03226754 -0.01896691
v 0.00756446 0.03238722 -0.01904699
v 0.00739481 0.03247483 -0.01913551
v 0.00721420 0.03252766 -0.01922975
v 0.00794957 0.03134416 -0.01851430
v 0.00793443 0.03155380 -0.01852486
v 0.00788948 0.03175700 -0.01855621
v 0.00781611 0.03194750 -0.01860740
v 0.00771658 0.03211944 -0.01867684
v 0.00759393 0.03226753 -0.01876240
v 0.00745196 0.03238722 -0.01886145
v 0.00729502 0.03247483 -0.01897094
v 0.00712795 0.03252765 -0.01908751
v 0.00702422 0.03252765 -0.01895745
v 0.00717502 0.03247482 -0.01882048
v 0.00731666 0.03238722 -0.01869182
v 0.00744480 0.03226753 -0.01857543
v 0.00755550 0.03211944 -0.01847489
v 0.00764534 0.03194750 -0.01839329
v 0.00771156 0.03175700 -0.01833314
v 0.00750657 0.03175699 -0.01813466
v 0.00744858 0.03194749 -0.01820278
v 0.00736992 0.03211943 -0.01829519
v 0.00727299 0.03226752 -0.01840906
v 0.00716078 0.03238721 -0.01854089
v 0.00703675 0.03247482 -0.01868660
v 0.00690471 0.03252765 -0.01884173
v 0.00731785 0.03134414 -0.01790262
v 0.00730778 0.03155379 -0.01791809
v 0.00727788 0.03175699 -0.01796401
v 0.00722908 0.03194749 -0.01803899
v 0.00716288 0.03211943 -0.01814071
v 0.00708131 0.03226752 -0.01826604
v 0.00698688 0.03238721 -0.01841112
v 0.00688250 0.03247482 -0.01857150
v 0.00677138 0.03252764 -0.01874225
v 0.00662643 0.03252764 -0.01866063
v 0.00671480 0.03247481 -0.01847707
v 0.00679782 0.03238720 -0.01830466
v 0.00687292 0.03226751 -0.01814869
v 0.00693779 0.03211942 -0.01801396
v 0.00699044 0.03194748 -0.01790462
v 0.00702925 0.03175698 -0.01782401
v 0.00705303 0.03155378 -0.01777464
v 0.00706104 0.03134413 -0.01775801
v 0.00647223 0.03252763 -0.01859821
v 0.00653640 0.03247480 -0.01840487
v 0.00659669 0.03238720 -0.01822325
v 0.00665123 0.03226751 -0.01805896
v 0.00669834 0.03211941 -0.01791704
v 0.00673658 0.03194747 -0.01780186
v 0.00676476 0.03175697 -0.01771696
v 0.00648875 0.03175696 -0.01764460
v 0.00647165 0.03194746 -0.01773241
v 0.00644846 0.03211940 -0.01785154
v 0.00641988 0.03226750 -0.01799832
v 0.00638680 0.03238719 -0.01816823
v 0.00635024 0.03247480 -0.01835606
v 0.00631131 0.03252763 -0.01855603
v 0.00621045 0.03134411 -0.01753504
v 0.00620927 0.03155376 -0.01755345
v 0.00620576 0.03175696 -0.01760814
v 0.00620003 0.03194746 -0.01769741
v 0.00619226 0.03211940 -0.01781853
v 0.00618268 0.03226749 -0.01796775
v 0.00617160 0.03238719 -0.01814051
v 0.00615936 0.03247480 -0.01833147
v 0.00614632 0.03252763 -0.01853477
v 0.00597997 0.03252762 -0.01853479
v 0.00596690 0.03247479 -0.01833148
v 0.00595462 0.03238718 -0.01814052
v 0.00594352 0.03226749 -0.01796777
v 0.00593393 0.03211939 -0.01781855
v 0.00592615 0.03194745 -0.01769743
v 0.00592042 0.03175695 -0.01760816
v 0.00563743 0.03175694 -0.01764468
v 0.00565453 0.03194744 -0.01773248
v 0.00567773 0.03211939 -0.01785160
v 0.00570633 0.03226748 -0.01799837
v 0.00573943 0.03238717 -0.01816829
v 0.00577602 0.03247479 -0.01835611
v 0.00581498 0.03252762 -0.01855607
v 0.00533835 0.03134409 -0.01764756
v 0.00534416 0.03155373 -0.01766507
v 0.00536143 0.03175693 -0.01771707
v 0.00538962 0.03194743 -0.01780197
v 0.00542787 0.03211938 -0.01791715
v 0.00547499 0.03226747 -0.01805906
v 0.00552955 0.03238717 -0.01822334
v 0.00558986 0.03247478 -0.01840495
v 0.00549988 0.03252761 -0.01866072
v 0.00541148 0.03247477 -0.01847718
v 0.00532844 0.03238716 -0.01830478
v 0.00525332 0.03226747 -0.01814883
v 0.00518843 0.03211937 -0.01801411
v 0.00513577 0.03194743 -0.01790477
v 0.00509696 0.03175693 -0.01782417
v 0.00507318 0.03155373 -0.01777481
v 0.00506518 0.03134408 -0.01775818
v 0.00535494 0.03252760 -0.01874237
v 0.00524379 0.03247477 -0.01857164
v 0.00513939 0.03238716 -0.01841127
v 0.00504494 0.03226746 -0.01826620
v 0.00496336 0.03211936 -0.01814089
v 0.00489715 0.03194742 -0.01803918
v 0.00484835 0.03175692 -0.01796421
v 0.00461969 0.03175692 -0.01813490
v 0.00467768 0.03194742 -0.01820301
v 0.00475635 0.03211936 -0.01829541
v 0.00485329 0.03226746 -0.01840926
v 0.00496551 0.03238715 -0.01854107
v 0.00508956 0.03247477 -0.01868676
v 0.00522163 0.03252760 -0.01884187
v 0.00436052 0.03134406 -0.01828417
v 0.00437417 0.03155371 -0.01829658
v 0.00441474 0.03175691 -0.01833342
v 0.00448096 0.03194741 -0.01839355
v 0.00457080 0.03211936 -0.01847514
v 0.00468150 0.03226745 -0.01857566
v 0.00480966 0.03238715 -0.01869203
v 0.00495132 0.03247476 -0.01882067
v 0.00510214 0.03252760 -0.01895761
v 0.00499843 0.03252760 -0.01908768
v 0.00483134 0.03247476 -0.01897115
v 0.00467439 0.03238714 -0.01886168
v 0.00453240 0.03226745 -0.01876265
v 0.00440976 0.03211935 -0.01867711
v 0.00431022 0.03194740 -0.01860769
v 0.00423685 0.03175690 -0.01855652
v 0.00408895 0.03175690 -0.01880053
v 0.00416826 0.03194740 -0.01884190
v 0.00427586 0.03211934 -0.01889803
v 0.00440844 0.03226744 -0.01896718
v 0.00456192 0.03238714 -0.01904724
v 0.00473158 0.03247476 -0.01913573
v 0.00491221 0.03252759 -0.01922994
v 0.00390474 0.03134405 -0.01903616
v 0.00392205 0.03155370 -0.01904253
v 0.00397348 0.03175690 -0.01906146
v 0.00405742 0.03194740 -0.01909234
v 0.00417132 0.03211934 -0.01913425
v 0.00431165 0.03226744 -0.01918588
v 0.00447411 0.03238714 -0.01924565
v 0.00465369 0.03247475 -0.01931173
v 0.00484488 0.03252759 -0.01938207
v 0.00479756 0.03252759 -0.01954155
v 0.00459895 0.03247475 -0.01949623
v 0.00441239 0.03238714 -0.01945367
v 0.00424362 0.03226744 -0.01941516
v 0.00409784 0.03211934 -0.01938190
v 0.00397952 0.03194740 -0.01935490
v 0.00389231 0.03175689 -0.01933501
v 0.00383889 0.03155369 -0.01932282
v 0.00382091 0.03134404 -0.01931871
v 0.00477103 0.03252759 -0.01970577
v 0.00456825 0.03247475 -0.01968623
v 0.00437778 0.03238714 -0.01966787
v 0.00420547 0.03226744 -0.01965126
v 0.00405663 0.03211934 -0.01963691
v 0.00393583 0.03194740 -0.01962527
v 0.00384680 0.03175689 -0.01961669
v 0.00383767 0.03175689 -0.01990188
v 0.00392708 0.03194740 -0.01989900
v 0.00404837 0.03211934 -0.01989510
v 0.00419782 0.03226744 -0.01989030
v 0.00437084 0.03238714 -0.01988474
v 0.00456209 0.03247475 -0.01987859
v 0.00379279 0.03134404 -0.02019759
v 0.00381101 0.03155369 -0.02019464
v 0.00386510 0.03175689 -0.02018589
v 0.00395340 0.03194740 -0.02017161
v 0.00407320 0.03211934 -0.02015223
v 0.00422081 0.03226744 -0.02012835
v 0.00439169 0.03238714 -0.02010071
v 0.00458059 0.03247475 -0.02007015
v 0.00478169 0.03252759 -0.02003762
v 0.00481872 0.03252759 -0.02019980
v 0.00462343 0.03247475 -0.02025778
v 0.00443999 0.03238714 -0.02031225
v 0.00427405 0.03226744 -0.02036151
v 0.00413070 0.03211934 -0.02040407
v 0.00401436 0.03194740 -0.02043861
v 0.00392861 0.03175690 -0.02046407
v 0.00402718 0.03175690 -0.02073184
v 0.00410897 0.03194740 -0.02069562
v 0.00421994 0.03211934 -0.02064649
v 0.00435666 0.03226744 -0.02058595
v 0.00451495 0.03238714 -0.02051587
v 0.00468992 0.03247476 -0.02043840
v 0.00487619 0.03252759 -0.02035592
v 0.00409655 0.03134405 -0.02102279
v 0.00411233 0.03155370 -0.02101322
v 0.00415918 0.03175690 -0.02098481
v 0.00423567 0.03194740 -0.02093843
v 0.00433944 0.03211935 -0.02087551
v 0.00446730 0.03226745 -0.02079798
v 0.00461532 0.03238714 -0.02070823
v 0.00477895 0.03247476 -0.02060902
v 0.00495315 0.03252759 -0.02050340
v 0.00504833 0.03252760 -0.02063983
v 0.00488907 0.03247476 -0.02076686
v 0.00473947 0.03238715 -0.02088618
v 0.00460415 0.03226745 -0.02099412
v 0.00448725 0.03211935 -0.02108737
v 0.00439237 0.03194741 -0.02116304
v 0.00432245 0.03175690 -0.02121882
v 0.00427961 0.03155370 -0.02125299
v 0.00426519 0.03134406 -0.02126450
v 0.00516018 0.03252760 -0.02076297
v 0.00501847 0.03247476 -0.02090932
v 0.00488536 0.03238715 -0.02104679
v 0.00476495 0.03226746 -0.02117116
v 0.00466093 0.03211936 -0.02127858
v 0.00457652 0.03194741 -0.02136577
v 0.00451429 0.03175691 -0.02143003
v 0.00473158 0.03175692 -0.02161498
v 0.00478507 0.03194742 -0.02154328
v 0.00485765 0.03211936 -0.02144602
v 0.00494707 0.03226746 -0.02132617
v 0.00505059 0.03238716 -0.02118743
v 0.00516503 0.03247477 -0.02103407
v 0.00528686 0.03252760 -0.02087079
v 0.00493480 0.03134407 -0.02183445
v 0.00494385 0.03155372 -0.02181837
v 0.00497073 0.03175692 -0.02177062
v 0.00501461 0.03194742 -0.02169267
v 0.00507415 0.03211937 -0.02158692
v 0.00514752 0.03226747 -0.02145663
v 0.00523245 0.03238716 -0.02130579
v 0.00532633 0.03247477 -0.02113905
v 0.00557617 0.03252761 -0.02103370
v 0.00549974 0.03247478 -0.02122254
v 0.00542795 0.03238717 -0.02139991
v 0.00536300 0.03226747 -0.02156038
v 0.00530690 0.03211937 -0.02169899
v 0.00526137 0.03194743 -0.02181148
v 0.00522782 0.03175693 -0.02189440
v 0.00549862 0.03175694 -0.02198429
v 0.00552130 0.03194744 -0.02189776
v 0.00555207 0.03211938 -0.02178036
v 0.00558999 0.03226748 -0.02163572
v 0.00563388 0.03238717 -0.02146827
v 0.00568240 0.03247478 -0.02128317
v 0.00573406 0.03252761 -0.02108611
v 0.00576935 0.03134410 -0.02211146
v 0.00577171 0.03155375 -0.02209316
v 0.00577870 0.03175694 -0.02203881
v 0.00579013 0.03194745 -0.02195009
v 0.00580563 0.03211939 -0.02182972
v 0.00582474 0.03226748 -0.02168142
v 0.00584686 0.03238718 -0.02150973
v 0.00587131 0.03247479 -0.02131994
v 0.00589734 0.03252762 -0.02111789
v 0.00647417 0.03064412 -0.02209333
v 0.00606349 0.03064411 -0.02213032
v 0.00687164 0.03064413 -0.02198360
v 0.00724313 0.03064414 -0.02180466
v 0.00757670 0.03064415 -0.02156226
v 0.00786163 0.03064416 -0.02126420
v 0.00808876 0.03064416 -0.02092005
v 0.00825079 0.03064417 -0.02054088
v 0.00834251 0.03064417 -0.02013887
v 0.00836098 0.03064417 -0.01972695
v 0.00830559 0.03064417 -0.01931834
v 0.00817814 0.03064417 -0.01892619
v 0.00798272 0.03064416 -0.01856310
v 0.00772560 0.03064415 -0.01824074
v 0.00741505 0.03064414 -0.01796947
v 0.00706106 0.03064413 -0.01775801
v 0.00667500 0.03064412 -0.01761316
v 0.00626928 0.03064411 -0.01753957
v 0.00585694 0.03064410 -0.01753960
v 0.00545123 0.03064409 -0.01761326
v 0.00506520 0.03064408 -0.01775818
v 0.00471124 0.03064407 -0.01796970
v 0.00440074 0.03064406 -0.01824102
v 0.00414368 0.03064406 -0.01856342
v 0.00394831 0.03064405 -0.01892654
v 0.00382093 0.03064405 -0.01931871
v 0.00376561 0.03064404 -0.01972733
v 0.00378414 0.03064404 -0.02013925
v 0.00387593 0.03064405 -0.02054124
v 0.00403802 0.03064405 -0.02092039
v 0.00426521 0.03064406 -0.02126450
v 0.00455019 0.03064406 -0.02156251
v 0.00488380 0.03064407 -0.02180485
v 0.00525532 0.03064409 -0.02198373
v 0.00565281 0.03064410 -0.02209339
v 0.00606336 0.02464411 -0.01858032
v 0.00576422 0.02464410 -0.01861667
v 0.00606347 0.02464411 -0.01983032
v 0.00636251 0.02464412 -0.01861662
v 0.00709214 0.02464413 -0.01912016
v 0.00689229 0.02464413 -0.01889462
v 0.00664428 0.02464412 -0.01872346
v 0.00730436 0.02464414 -0.01998089
v 0.00730434 0.02464414 -0.01967955
v 0.00723220 0.02464414 -0.01938697
v 0.00689245 0.02464413 -0.02076589
v 0.00709225 0.02464413 -0.02054032
v 0.00723227 0.02464414 -0.02027348
v 0.00606357 0.02464411 -0.02108032
v 0.00636271 0.02464412 -0.02104398
v 0.00664446 0.02464412 -0.02093710
v 0.00523464 0.02464408 -0.02076603
v 0.00548265 0.02464409 -0.02093719
v 0.00576442 0.02464410 -0.02104403
v 0.00482259 0.02464407 -0.01998110
v 0.00489473 0.02464407 -0.02027368
v 0.00503479 0.02464408 -0.02054049
v 0.00503468 0.02464408 -0.01912033
v 0.00489466 0.02464407 -0.01938716
v 0.00482257 0.02464407 -0.01967975
v 0.00548247 0.02464409 -0.01872355
v 0.00523449 0.02464408 -0.01889475
v 0.00689213 0.03064413 -0.01889462
v 0.00664411 0.03064412 -0.01872346
v 0.00636235 0.03064412 -0.01861662
v 0.00548249 0.03064409 -0.02093719
v 0.00576426 0.03064410 -0.02104403
v 0.00606340 0.03064411 -0.02108032
v 0.00636255 0.03064412 -0.02104398
v 0.00709209 0.03064414 -0.02054032
v 0.00723211 0.03064414 -0.02027348
v 0.00730420 0.03064414 -0.01998089
v 0.00730417 0.03064414 -0.01967955
v 0.00723204 0.03064414 -0.01938697
v 0.00709197 0.03064414 -0.01912016
v 0.00664430 0.03064412 -0.02093710
v 0.00689228 0.03064413 -0.02076589
v 0.00489457 0.03064408 -0.02027368
v 0.00503463 0.03064408 -0.02054049
v 0.00523448 0.03064409 -0.02076603
v 0.00548231 0.03064409 -0.01872355
v 0.00523432 0.03064409 -0.01889475
v 0.00503451 0.03064408 -0.01912033
v 0.00489449 0.03064408 -0.01938717
v 0.00482240 0.03064407 -0.01967975
v 0.00482243 0.03064407 -0.01998110
v 0.00606320 0.03064411 -0.01858032
v 0.00576406 0.03064410 -0.01861667
v -0.00548378 0.03254379 -0.02083334
v -0.00553697 0.03254379 -0.02085573
v -0.00703675 0.03254375 -0.01983103
v -0.00565186 0.03254379 -0.02089356
v -0.00574271 0.03254379 -0.02091383
v -0.00484732 0.03254381 -0.01998408
v -0.00483714 0.03254381 -0.01986071
v -0.00703636 0.03254375 -0.01980117
v -0.00483675 0.03254381 -0.01983085
v -0.00702618 0.03254375 -0.01967781
v -0.00638972 0.03254377 -0.01882854
v -0.00633653 0.03254377 -0.01880616
v -0.00622165 0.03254377 -0.01876833
v -0.00613079 0.03254377 -0.01874806
v -0.00696050 0.03254375 -0.02023337
v -0.00700264 0.03254375 -0.02010277
v -0.00702819 0.03254375 -0.01996793
v -0.00491301 0.03254381 -0.01942852
v -0.00487087 0.03254381 -0.01955912
v -0.00484531 0.03254381 -0.01969395
v -0.00515887 0.03254380 -0.02060870
v -0.00525414 0.03254380 -0.02069396
v -0.00536771 0.03254379 -0.02077249
v -0.00671463 0.03254376 -0.01905319
v -0.00661936 0.03254376 -0.01896792
v -0.00650579 0.03254376 -0.01888940
v -0.00485730 0.03254381 -0.02004322
v -0.00489101 0.03254381 -0.02017186
v -0.00493868 0.03254380 -0.02029368
v -0.00628768 0.03254377 -0.02087349
v -0.00587962 0.03254378 -0.02092939
v -0.00615552 0.03254377 -0.02090914
v -0.00601972 0.03254377 -0.02092794
v -0.00701620 0.03254375 -0.01961866
v -0.00698249 0.03254375 -0.01949003
v -0.00693482 0.03254375 -0.01936820
v -0.00558582 0.03254379 -0.01878840
v -0.00599388 0.03254378 -0.01873250
v -0.00571799 0.03254379 -0.01875274
v -0.00585379 0.03254378 -0.01873395
v -0.00500367 0.03254380 -0.02041395
v -0.00508305 0.03254380 -0.02052480
v -0.00674232 0.03254376 -0.02057998
v -0.00682932 0.03254376 -0.02047385
v -0.00690242 0.03254375 -0.02035771
v -0.00686983 0.03254375 -0.01924794
v -0.00679045 0.03254376 -0.01913708
v -0.00513118 0.03254380 -0.01908191
v -0.00504418 0.03254380 -0.01918804
v -0.00497108 0.03254380 -0.01930418
v -0.00642095 0.03254377 -0.02081894
v -0.00654049 0.03254376 -0.02075074
v -0.00663973 0.03254376 -0.02067707
v -0.00545256 0.03254379 -0.01884295
v -0.00533301 0.03254380 -0.01891115
v -0.00523377 0.03254380 -0.01898482
v -0.00634721 0.03134377 -0.02209402
v -0.00651994 0.03134376 -0.02205577
v -0.00651526 0.03155341 -0.02203792
v -0.00674470 0.03134376 -0.02198435
v -0.00679966 0.03134375 -0.02196292
v -0.00679274 0.03155340 -0.02194582
v -0.00711622 0.03134375 -0.02180547
v -0.00731222 0.03134374 -0.02167431
v -0.00730119 0.03155339 -0.02165952
v -0.00744983 0.03134374 -0.02156313
v -0.00753665 0.03134374 -0.02148328
v -0.00752382 0.03155338 -0.02147002
v -0.00796200 0.03134372 -0.02092101
v -0.00803979 0.03134372 -0.02076212
v -0.00802292 0.03155337 -0.02075465
v -0.00812409 0.03134372 -0.02054186
v -0.00814160 0.03134372 -0.02048554
v -0.00812391 0.03155337 -0.02048029
v -0.00821588 0.03134372 -0.02013987
v -0.00823553 0.03134372 -0.01990485
v -0.00821709 0.03155337 -0.01990426
v -0.00823441 0.03134372 -0.01972794
v -0.00822611 0.03134372 -0.01961028
v -0.00820774 0.03155337 -0.01961205
v -0.00805171 0.03134372 -0.01892716
v -0.00797598 0.03134372 -0.01876727
v -0.00795963 0.03155337 -0.01877581
v -0.00785634 0.03134372 -0.01856404
v -0.00782322 0.03134373 -0.01851523
v -0.00780809 0.03155338 -0.01852579
v -0.00759928 0.03134373 -0.01824164
v -0.00742779 0.03134374 -0.01807974
v -0.00741583 0.03155338 -0.01809379
v -0.00728878 0.03134374 -0.01797032
v -0.00719161 0.03134374 -0.01790344
v -0.00718154 0.03155339 -0.01791891
v -0.00654879 0.03134376 -0.01761388
v -0.00637657 0.03134377 -0.01757339
v -0.00637305 0.03155341 -0.01759151
v -0.00614308 0.03134377 -0.01754022
v -0.00608427 0.03134377 -0.01753568
v -0.00608309 0.03155342 -0.01755410
v -0.00573074 0.03134378 -0.01754018
v -0.00549724 0.03134379 -0.01757332
v -0.00550077 0.03155344 -0.01759144
v -0.00532502 0.03134380 -0.01761378
v -0.00521215 0.03134380 -0.01764805
v -0.00521797 0.03155345 -0.01766557
v -0.00458497 0.03134381 -0.01797009
v -0.00444594 0.03134382 -0.01807949
v -0.00445790 0.03155347 -0.01809355
v -0.00427442 0.03134383 -0.01824136
v -0.00423421 0.03134383 -0.01828451
v -0.00424787 0.03155347 -0.01829692
v -0.00401730 0.03134383 -0.01856372
v -0.00389763 0.03134384 -0.01876694
v -0.00391399 0.03155348 -0.01877547
v -0.00382188 0.03134384 -0.01892681
v -0.00377831 0.03134384 -0.01903643
v -0.00379563 0.03155348 -0.01904280
v -0.00363904 0.03134384 -0.01972756
v -0.00363789 0.03134384 -0.01990447
v -0.00365634 0.03155349 -0.01990388
v -0.00365751 0.03134384 -0.02013949
v -0.00366617 0.03134384 -0.02019783
v -0.00368439 0.03155349 -0.02019489
v -0.00374923 0.03134384 -0.02054150
v -0.00383349 0.03134384 -0.02076177
v -0.00385037 0.03155348 -0.02075430
v -0.00391126 0.03134383 -0.02092067
v -0.00396979 0.03134383 -0.02102308
v -0.00398558 0.03155348 -0.02101352
v -0.00442332 0.03134382 -0.02156288
v -0.00456091 0.03134382 -0.02167408
v -0.00457196 0.03155346 -0.02165929
v -0.00475689 0.03134381 -0.02180528
v -0.00480790 0.03134381 -0.02183488
v -0.00481696 0.03155346 -0.02181880
v -0.00512838 0.03134380 -0.02198422
v -0.00535313 0.03134380 -0.02205567
v -0.00535782 0.03155344 -0.02203782
v -0.00552585 0.03134379 -0.02209395
v -0.00564241 0.03134379 -0.02211204
v -0.00564478 0.03155343 -0.02209373
v -0.00657371 0.03252728 -0.02096215
v -0.00465516 0.03252733 -0.02003803
v -0.00634593 0.03252728 -0.01859890
v -0.00723429 0.03252726 -0.01987266
v -0.00593664 0.03252729 -0.02112916
v -0.00577063 0.03252730 -0.02111848
v -0.00593662 0.03247447 -0.02133287
v -0.00574456 0.03247447 -0.02132053
v -0.00593661 0.03238685 -0.02152423
v -0.00572007 0.03238686 -0.02151031
v -0.00593659 0.03226716 -0.02169734
v -0.00569792 0.03226717 -0.02168200
v -0.00593657 0.03211907 -0.02184687
v -0.00567878 0.03211907 -0.02183030
v -0.00593656 0.03194712 -0.02196823
v -0.00566325 0.03194713 -0.02195066
v -0.00593654 0.03175662 -0.02205769
v -0.00565180 0.03175663 -0.02203938
v -0.00593653 0.03155342 -0.02211249
v -0.00593653 0.03134378 -0.02213094
v -0.00537173 0.03175664 -0.02198482
v -0.00539443 0.03194714 -0.02189829
v -0.00542523 0.03211908 -0.02178090
v -0.00546317 0.03226718 -0.02163626
v -0.00550710 0.03238687 -0.02146882
v -0.00555566 0.03247447 -0.02128372
v -0.00560735 0.03252731 -0.02108667
v -0.00507343 0.03134380 -0.02196278
v -0.00508036 0.03155345 -0.02194567
v -0.00510093 0.03175665 -0.02189488
v -0.00513452 0.03194715 -0.02181197
v -0.00518007 0.03211909 -0.02169948
v -0.00523620 0.03226718 -0.02156088
v -0.00530118 0.03238687 -0.02140043
v -0.00537301 0.03247448 -0.02122306
v -0.00544947 0.03252731 -0.02103424
v -0.00529960 0.03252731 -0.02096205
v -0.00519962 0.03247448 -0.02113954
v -0.00510570 0.03238688 -0.02130627
v -0.00502073 0.03226719 -0.02145709
v -0.00494734 0.03211910 -0.02158738
v -0.00488777 0.03194715 -0.02169312
v -0.00484386 0.03175665 -0.02177106
v -0.00460474 0.03175666 -0.02161538
v -0.00465826 0.03194716 -0.02154369
v -0.00473086 0.03211910 -0.02144644
v -0.00482031 0.03226719 -0.02132661
v -0.00492386 0.03238688 -0.02118788
v -0.00503833 0.03247449 -0.02103454
v -0.00516019 0.03252732 -0.02087129
v -0.00433651 0.03134382 -0.02148301
v -0.00434936 0.03155347 -0.02146976
v -0.00438749 0.03175667 -0.02143040
v -0.00444973 0.03194717 -0.02136614
v -0.00453417 0.03211911 -0.02127897
v -0.00463821 0.03226720 -0.02117156
v -0.00475865 0.03238689 -0.02104722
v -0.00489179 0.03247449 -0.02090977
v -0.00503353 0.03252732 -0.02076344
v -0.00492170 0.03252732 -0.02064028
v -0.00476241 0.03247450 -0.02076728
v -0.00461279 0.03238689 -0.02088658
v -0.00447744 0.03226720 -0.02099450
v -0.00436052 0.03211911 -0.02108772
v -0.00426562 0.03194717 -0.02116338
v -0.00419567 0.03175667 -0.02121915
v -0.00415282 0.03155347 -0.02125332
v -0.00413839 0.03134383 -0.02126482
v -0.00482654 0.03252732 -0.02050384
v -0.00465232 0.03247450 -0.02060943
v -0.00448867 0.03238690 -0.02070861
v -0.00434063 0.03226721 -0.02079834
v -0.00421274 0.03211911 -0.02087584
v -0.00410895 0.03194718 -0.02093875
v -0.00403245 0.03175668 -0.02098512
v -0.00390049 0.03175668 -0.02073213
v -0.00398230 0.03194718 -0.02069592
v -0.00409328 0.03211912 -0.02064680
v -0.00423002 0.03226721 -0.02058629
v -0.00438832 0.03238690 -0.02051623
v -0.00456331 0.03247450 -0.02043879
v -0.00474960 0.03252733 -0.02035634
v -0.00373173 0.03134384 -0.02048517
v -0.00374943 0.03155348 -0.02047992
v -0.00380197 0.03175668 -0.02046434
v -0.00388773 0.03194718 -0.02043889
v -0.00400408 0.03211912 -0.02040437
v -0.00414745 0.03226721 -0.02036184
v -0.00431341 0.03238690 -0.02031260
v -0.00449686 0.03247450 -0.02025817
v -0.00469216 0.03252733 -0.02020022
v -0.00445405 0.03247451 -0.02007053
v -0.00426514 0.03238690 -0.02010105
v -0.00409425 0.03226721 -0.02012867
v -0.00394662 0.03211912 -0.02015252
v -0.00382681 0.03194718 -0.02017188
v -0.00373850 0.03175668 -0.02018615
v -0.00371112 0.03175668 -0.01990213
v -0.00380054 0.03194718 -0.01989927
v -0.00392184 0.03211912 -0.01989539
v -0.00407130 0.03226721 -0.01989061
v -0.00424432 0.03238690 -0.01988508
v -0.00443558 0.03247451 -0.01987896
v -0.00463920 0.03252733 -0.01987245
v -0.00364736 0.03134384 -0.01960990
v -0.00366574 0.03155349 -0.01961167
v -0.00372029 0.03175668 -0.01961694
v -0.00380934 0.03194718 -0.01962554
v -0.00393014 0.03211912 -0.01963720
v -0.00407899 0.03226721 -0.01965157
v -0.00425130 0.03238690 -0.01966821
v -0.00444177 0.03247451 -0.01968660
v -0.00464455 0.03252733 -0.01970618
v -0.00467111 0.03252733 -0.01954196
v -0.00447250 0.03247450 -0.01949661
v -0.00428594 0.03238690 -0.01945401
v -0.00411718 0.03226721 -0.01941548
v -0.00397139 0.03211912 -0.01938219
v -0.00385307 0.03194718 -0.01935518
v -0.00376585 0.03175668 -0.01933527
v -0.00371242 0.03155349 -0.01932307
v -0.00369443 0.03134384 -0.01931896
v -0.00471846 0.03252733 -0.01938248
v -0.00452728 0.03247450 -0.01931211
v -0.00434770 0.03238690 -0.01924601
v -0.00418524 0.03226721 -0.01918621
v -0.00404491 0.03211912 -0.01913456
v -0.00393101 0.03194718 -0.01909263
v -0.00384706 0.03175668 -0.01906173
v -0.00396258 0.03175668 -0.01880082
v -0.00404190 0.03194718 -0.01884221
v -0.00414949 0.03211912 -0.01889835
v -0.00428207 0.03226721 -0.01896753
v -0.00443554 0.03238690 -0.01904761
v -0.00460519 0.03247450 -0.01913613
v -0.00478580 0.03252733 -0.01923038
v -0.00405043 0.03134383 -0.01851492
v -0.00406557 0.03155348 -0.01852548
v -0.00411052 0.03175668 -0.01855683
v -0.00418389 0.03194717 -0.01860802
v -0.00428342 0.03211911 -0.01867746
v -0.00440607 0.03226721 -0.01876302
v -0.00454804 0.03238689 -0.01886207
v -0.00470498 0.03247450 -0.01897156
v -0.00487205 0.03252732 -0.01908812
v -0.00497578 0.03252732 -0.01895807
v -0.00482498 0.03247450 -0.01882110
v -0.00468334 0.03238689 -0.01869244
v -0.00455519 0.03226720 -0.01857605
v -0.00444450 0.03211911 -0.01847551
v -0.00435466 0.03194717 -0.01839391
v -0.00428844 0.03175667 -0.01833376
v -0.00449343 0.03175667 -0.01813528
v -0.00455142 0.03194716 -0.01820340
v -0.00463008 0.03211910 -0.01829581
v -0.00472701 0.03226719 -0.01840968
v -0.00483921 0.03238688 -0.01854150
v -0.00496325 0.03247449 -0.01868722
v -0.00509529 0.03252732 -0.01884235
v -0.00468215 0.03134381 -0.01790324
v -0.00469222 0.03155346 -0.01791870
v -0.00472212 0.03175666 -0.01796463
v -0.00477092 0.03194716 -0.01803961
v -0.00483712 0.03211910 -0.01814133
v -0.00491869 0.03226719 -0.01826665
v -0.00501312 0.03238688 -0.01841174
v -0.00511750 0.03247449 -0.01857212
v -0.00522862 0.03252732 -0.01874287
v -0.00537357 0.03252731 -0.01866125
v -0.00528520 0.03247448 -0.01847770
v -0.00520218 0.03238688 -0.01830528
v -0.00512708 0.03226718 -0.01814931
v -0.00506221 0.03211909 -0.01801458
v -0.00500956 0.03194715 -0.01790523
v -0.00497075 0.03175665 -0.01782463
v -0.00494697 0.03155345 -0.01777526
v -0.00493896 0.03134381 -0.01775863
v -0.00552777 0.03252731 -0.01859883
v -0.00546360 0.03247448 -0.01840549
v -0.00540331 0.03238687 -0.01822387
v -0.00534877 0.03226718 -0.01805958
v -0.00530166 0.03211908 -0.01791766
v -0.00526342 0.03194714 -0.01780248
v -0.00523524 0.03175664 -0.01771758
v -0.00551125 0.03175664 -0.01764522
v -0.00552835 0.03194714 -0.01773303
v -0.00555154 0.03211908 -0.01785216
v -0.00558012 0.03226717 -0.01799894
v -0.00561320 0.03238687 -0.01816885
v -0.00564976 0.03247447 -0.01835668
v -0.00568869 0.03252730 -0.01855665
v -0.00578955 0.03134378 -0.01753566
v -0.00579073 0.03155343 -0.01755407
v -0.00579424 0.03175663 -0.01760876
v -0.00579997 0.03194713 -0.01769803
v -0.00580774 0.03211907 -0.01781914
v -0.00581732 0.03226716 -0.01796837
v -0.00582840 0.03238686 -0.01814112
v -0.00584064 0.03247447 -0.01833209
v -0.00585368 0.03252730 -0.01853539
v -0.00602003 0.03252729 -0.01853540
v -0.00603310 0.03247446 -0.01833211
v -0.00604538 0.03238685 -0.01814114
v -0.00605648 0.03226716 -0.01796839
v -0.00606607 0.03211906 -0.01781917
v -0.00607385 0.03194712 -0.01769806
v -0.00607958 0.03175662 -0.01760878
v -0.00636257 0.03175661 -0.01764529
v -0.00634547 0.03194711 -0.01773310
v -0.00632227 0.03211906 -0.01785222
v -0.00629367 0.03226715 -0.01799900
v -0.00626057 0.03238685 -0.01816891
v -0.00622398 0.03247446 -0.01835673
v -0.00618502 0.03252729 -0.01855669
v -0.00666165 0.03134376 -0.01764818
v -0.00665584 0.03155341 -0.01766569
v -0.00663857 0.03175661 -0.01771769
v -0.00661038 0.03194711 -0.01780259
v -0.00657213 0.03211905 -0.01791777
v -0.00652501 0.03226715 -0.01805968
v -0.00647045 0.03238684 -0.01822396
v -0.00641014 0.03247445 -0.01840556
v -0.00650012 0.03252728 -0.01866134
v -0.00658852 0.03247445 -0.01847780
v -0.00667156 0.03238684 -0.01830540
v -0.00674668 0.03226714 -0.01814944
v -0.00681157 0.03211904 -0.01801473
v -0.00686423 0.03194710 -0.01790539
v -0.00690304 0.03175660 -0.01782479
v -0.00692682 0.03155340 -0.01777542
v -0.00693482 0.03134375 -0.01775880
v -0.00664506 0.03252728 -0.01874298
v -0.00675621 0.03247444 -0.01857226
v -0.00686061 0.03238683 -0.01841190
v -0.00695506 0.03226713 -0.01826682
v -0.00703664 0.03211904 -0.01814151
v -0.00710285 0.03194709 -0.01803980
v -0.00715165 0.03175659 -0.01796483
v -0.00738031 0.03175659 -0.01813552
v -0.00732232 0.03194709 -0.01820363
v -0.00724365 0.03211903 -0.01829603
v -0.00714671 0.03226713 -0.01840988
v -0.00703449 0.03238682 -0.01854169
v -0.00691044 0.03247444 -0.01868738
v -0.00677837 0.03252727 -0.01884249
v -0.00763948 0.03134373 -0.01828479
v -0.00762583 0.03155338 -0.01829720
v -0.00758526 0.03175658 -0.01833403
v -0.00751904 0.03194708 -0.01839417
v -0.00742920 0.03211902 -0.01847575
v -0.00731850 0.03226712 -0.01857628
v -0.00719034 0.03238682 -0.01869265
v -0.00704868 0.03247444 -0.01882128
v -0.00689786 0.03252727 -0.01895823
v -0.00700157 0.03252727 -0.01908830
v -0.00716866 0.03247443 -0.01897176
v -0.00732561 0.03238682 -0.01886230
v -0.00746760 0.03226712 -0.01876327
v -0.00759024 0.03211902 -0.01867773
v -0.00768978 0.03194708 -0.01860831
v -0.00776315 0.03175658 -0.01855714
v -0.00791105 0.03175657 -0.01880115
v -0.00783174 0.03194707 -0.01884252
v -0.00772414 0.03211902 -0.01889865
v -0.00759156 0.03226712 -0.01896780
v -0.00743808 0.03238681 -0.01904786
v -0.00726842 0.03247443 -0.01913635
v -0.00708779 0.03252726 -0.01923057
v -0.00809526 0.03134372 -0.01903678
v -0.00807795 0.03155337 -0.01904316
v -0.00802652 0.03175657 -0.01906208
v -0.00794258 0.03194707 -0.01909296
v -0.00782868 0.03211902 -0.01913487
v -0.00768835 0.03226712 -0.01918650
v -0.00752589 0.03238681 -0.01924627
v -0.00734631 0.03247442 -0.01931234
v -0.00715512 0.03252726 -0.01938269
v -0.00720244 0.03252726 -0.01954217
v -0.00740105 0.03247442 -0.01949685
v -0.00758761 0.03238681 -0.01945429
v -0.00775638 0.03226711 -0.01941578
v -0.00790216 0.03211901 -0.01938252
v -0.00802048 0.03194707 -0.01935552
v -0.00810769 0.03175656 -0.01933563
v -0.00816111 0.03155337 -0.01932344
v -0.00817909 0.03134372 -0.01931933
v -0.00722897 0.03252726 -0.01970639
v -0.00743175 0.03247442 -0.01968685
v -0.00762222 0.03238681 -0.01966849
v -0.00779453 0.03226711 -0.01965188
v -0.00794337 0.03211901 -0.01963753
v -0.00806417 0.03194707 -0.01962589
v -0.00815320 0.03175656 -0.01961731
v -0.00816233 0.03175656 -0.01990250
v -0.00807292 0.03194707 -0.01989962
v -0.00795163 0.03211901 -0.01989572
v -0.00780218 0.03226711 -0.01989092
v -0.00762916 0.03238681 -0.01988536
v -0.00743791 0.03247442 -0.01987921
v -0.00820721 0.03134372 -0.02019821
v -0.00818899 0.03155337 -0.02019526
v -0.00813490 0.03175656 -0.02018651
v -0.00804660 0.03194707 -0.02017223
v -0.00792680 0.03211901 -0.02015285
v -0.00777919 0.03226711 -0.02012897
v -0.00760831 0.03238681 -0.02010133
v -0.00741941 0.03247442 -0.02007077
v -0.00721831 0.03252726 -0.02003824
v -0.00718127 0.03252726 -0.02020042
v -0.00737657 0.03247442 -0.02025840
v -0.00756001 0.03238681 -0.02031286
v -0.00772595 0.03226711 -0.02036213
v -0.00786930 0.03211901 -0.02040469
v -0.00798564 0.03194707 -0.02043923
v -0.00807139 0.03175656 -0.02046469
v -0.00797282 0.03175657 -0.02073246
v -0.00789103 0.03194707 -0.02069625
v -0.00778006 0.03211902 -0.02064711
v -0.00764334 0.03226712 -0.02058657
v -0.00748505 0.03238681 -0.02051649
v -0.00731008 0.03247443 -0.02043901
v -0.00712381 0.03252726 -0.02035654
v -0.00790345 0.03134372 -0.02102341
v -0.00788767 0.03155337 -0.02101384
v -0.00784082 0.03175657 -0.02098543
v -0.00776433 0.03194708 -0.02093905
v -0.00766056 0.03211902 -0.02087613
v -0.00753270 0.03226712 -0.02079860
v -0.00738468 0.03238682 -0.02070885
v -0.00722105 0.03247443 -0.02060964
v -0.00704685 0.03252726 -0.02050402
v -0.00695167 0.03252727 -0.02064045
v -0.00711093 0.03247443 -0.02076748
v -0.00726053 0.03238682 -0.02088680
v -0.00739585 0.03226712 -0.02099474
v -0.00751275 0.03211902 -0.02108799
v -0.00760763 0.03194708 -0.02116366
v -0.00767755 0.03175658 -0.02121944
v -0.00772039 0.03155338 -0.02125361
v -0.00773481 0.03134373 -0.02126512
v -0.00683982 0.03252727 -0.02076359
v -0.00698153 0.03247444 -0.02090994
v -0.00711464 0.03238682 -0.02104741
v -0.00723505 0.03226713 -0.02117177
v -0.00733907 0.03211903 -0.02127920
v -0.00742348 0.03194708 -0.02136639
v -0.00748571 0.03175658 -0.02143065
v -0.00726842 0.03175659 -0.02161560
v -0.00721493 0.03194709 -0.02154390
v -0.00714235 0.03211904 -0.02144664
v -0.00705293 0.03226713 -0.02132679
v -0.00694941 0.03238683 -0.02118805
v -0.00683497 0.03247444 -0.02103469
v -0.00671314 0.03252728 -0.02087141
v -0.00706520 0.03134375 -0.02183507
v -0.00705615 0.03155340 -0.02181899
v -0.00702927 0.03175659 -0.02177124
v -0.00698539 0.03194709 -0.02169329
v -0.00692585 0.03211904 -0.02158754
v -0.00685248 0.03226714 -0.02145724
v -0.00676755 0.03238683 -0.02130641
v -0.00667366 0.03247444 -0.02113967
v -0.00642383 0.03252728 -0.02103432
v -0.00650026 0.03247445 -0.02122316
v -0.00657205 0.03238684 -0.02140053
v -0.00663700 0.03226714 -0.02156099
v -0.00669310 0.03211905 -0.02169961
v -0.00673863 0.03194710 -0.02181210
v -0.00677218 0.03175660 -0.02189502
v -0.00650138 0.03175661 -0.02198491
v -0.00647870 0.03194711 -0.02189838
v -0.00644793 0.03211905 -0.02178098
v -0.00641001 0.03226715 -0.02163634
v -0.00636612 0.03238684 -0.02146889
v -0.00631760 0.03247445 -0.02128379
v -0.00626594 0.03252729 -0.02108672
v -0.00623065 0.03134377 -0.02211208
v -0.00622829 0.03155342 -0.02209378
v -0.00622130 0.03175662 -0.02203943
v -0.00620987 0.03194712 -0.02195071
v -0.00619436 0.03211906 -0.02183034
v -0.00617526 0.03226716 -0.02168204
v -0.00615314 0.03238685 -0.02151035
v -0.00612869 0.03247446 -0.02132056
v -0.00610266 0.03252729 -0.02111851
v -0.00552583 0.03064379 -0.02209395
v -0.00593651 0.03064378 -0.02213094
v -0.00512836 0.03064380 -0.02198422
v -0.00475687 0.03064381 -0.02180528
v -0.00442330 0.03064382 -0.02156288
v -0.00413837 0.03064383 -0.02126482
v -0.00391124 0.03064383 -0.02092067
v -0.00374921 0.03064384 -0.02054150
v -0.00365749 0.03064384 -0.02013949
v -0.00363902 0.03064384 -0.01972756
v -0.00369441 0.03064384 -0.01931896
v -0.00382186 0.03064384 -0.01892681
v -0.00401729 0.03064383 -0.01856372
v -0.00427440 0.03064382 -0.01824136
v -0.00458495 0.03064382 -0.01797009
v -0.00493894 0.03064381 -0.01775863
v -0.00532500 0.03064380 -0.01761378
v -0.00573072 0.03064379 -0.01754018
v -0.00614306 0.03064377 -0.01754022
v -0.00654877 0.03064376 -0.01761388
v -0.00693480 0.03064375 -0.01775880
v -0.00728876 0.03064374 -0.01797032
v -0.00759926 0.03064373 -0.01824164
v -0.00785632 0.03064373 -0.01856404
v -0.00805169 0.03064372 -0.01892716
v -0.00817908 0.03064372 -0.01931933
v -0.00823439 0.03064372 -0.01972794
v -0.00821586 0.03064372 -0.02013987
v -0.00812407 0.03064372 -0.02054186
v -0.00796198 0.03064372 -0.02092101
v -0.00773479 0.03064373 -0.02126512
v -0.00744981 0.03064374 -0.02156313
v -0.00711620 0.03064375 -0.02180547
v -0.00674468 0.03064376 -0.02198435
v -0.00634719 0.03064377 -0.02209402
v -0.00593664 0.02464378 -0.01858094
v -0.00623578 0.02464377 -0.01861729
v -0.00593653 0.02464378 -0.01983094
v -0.00563749 0.02464379 -0.01861724
v -0.00490786 0.02464381 -0.01912078
v -0.00510771 0.02464380 -0.01889523
v -0.00535572 0.02464380 -0.01872407
v -0.00469564 0.02464381 -0.01998151
v -0.00469566 0.02464381 -0.01968017
v -0.00476780 0.02464381 -0.01938759
v -0.00510755 0.02464380 -0.02076651
v -0.00490775 0.02464381 -0.02054094
v -0.00476773 0.02464381 -0.02027410
v -0.00593643 0.02464378 -0.02108094
v -0.00563729 0.02464379 -0.02104460
v -0.00535554 0.02464379 -0.02093771
v -0.00676536 0.02464376 -0.02076665
v -0.00651735 0.02464376 -0.02093781
v -0.00623558 0.02464377 -0.02104465
v -0.00717741 0.02464375 -0.01998172
v -0.00710527 0.02464375 -0.02027430
v -0.00696521 0.02464375 -0.02054111
v -0.00696532 0.02464375 -0.01912095
v -0.00710534 0.02464375 -0.01938778
v -0.00717743 0.02464375 -0.01968038
v -0.00651753 0.02464376 -0.01872417
v -0.00676552 0.02464376 -0.01889537
v -0.00510787 0.03064380 -0.01889524
v -0.00535589 0.03064379 -0.01872407
v -0.00563765 0.03064379 -0.01861724
v -0.00651751 0.03064376 -0.02093781
v -0.00623574 0.03064377 -0.02104465
v -0.00593660 0.03064378 -0.02108094
v -0.00563745 0.03064379 -0.02104460
v -0.00490791 0.03064381 -0.02054094
v -0.00476789 0.03064381 -0.02027410
v -0.00469580 0.03064381 -0.01998151
v -0.00469582 0.03064381 -0.01968017
v -0.00476797 0.03064381 -0.01938759
v -0.00490803 0.03064381 -0.01912078
v -0.00535570 0.03064379 -0.02093771
v -0.00510772 0.03064380 -0.02076651
v -0.00710543 0.03064375 -0.02027430
v -0.00696537 0.03064375 -0.02054111
v -0.00676552 0.03064376 -0.02076665
v -0.00651769 0.03064376 -0.01872417
v -0.00676568 0.03064376 -0.01889537
v -0.00696549 0.03064375 -0.01912095
v -0.00710551 0.03064375 -0.01938778
v -0.00717760 0.03064374 -0.01968038
v -0.00717757 0.03064374 -0.01998172
v -0.00593680 0.03064378 -0.01858094
v -0.00623594 0.03064377 -0.01861729
v 0.01272904 0.02329427 -0.01218431
v 0.01417242 0.02329431 -0.01218419
v 0.01200746 0.02329425 -0.01343437
v 0.01489421 0.02329433 -0.01343413
v 0.01272925 0.02329428 -0.01468431
v 0.01417262 0.02329431 -0.01468419
v 0.01417239 0.02419431 -0.01218419
v 0.01489418 0.02419433 -0.01343413
v 0.01417260 0.02419432 -0.01468419
v 0.01272922 0.02419428 -0.01468431
v 0.01200743 0.02419425 -0.01343437
v 0.01272902 0.02419427 -0.01218431
v 0.01490965 0.02424433 -0.01343413
v 0.01420125 0.02428091 -0.01213419
v 0.01495192 0.02428094 -0.01343413
v 0.01423012 0.02429431 -0.01208419
v 0.01500965 0.02429434 -0.01343412
v 0.01489812 0.02422022 -0.01343413
v 0.01417436 0.02422019 -0.01218078
v 0.01418013 0.02424431 -0.01217079
v 0.01417457 0.02422020 -0.01468760
v 0.01418034 0.02424432 -0.01469759
v 0.01420147 0.02428092 -0.01473419
v 0.01423034 0.02429432 -0.01478419
v 0.01272726 0.02422016 -0.01468772
v 0.01272149 0.02424427 -0.01469771
v 0.01270036 0.02428088 -0.01473431
v 0.01267149 0.02429427 -0.01478432
v 0.01200350 0.02422014 -0.01343437
v 0.01199196 0.02424425 -0.01343437
v 0.01194970 0.02428085 -0.01343438
v 0.01189196 0.02429425 -0.01343438
v 0.01272705 0.02422015 -0.01218090
v 0.01272128 0.02424427 -0.01217092
v 0.01270014 0.02428087 -0.01213431
v 0.01267127 0.02429427 -0.01208432
v 0.01081855 0.02429422 -0.01403528
v 0.01076330 0.02429422 -0.01369374
v 0.01075219 0.02429422 -0.01334794
v 0.01078538 0.02429422 -0.01300355
v 0.01170076 0.02429425 -0.01549030
v 0.01145221 0.02429424 -0.01524963
v 0.01611616 0.02429437 -0.01300311
v 0.01614941 0.02429437 -0.01334749
v 0.01086234 0.02429422 -0.01266624
v 0.01098180 0.02429422 -0.01234154
v 0.01114180 0.02429423 -0.01203478
v 0.01133972 0.02429423 -0.01175100
v 0.01157230 0.02429424 -0.01149486
v 0.01603915 0.02429436 -0.01266581
v 0.01123647 0.02429423 -0.01497915
v 0.01105709 0.02429423 -0.01468330
v 0.01091702 0.02429423 -0.01436695
v 0.01520119 0.02429434 -0.01549001
v 0.01492394 0.02429434 -0.01569697
v 0.01462249 0.02429433 -0.01586677
v 0.01430181 0.02429432 -0.01599663
v 0.01345103 0.02429430 -0.01613425
v 0.01362402 0.02429430 -0.01612869
v 0.01396715 0.02429431 -0.01608442
v 0.01327804 0.02429429 -0.01612872
v 0.01293490 0.02429428 -0.01608451
v 0.01260023 0.02429427 -0.01599677
v 0.01227952 0.02429426 -0.01586697
v 0.01197805 0.02429426 -0.01569721
v 0.01613835 0.02429437 -0.01369329
v 0.01608316 0.02429437 -0.01403484
v 0.01598475 0.02429436 -0.01436653
v 0.01532899 0.02429434 -0.01149455
v 0.01506553 0.02429433 -0.01127030
v 0.01477555 0.02429433 -0.01108158
v 0.01379585 0.02429430 -0.01075639
v 0.01413546 0.02429431 -0.01082250
v 0.01446382 0.02429432 -0.01093149
v 0.01584473 0.02429436 -0.01468291
v 0.01566540 0.02429436 -0.01497878
v 0.01544971 0.02429435 -0.01524930
v 0.01183573 0.02429425 -0.01127057
v 0.01212567 0.02429425 -0.01108180
v 0.01243738 0.02429426 -0.01093166
v 0.01276572 0.02429427 -0.01082261
v 0.01310532 0.02429428 -0.01075645
v 0.01345058 0.02429429 -0.01073425
v 0.01556161 0.02429435 -0.01175066
v 0.01575958 0.02429435 -0.01203440
v 0.01591963 0.02429436 -0.01234113
v 0.01362624 0.02428812 -0.01616323
v 0.01397377 0.02428813 -0.01611839
v 0.01431272 0.02428814 -0.01602948
v 0.01463751 0.02428815 -0.01589795
v 0.01494282 0.02428816 -0.01572597
v 0.01522363 0.02428816 -0.01551636
v 0.01547533 0.02428817 -0.01527257
v 0.01569379 0.02428818 -0.01499858
v 0.01587542 0.02428818 -0.01469891
v 0.01601723 0.02428818 -0.01437848
v 0.01611691 0.02428819 -0.01404254
v 0.01617280 0.02428819 -0.01369661
v 0.01618401 0.02428819 -0.01334638
v 0.01615033 0.02428818 -0.01299759
v 0.01607233 0.02428818 -0.01265596
v 0.01595128 0.02428818 -0.01232712
v 0.01578917 0.02428817 -0.01201646
v 0.01558867 0.02428817 -0.01172907
v 0.01535307 0.02428816 -0.01146969
v 0.01508623 0.02428815 -0.01124256
v 0.01479253 0.02428814 -0.01105142
v 0.01447681 0.02428814 -0.01089941
v 0.01414423 0.02428813 -0.01078902
v 0.01380028 0.02428812 -0.01072206
v 0.01345058 0.02428811 -0.01069964
v 0.01310089 0.02428810 -0.01072212
v 0.01275694 0.02428809 -0.01078913
v 0.01242439 0.02428808 -0.01089958
v 0.01210869 0.02428807 -0.01105165
v 0.01181503 0.02428806 -0.01124283
v 0.01154822 0.02428806 -0.01147000
v 0.01131266 0.02428805 -0.01172943
v 0.01111221 0.02428805 -0.01201684
v 0.01095015 0.02428804 -0.01232753
v 0.01082916 0.02428804 -0.01265640
v 0.01075121 0.02428804 -0.01299803
v 0.01071759 0.02428804 -0.01334683
v 0.01072885 0.02428804 -0.01369706
v 0.01078481 0.02428804 -0.01404298
v 0.01088454 0.02428804 -0.01437890
v 0.01102641 0.02428805 -0.01469932
v 0.01120808 0.02428805 -0.01499895
v 0.01142659 0.02428806 -0.01527290
v 0.01167833 0.02428807 -0.01551666
v 0.01195917 0.02428808 -0.01572622
v 0.01226451 0.02428808 -0.01589815
v 0.01258932 0.02428809 -0.01602962
v 0.01292828 0.02428810 -0.01611848
v 0.01327583 0.02428811 -0.01616326
v 0.01065081 0.02419422 -0.01343448
v 0.01065842 0.02422883 -0.01334494
v 0.01066377 0.02419422 -0.01370335
v 0.01066992 0.02422883 -0.01370275
v 0.01069585 0.02419422 -0.01393444
v 0.01072709 0.02422883 -0.01405616
v 0.01072106 0.02419422 -0.01405754
v 0.01082898 0.02422884 -0.01439936
v 0.01097392 0.02422884 -0.01472671
v 0.01082943 0.02419422 -0.01441832
v 0.01082318 0.02419422 -0.01440149
v 0.01115953 0.02422884 -0.01503283
v 0.01104727 0.02419423 -0.01487057
v 0.01096844 0.02419423 -0.01472957
v 0.01170522 0.02419425 -0.01562352
v 0.01163595 0.02419425 -0.01556645
v 0.01163995 0.02422886 -0.01556174
v 0.01137819 0.02419424 -0.01531687
v 0.01138276 0.02422885 -0.01531271
v 0.01134236 0.02419424 -0.01527666
v 0.01115446 0.02419423 -0.01503637
v 0.01192350 0.02419426 -0.01578103
v 0.01192688 0.02422887 -0.01577584
v 0.01212418 0.02419426 -0.01590003
v 0.01223882 0.02422888 -0.01595150
v 0.01223614 0.02419426 -0.01595706
v 0.01257067 0.02422889 -0.01608581
v 0.01256873 0.02419427 -0.01609168
v 0.01258578 0.02419427 -0.01609728
v 0.01291697 0.02422890 -0.01617659
v 0.01291579 0.02419428 -0.01618266
v 0.01307519 0.02419429 -0.01620894
v 0.01327204 0.02422890 -0.01622235
v 0.01327164 0.02419429 -0.01622851
v 0.01357666 0.02419430 -0.01623142
v 0.01363004 0.02422891 -0.01622232
v 0.01363044 0.02419430 -0.01622848
v 0.01398510 0.02422892 -0.01617651
v 0.01398628 0.02419431 -0.01618257
v 0.01497513 0.02422895 -0.01577559
v 0.01466589 0.02419433 -0.01595687
v 0.01466321 0.02422894 -0.01595130
v 0.01455149 0.02419433 -0.01600884
v 0.01433138 0.02422893 -0.01608567
v 0.01433333 0.02419432 -0.01609153
v 0.01407409 0.02419432 -0.01616400
v 0.01526202 0.02422896 -0.01556144
v 0.01499351 0.02419434 -0.01577093
v 0.01497850 0.02419434 -0.01578077
v 0.01551917 0.02422896 -0.01531237
v 0.01538595 0.02419435 -0.01545792
v 0.01526603 0.02419435 -0.01556615
v 0.01597362 0.02419436 -0.01464892
v 0.01593339 0.02419436 -0.01472915
v 0.01592791 0.02422898 -0.01472630
v 0.01574742 0.02419436 -0.01503599
v 0.01574235 0.02422897 -0.01503245
v 0.01571619 0.02419436 -0.01507986
v 0.01552374 0.02419435 -0.01531652
v 0.01607860 0.02419437 -0.01440106
v 0.01607280 0.02422898 -0.01439892
v 0.01614997 0.02419437 -0.01417893
v 0.01617463 0.02422898 -0.01405571
v 0.01618066 0.02419437 -0.01405708
v 0.01623174 0.02422898 -0.01370229
v 0.01623789 0.02419437 -0.01370289
v 0.01623956 0.02419437 -0.01368501
v 0.01624318 0.02422898 -0.01334448
v 0.01624936 0.02419437 -0.01334428
v 0.01623952 0.02419437 -0.01318303
v 0.01620878 0.02422898 -0.01298813
v 0.01621488 0.02419437 -0.01298714
v 0.01614984 0.02419437 -0.01268913
v 0.01612909 0.02422898 -0.01263911
v 0.01613501 0.02419437 -0.01263735
v 0.01600542 0.02422897 -0.01230315
v 0.01601107 0.02419436 -0.01230065
v 0.01539425 0.02422895 -0.01142715
v 0.01563979 0.02419435 -0.01168830
v 0.01563496 0.02422896 -0.01169215
v 0.01571592 0.02419435 -0.01178827
v 0.01583980 0.02422897 -0.01198576
v 0.01584509 0.02419436 -0.01198256
v 0.01597342 0.02419436 -0.01221917
v 0.01512164 0.02422895 -0.01119511
v 0.01538562 0.02419434 -0.01141027
v 0.01539855 0.02419434 -0.01142271
v 0.01482158 0.02422894 -0.01099983
v 0.01499313 0.02419433 -0.01109732
v 0.01512533 0.02419434 -0.01119016
v 0.01407364 0.02419431 -0.01070440
v 0.01416082 0.02419431 -0.01072577
v 0.01415925 0.02422892 -0.01073175
v 0.01450134 0.02419432 -0.01083880
v 0.01449902 0.02422893 -0.01084453
v 0.01455107 0.02419432 -0.01085948
v 0.01482462 0.02419433 -0.01099445
v 0.01380864 0.02419430 -0.01065721
v 0.01380784 0.02422891 -0.01066334
v 0.01357620 0.02419429 -0.01063706
v 0.01345058 0.02422890 -0.01064043
v 0.01345058 0.02419429 -0.01063425
v 0.01309331 0.02422889 -0.01066340
v 0.01309252 0.02419428 -0.01065727
v 0.01307473 0.02419428 -0.01065962
v 0.01274192 0.02422888 -0.01073186
v 0.01274035 0.02419427 -0.01072589
v 0.01258534 0.02419426 -0.01077137
v 0.01240217 0.02422887 -0.01084470
v 0.01239985 0.02419426 -0.01083897
v 0.01212377 0.02419425 -0.01096869
v 0.01207963 0.02422886 -0.01100006
v 0.01207660 0.02419425 -0.01099467
v 0.01177961 0.02422886 -0.01119539
v 0.01177591 0.02419424 -0.01119043
v 0.01106157 0.02422884 -0.01198616
v 0.01126154 0.02419423 -0.01168866
v 0.01126637 0.02422884 -0.01169252
v 0.01134206 0.02419423 -0.01159220
v 0.01150703 0.02422885 -0.01142748
v 0.01150273 0.02419424 -0.01142304
v 0.01170486 0.02419424 -0.01124527
v 0.01089601 0.02422883 -0.01230357
v 0.01104703 0.02419423 -0.01199833
v 0.01105629 0.02419423 -0.01198295
v 0.01077240 0.02422883 -0.01263956
v 0.01082927 0.02419422 -0.01245062
v 0.01089036 0.02419422 -0.01230107
v 0.01065224 0.02419422 -0.01334474
v 0.01068666 0.02419422 -0.01298760
v 0.01069276 0.02422883 -0.01298859
v 0.01069576 0.02419422 -0.01293452
v 0.01076647 0.02419422 -0.01263780
v 0.01345058 0.02426500 -0.01066354
v 0.01380489 0.02426501 -0.01068626
v 0.01415339 0.02426502 -0.01075410
v 0.01449035 0.02426503 -0.01086595
v 0.01481024 0.02426504 -0.01101997
v 0.01510781 0.02426505 -0.01121363
v 0.01537818 0.02426505 -0.01144375
v 0.01561689 0.02426506 -0.01170656
v 0.01582004 0.02426507 -0.01199774
v 0.01598429 0.02426507 -0.01231251
v 0.01610693 0.02426508 -0.01264569
v 0.01618597 0.02426508 -0.01299182
v 0.01622009 0.02426508 -0.01334522
v 0.01620874 0.02426508 -0.01370008
v 0.01615210 0.02426508 -0.01405057
v 0.01605111 0.02426508 -0.01439094
v 0.01590742 0.02426507 -0.01471561
v 0.01572340 0.02426507 -0.01501923
v 0.01550206 0.02426506 -0.01529683
v 0.01524703 0.02426506 -0.01554385
v 0.01496252 0.02426505 -0.01575623
v 0.01465318 0.02426504 -0.01593048
v 0.01432410 0.02426503 -0.01606374
v 0.01398068 0.02426502 -0.01615383
v 0.01362856 0.02426501 -0.01619926
v 0.01327352 0.02426500 -0.01619929
v 0.01292139 0.02426499 -0.01615391
v 0.01257795 0.02426498 -0.01606388
v 0.01224885 0.02426497 -0.01593067
v 0.01193948 0.02426497 -0.01575648
v 0.01165493 0.02426496 -0.01554415
v 0.01139987 0.02426495 -0.01529717
v 0.01117848 0.02426494 -0.01501961
v 0.01099440 0.02426494 -0.01471602
v 0.01085066 0.02426493 -0.01439137
v 0.01074961 0.02426493 -0.01405102
v 0.01069292 0.02426493 -0.01370053
v 0.01068151 0.02426493 -0.01334568
v 0.01071557 0.02426493 -0.01299227
v 0.01079455 0.02426493 -0.01264613
v 0.01091714 0.02426493 -0.01231292
v 0.01108134 0.02426494 -0.01199813
v 0.01128444 0.02426494 -0.01170692
v 0.01152311 0.02426495 -0.01144407
v 0.01179343 0.02426495 -0.01121390
v 0.01209097 0.02426496 -0.01102019
v 0.01241084 0.02426497 -0.01086612
v 0.01274778 0.02426498 -0.01075422
v 0.01309627 0.02426499 -0.01068632
v 0.01069591 0.02179422 -0.01393444
v 0.01065088 0.02179422 -0.01343449
v 0.01082950 0.02179422 -0.01441832
v 0.01104734 0.02179423 -0.01487057
v 0.01134243 0.02179424 -0.01527666
v 0.01170528 0.02179425 -0.01562353
v 0.01212425 0.02179426 -0.01590003
v 0.01258585 0.02179427 -0.01609729
v 0.01307525 0.02179429 -0.01620895
v 0.01357673 0.02179430 -0.01623143
v 0.01407416 0.02179432 -0.01616400
v 0.01455156 0.02179433 -0.01600884
v 0.01499358 0.02179434 -0.01577093
v 0.01538602 0.02179435 -0.01545792
v 0.01571626 0.02179436 -0.01507987
v 0.01597369 0.02179436 -0.01464892
v 0.01615003 0.02179437 -0.01417894
v 0.01623962 0.02179437 -0.01368502
v 0.01623958 0.02179437 -0.01318304
v 0.01614991 0.02179437 -0.01268913
v 0.01597349 0.02179436 -0.01221917
v 0.01571599 0.02179435 -0.01178827
v 0.01538568 0.02179434 -0.01141027
v 0.01499319 0.02179433 -0.01109732
v 0.01455113 0.02179432 -0.01085949
v 0.01407371 0.02179431 -0.01070441
v 0.01357626 0.02179429 -0.01063707
v 0.01307479 0.02179428 -0.01065963
v 0.01258541 0.02179427 -0.01077137
v 0.01212384 0.02179425 -0.01096870
v 0.01170492 0.02179424 -0.01124527
v 0.01134212 0.02179423 -0.01159220
v 0.01104710 0.02179422 -0.01199834
v 0.01082934 0.02179422 -0.01245062
v 0.01069583 0.02179422 -0.01293453
v 0.01195104 0.01579425 -0.01343439
v 0.01199466 0.01579425 -0.01379336
v 0.01345104 0.01579429 -0.01343427
v 0.01199460 0.01579425 -0.01307541
v 0.01259884 0.01579427 -0.01219986
v 0.01232819 0.01579426 -0.01243968
v 0.01212280 0.01579425 -0.01273729
v 0.01363172 0.01579429 -0.01194519
v 0.01327011 0.01579428 -0.01194522
v 0.01291902 0.01579428 -0.01203179
v 0.01457372 0.01579432 -0.01243949
v 0.01430303 0.01579431 -0.01219972
v 0.01398283 0.01579431 -0.01203170
v 0.01495104 0.01579433 -0.01343414
v 0.01490742 0.01579433 -0.01307517
v 0.01477917 0.01579433 -0.01273707
v 0.01457389 0.01579433 -0.01442886
v 0.01477928 0.01579433 -0.01413124
v 0.01490748 0.01579433 -0.01379312
v 0.01363197 0.01579430 -0.01492332
v 0.01398306 0.01579431 -0.01483675
v 0.01430324 0.01579432 -0.01466867
v 0.01259904 0.01579427 -0.01466881
v 0.01291925 0.01579428 -0.01483684
v 0.01327036 0.01579429 -0.01492335
v 0.01212291 0.01579426 -0.01413146
v 0.01232835 0.01579426 -0.01442904
v 0.01457372 0.02179432 -0.01442885
v 0.01477912 0.02179433 -0.01413123
v 0.01490732 0.02179433 -0.01379311
v 0.01363180 0.02179430 -0.01492331
v 0.01398290 0.02179431 -0.01483674
v 0.01430307 0.02179432 -0.01466866
v 0.01291885 0.02179428 -0.01203178
v 0.01259868 0.02179427 -0.01219985
v 0.01232803 0.02179426 -0.01243967
v 0.01212263 0.02179426 -0.01273728
v 0.01259888 0.02179427 -0.01466880
v 0.01291908 0.02179428 -0.01483683
v 0.01327019 0.02179429 -0.01492334
v 0.01199449 0.02179425 -0.01379335
v 0.01212275 0.02179426 -0.01413145
v 0.01232819 0.02179426 -0.01442903
v 0.01199443 0.02179425 -0.01307540
v 0.01195087 0.02179425 -0.01343438
v 0.01398267 0.02179430 -0.01203169
v 0.01363156 0.02179429 -0.01194518
v 0.01326995 0.02179429 -0.01194521
v 0.01477900 0.02179433 -0.01273706
v 0.01457356 0.02179432 -0.01243948
v 0.01430287 0.02179431 -0.01219971
v 0.01495087 0.02179433 -0.01343413
v 0.01490726 0.02179433 -0.01307516
v 0.01272766 0.02329423 0.01468574
v 0.01417103 0.02329426 0.01468586
v 0.01200607 0.02329421 0.01343568
v 0.01489283 0.02329429 0.01343592
v 0.01272787 0.02329423 0.01218574
v 0.01417124 0.02329427 0.01218586
v 0.01417101 0.02419426 0.01468586
v 0.01489280 0.02419429 0.01343592
v 0.01417122 0.02419427 0.01218587
v 0.01272784 0.02419423 0.01218575
v 0.01200605 0.02419421 0.01343569
v 0.01272763 0.02419423 0.01468575
v 0.01490827 0.02424429 0.01343593
v 0.01419987 0.02428087 0.01473587
v 0.01495053 0.02428089 0.01343593
v 0.01422873 0.02429427 0.01478587
v 0.01500827 0.02429429 0.01343593
v 0.01489673 0.02422017 0.01343593
v 0.01417298 0.02422015 0.01468927
v 0.01417874 0.02424427 0.01469926
v 0.01417318 0.02422015 0.01218246
v 0.01417895 0.02424427 0.01217247
v 0.01420009 0.02428087 0.01213587
v 0.01422896 0.02429427 0.01208587
v 0.01272587 0.02422011 0.01218234
v 0.01272011 0.02424423 0.01217235
v 0.01269897 0.02428083 0.01213574
v 0.01267011 0.02429423 0.01208574
v 0.01200211 0.02422009 0.01343569
v 0.01199058 0.02424421 0.01343568
v 0.01194831 0.02428081 0.01343568
v 0.01189058 0.02429421 0.01343568
v 0.01272567 0.02422011 0.01468915
v 0.01271990 0.02424422 0.01469914
v 0.01269876 0.02428083 0.01473574
v 0.01266989 0.02429422 0.01478574
v 0.01081717 0.02429418 0.01283478
v 0.01076192 0.02429417 0.01317632
v 0.01075080 0.02429417 0.01352212
v 0.01078400 0.02429417 0.01386650
v 0.01169938 0.02429420 0.01137976
v 0.01145082 0.02429420 0.01162043
v 0.01611478 0.02429432 0.01386695
v 0.01614803 0.02429432 0.01352257
v 0.01086096 0.02429418 0.01420382
v 0.01098042 0.02429418 0.01452852
v 0.01114042 0.02429418 0.01483527
v 0.01133834 0.02429419 0.01511905
v 0.01157092 0.02429419 0.01537519
v 0.01603776 0.02429432 0.01420424
v 0.01123509 0.02429419 0.01189091
v 0.01105571 0.02429418 0.01218675
v 0.01091564 0.02429418 0.01250311
v 0.01519981 0.02429430 0.01138005
v 0.01492255 0.02429429 0.01117309
v 0.01462111 0.02429428 0.01100329
v 0.01430043 0.02429427 0.01087342
v 0.01344965 0.02429425 0.01073581
v 0.01362264 0.02429426 0.01074137
v 0.01396577 0.02429427 0.01078564
v 0.01327666 0.02429425 0.01074134
v 0.01293351 0.02429424 0.01078555
v 0.01259884 0.02429423 0.01087328
v 0.01227814 0.02429422 0.01100309
v 0.01197666 0.02429421 0.01117285
v 0.01613697 0.02429432 0.01317677
v 0.01608178 0.02429432 0.01283522
v 0.01598336 0.02429432 0.01250353
v 0.01532760 0.02429429 0.01537550
v 0.01506414 0.02429429 0.01559976
v 0.01477417 0.02429428 0.01578848
v 0.01379447 0.02429425 0.01611367
v 0.01413407 0.02429426 0.01604756
v 0.01446244 0.02429427 0.01593857
v 0.01584334 0.02429431 0.01218715
v 0.01566401 0.02429431 0.01189127
v 0.01544832 0.02429431 0.01162076
v 0.01183434 0.02429420 0.01559949
v 0.01212429 0.02429421 0.01578826
v 0.01243599 0.02429421 0.01593840
v 0.01276434 0.02429422 0.01604744
v 0.01310393 0.02429423 0.01611361
v 0.01344920 0.02429424 0.01613581
v 0.01556023 0.02429430 0.01511940
v 0.01575819 0.02429431 0.01483566
v 0.01591825 0.02429431 0.01452892
v 0.01362486 0.02428808 0.01070683
v 0.01397239 0.02428808 0.01075167
v 0.01431134 0.02428809 0.01084058
v 0.01463613 0.02428810 0.01097210
v 0.01494144 0.02428811 0.01114408
v 0.01522225 0.02428812 0.01135369
v 0.01547395 0.02428813 0.01159749
v 0.01569241 0.02428813 0.01187147
v 0.01587403 0.02428813 0.01217114
v 0.01601585 0.02428814 0.01249158
v 0.01611552 0.02428814 0.01282752
v 0.01617142 0.02428814 0.01317345
v 0.01618262 0.02428814 0.01352368
v 0.01614895 0.02428814 0.01387247
v 0.01607094 0.02428814 0.01421409
v 0.01594989 0.02428813 0.01454294
v 0.01578779 0.02428813 0.01485360
v 0.01558729 0.02428812 0.01514099
v 0.01535168 0.02428811 0.01540037
v 0.01508484 0.02428811 0.01562750
v 0.01479115 0.02428810 0.01581864
v 0.01447542 0.02428809 0.01597065
v 0.01414285 0.02428808 0.01608104
v 0.01379889 0.02428807 0.01614800
v 0.01344920 0.02428806 0.01617042
v 0.01309950 0.02428805 0.01614794
v 0.01275556 0.02428804 0.01608092
v 0.01242300 0.02428803 0.01597048
v 0.01210730 0.02428802 0.01581841
v 0.01181364 0.02428802 0.01562723
v 0.01154684 0.02428801 0.01540005
v 0.01131128 0.02428800 0.01514063
v 0.01111082 0.02428800 0.01485321
v 0.01094877 0.02428799 0.01454252
v 0.01082777 0.02428799 0.01421366
v 0.01074983 0.02428799 0.01387203
v 0.01071621 0.02428799 0.01352323
v 0.01072747 0.02428799 0.01317299
v 0.01078342 0.02428799 0.01282708
v 0.01088315 0.02428800 0.01249115
v 0.01102502 0.02428800 0.01217074
v 0.01120670 0.02428801 0.01187110
v 0.01142520 0.02428801 0.01159716
v 0.01167694 0.02428802 0.01135340
v 0.01195779 0.02428803 0.01114384
v 0.01226312 0.02428804 0.01097191
v 0.01258794 0.02428805 0.01084044
v 0.01292690 0.02428806 0.01075158
v 0.01327444 0.02428807 0.01070680
v 0.01064942 0.02419417 0.01343557
v 0.01065703 0.02422878 0.01352512
v 0.01066239 0.02419417 0.01316671
v 0.01066854 0.02422878 0.01316730
v 0.01069446 0.02419417 0.01293562
v 0.01072570 0.02422879 0.01281390
v 0.01071968 0.02419417 0.01281252
v 0.01082759 0.02422879 0.01247070
v 0.01097253 0.02422879 0.01214335
v 0.01082805 0.02419418 0.01245174
v 0.01082179 0.02419418 0.01246857
v 0.01115814 0.02422880 0.01183723
v 0.01104589 0.02419418 0.01199949
v 0.01096705 0.02419418 0.01214049
v 0.01170383 0.02419420 0.01124653
v 0.01163456 0.02419420 0.01130361
v 0.01163857 0.02422881 0.01130831
v 0.01137680 0.02419419 0.01155319
v 0.01138138 0.02422881 0.01155735
v 0.01134098 0.02419419 0.01159340
v 0.01115308 0.02419419 0.01183369
v 0.01192212 0.02419421 0.01108903
v 0.01192549 0.02422882 0.01109421
v 0.01212280 0.02419421 0.01097003
v 0.01223744 0.02422883 0.01091856
v 0.01223476 0.02419422 0.01091299
v 0.01256929 0.02422884 0.01078424
v 0.01256734 0.02419423 0.01077838
v 0.01258440 0.02419423 0.01077277
v 0.01291559 0.02422885 0.01069346
v 0.01291441 0.02419424 0.01068739
v 0.01307380 0.02419424 0.01066111
v 0.01327065 0.02422886 0.01064771
v 0.01327026 0.02419425 0.01064154
v 0.01357528 0.02419426 0.01063863
v 0.01362866 0.02422887 0.01064774
v 0.01362905 0.02419426 0.01064157
v 0.01398371 0.02422888 0.01069355
v 0.01398490 0.02419427 0.01068748
v 0.01497374 0.02422890 0.01109446
v 0.01466451 0.02419429 0.01091319
v 0.01466183 0.02422890 0.01091876
v 0.01455011 0.02419428 0.01086122
v 0.01433000 0.02422889 0.01078439
v 0.01433195 0.02419428 0.01077852
v 0.01407271 0.02419427 0.01070606
v 0.01526063 0.02422891 0.01130861
v 0.01499213 0.02419429 0.01109913
v 0.01497712 0.02419429 0.01108928
v 0.01551778 0.02422892 0.01155769
v 0.01538457 0.02419430 0.01141214
v 0.01526464 0.02419430 0.01130391
v 0.01597224 0.02419432 0.01222114
v 0.01593201 0.02419432 0.01214090
v 0.01592653 0.02422893 0.01214376
v 0.01574604 0.02419431 0.01183407
v 0.01574097 0.02422892 0.01183760
v 0.01571481 0.02419431 0.01179019
v 0.01552236 0.02419431 0.01155353
v 0.01607722 0.02419432 0.01246900
v 0.01607141 0.02422893 0.01247113
v 0.01614858 0.02419432 0.01269113
v 0.01617325 0.02422893 0.01281435
v 0.01617927 0.02419432 0.01281297
v 0.01623036 0.02422894 0.01316776
v 0.01623651 0.02419432 0.01316717
v 0.01623817 0.02419432 0.01318505
v 0.01624180 0.02422893 0.01352558
v 0.01624798 0.02419432 0.01352578
v 0.01623813 0.02419432 0.01368703
v 0.01620740 0.02422893 0.01388193
v 0.01621350 0.02419432 0.01388291
v 0.01614846 0.02419432 0.01418093
v 0.01612770 0.02422893 0.01423095
v 0.01613363 0.02419432 0.01423270
v 0.01600403 0.02422893 0.01456691
v 0.01600969 0.02419432 0.01456941
v 0.01539287 0.02422891 0.01544290
v 0.01563841 0.02419430 0.01518176
v 0.01563358 0.02422892 0.01517790
v 0.01571454 0.02419431 0.01508179
v 0.01583842 0.02422892 0.01488430
v 0.01584370 0.02419431 0.01488750
v 0.01597204 0.02419431 0.01465089
v 0.01512025 0.02422890 0.01567495
v 0.01538423 0.02419430 0.01545979
v 0.01539717 0.02419430 0.01544734
v 0.01482020 0.02422889 0.01587022
v 0.01499174 0.02419429 0.01577274
v 0.01512395 0.02419429 0.01567990
v 0.01407226 0.02419426 0.01616566
v 0.01415943 0.02419426 0.01614429
v 0.01415787 0.02422887 0.01613831
v 0.01449996 0.02419427 0.01603126
v 0.01449764 0.02422888 0.01602553
v 0.01454968 0.02419427 0.01601057
v 0.01482323 0.02419428 0.01587561
v 0.01380725 0.02419425 0.01621285
v 0.01380646 0.02422886 0.01620672
v 0.01357482 0.02419425 0.01623300
v 0.01344919 0.02422885 0.01622962
v 0.01344919 0.02419424 0.01623580
v 0.01309193 0.02422884 0.01620666
v 0.01309114 0.02419423 0.01621279
v 0.01307334 0.02419423 0.01621043
v 0.01274054 0.02422884 0.01613819
v 0.01273897 0.02419422 0.01614417
v 0.01258396 0.02419422 0.01609869
v 0.01240078 0.02422883 0.01602536
v 0.01239846 0.02419421 0.01603108
v 0.01212239 0.02419421 0.01590136
v 0.01207825 0.02422882 0.01587000
v 0.01207521 0.02419421 0.01587538
v 0.01177823 0.02422881 0.01567467
v 0.01177453 0.02419420 0.01567962
v 0.01106019 0.02422879 0.01488390
v 0.01126015 0.02419418 0.01518140
v 0.01126498 0.02422880 0.01517754
v 0.01134067 0.02419419 0.01527786
v 0.01150565 0.02422880 0.01544258
v 0.01150135 0.02419419 0.01544702
v 0.01170347 0.02419420 0.01562479
v 0.01089463 0.02422879 0.01456648
v 0.01104565 0.02419418 0.01487172
v 0.01105491 0.02419418 0.01488711
v 0.01077101 0.02422878 0.01423050
v 0.01082789 0.02419417 0.01441944
v 0.01088898 0.02419418 0.01456899
v 0.01065086 0.02419417 0.01352532
v 0.01068528 0.02419417 0.01388246
v 0.01069138 0.02422878 0.01388147
v 0.01069438 0.02419417 0.01393554
v 0.01076509 0.02419417 0.01423226
v 0.01344919 0.02426495 0.01620652
v 0.01380351 0.02426496 0.01618380
v 0.01415201 0.02426497 0.01611596
v 0.01448897 0.02426498 0.01600411
v 0.01480886 0.02426499 0.01585009
v 0.01510643 0.02426500 0.01565643
v 0.01537679 0.02426501 0.01542630
v 0.01561551 0.02426501 0.01516349
v 0.01581866 0.02426502 0.01487232
v 0.01598290 0.02426502 0.01455755
v 0.01610555 0.02426503 0.01422437
v 0.01618458 0.02426503 0.01387824
v 0.01621870 0.02426503 0.01352484
v 0.01620735 0.02426503 0.01316998
v 0.01615072 0.02426503 0.01281949
v 0.01604973 0.02426503 0.01247911
v 0.01590604 0.02426503 0.01215445
v 0.01572201 0.02426502 0.01185082
v 0.01550067 0.02426502 0.01157322
v 0.01524565 0.02426501 0.01132621
v 0.01496113 0.02426500 0.01111383
v 0.01465180 0.02426500 0.01093958
v 0.01432271 0.02426499 0.01080632
v 0.01397929 0.02426498 0.01071623
v 0.01362717 0.02426497 0.01067080
v 0.01327213 0.02426496 0.01067077
v 0.01292000 0.02426495 0.01071614
v 0.01257657 0.02426494 0.01080617
v 0.01224746 0.02426493 0.01093938
v 0.01193810 0.02426492 0.01111358
v 0.01165354 0.02426491 0.01132591
v 0.01139848 0.02426491 0.01157288
v 0.01117709 0.02426490 0.01185045
v 0.01099302 0.02426489 0.01215404
v 0.01084928 0.02426489 0.01247868
v 0.01074823 0.02426489 0.01281904
v 0.01069154 0.02426488 0.01316953
v 0.01068013 0.02426488 0.01352438
v 0.01071419 0.02426488 0.01387778
v 0.01079317 0.02426488 0.01422393
v 0.01091576 0.02426489 0.01455713
v 0.01107995 0.02426489 0.01487193
v 0.01128305 0.02426490 0.01516314
v 0.01152172 0.02426490 0.01542598
v 0.01179205 0.02426491 0.01565615
v 0.01208959 0.02426492 0.01584986
v 0.01240945 0.02426492 0.01600394
v 0.01274640 0.02426493 0.01611584
v 0.01309489 0.02426494 0.01618374
v 0.01069453 0.02179417 0.01293561
v 0.01064949 0.02179417 0.01343557
v 0.01082811 0.02179418 0.01245173
v 0.01104595 0.02179418 0.01199948
v 0.01134104 0.02179419 0.01159340
v 0.01170390 0.02179420 0.01124653
v 0.01212286 0.02179421 0.01097002
v 0.01258446 0.02179423 0.01077277
v 0.01307387 0.02179424 0.01066111
v 0.01357534 0.02179426 0.01063863
v 0.01407277 0.02179427 0.01070605
v 0.01455017 0.02179428 0.01086121
v 0.01499220 0.02179429 0.01109912
v 0.01538463 0.02179430 0.01141214
v 0.01571487 0.02179431 0.01179019
v 0.01597230 0.02179432 0.01222114
v 0.01614865 0.02179432 0.01269112
v 0.01623824 0.02179432 0.01318504
v 0.01623820 0.02179432 0.01368702
v 0.01614852 0.02179432 0.01418093
v 0.01597210 0.02179431 0.01465088
v 0.01571460 0.02179431 0.01508179
v 0.01538430 0.02179430 0.01545979
v 0.01499181 0.02179429 0.01577273
v 0.01454975 0.02179427 0.01601057
v 0.01407232 0.02179426 0.01616565
v 0.01357488 0.02179425 0.01623299
v 0.01307341 0.02179423 0.01621043
v 0.01258402 0.02179422 0.01609869
v 0.01212245 0.02179421 0.01590136
v 0.01170354 0.02179420 0.01562478
v 0.01134074 0.02179419 0.01527786
v 0.01104571 0.02179418 0.01487172
v 0.01082795 0.02179417 0.01441943
v 0.01069445 0.02179417 0.01393553
v 0.01194965 0.01579421 0.01343567
v 0.01199327 0.01579421 0.01307670
v 0.01344965 0.01579425 0.01343579
v 0.01199321 0.01579421 0.01379464
v 0.01259746 0.01579422 0.01467020
v 0.01232681 0.01579421 0.01443038
v 0.01212141 0.01579421 0.01413277
v 0.01363034 0.01579425 0.01492487
v 0.01326873 0.01579424 0.01492484
v 0.01291763 0.01579423 0.01483827
v 0.01457234 0.01579428 0.01443057
v 0.01430165 0.01579427 0.01467034
v 0.01398145 0.01579426 0.01483836
v 0.01494966 0.01579429 0.01343592
v 0.01490604 0.01579429 0.01379489
v 0.01477778 0.01579428 0.01413299
v 0.01457250 0.01579428 0.01244120
v 0.01477790 0.01579428 0.01273882
v 0.01490610 0.01579429 0.01307694
v 0.01363058 0.01579425 0.01194674
v 0.01398168 0.01579426 0.01203331
v 0.01430185 0.01579427 0.01220139
v 0.01259766 0.01579423 0.01220124
v 0.01291786 0.01579423 0.01203322
v 0.01326897 0.01579424 0.01194671
v 0.01212153 0.01579421 0.01273860
v 0.01232697 0.01579422 0.01244101
v 0.01457234 0.02179428 0.01244121
v 0.01477773 0.02179428 0.01273883
v 0.01490593 0.02179429 0.01307695
v 0.01363042 0.02179425 0.01194675
v 0.01398151 0.02179426 0.01203332
v 0.01430169 0.02179427 0.01220140
v 0.01291747 0.02179423 0.01483828
v 0.01259729 0.02179422 0.01467021
v 0.01232664 0.02179421 0.01443039
v 0.01212125 0.02179421 0.01413278
v 0.01259750 0.02179423 0.01220126
v 0.01291770 0.02179424 0.01203323
v 0.01326881 0.02179424 0.01194672
v 0.01199311 0.02179421 0.01307671
v 0.01212136 0.02179421 0.01273861
v 0.01232681 0.02179422 0.01244102
v 0.01199305 0.02179421 0.01379465
v 0.01194949 0.02179421 0.01343568
v 0.01398128 0.02179426 0.01483837
v 0.01363017 0.02179425 0.01492488
v 0.01326856 0.02179424 0.01492485
v 0.01477762 0.02179428 0.01413300
v 0.01457217 0.02179428 0.01443058
v 0.01430149 0.02179427 0.01467035
v 0.01494949 0.02179429 0.01343593
v 0.01490587 0.02179429 0.01379490
v 0.00015482 0.02559580 -0.01702197
v 0.00015559 0.02559582 -0.03202197
v -0.00028553 0.02562113 -0.01702199
v -0.00028476 0.02562115 -0.03202199
v -0.00071247 0.02573188 -0.01702201
v -0.00071170 0.02573190 -0.03202201
v -0.00110961 0.02592379 -0.01702203
v -0.00110884 0.02592382 -0.03202203
v -0.00146167 0.02618950 -0.01702205
v -0.00146090 0.02618953 -0.03202205
v -0.00175514 0.02651878 -0.01702207
v -0.00175437 0.02651881 -0.03202207
v -0.00197872 0.02689900 -0.01702208
v -0.00197795 0.02689902 -0.03202208
v -0.00212383 0.02731552 -0.01702208
v -0.00212306 0.02731554 -0.03202209
v -0.00218490 0.02775235 -0.01702209
v -0.00218413 0.02775237 -0.03202209
v -0.00215957 0.02819270 -0.01702208
v -0.00215880 0.02819272 -0.03202209
v -0.00204882 0.02861964 -0.01702208
v -0.00204805 0.02861967 -0.03202208
v -0.00185690 0.02901678 -0.01702207
v -0.00185613 0.02901680 -0.03202207
v -0.00159120 0.02936884 -0.01702205
v -0.00159043 0.02936887 -0.03202205
v -0.00126191 0.02966231 -0.01702204
v -0.00126114 0.02966233 -0.03202204
v -0.00088170 0.02988589 -0.01702202
v -0.00088093 0.02988592 -0.03202201
v -0.00046518 0.03003100 -0.01702200
v -0.00046441 0.03003103 -0.03202200
v -0.00002835 0.03009207 -0.01702197
v -0.00002758 0.03009209 -0.03202197
v 0.00041200 0.03006674 -0.01702195
v 0.00041277 0.03006676 -0.03202195
v 0.00083895 0.02995599 -0.01702193
v 0.00083972 0.02995601 -0.03202193
v 0.00123608 0.02976407 -0.01702191
v 0.00123685 0.02976410 -0.03202191
v 0.00158815 0.02949837 -0.01702189
v 0.00158892 0.02949839 -0.03202189
v 0.00188161 0.02916908 -0.01702188
v 0.00188238 0.02916911 -0.03202188
v 0.00210519 0.02878887 -0.01702186
v 0.00210596 0.02878890 -0.03202187
v 0.00225031 0.02837235 -0.01702186
v 0.00225108 0.02837238 -0.03202186
v 0.00231137 0.02793552 -0.01702186
v 0.00231214 0.02793554 -0.03202185
v 0.00228604 0.02749517 -0.01702186
v 0.00228681 0.02749520 -0.03202186
v 0.00217529 0.02706822 -0.01702186
v 0.00217606 0.02706825 -0.03202186
v 0.00198337 0.02667109 -0.01702187
v 0.00198415 0.02667111 -0.03202187
v 0.00171767 0.02631902 -0.01702189
v 0.00171844 0.02631905 -0.03202189
v 0.00138838 0.02602556 -0.01702191
v 0.00138915 0.02602559 -0.03202191
v 0.00100817 0.02580198 -0.01702193
v 0.00100895 0.02580200 -0.03202192
v 0.00059165 0.02565686 -0.01702195
v 0.00059242 0.02565689 -0.03202195
v -0.00230258 0.02644333 -0.03202210
v -0.00251464 0.02688841 -0.03202210
v -0.00264382 0.02736420 -0.03202211
v -0.00268597 0.02785541 -0.03202211
v -0.00263973 0.02834625 -0.03202211
v -0.00250659 0.02882095 -0.03202210
v -0.00229083 0.02926425 -0.03202209
v -0.00199939 0.02966190 -0.03202207
v -0.00164162 0.03000112 -0.03202206
v -0.00122904 0.03027100 -0.03202203
v -0.00077489 0.03046288 -0.03202201
v -0.00029378 0.03057058 -0.03202198
v 0.00019882 0.03059065 -0.03202196
v 0.00068710 0.03052244 -0.03202193
v 0.00115535 0.03036814 -0.03202191
v 0.00158852 0.03013271 -0.03202189
v 0.00197269 0.02982371 -0.03202187
v 0.00229551 0.02945109 -0.03202185
v 0.00254662 0.02902681 -0.03202184
v 0.00271793 0.02856452 -0.03202183
v 0.00280394 0.02807906 -0.03202183
v 0.00280189 0.02758605 -0.03202183
v 0.00271184 0.02710133 -0.03202184
v 0.00253668 0.02664047 -0.03202185
v 0.00228205 0.02621830 -0.03202186
v 0.00195614 0.02584838 -0.03202188
v 0.00156940 0.02554259 -0.03202190
v 0.00113429 0.02531078 -0.03202192
v 0.00066477 0.02516038 -0.03202194
v 0.00017595 0.02509624 -0.03202197
v -0.00031648 0.02512041 -0.03202200
v -0.00079667 0.02523211 -0.03202202
v -0.00124920 0.02542777 -0.03202204
v -0.00165953 0.02570108 -0.03202206
v -0.00201446 0.02604327 -0.03202208
v 0.00253591 0.02664045 -0.01702185
v 0.00271106 0.02710130 -0.01702184
v 0.00280111 0.02758602 -0.01702183
v 0.00280317 0.02807903 -0.01702183
v 0.00271716 0.02856449 -0.01702183
v 0.00254585 0.02902679 -0.01702184
v 0.00229474 0.02945106 -0.01702185
v 0.00197192 0.02982369 -0.01702187
v 0.00158775 0.03013268 -0.01702189
v 0.00115457 0.03036811 -0.01702191
v 0.00068633 0.03052241 -0.01702193
v 0.00019805 0.03059063 -0.01702196
v -0.00029456 0.03057056 -0.01702198
v -0.00077566 0.03046285 -0.01702201
v -0.00122981 0.03027098 -0.01702203
v -0.00164239 0.03000109 -0.01702205
v -0.00200016 0.02966187 -0.01702207
v -0.00229161 0.02926422 -0.01702209
v -0.00250736 0.02882092 -0.01702210
v -0.00264050 0.02834623 -0.01702211
v -0.00268674 0.02785538 -0.01702211
v -0.00264459 0.02736417 -0.01702211
v -0.00251541 0.02688838 -0.01702210
v -0.00230335 0.02644330 -0.01702210
v -0.00201523 0.02604324 -0.01702208
v -0.00166030 0.02570105 -0.01702206
v -0.00124997 0.02542774 -0.01702204
v -0.00079744 0.02523209 -0.01702202
v -0.00031725 0.02512038 -0.01702200
v 0.00017517 0.02509621 -0.01702197
v 0.00066400 0.02516036 -0.01702194
v 0.00113352 0.02531075 -0.01702192
v 0.00156863 0.02554257 -0.01702190
v 0.00195537 0.02584835 -0.01702188
v 0.00228128 0.02621827 -0.01702186
v -0.02338225 -0.01520675 0.00517025
v -0.02283324 -0.01520673 0.00571932
v -0.02413231 -0.01520677 0.00646925
v -0.02263231 -0.01520673 0.00646933
v -0.02283331 -0.01520674 0.00721932
v -0.02543131 -0.01520680 0.00571918
v -0.02488225 -0.01520679 0.00517017
v -0.02413223 -0.01520677 0.00496925
v -0.02488238 -0.01520679 0.00776825
v -0.02543139 -0.01520681 0.00721918
v -0.02563231 -0.01520681 0.00646917
v -0.02338238 -0.01520675 0.00776833
v -0.02413239 -0.01520677 0.00796925
v 0.02491471 -0.01520540 -0.00776821
v 0.02546372 -0.01520539 -0.00721915
v 0.02416465 -0.01520543 -0.00646922
v 0.02566464 -0.01520539 -0.00646914
v 0.02546364 -0.01520539 -0.00571915
v 0.02286565 -0.01520546 -0.00721928
v 0.02341471 -0.01520544 -0.00776829
v 0.02416472 -0.01520542 -0.00796922
v 0.02341458 -0.01520545 -0.00517022
v 0.02286557 -0.01520546 -0.00571928
v 0.02266465 -0.01520547 -0.00646929
v 0.02491458 -0.01520541 -0.00517014
v 0.02416457 -0.01520543 -0.00496922
v -0.02498369 -0.02045571 -0.00000128
v -0.02390117 -0.02120675 0.00062377
v -0.02435873 -0.02120677 0.00108128
v -0.02373367 -0.02120675 -0.00000122
v -0.02560873 -0.02120680 0.00108122
v -0.02606623 -0.02120681 0.00062366
v -0.02498373 -0.02120678 0.00124872
v -0.02606617 -0.02120681 -0.00062634
v -0.02560861 -0.02120680 -0.00108384
v -0.02623367 -0.02120681 -0.00000135
v -0.02435861 -0.02120676 -0.00108378
v -0.02390110 -0.02120675 -0.00062623
v -0.02498361 -0.02120678 -0.00125128
v -0.01248258 -0.02045533 -0.02165127
v -0.01140006 -0.02120637 -0.02102622
v -0.01185761 -0.02120639 -0.02056871
v -0.01123255 -0.02120637 -0.02165121
v -0.01310761 -0.02120642 -0.02056877
v -0.01356512 -0.02120643 -0.02102633
v -0.01248262 -0.02120641 -0.02040127
v -0.01356505 -0.02120643 -0.02227633
v -0.01310750 -0.02120642 -0.02273384
v -0.01373255 -0.02120644 -0.02165134
v -0.01185750 -0.02120638 -0.02273377
v -0.01139999 -0.02120637 -0.02227622
v -0.01248249 -0.02120640 -0.02290127
v 0.01251743 -0.02045464 -0.02164998
v 0.01359994 -0.02120569 -0.02102493
v 0.01314239 -0.02120570 -0.02056742
v 0.01376745 -0.02120568 -0.02164992
v 0.01189239 -0.02120574 -0.02056748
v 0.01143488 -0.02120575 -0.02102504
v 0.01251738 -0.02120572 -0.02039999
v 0.01143495 -0.02120575 -0.02227504
v 0.01189250 -0.02120573 -0.02273255
v 0.01126745 -0.02120575 -0.02165005
v 0.01314250 -0.02120570 -0.02273248
v 0.01360001 -0.02120569 -0.02227493
v 0.01251751 -0.02120572 -0.02289999
v 0.02501631 -0.02045434 0.00000130
v 0.02609883 -0.02120538 0.00062635
v 0.02564127 -0.02120540 0.00108386
v 0.02626633 -0.02120538 0.00000136
v 0.02439127 -0.02120543 0.00108379
v 0.02393377 -0.02120544 0.00062624
v 0.02501627 -0.02120542 0.00125129
v 0.02393383 -0.02120544 -0.00062376
v 0.02439138 -0.02120543 -0.00108127
v 0.02376633 -0.02120545 0.00000123
v 0.02564139 -0.02120539 -0.00108121
v 0.02609889 -0.02120538 -0.00062365
v 0.02501640 -0.02120541 -0.00124871
v 0.01251519 -0.02045472 0.02165129
v 0.01359771 -0.02120576 0.02227634
v 0.01314016 -0.02120578 0.02273385
v 0.01376521 -0.02120576 0.02165135
v 0.01189016 -0.02120581 0.02273379
v 0.01143265 -0.02120582 0.02227623
v 0.01251515 -0.02120579 0.02290129
v 0.01143272 -0.02120582 0.02102623
v 0.01189027 -0.02120581 0.02056872
v 0.01126522 -0.02120583 0.02165122
v 0.01314027 -0.02120577 0.02056879
v 0.01359778 -0.02120576 0.02102634
v 0.01251528 -0.02120579 0.02040129
v -0.01248481 -0.02045540 0.02165000
v -0.01140229 -0.02120645 0.02227505
v -0.01185984 -0.02120646 0.02273256
v -0.01123479 -0.02120644 0.02165006
v -0.01310984 -0.02120649 0.02273250
v -0.01356735 -0.02120651 0.02227494
v -0.01248485 -0.02120648 0.02290000
v -0.01356728 -0.02120651 0.02102494
v -0.01310973 -0.02120649 0.02056743
v -0.01373478 -0.02120651 0.02164993
v -0.01185973 -0.02120646 0.02056750
v -0.01140222 -0.02120645 0.02102505
v -0.01248472 -0.02120647 0.02040000
v -0.02263204 -0.02520673 0.00646931
v -0.02283304 -0.02520674 0.00721930
v -0.02338211 -0.02520675 0.00776831
v -0.02413212 -0.02520677 0.00796923
v -0.02488211 -0.02520679 0.00776823
v -0.02543112 -0.02520681 0.00721917
v -0.02563204 -0.02520681 0.00646916
v -0.02543104 -0.02520680 0.00571917
v -0.02488197 -0.02520679 0.00517016
v -0.02413196 -0.02520677 0.00496923
v -0.02338197 -0.02520675 0.00517023
v -0.02283296 -0.02520673 0.00571930
v 0.02566492 -0.02520538 -0.00646916
v 0.02546392 -0.02520539 -0.00571917
v 0.02491485 -0.02520541 -0.00517016
v 0.02416484 -0.02520543 -0.00496923
v 0.02341485 -0.02520545 -0.00517023
v 0.02286584 -0.02520546 -0.00571930
v 0.02266492 -0.02520547 -0.00646931
v 0.02286592 -0.02520546 -0.00721930
v 0.02341499 -0.02520544 -0.00776831
v 0.02416500 -0.02520542 -0.00796923
v 0.02491499 -0.02520540 -0.00776823
v 0.02546400 -0.02520539 -0.00721917
v -0.02373356 -0.02520675 -0.00000122
v -0.02390106 -0.02520675 0.00062377
v -0.02435862 -0.02520677 0.00108128
v -0.02498363 -0.02520678 0.00124871
v -0.02560862 -0.02520680 0.00108121
v -0.02606612 -0.02520681 0.00062366
v -0.02623356 -0.02520682 -0.00000135
v -0.02606606 -0.02520681 -0.00062634
v -0.02560850 -0.02520680 -0.00108385
v -0.02498350 -0.02520678 -0.00125129
v -0.02435850 -0.02520676 -0.00108379
v -0.02390100 -0.02520675 -0.00062623
v -0.01123245 -0.02520637 -0.02165121
v -0.01139995 -0.02520637 -0.02102622
v -0.01185750 -0.02520639 -0.02056871
v -0.01248251 -0.02520640 -0.02040128
v -0.01310750 -0.02520642 -0.02056878
v -0.01356501 -0.02520643 -0.02102634
v -0.01373245 -0.02520644 -0.02165134
v -0.01356494 -0.02520643 -0.02227634
v -0.01310739 -0.02520642 -0.02273384
v -0.01248238 -0.02520640 -0.02290128
v -0.01185739 -0.02520638 -0.02273378
v -0.01139988 -0.02520637 -0.02227622
v 0.01376755 -0.02520568 -0.02164993
v 0.01360005 -0.02520569 -0.02102493
v 0.01314250 -0.02520570 -0.02056743
v 0.01251749 -0.02520572 -0.02039999
v 0.01189250 -0.02520574 -0.02056749
v 0.01143499 -0.02520575 -0.02102505
v 0.01126755 -0.02520575 -0.02165006
v 0.01143506 -0.02520575 -0.02227505
v 0.01189261 -0.02520573 -0.02273256
v 0.01251762 -0.02520572 -0.02289999
v 0.01314261 -0.02520570 -0.02273249
v 0.01360012 -0.02520569 -0.02227494
v 0.02626644 -0.02520538 0.00000135
v 0.02609894 -0.02520538 0.00062634
v 0.02564138 -0.02520540 0.00108385
v 0.02501637 -0.02520542 0.00125129
v 0.02439138 -0.02520543 0.00108379
v 0.02393388 -0.02520544 0.00062623
v 0.02376644 -0.02520545 0.00000122
v 0.02393394 -0.02520544 -0.00062377
v 0.02439149 -0.02520543 -0.00108128
v 0.02501650 -0.02520541 -0.00124871
v 0.02564150 -0.02520539 -0.00108121
v 0.02609900 -0.02520538 -0.00062366
v 0.01376532 -0.02520576 0.02165134
v 0.01359782 -0.02520576 0.02227634
v 0.01314027 -0.02520578 0.02273384
v 0.01251526 -0.02520579 0.02290128
v 0.01189027 -0.02520581 0.02273378
v 0.01143276 -0.02520582 0.02227622
v 0.01126532 -0.02520583 0.02165121
v 0.01143282 -0.02520582 0.02102622
v 0.01189038 -0.02520581 0.02056871
v 0.01251539 -0.02520579 0.02040128
v 0.01314038 -0.02520577 0.02056878
v 0.01359789 -0.02520576 0.02102634
v -0.01123468 -0.02520644 0.02165006
v -0.01140218 -0.02520645 0.02227505
v -0.01185973 -0.02520646 0.02273256
v -0.01248474 -0.02520648 0.02289999
v -0.01310973 -0.02520650 0.02273249
v -0.01356724 -0.02520651 0.02227494
v -0.01373468 -0.02520651 0.02164993
v -0.01356717 -0.02520650 0.02102493
v -0.01310962 -0.02520649 0.02056743
v -0.01248461 -0.02520647 0.02039999
v -0.01185962 -0.02520646 0.02056749
v -0.01140211 -0.02520645 0.02102505
v -0.01680517 0.01329345 -0.00566840
v -0.01763046 0.01329342 -0.00191996
v -0.01762941 -0.02520658 -0.00192002
v -0.01773461 0.01329342 -0.00000085
v -0.01762961 -0.02520658 0.00191820
v -0.01763066 0.01329342 0.00191827
v -0.01680470 -0.02520657 0.00566674
v -0.01680575 0.01329343 0.00566680
v -0.01519325 -0.02520653 0.00915030
v -0.01519430 0.01329347 0.00915036
v -0.01287061 -0.02520647 0.01220600
v -0.01287166 0.01329353 0.01220607
v -0.00994539 -0.02520639 0.01469097
v -0.00994644 0.01329360 0.01469103
v -0.00655436 -0.02520631 0.01648900
v -0.00655542 0.01329369 0.01648906
v -0.00285609 -0.02520621 0.01751602
v -0.00285715 0.01329379 0.01751609
v 0.00097649 -0.02520610 0.01772402
v 0.00097544 0.01329390 0.01772408
v 0.00476419 -0.02520600 0.01710326
v 0.00476313 0.01329400 0.01710332
v 0.00832988 -0.02520590 0.01568277
v 0.00832883 0.01329410 0.01568283
v 0.01150685 -0.02520581 0.01352897
v 0.01150580 0.01329419 0.01352903
v 0.01414654 -0.02520573 0.01074257
v 0.01414549 0.01329427 0.01074264
v 0.01612552 -0.02520567 0.00745386
v 0.01612446 0.01329433 0.00745393
v 0.01735126 -0.02520563 0.00381662
v 0.01735020 0.01329437 0.00381668
v 0.01776644 -0.02520561 0.00000091
v 0.01776539 0.01329439 0.00000098
v 0.01735165 -0.02520562 -0.00381483
v 0.01735060 0.01329438 -0.00381477
v 0.01612629 -0.02520564 -0.00745220
v 0.01612523 0.01329436 -0.00745214
v 0.01414764 -0.02520569 -0.01074111
v 0.01414659 0.01329431 -0.01074105
v 0.01150824 -0.02520576 -0.01352778
v 0.01150719 0.01329424 -0.01352772
v 0.00833150 -0.02520584 -0.01568191
v 0.00833044 0.01329416 -0.01568185
v 0.00476595 -0.02520594 -0.01710277
v 0.00476490 0.01329406 -0.01710270
v 0.00097832 -0.02520604 -0.01772392
v 0.00097726 0.01329396 -0.01772385
v -0.00285429 -0.02520615 -0.01751632
v -0.00285534 0.01329385 -0.01751625
v -0.00655266 -0.02520625 -0.01648968
v -0.00655372 0.01329375 -0.01648961
v -0.00994387 -0.02520634 -0.01469199
v -0.00994493 0.01329365 -0.01469193
v -0.01286935 -0.02520643 -0.01220733
v -0.01287040 0.01329357 -0.01220726
v -0.01519230 -0.02520650 -0.00915186
v -0.01519336 0.01329350 -0.00915180
v -0.01680411 -0.02520655 -0.00566847
v 0.01064316 0.01329424 -0.02644422
v 0.00602118 0.01329411 -0.02785995
v 0.00122643 0.01329398 -0.02847419
v -0.00360317 0.01329385 -0.02826928
v 0.02688788 0.01329465 -0.00949303
v 0.02489701 0.01329461 -0.01389796
v 0.02219033 0.01329454 -0.01790306
v 0.01884572 0.01329445 -0.02139313
v 0.01495939 0.01329435 -0.02426775
v -0.00832866 0.01329372 -0.02725112
v -0.01281411 0.01329360 -0.02544898
v -0.01693048 0.01329348 -0.02291472
v -0.02055935 0.01329337 -0.01972125
v -0.02838207 0.01329312 0.00241557
v -0.02756537 0.01329314 0.00718002
v -0.02595523 0.01329317 0.01173791
v -0.02359796 0.01329323 0.01595813
v -0.02056138 0.01329331 0.01971926
v -0.02359632 0.01329328 -0.01596043
v -0.02595402 0.01329321 -0.01174046
v -0.02756463 0.01329316 -0.00718273
v -0.02838182 0.01329313 -0.00241837
v 0.02688690 0.01329462 0.00949593
v 0.02810519 0.01329466 0.00481804
v 0.02851539 0.01329468 0.00000153
v 0.02810569 0.01329468 -0.00481501
v 0.01064043 0.01329415 0.02644545
v 0.01495689 0.01329427 0.02426942
v 0.01884351 0.01329438 0.02139520
v 0.02218848 0.01329448 0.01790548
v 0.02489557 0.01329456 0.01390065
v -0.01693284 0.01329340 0.02291311
v -0.01281673 0.01329351 0.02544779
v -0.00833147 0.01329363 0.02725039
v -0.00360608 0.01329376 0.02826904
v 0.00122349 0.01329389 0.02847445
v 0.00601831 0.01329402 0.02786070
v -0.02593247 -0.02520680 -0.00311157
v 0.01884457 -0.02520562 0.02139513
v 0.02021453 -0.02520558 0.01907636
v 0.02218954 -0.02520552 0.01790541
v 0.00602223 -0.02520589 -0.02786002
v 0.01064421 -0.02520576 -0.02644429
v 0.00001776 -0.02520605 -0.02570032
v 0.02219138 -0.02520546 -0.01790313
v 0.02021649 -0.02520551 -0.01907428
v 0.01884677 -0.02520555 -0.02139319
v 0.02810625 -0.02520534 0.00481797
v 0.02321567 -0.02520546 -0.00310904
v 0.02321535 -0.02520547 0.00311143
v 0.02810674 -0.02520532 -0.00481508
v 0.02851644 -0.02520532 0.00000147
v 0.02688893 -0.02520535 -0.00949310
v 0.02021567 -0.02520554 -0.00310920
v 0.02489806 -0.02520539 -0.01389802
v 0.01496045 -0.02520565 -0.02426781
v 0.00001742 -0.02520606 -0.01907532
v 0.01576742 -0.02520563 -0.01907451
v -0.00832761 -0.02520628 -0.02725118
v -0.00360211 -0.02520615 -0.02826935
v 0.00122748 -0.02520602 -0.02847426
v -0.01281306 -0.02520641 -0.02544905
v -0.01692943 -0.02520652 -0.02291479
v -0.02055829 -0.02520663 -0.01972132
v -0.02018165 -0.02520662 -0.01907636
v -0.02595297 -0.02520679 -0.01174052
v -0.02018247 -0.02520664 -0.00311128
v -0.02359526 -0.02520672 -0.01596050
v -0.02838101 -0.02520688 0.00241551
v -0.02838076 -0.02520687 -0.00241843
v -0.02756358 -0.02520684 -0.00718280
v -0.02593279 -0.02520681 0.00310890
v -0.02756432 -0.02520686 0.00717995
v -0.02595418 -0.02520683 0.01173785
v -0.02020894 -0.02520669 0.02007945
v -0.02056032 -0.02520669 0.01971920
v -0.02018362 -0.02520668 0.01907428
v -0.02359691 -0.02520677 0.01595807
v -0.02018279 -0.02520666 0.00310920
v 0.00001546 -0.02520613 0.01907532
v -0.01693179 -0.02520660 0.02291304
v -0.01281568 -0.02520649 0.02544773
v 0.01576546 -0.02520570 0.01907613
v -0.00833041 -0.02520637 0.02725032
v -0.00360502 -0.02520625 0.02826898
v 0.00001170 -0.02520615 0.02850000
v 0.00122455 -0.02520611 0.02847438
v 0.00601936 -0.02520598 0.02786063
v 0.01064149 -0.02520585 0.02644539
v 0.01495795 -0.02520573 0.02426935
v 0.02688796 -0.02520538 0.00949587
v 0.02489663 -0.02520544 0.01390059
v 0.02021535 -0.02520555 0.00311128
v -0.02327681 0.01449325 0.00552643
v -0.02327680 0.01409325 0.00552643
v -0.02277680 0.01435929 0.00539248
v -0.02277679 0.01422724 0.00539248
v -0.02277684 0.01622724 0.00526043
v -0.02327683 0.01609325 0.00512643
v -0.02277684 0.01635929 0.00526043
v -0.02327684 0.01649325 0.00512643
v -0.02277679 0.01435929 0.00526043
v -0.02277679 0.01422724 0.00526043
v -0.02327677 0.01409325 0.00512643
v -0.02327679 0.01449325 0.00512643
v -0.02657680 0.01409316 0.00552626
v -0.02657681 0.01449316 0.00552626
v -0.02277685 0.01635929 0.00539249
v -0.02277685 0.01622724 0.00539249
v -0.02327686 0.01649325 0.00552643
v -0.02327685 0.01609325 0.00552643
v -0.02657684 0.01649316 0.00512626
v -0.02657683 0.01609316 0.00512626
v -0.02657677 0.01409316 0.00512626
v -0.02657679 0.01449316 0.00512626
v -0.02657686 0.01649316 0.00552626
v -0.02657685 0.01609316 0.00552626
v -0.02756966 0.01269314 0.00414610
v -0.02754644 0.01269314 0.00414610
v -0.02755407 0.01269314 0.00420277
v -0.02763636 0.01269314 0.00422771
v -0.02763881 0.01269314 0.00421039
v -0.02755983 0.01269314 0.00422792
v -0.02763387 0.01269314 0.00418487
v -0.02759696 0.01269314 0.00415065
v -0.02761905 0.01269314 0.00416429
v -0.02763286 0.01269314 0.00418265
v -0.02756898 0.01269314 0.00424384
v -0.02758229 0.01269314 0.00425233
v -0.02759965 0.01269314 0.00425510
v -0.02761739 0.01269314 0.00425109
v -0.02762789 0.01269314 0.00424279
v -0.02709152 0.01269315 0.00366758
v -0.02689569 0.01269316 0.00354255
v -0.02686208 0.01269316 0.00356777
v -0.02705617 0.01269315 0.00356681
v -0.02701395 0.01269315 0.00353964
v -0.02708268 0.01269315 0.00361008
v -0.02695756 0.01269316 0.00353059
v -0.02690196 0.01269316 0.00353989
v -0.02683020 0.01269316 0.00371680
v -0.02709153 0.01269315 0.00371679
v -0.02683020 0.01269316 0.00366560
v -0.02683814 0.01269316 0.00361084
v -0.02699914 0.01269315 0.00337099
v -0.02699914 0.01269315 0.00325722
v -0.02685825 0.01269316 0.00332031
v -0.02685825 0.01269316 0.00330844
v -0.02684784 0.01269316 0.00331731
v -0.02684858 0.01269316 0.00331104
v -0.02683375 0.01269316 0.00331425
v -0.02762923 0.01269314 0.00324307
v -0.02743339 0.01269314 0.00311804
v -0.02739978 0.01269314 0.00314326
v -0.02759387 0.01269314 0.00314230
v -0.02755165 0.01269314 0.00311513
v -0.02762039 0.01269314 0.00318557
v -0.02749527 0.01269314 0.00310609
v -0.02743966 0.01269314 0.00311538
v -0.02736791 0.01269314 0.00329230
v -0.02762923 0.01269314 0.00329228
v -0.02736790 0.01269314 0.00324109
v -0.02737585 0.01269314 0.00318633
v -0.02753685 0.01269314 0.00294648
v -0.02753684 0.01269314 0.00283271
v -0.02739596 0.01269314 0.00289580
v -0.02739596 0.01269314 0.00288393
v -0.02738555 0.01269315 0.00289280
v -0.02738629 0.01269315 0.00288653
v -0.02737146 0.01269315 0.00288974
v -0.02767105 0.01269313 0.00586271
v -0.02768364 0.01269313 0.00581571
v -0.02767105 0.01269313 0.00576872
v -0.02750825 0.01269314 0.00576873
v -0.02749566 0.01269314 0.00581572
v -0.02754265 0.01269314 0.00573432
v -0.02750826 0.01269314 0.00586272
v -0.02758965 0.01269313 0.00572173
v -0.02763664 0.01269313 0.00573432
v -0.02758966 0.01269313 0.00590971
v -0.02763665 0.01269313 0.00589711
v -0.02754266 0.01269314 0.00589712
v -0.02657670 0.01329316 0.00417626
v -0.02657681 0.01729316 0.00417627
v -0.02657694 0.01729316 0.00657627
v -0.02657683 0.01329316 0.00657626
v -0.02159560 0.01516831 -0.00367348
v -0.02557635 0.01516821 -0.00367369
v -0.02557633 0.01430452 -0.00367369
v -0.02257633 0.01430460 -0.00367353
v -0.02241983 0.01431708 -0.00367358
v -0.02224104 0.01436322 -0.00367363
v -0.02213842 0.01440690 -0.00367361
v -0.02207192 0.01444298 -0.00367357
v -0.02191758 0.01455605 -0.00367350
v -0.02180370 0.01467649 -0.00367371
v -0.02170965 0.01481767 -0.00367383
v -0.02163604 0.01498790 -0.00367366
v -0.02557633 0.01429320 -0.00352369
v -0.02557637 0.01516820 -0.00337369
v -0.02557634 0.01430452 -0.00337369
v -0.02161479 0.01506340 -0.00337341
v -0.02203062 0.01446888 -0.00337346
v -0.02159561 0.01516831 -0.00337348
v -0.02213843 0.01440690 -0.00337341
v -0.02220184 0.01437830 -0.00337340
v -0.02257634 0.01430460 -0.00337353
v -0.02238739 0.01432284 -0.00337345
v -0.02168003 0.01487617 -0.00337318
v -0.02177837 0.01470967 -0.00337322
v -0.02189069 0.01458101 -0.00337347
v -0.02198583 0.01500547 -0.00276959
v -0.02190445 0.01516825 -0.00279353
v -0.02195195 0.01516828 -0.00275251
v -0.02215692 0.01514343 -0.00262820
v -0.02181130 0.01516774 -0.00289193
v -0.02175376 0.01508862 -0.00299303
v -0.02171782 0.01516757 -0.00302643
v -0.02166082 0.01502081 -0.00322768
v -0.02164027 0.01516799 -0.00319484
v -0.02177357 0.01479659 -0.00319367
v -0.02194130 0.01460897 -0.00316521
v -0.02215251 0.01447079 -0.00314426
v -0.02239275 0.01439152 -0.00313225
v -0.02257636 0.01437126 -0.00313642
v -0.02257636 0.01437414 -0.00312962
v -0.02241141 0.01452321 -0.00290728
v -0.02257637 0.01450759 -0.00290492
v -0.02248170 0.01516871 -0.00253585
v -0.02257641 0.01516829 -0.00253138
v -0.02248046 0.01493178 -0.00259611
v -0.02257640 0.01492269 -0.00259474
v -0.02257639 0.01469470 -0.00272247
v -0.02185507 0.01488716 -0.00296247
v -0.02235493 0.01497320 -0.00260239
v -0.02244132 0.01470749 -0.00272441
v -0.02226459 0.01476580 -0.00273324
v -0.02219555 0.01459443 -0.00291808
v -0.02200577 0.01471858 -0.00293690
v -0.02210922 0.01486745 -0.00274866
v -0.02224457 0.01504540 -0.00261333
v -0.02210797 0.01516782 -0.00264896
v -0.02228883 0.01516827 -0.00257396
v -0.02257638 0.01459301 -0.00280966
v -0.02188131 0.01516815 -0.00423152
v -0.02175371 0.01508862 -0.00405395
v -0.02185501 0.01488716 -0.00408452
v -0.02239271 0.01439152 -0.00391480
v -0.02248037 0.01493178 -0.00445095
v -0.02244124 0.01470749 -0.00432265
v -0.02257630 0.01492270 -0.00445233
v -0.02257630 0.01469470 -0.00432459
v -0.02257631 0.01459301 -0.00423740
v -0.02241134 0.01452321 -0.00413977
v -0.02257631 0.01450759 -0.00414214
v -0.02257632 0.01437414 -0.00391745
v -0.02257632 0.01437126 -0.00391065
v -0.02215247 0.01447079 -0.00390276
v -0.02194126 0.01460897 -0.00388179
v -0.02177354 0.01479659 -0.00385332
v -0.02166079 0.01502081 -0.00381929
v -0.02161873 0.01516818 -0.00378292
v -0.02167678 0.01516773 -0.00394185
v -0.02177425 0.01516760 -0.00410733
v -0.02257631 0.01516829 -0.00451569
v -0.02252099 0.01516857 -0.00451418
v -0.02238385 0.01516829 -0.00449683
v -0.02215683 0.01514344 -0.00441882
v -0.02198575 0.01500547 -0.00427741
v -0.02224447 0.01504540 -0.00443370
v -0.02210914 0.01486745 -0.00429836
v -0.02235484 0.01497320 -0.00444466
v -0.02226451 0.01476580 -0.00431379
v -0.02219549 0.01459443 -0.00412895
v -0.02200571 0.01471858 -0.00411011
v -0.02220213 0.01516818 -0.00444239
v -0.02202655 0.01516798 -0.00434937
v -0.02190418 0.01516826 -0.00425329
v -0.02161479 0.01552323 -0.00367355
v -0.02203065 0.01611773 -0.00367354
v -0.02159561 0.01541831 -0.00367348
v -0.02213846 0.01617970 -0.00367360
v -0.02220187 0.01620829 -0.00367362
v -0.02557638 0.01628189 -0.00367368
v -0.02557636 0.01541821 -0.00367369
v -0.02257638 0.01628197 -0.00367353
v -0.02238743 0.01626375 -0.00367359
v -0.02168004 0.01571045 -0.00367379
v -0.02177839 0.01587695 -0.00367376
v -0.02189072 0.01600560 -0.00367352
v -0.02198577 0.01558114 -0.00427741
v -0.02190438 0.01541836 -0.00425346
v -0.02195187 0.01541833 -0.00429449
v -0.02215684 0.01544316 -0.00441882
v -0.02181125 0.01541887 -0.00415506
v -0.02175372 0.01549800 -0.00405395
v -0.02171778 0.01541905 -0.00402054
v -0.02166080 0.01556582 -0.00381929
v -0.02164025 0.01541863 -0.00385213
v -0.02177356 0.01579003 -0.00385332
v -0.02194130 0.01597764 -0.00388179
v -0.02215252 0.01611581 -0.00390276
v -0.02239276 0.01619506 -0.00391480
v -0.02257637 0.01621532 -0.00391065
v -0.02257637 0.01621244 -0.00391744
v -0.02241138 0.01606338 -0.00413976
v -0.02257635 0.01607899 -0.00414214
v -0.02248161 0.01541787 -0.00451121
v -0.02257632 0.01541829 -0.00451569
v -0.02248039 0.01565480 -0.00445094
v -0.02257632 0.01566388 -0.00445233
v -0.02257634 0.01589187 -0.00432459
v -0.02185503 0.01569946 -0.00408452
v -0.02235485 0.01561339 -0.00444465
v -0.02244127 0.01587910 -0.00432264
v -0.02226454 0.01582079 -0.00431379
v -0.02219552 0.01599217 -0.00412895
v -0.02200574 0.01586803 -0.00411010
v -0.02210916 0.01571915 -0.00429836
v -0.02224449 0.01554120 -0.00443370
v -0.02210789 0.01541878 -0.00439805
v -0.02228874 0.01541832 -0.00447308
v -0.02257635 0.01599357 -0.00423740
v -0.02188139 0.01541846 -0.00281547
v -0.02175377 0.01549800 -0.00299303
v -0.02185509 0.01569945 -0.00296247
v -0.02224110 0.01622337 -0.00337340
v -0.02241990 0.01626951 -0.00337347
v -0.02239280 0.01619506 -0.00313224
v -0.02248048 0.01565480 -0.00259611
v -0.02244136 0.01587909 -0.00272440
v -0.02257642 0.01566388 -0.00259474
v -0.02257642 0.01589187 -0.00272247
v -0.02257642 0.01599357 -0.00280966
v -0.02241145 0.01606338 -0.00290728
v -0.02257642 0.01607898 -0.00290492
v -0.02257641 0.01621243 -0.00312962
v -0.02257641 0.01621532 -0.00313641
v -0.02257640 0.01628197 -0.00337353
v -0.02215256 0.01611581 -0.00314426
v -0.02213848 0.01617970 -0.00337341
v -0.02207198 0.01614362 -0.00337344
v -0.02194133 0.01597764 -0.00316521
v -0.02191763 0.01603056 -0.00337350
v -0.02180375 0.01591013 -0.00337328
v -0.02177360 0.01579003 -0.00319366
v -0.02170969 0.01576896 -0.00337315
v -0.02166083 0.01556582 -0.00322768
v -0.02163608 0.01559873 -0.00337331
v -0.02159562 0.01541831 -0.00337348
v -0.02161876 0.01541845 -0.00326405
v -0.02167683 0.01541889 -0.00310512
v -0.02177432 0.01541902 -0.00293965
v -0.02257642 0.01541829 -0.00253137
v -0.02252110 0.01541801 -0.00253288
v -0.02238395 0.01541829 -0.00255021
v -0.02215693 0.01544316 -0.00262820
v -0.02198585 0.01558114 -0.00276959
v -0.02224458 0.01554119 -0.00261333
v -0.02210924 0.01571915 -0.00274865
v -0.02235495 0.01561339 -0.00260238
v -0.02226462 0.01582079 -0.00273324
v -0.02219559 0.01599216 -0.00291807
v -0.02200580 0.01586802 -0.00293690
v -0.02220223 0.01541842 -0.00260464
v -0.02202664 0.01541862 -0.00269764
v -0.02190426 0.01541836 -0.00279371
v -0.02557637 0.01541821 -0.00337369
v -0.02557640 0.01628189 -0.00337368
v -0.02557639 0.01629321 -0.00352368
v -0.02161505 0.01552322 0.00132645
v -0.02203091 0.01611772 0.00132646
v -0.02159586 0.01541831 0.00132652
v -0.02213872 0.01617969 0.00132640
v -0.02220213 0.01620828 0.00132638
v -0.02557664 0.01628188 0.00132632
v -0.02557662 0.01541820 0.00132631
v -0.02257664 0.01628197 0.00132647
v -0.02238769 0.01626374 0.00132641
v -0.02168030 0.01571045 0.00132621
v -0.02177864 0.01587695 0.00132624
v -0.02189097 0.01600559 0.00132648
v -0.02198602 0.01558113 0.00072259
v -0.02190464 0.01541835 0.00074654
v -0.02195213 0.01541832 0.00070551
v -0.02215710 0.01544316 0.00058118
v -0.02181150 0.01541886 0.00084494
v -0.02175397 0.01549799 0.00094605
v -0.02171804 0.01541904 0.00097946
v -0.02166106 0.01556581 0.00118071
v -0.02164051 0.01541862 0.00114787
v -0.02177382 0.01579002 0.00114668
v -0.02194155 0.01597764 0.00111821
v -0.02215278 0.01611580 0.00109724
v -0.02239302 0.01619506 0.00108520
v -0.02257662 0.01621531 0.00108935
v -0.02257662 0.01621243 0.00108256
v -0.02241164 0.01606337 0.00086024
v -0.02257661 0.01607898 0.00085786
v -0.02248187 0.01541786 0.00048879
v -0.02257657 0.01541828 0.00048431
v -0.02248064 0.01565479 0.00054906
v -0.02257658 0.01566387 0.00054767
v -0.02257659 0.01589186 0.00067541
v -0.02185529 0.01569945 0.00091548
v -0.02235511 0.01561338 0.00055535
v -0.02244153 0.01587909 0.00067736
v -0.02226480 0.01582078 0.00068621
v -0.02219578 0.01599216 0.00087105
v -0.02200600 0.01586802 0.00088990
v -0.02210942 0.01571915 0.00070164
v -0.02224474 0.01554119 0.00056630
v -0.02210815 0.01541877 0.00060195
v -0.02228899 0.01541831 0.00052692
v -0.02257660 0.01599356 0.00076260
v -0.02188165 0.01541845 0.00218453
v -0.02175403 0.01549799 0.00200697
v -0.02185535 0.01569945 0.00203753
v -0.02224136 0.01622337 0.00162660
v -0.02242016 0.01626950 0.00162653
v -0.02239306 0.01619506 0.00186776
v -0.02248074 0.01565479 0.00240389
v -0.02244161 0.01587909 0.00227560
v -0.02257668 0.01566387 0.00240526
v -0.02257668 0.01589186 0.00227753
v -0.02257668 0.01599356 0.00219034
v -0.02241170 0.01606337 0.00209272
v -0.02257667 0.01607898 0.00209508
v -0.02257667 0.01621243 0.00187038
v -0.02257667 0.01621531 0.00186359
v -0.02257665 0.01628196 0.00162647
v -0.02215282 0.01611580 0.00185574
v -0.02213874 0.01617969 0.00162659
v -0.02207224 0.01614362 0.00162656
v -0.02194159 0.01597763 0.00183479
v -0.02191789 0.01603055 0.00162650
v -0.02180401 0.01591012 0.00162672
v -0.02177385 0.01579002 0.00180634
v -0.02170995 0.01576895 0.00162685
v -0.02166109 0.01556581 0.00177232
v -0.02163633 0.01559872 0.00162669
v -0.02159588 0.01541831 0.00162652
v -0.02161902 0.01541844 0.00173595
v -0.02167709 0.01541888 0.00189488
v -0.02177458 0.01541901 0.00206035
v -0.02257667 0.01541828 0.00246863
v -0.02252136 0.01541800 0.00246712
v -0.02238421 0.01541828 0.00244979
v -0.02215719 0.01544315 0.00237180
v -0.02198610 0.01558113 0.00223041
v -0.02224484 0.01554119 0.00238667
v -0.02210950 0.01571914 0.00225135
v -0.02235520 0.01561338 0.00239761
v -0.02226488 0.01582078 0.00226676
v -0.02219584 0.01599216 0.00208193
v -0.02200606 0.01586802 0.00206310
v -0.02220248 0.01541841 0.00239536
v -0.02202690 0.01541861 0.00230236
v -0.02190452 0.01541835 0.00220629
v -0.02557663 0.01541820 0.00162631
v -0.02557665 0.01628188 0.00162632
v -0.02557665 0.01629320 0.00147632
v -0.02159586 0.01516831 0.00132652
v -0.02557661 0.01516820 0.00132631
v -0.02557659 0.01430451 0.00132631
v -0.02257659 0.01430459 0.00132647
v -0.02242009 0.01431707 0.00132642
v -0.02224129 0.01436321 0.00132637
v -0.02213868 0.01440689 0.00132639
v -0.02207218 0.01444297 0.00132643
v -0.02191783 0.01455605 0.00132650
v -0.02180396 0.01467648 0.00132630
v -0.02170990 0.01481766 0.00132617
v -0.02163630 0.01498789 0.00132634
v -0.02557659 0.01429320 0.00147631
v -0.02557663 0.01516820 0.00162631
v -0.02557660 0.01430451 0.00162631
v -0.02161505 0.01506339 0.00162659
v -0.02203088 0.01446887 0.00162654
v -0.02159587 0.01516831 0.00162652
v -0.02213869 0.01440689 0.00162659
v -0.02220210 0.01437830 0.00162660
v -0.02257660 0.01430459 0.00162647
v -0.02238765 0.01432283 0.00162655
v -0.02168029 0.01487616 0.00162682
v -0.02177863 0.01470966 0.00162678
v -0.02189095 0.01458100 0.00162653
v -0.02198609 0.01500546 0.00223041
v -0.02190471 0.01516824 0.00220647
v -0.02195220 0.01516827 0.00224749
v -0.02215718 0.01514343 0.00237180
v -0.02181156 0.01516774 0.00210807
v -0.02175402 0.01508861 0.00200697
v -0.02171808 0.01516756 0.00197357
v -0.02166107 0.01502080 0.00177232
v -0.02164053 0.01516799 0.00180516
v -0.02177383 0.01479658 0.00180633
v -0.02194155 0.01460896 0.00183479
v -0.02215277 0.01447078 0.00185574
v -0.02239301 0.01439151 0.00186775
v -0.02257662 0.01437125 0.00186358
v -0.02257662 0.01437413 0.00187038
v -0.02241166 0.01452320 0.00209272
v -0.02257663 0.01450758 0.00209508
v -0.02248196 0.01516870 0.00246415
v -0.02257667 0.01516828 0.00246862
v -0.02248072 0.01493177 0.00240389
v -0.02257666 0.01492269 0.00240526
v -0.02257665 0.01469469 0.00227753
v -0.02185533 0.01488715 0.00203753
v -0.02235519 0.01497319 0.00239761
v -0.02244158 0.01470748 0.00227559
v -0.02226485 0.01476579 0.00226676
v -0.02219580 0.01459442 0.00208193
v -0.02200603 0.01471857 0.00206310
v -0.02210947 0.01486744 0.00225134
v -0.02224482 0.01504539 0.00238667
v -0.02210823 0.01516781 0.00235104
v -0.02228908 0.01516826 0.00242604
v -0.02257664 0.01459300 0.00219034
v -0.02188157 0.01516814 0.00076848
v -0.02175396 0.01508861 0.00094605
v -0.02185527 0.01488715 0.00091548
v -0.02239297 0.01439151 0.00108520
v -0.02248063 0.01493177 0.00054905
v -0.02244150 0.01470748 0.00067735
v -0.02257656 0.01492269 0.00054767
v -0.02257656 0.01469470 0.00067541
v -0.02257656 0.01459300 0.00076260
v -0.02241160 0.01452320 0.00086023
v -0.02257657 0.01450758 0.00085786
v -0.02257657 0.01437413 0.00108255
v -0.02257657 0.01437125 0.00108935
v -0.02215273 0.01447078 0.00109724
v -0.02194152 0.01460896 0.00111821
v -0.02177379 0.01479658 0.00114668
v -0.02166105 0.01502080 0.00118071
v -0.02161898 0.01516817 0.00121708
v -0.02167704 0.01516773 0.00105815
v -0.02177451 0.01516759 0.00089267
v -0.02257656 0.01516828 0.00048431
v -0.02252125 0.01516856 0.00048582
v -0.02238410 0.01516829 0.00050317
v -0.02215709 0.01514343 0.00058118
v -0.02198601 0.01500546 0.00072259
v -0.02224473 0.01504539 0.00056630
v -0.02210939 0.01486744 0.00070164
v -0.02235509 0.01497319 0.00055534
v -0.02226477 0.01476579 0.00068621
v -0.02219574 0.01459442 0.00087105
v -0.02200597 0.01471857 0.00088989
v -0.02220238 0.01516817 0.00055761
v -0.02202681 0.01516798 0.00065063
v -0.02190444 0.01516825 0.00074672
v -0.02756898 0.01268314 0.00424384
v -0.02755983 0.01268314 0.00422792
v -0.02755407 0.01268314 0.00420277
v -0.02754644 0.01268314 0.00414610
v -0.02756966 0.01268314 0.00414610
v -0.02759696 0.01268314 0.00415065
v -0.02761905 0.01268314 0.00416429
v -0.02763286 0.01268314 0.00418265
v -0.02763387 0.01268314 0.00418487
v -0.02763881 0.01268314 0.00421039
v -0.02763636 0.01268314 0.00422771
v -0.02762789 0.01268314 0.00424279
v -0.02761739 0.01268314 0.00425109
v -0.02759965 0.01268314 0.00425510
v -0.02758229 0.01268314 0.00425233
v -0.02683020 0.01268316 0.00366560
v -0.02683020 0.01268316 0.00371680
v -0.02683814 0.01268316 0.00361084
v -0.02686208 0.01268316 0.00356777
v -0.02689569 0.01268316 0.00354255
v -0.02690195 0.01268316 0.00353989
v -0.02695756 0.01268316 0.00353059
v -0.02701395 0.01268315 0.00353964
v -0.02705617 0.01268315 0.00356681
v -0.02708268 0.01268315 0.00361008
v -0.02709152 0.01268315 0.00366758
v -0.02709153 0.01268315 0.00371679
v -0.02699914 0.01268316 0.00337099
v -0.02699914 0.01268316 0.00325722
v -0.02685825 0.01268316 0.00330844
v -0.02683375 0.01268316 0.00331425
v -0.02684858 0.01268316 0.00331104
v -0.02685825 0.01268316 0.00332031
v -0.02684784 0.01268316 0.00331731
v -0.02736790 0.01268314 0.00324109
v -0.02736791 0.01268314 0.00329230
v -0.02737585 0.01268314 0.00318633
v -0.02739978 0.01268314 0.00314326
v -0.02743339 0.01268314 0.00311804
v -0.02743966 0.01268314 0.00311538
v -0.02749527 0.01268314 0.00310609
v -0.02755165 0.01268314 0.00311513
v -0.02759387 0.01268314 0.00314230
v -0.02762039 0.01268314 0.00318557
v -0.02762923 0.01268314 0.00324307
v -0.02762923 0.01268314 0.00329228
v -0.02753685 0.01268314 0.00294648
v -0.02753684 0.01268314 0.00283271
v -0.02739596 0.01268314 0.00288393
v -0.02737146 0.01268314 0.00288974
v -0.02738629 0.01268314 0.00288653
v -0.02739596 0.01268314 0.00289580
v -0.02738555 0.01268314 0.00289280
v -0.02768364 0.01268313 0.00581571
v -0.02767105 0.01268313 0.00586271
v -0.02763665 0.01268313 0.00589711
v -0.02758966 0.01268313 0.00590971
v -0.02754266 0.01268314 0.00589712
v -0.02750826 0.01268314 0.00586272
v -0.02749566 0.01268314 0.00581572
v -0.02750825 0.01268314 0.00576873
v -0.02754265 0.01268314 0.00573432
v -0.02758965 0.01268313 0.00572173
v -0.02763664 0.01268313 0.00573432
v -0.02767105 0.01268313 0.00576872
v -0.03187679 0.01422699 0.00539201
v -0.03137679 0.01409303 0.00552601
v -0.03187679 0.01435904 0.00539201
v -0.03137681 0.01449303 0.00552601
v -0.03187684 0.01635904 0.00525997
v -0.03137684 0.01649303 0.00512602
v -0.03187684 0.01622699 0.00525997
v -0.03137683 0.01609303 0.00512602
v -0.03187662 0.01581264 0.00117599
v -0.03187661 0.01564570 0.00099058
v -0.03187659 0.01541777 0.00088910
v -0.03187659 0.01529303 0.00087599
v -0.03187665 0.01529302 0.00207599
v -0.03187665 0.01553707 0.00202412
v -0.03187659 0.01516828 0.00088910
v -0.03187659 0.01494035 0.00099058
v -0.03187659 0.01477341 0.00117599
v -0.03187663 0.01588974 0.00141327
v -0.03187665 0.01586366 0.00166140
v -0.03187665 0.01573891 0.00187747
v -0.03187663 0.01484714 0.00187747
v -0.03187664 0.01504898 0.00202412
v -0.03187661 0.01472239 0.00166140
v -0.03187660 0.01469631 0.00141327
v -0.03187634 0.01541778 -0.00411090
v -0.03187633 0.01529303 -0.00412401
v -0.03187639 0.01529303 -0.00292401
v -0.03187633 0.01516829 -0.00411090
v -0.03187637 0.01484715 -0.00312253
v -0.03187639 0.01504899 -0.00297588
v -0.03187634 0.01469632 -0.00358673
v -0.03187636 0.01472240 -0.00333860
v -0.03187633 0.01477342 -0.00382401
v -0.03187633 0.01494036 -0.00400942
v -0.03187637 0.01588975 -0.00358673
v -0.03187636 0.01581265 -0.00382401
v -0.03187639 0.01586367 -0.00333860
v -0.03187635 0.01564571 -0.00400942
v -0.03187640 0.01573892 -0.00312253
v -0.03187640 0.01553707 -0.00297588
v -0.02157670 0.01329330 0.00417652
v -0.02157681 0.01729330 0.00417652
v -0.02157683 0.01329330 0.00657652
v -0.02157694 0.01729330 0.00657652
v -0.02427627 0.01499324 -0.00522362
v -0.02187627 0.01499331 -0.00522350
v -0.02427628 0.01559324 -0.00522362
v -0.02187628 0.01559331 -0.00522349
v -0.02057648 0.01694334 -0.00202343
v -0.02057653 0.01694334 -0.00122343
v -0.02657649 0.01694318 -0.00202373
v -0.02657653 0.01694317 -0.00122373
v -0.02657641 0.01516818 -0.00253158
v -0.02657631 0.01516818 -0.00451589
v -0.02657632 0.01437115 -0.00391086
v -0.02657633 0.01429318 -0.00352374
v -0.02657636 0.01437115 -0.00313662
v -0.02657630 0.01492385 -0.00445304
v -0.02657640 0.01492385 -0.00259444
v -0.02657638 0.01459290 -0.00280987
v -0.02657631 0.01459290 -0.00423761
v -0.02657632 0.01541818 -0.00451589
v -0.02657642 0.01541818 -0.00253158
v -0.02657642 0.01566250 -0.00259444
v -0.02657641 0.01621521 -0.00313662
v -0.02657639 0.01629318 -0.00352374
v -0.02657637 0.01621521 -0.00391085
v -0.02657633 0.01566251 -0.00445304
v -0.02657635 0.01599346 -0.00423761
v -0.02657642 0.01599346 -0.00280987
v -0.02657657 0.01541817 0.00048411
v -0.02657668 0.01541817 0.00246842
v -0.02657668 0.01566250 0.00240556
v -0.02657667 0.01621520 0.00186338
v -0.02657665 0.01629317 0.00147626
v -0.02657663 0.01621520 0.00108915
v -0.02657658 0.01566250 0.00054696
v -0.02657660 0.01599345 0.00076239
v -0.02657668 0.01599345 0.00219013
v -0.02657667 0.01516817 0.00246842
v -0.02657657 0.01516817 0.00048411
v -0.02657657 0.01437114 0.00108914
v -0.02657659 0.01429317 0.00147626
v -0.02657661 0.01437114 0.00186338
v -0.02657656 0.01492384 0.00054696
v -0.02657666 0.01492384 0.00240556
v -0.02657664 0.01459289 0.00219013
v -0.02657656 0.01459289 0.00076239
v -0.02751213 0.01268314 0.00410365
v -0.02766792 0.01268313 0.00414609
v -0.02766792 0.01268314 0.00410364
v -0.02762868 0.01268314 0.00414614
v -0.02754100 0.01268314 0.00426763
v -0.02752409 0.01268314 0.00421785
v -0.02751404 0.01268314 0.00414610
v -0.02748736 0.01268314 0.00414938
v -0.02746075 0.01268314 0.00411352
v -0.02746933 0.01268314 0.00415859
v -0.02743575 0.01268314 0.00413405
v -0.02745916 0.01268314 0.00417211
v -0.02742250 0.01268314 0.00416610
v -0.02745477 0.01268314 0.00419515
v -0.02742029 0.01268314 0.00419116
v -0.02746214 0.01268314 0.00423675
v -0.02742590 0.01268314 0.00423567
v -0.02748406 0.01268314 0.00427451
v -0.02744282 0.01268314 0.00427452
v -0.02756129 0.01268314 0.00428756
v -0.02759319 0.01268314 0.00429771
v -0.02760312 0.01268314 0.00429816
v -0.02763223 0.01268314 0.00429296
v -0.02763635 0.01268314 0.00429112
v -0.02765458 0.01268314 0.00427737
v -0.02766886 0.01268313 0.00425298
v -0.02767364 0.01268313 0.00422139
v -0.02766370 0.01268314 0.00417982
v -0.02765728 0.01268314 0.00417006
v -0.02766794 0.01268313 0.00452110
v -0.02766793 0.01268313 0.00433880
v -0.02762929 0.01268314 0.00433880
v -0.02762929 0.01268314 0.00447735
v -0.02751527 0.01268314 0.00447735
v -0.02732898 0.01268314 0.00452112
v -0.02736796 0.01268314 0.00434652
v -0.02732897 0.01268314 0.00434653
v -0.02736797 0.01268314 0.00447736
v -0.02747645 0.01268314 0.00447735
v -0.02747644 0.01268314 0.00435614
v -0.02751526 0.01268314 0.00435613
v -0.02684512 0.01268316 0.00407474
v -0.02679937 0.01268316 0.00407474
v -0.02683000 0.01268316 0.00411290
v -0.02678900 0.01268316 0.00411068
v -0.02682502 0.01268316 0.00415463
v -0.02678551 0.01268316 0.00415506
v -0.02683441 0.01268316 0.00420604
v -0.02679799 0.01268316 0.00422395
v -0.02686263 0.01268316 0.00424699
v -0.02683543 0.01268316 0.00427957
v -0.02690708 0.01268316 0.00427370
v -0.02689329 0.01268316 0.00431630
v -0.02696453 0.01268315 0.00428260
v -0.02696713 0.01268315 0.00432852
v -0.02701912 0.01268315 0.00427428
v -0.02703586 0.01268315 0.00431766
v -0.02706123 0.01268315 0.00424932
v -0.02708965 0.01268315 0.00428502
v -0.02708798 0.01268315 0.00421091
v -0.02712435 0.01268315 0.00423413
v -0.02709692 0.01268315 0.00416224
v -0.02713591 0.01268315 0.00416856
v -0.02709122 0.01268315 0.00411520
v -0.02713097 0.01268315 0.00411690
v -0.02707421 0.01268315 0.00407473
v -0.02711615 0.01268315 0.00407473
v -0.02742580 0.01268314 0.00362813
v -0.02742581 0.01268314 0.00367215
v -0.02770446 0.01268313 0.00373799
v -0.02760811 0.01268314 0.00373825
v -0.02762009 0.01268314 0.00374168
v -0.02742581 0.01268314 0.00381304
v -0.02742581 0.01268314 0.00386052
v -0.02760777 0.01268314 0.00374978
v -0.02766738 0.01268314 0.00376554
v -0.02762803 0.01268314 0.00374397
v -0.02774378 0.01268313 0.00375850
v -0.02771140 0.01268313 0.00378417
v -0.02777372 0.01268313 0.00379075
v -0.02773705 0.01268313 0.00380225
v -0.02774094 0.01268313 0.00380824
v -0.02778193 0.01268313 0.00382437
v -0.02774554 0.01268313 0.00382767
v -0.02778104 0.01268313 0.00383923
v -0.02774435 0.01268313 0.00383951
v -0.02777847 0.01268313 0.00385175
v -0.02774069 0.01268313 0.00385175
v -0.02679125 0.01268316 0.00447739
v -0.02679125 0.01268316 0.00452115
v -0.02709156 0.01268315 0.00447737
v -0.02713021 0.01268315 0.00452113
v -0.02709156 0.01268315 0.00434238
v -0.02713020 0.01268315 0.00434238
v -0.02713018 0.01268315 0.00400688
v -0.02713018 0.01268315 0.00382458
v -0.02709153 0.01268315 0.00382458
v -0.02709154 0.01268315 0.00396313
v -0.02697751 0.01268315 0.00396313
v -0.02679122 0.01268316 0.00400690
v -0.02683021 0.01268316 0.00383230
v -0.02679121 0.01268316 0.00383231
v -0.02683021 0.01268316 0.00396314
v -0.02693869 0.01268316 0.00396314
v -0.02693869 0.01268316 0.00384192
v -0.02697751 0.01268315 0.00384191
v -0.02688861 0.01268316 0.00349738
v -0.02695635 0.01268316 0.00348459
v -0.02702731 0.01268315 0.00349737
v -0.02708268 0.01268315 0.00353570
v -0.02711831 0.01268315 0.00359416
v -0.02713017 0.01268315 0.00366731
v -0.02713017 0.01268315 0.00376055
v -0.02679121 0.01268316 0.00376056
v -0.02679121 0.01268316 0.00366387
v -0.02680240 0.01268316 0.00359329
v -0.02683608 0.01268316 0.00353571
v -0.02679119 0.01268316 0.00333669
v -0.02713016 0.01268315 0.00346577
v -0.02713015 0.01268315 0.00341743
v -0.02703744 0.01268315 0.00338485
v -0.02679119 0.01268316 0.00328990
v -0.02713014 0.01268315 0.00316078
v -0.02713014 0.01268315 0.00320913
v -0.02703743 0.01268315 0.00324370
v -0.02758009 0.01268314 0.00388617
v -0.02759558 0.01268314 0.00392802
v -0.02760622 0.01268314 0.00392619
v -0.02762164 0.01268314 0.00392992
v -0.02763180 0.01268314 0.00388943
v -0.02760206 0.01268314 0.00388261
v -0.02747226 0.01268314 0.00389422
v -0.02743101 0.01268314 0.00389423
v -0.02745916 0.01268314 0.00392316
v -0.02742292 0.01268314 0.00392180
v -0.02745476 0.01268314 0.00395574
v -0.02742027 0.01268314 0.00395159
v -0.02745699 0.01268314 0.00397438
v -0.02742508 0.01268314 0.00398824
v -0.02746377 0.01268314 0.00398919
v -0.02743951 0.01268314 0.00401865
v -0.02747374 0.01268314 0.00399864
v -0.02746215 0.01268314 0.00403904
v -0.02746430 0.01268314 0.00404012
v -0.02748734 0.01268314 0.00400210
v -0.02749116 0.01268314 0.00404585
v -0.02749911 0.01268314 0.00400020
v -0.02761558 0.01268314 0.00404611
v -0.02765942 0.01268314 0.00404611
v -0.02763312 0.01268314 0.00401242
v -0.02767004 0.01268314 0.00401567
v -0.02763897 0.01268314 0.00397627
v -0.02767363 0.01268314 0.00398043
v -0.02763759 0.01268314 0.00395782
v -0.02766882 0.01268314 0.00394113
v -0.02763009 0.01268314 0.00393770
v -0.02765439 0.01268314 0.00390990
v -0.02757654 0.01268314 0.00388757
v -0.02756203 0.01268314 0.00389682
v -0.02758317 0.01268314 0.00393711
v -0.02754608 0.01268314 0.00391764
v -0.02757318 0.01268314 0.00395368
v -0.02753066 0.01268314 0.00395158
v -0.02756151 0.01268314 0.00398156
v -0.02751923 0.01268314 0.00397786
v -0.02754542 0.01268314 0.00401473
v -0.02750987 0.01268314 0.00399283
v -0.02752945 0.01268314 0.00403381
v -0.02751193 0.01268314 0.00404285
v -0.02766789 0.01268314 0.00358237
v -0.02766788 0.01268314 0.00340007
v -0.02762924 0.01268314 0.00340007
v -0.02762925 0.01268314 0.00353862
v -0.02751522 0.01268314 0.00353862
v -0.02732893 0.01268314 0.00358239
v -0.02736791 0.01268314 0.00340780
v -0.02732892 0.01268315 0.00340780
v -0.02736792 0.01268314 0.00353863
v -0.02747640 0.01268314 0.00353863
v -0.02747639 0.01268314 0.00341741
v -0.02751521 0.01268314 0.00341741
v -0.02742632 0.01268314 0.00307287
v -0.02749405 0.01268314 0.00306008
v -0.02756502 0.01268314 0.00307286
v -0.02762038 0.01268314 0.00311119
v -0.02765602 0.01268314 0.00316965
v -0.02766787 0.01268314 0.00324281
v -0.02766788 0.01268314 0.00333604
v -0.02732892 0.01268315 0.00333605
v -0.02732891 0.01268315 0.00323936
v -0.02734011 0.01268315 0.00316878
v -0.02737379 0.01268314 0.00311120
v -0.02732890 0.01268315 0.00291218
v -0.02766786 0.01268314 0.00304127
v -0.02766786 0.01268314 0.00299292
v -0.02757515 0.01268314 0.00296034
v -0.02732889 0.01268315 0.00286539
v -0.02766785 0.01268314 0.00273627
v -0.02766785 0.01268314 0.00278462
v -0.02757514 0.01268314 0.00281920
v -0.02738477 0.01268314 0.00523492
v -0.02725705 0.01268314 0.00530964
v -0.02742576 0.01268314 0.00563257
v -0.02736582 0.01268314 0.00571210
v -0.02734383 0.01268314 0.00581332
v -0.02737121 0.01268314 0.00592393
v -0.02761840 0.01268313 0.00557433
v -0.02758723 0.01268313 0.00557231
v -0.02756313 0.01268314 0.00557231
v -0.02742754 0.01268314 0.00613454
v -0.02762100 0.01268313 0.00614679
v -0.02750290 0.01268314 0.00603985
v -0.02766437 0.01268313 0.00604225
v -0.02776000 0.01268313 0.00598256
v -0.02689558 0.01268315 0.00594589
v -0.02692542 0.01268315 0.00609531
v -0.02708284 0.01268315 0.00607995
v -0.02701128 0.01268315 0.00622303
v -0.02716968 0.01268314 0.00615694
v -0.02713690 0.01268315 0.00630677
v -0.02728119 0.01268314 0.00618446
v -0.02728602 0.01268314 0.00633629
v -0.02737371 0.01268314 0.00616584
v -0.02742640 0.01268314 0.00631007
v -0.02754870 0.01268313 0.00623506
v -0.02701604 0.01268315 0.00503732
v -0.02691362 0.01268315 0.00509065
v -0.02699011 0.01268315 0.00521498
v -0.02682566 0.01268316 0.00516747
v -0.02688287 0.01268315 0.00533758
v -0.02673318 0.01268316 0.00532051
v -0.02684495 0.01268316 0.00549282
v -0.02670035 0.01268316 0.00549524
v -0.02685787 0.01268316 0.00558698
v -0.02704221 0.01268315 0.00597465
v -0.02704018 0.01268315 0.00594348
v -0.02689709 0.01268315 0.00591818
v -0.02705012 0.01268315 0.00587600
v -0.02690040 0.01268315 0.00589046
v -0.02707633 0.01268315 0.00581575
v -0.02684286 0.01268316 0.00584106
v -0.02693789 0.01268315 0.00572741
v -0.02679436 0.01268316 0.00578443
v -0.02672476 0.01268316 0.00564797
v -0.02744858 0.01268314 0.00601149
v -0.02781817 0.01268313 0.00588306
v -0.02782824 0.01268313 0.00581330
v -0.02780071 0.01268313 0.00570179
v -0.02772371 0.01268313 0.00561496
v -0.02714618 0.01268315 0.00515541
v -0.02714618 0.01268315 0.00513613
v -0.02705857 0.01268315 0.00494931
v -0.02717143 0.01268315 0.00504219
v -0.02718077 0.01268315 0.00483850
v -0.02724021 0.01268315 0.00497340
v -0.02733173 0.01268314 0.00479872
v -0.02733415 0.01268314 0.00494814
v -0.02745461 0.01268314 0.00482171
v -0.02741473 0.01268314 0.00496588
v -0.02756068 0.01268314 0.00488788
v -0.02748457 0.01268314 0.00502205
v -0.02763570 0.01268313 0.00498759
v -0.02751968 0.01268314 0.00510204
v -0.02766914 0.01268313 0.00510718
v -0.02752214 0.01268314 0.00512165
v -0.02766915 0.01268313 0.00524937
v -0.02752214 0.01268314 0.00523010
v -0.02766856 0.01268313 0.00525512
v -0.02752094 0.01268314 0.00523733
v -0.02751973 0.01268314 0.00524456
v -0.02762800 0.01268313 0.00531102
v -0.02765584 0.01268313 0.00528676
v -0.02759445 0.01268313 0.00531926
v -0.02758447 0.01268314 0.00531859
v -0.02752807 0.01268314 0.00527865
v -0.02755192 0.01268314 0.00530582
v -0.03187678 0.01422699 0.00525996
v -0.03187679 0.01435904 0.00525996
v -0.03137679 0.01449303 0.00512601
v -0.03137678 0.01409303 0.00512601
v -0.02877681 0.01449310 0.00552615
v -0.02877679 0.01409310 0.00552615
v -0.03187685 0.01635904 0.00539202
v -0.03187685 0.01622699 0.00539202
v -0.03137685 0.01609303 0.00552602
v -0.03137686 0.01649303 0.00552602
v -0.02877683 0.01609310 0.00512615
v -0.02877684 0.01649310 0.00512615
v -0.03167658 0.01545936 0.00069348
v -0.03167660 0.01576326 0.00082879
v -0.03167662 0.01598585 0.00107600
v -0.03167664 0.01608865 0.00139238
v -0.03167665 0.01605387 0.00172321
v -0.03167666 0.01588755 0.00201131
v -0.03167666 0.01561842 0.00220684
v -0.03167666 0.01529303 0.00227600
v -0.03167665 0.01496764 0.00220684
v -0.03167663 0.01469851 0.00201130
v -0.03167661 0.01453218 0.00172321
v -0.03167659 0.01449741 0.00139238
v -0.03167658 0.01460021 0.00107600
v -0.03167658 0.01482280 0.00082879
v -0.03167658 0.01512670 0.00069348
v -0.03167633 0.01545937 -0.00430652
v -0.03167634 0.01576327 -0.00417121
v -0.03167636 0.01598586 -0.00392400
v -0.03167638 0.01608866 -0.00360762
v -0.03167640 0.01605388 -0.00327679
v -0.03167641 0.01588755 -0.00298869
v -0.03167641 0.01561843 -0.00279316
v -0.03167640 0.01529304 -0.00272400
v -0.03167639 0.01496765 -0.00279316
v -0.03167637 0.01469852 -0.00298870
v -0.03167636 0.01453219 -0.00327679
v -0.03167634 0.01449742 -0.00360762
v -0.03167632 0.01460022 -0.00392400
v -0.03167631 0.01482281 -0.00417121
v -0.03167632 0.01512671 -0.00430652
v -0.02187617 0.01499331 -0.00702350
v -0.02267618 0.01499329 -0.00702354
v -0.02187619 0.01559331 -0.00702350
v -0.02267619 0.01559329 -0.00702354
v -0.02267619 0.01499329 -0.00677354
v -0.02267620 0.01559329 -0.00677354
v -0.02347619 0.01499327 -0.00677358
v -0.02347620 0.01559327 -0.00677358
v -0.02347617 0.01499327 -0.00702358
v -0.02347619 0.01559327 -0.00702358
v -0.02427617 0.01499325 -0.00702362
v -0.02427619 0.01559325 -0.00702362
v -0.02157683 0.01319330 0.00667652
v -0.02157670 0.01319330 0.00407652
v -0.02157681 0.01739330 0.00407652
v -0.02157694 0.01739330 0.00667652
v -0.02657649 0.01729318 -0.00202373
v -0.02057650 0.01729334 -0.00202343
v -0.02187625 0.01499331 -0.00562350
v -0.02187626 0.01559331 -0.00562350
v -0.02427625 0.01499324 -0.00562362
v -0.02427626 0.01559324 -0.00562362
v -0.02657669 0.01429317 0.00337626
v -0.02057669 0.01429333 0.00337657
v -0.02657661 0.01329317 0.00237626
v -0.02057661 0.01329333 0.00237657
v -0.02057654 0.01729334 -0.00122343
v -0.02657654 0.01729317 -0.00122373
v -0.02657674 0.01629317 0.00337626
v -0.02657672 0.01729317 0.00237627
v -0.02057675 0.01629333 0.00337657
v -0.02057672 0.01729333 0.00237657
v -0.02657631 0.01729318 -0.00562373
v -0.02657620 0.01329318 -0.00562374
v -0.02267696 0.01499326 0.00822646
v -0.02267697 0.01499326 0.00847646
v -0.02267698 0.01559327 0.00822646
v -0.02267699 0.01559326 0.00847646
v -0.02347696 0.01499324 0.00822642
v -0.02347698 0.01559324 0.00822642
v -0.02347697 0.01499324 0.00847642
v -0.02347699 0.01559324 0.00847642
v -0.02427697 0.01499322 0.00847638
v -0.02427699 0.01559322 0.00847638
v -0.02427691 0.01559322 0.00697638
v -0.02427690 0.01499322 0.00697638
v -0.02187697 0.01499329 0.00847650
v -0.02187699 0.01559329 0.00847651
v -0.02742029 0.01269314 0.00419116
v -0.02742590 0.01269314 0.00423567
v -0.02744282 0.01269314 0.00427452
v -0.02748406 0.01269314 0.00427451
v -0.02746214 0.01269314 0.00423675
v -0.02745477 0.01269314 0.00419515
v -0.02745916 0.01269314 0.00417211
v -0.02746933 0.01269314 0.00415859
v -0.02748736 0.01269314 0.00414938
v -0.02751404 0.01269314 0.00414610
v -0.02752409 0.01269314 0.00421785
v -0.02754100 0.01269314 0.00426763
v -0.02756129 0.01269314 0.00428756
v -0.02759319 0.01269314 0.00429771
v -0.02760312 0.01269314 0.00429816
v -0.02763223 0.01269314 0.00429296
v -0.02763635 0.01269314 0.00429112
v -0.02765458 0.01269314 0.00427737
v -0.02766886 0.01269314 0.00425298
v -0.02767364 0.01269314 0.00422139
v -0.02766370 0.01269314 0.00417982
v -0.02765728 0.01269314 0.00417006
v -0.02762868 0.01269314 0.00414614
v -0.02766792 0.01269314 0.00414609
v -0.02766792 0.01269314 0.00410364
v -0.02751213 0.01269314 0.00410365
v -0.02746075 0.01269314 0.00411352
v -0.02743575 0.01269314 0.00413405
v -0.02742250 0.01269314 0.00416610
v -0.02766793 0.01269314 0.00433880
v -0.02762929 0.01269314 0.00433880
v -0.02762929 0.01269314 0.00447735
v -0.02751527 0.01269314 0.00447735
v -0.02751526 0.01269314 0.00435613
v -0.02747644 0.01269314 0.00435614
v -0.02747645 0.01269314 0.00447735
v -0.02736797 0.01269314 0.00447736
v -0.02736796 0.01269314 0.00434652
v -0.02732897 0.01269314 0.00434653
v -0.02732898 0.01269314 0.00452112
v -0.02766794 0.01269313 0.00452110
v -0.02713591 0.01269315 0.00416856
v -0.02713097 0.01269315 0.00411690
v -0.02711615 0.01269315 0.00407473
v -0.02707421 0.01269315 0.00407473
v -0.02709122 0.01269315 0.00411520
v -0.02709692 0.01269315 0.00416224
v -0.02708798 0.01269315 0.00421091
v -0.02706123 0.01269315 0.00424932
v -0.02701912 0.01269315 0.00427428
v -0.02696453 0.01269315 0.00428260
v -0.02690708 0.01269316 0.00427370
v -0.02686263 0.01269316 0.00424699
v -0.02683441 0.01269316 0.00420604
v -0.02682502 0.01269316 0.00415463
v -0.02683000 0.01269316 0.00411290
v -0.02684512 0.01269316 0.00407474
v -0.02679937 0.01269316 0.00407474
v -0.02678900 0.01269316 0.00411068
v -0.02678551 0.01269316 0.00415506
v -0.02679799 0.01269316 0.00422395
v -0.02683543 0.01269316 0.00427957
v -0.02689329 0.01269316 0.00431630
v -0.02696713 0.01269315 0.00432852
v -0.02703586 0.01269315 0.00431766
v -0.02708965 0.01269315 0.00428502
v -0.02712435 0.01269315 0.00423413
v -0.02742580 0.01269314 0.00362813
v -0.02742581 0.01269314 0.00367215
v -0.02760811 0.01269314 0.00373825
v -0.02762009 0.01269314 0.00374168
v -0.02762848 0.01269314 0.00374398
v -0.02760777 0.01269314 0.00374978
v -0.02742581 0.01269314 0.00381304
v -0.02742581 0.01269314 0.00386052
v -0.02766738 0.01269314 0.00376554
v -0.02759872 0.01269314 0.00379254
v -0.02771140 0.01269313 0.00378417
v -0.02773705 0.01269313 0.00380225
v -0.02774094 0.01269313 0.00380824
v -0.02774554 0.01269313 0.00382767
v -0.02774435 0.01269313 0.00383951
v -0.02774069 0.01269313 0.00385175
v -0.02777847 0.01269313 0.00385175
v -0.02778104 0.01269313 0.00383923
v -0.02778193 0.01269313 0.00382437
v -0.02777373 0.01269313 0.00379075
v -0.02774378 0.01269313 0.00375850
v -0.02770446 0.01269314 0.00373799
v -0.02713020 0.01269315 0.00434238
v -0.02709156 0.01269315 0.00434238
v -0.02709156 0.01269315 0.00447737
v -0.02679125 0.01269316 0.00447739
v -0.02679125 0.01269316 0.00452115
v -0.02713021 0.01269315 0.00452113
v -0.02713018 0.01269315 0.00382458
v -0.02709153 0.01269315 0.00382458
v -0.02709154 0.01269315 0.00396313
v -0.02709153 0.01269315 0.00387159
v -0.02697751 0.01269315 0.00396313
v -0.02697751 0.01269315 0.00387159
v -0.02697751 0.01269315 0.00384191
v -0.02693869 0.01269316 0.00384192
v -0.02693869 0.01269316 0.00396314
v -0.02693869 0.01269316 0.00387159
v -0.02683021 0.01269316 0.00396314
v -0.02683021 0.01269316 0.00383230
v -0.02683021 0.01269316 0.00387160
v -0.02679121 0.01269316 0.00383231
v -0.02679122 0.01269316 0.00400690
v -0.02679122 0.01269316 0.00387160
v -0.02713018 0.01269315 0.00400688
v -0.02713018 0.01269315 0.00387158
v -0.02713017 0.01269315 0.00376055
v -0.02713017 0.01269315 0.00366731
v -0.02711831 0.01269315 0.00359416
v -0.02708268 0.01269315 0.00353570
v -0.02702731 0.01269315 0.00349737
v -0.02695635 0.01269316 0.00348459
v -0.02688861 0.01269316 0.00349738
v -0.02683608 0.01269316 0.00353571
v -0.02680240 0.01269316 0.00359329
v -0.02679121 0.01269316 0.00366387
v -0.02679121 0.01269316 0.00376056
v -0.02713014 0.01269315 0.00316078
v -0.02679119 0.01269316 0.00328990
v -0.02679119 0.01269316 0.00333669
v -0.02713016 0.01269315 0.00346577
v -0.02713015 0.01269315 0.00341743
v -0.02703744 0.01269315 0.00338485
v -0.02703743 0.01269315 0.00324370
v -0.02703744 0.01269315 0.00336809
v -0.02713014 0.01269315 0.00320913
v -0.02763897 0.01269314 0.00397627
v -0.02763312 0.01269314 0.00401242
v -0.02761558 0.01269314 0.00404611
v -0.02765942 0.01269314 0.00404611
v -0.02767004 0.01269314 0.00401567
v -0.02767363 0.01269314 0.00398043
v -0.02766882 0.01269314 0.00394113
v -0.02765439 0.01269314 0.00390990
v -0.02763180 0.01269314 0.00388943
v -0.02760206 0.01269314 0.00388261
v -0.02758009 0.01269314 0.00388617
v -0.02757654 0.01269314 0.00388757
v -0.02756203 0.01269314 0.00389682
v -0.02754608 0.01269314 0.00391764
v -0.02753066 0.01269314 0.00395158
v -0.02751923 0.01269314 0.00397786
v -0.02750987 0.01269314 0.00399283
v -0.02749911 0.01269314 0.00400020
v -0.02748734 0.01269314 0.00400210
v -0.02747374 0.01269314 0.00399864
v -0.02746377 0.01269314 0.00398919
v -0.02745699 0.01269314 0.00397438
v -0.02745476 0.01269314 0.00395574
v -0.02745916 0.01269314 0.00392316
v -0.02747226 0.01269314 0.00389422
v -0.02743101 0.01269314 0.00389423
v -0.02742292 0.01269314 0.00392180
v -0.02742027 0.01269314 0.00395159
v -0.02742509 0.01269314 0.00398824
v -0.02743951 0.01269314 0.00401865
v -0.02746215 0.01269314 0.00403904
v -0.02746430 0.01269314 0.00404012
v -0.02749116 0.01269314 0.00404585
v -0.02751193 0.01269314 0.00404285
v -0.02752945 0.01269314 0.00403381
v -0.02754542 0.01269314 0.00401473
v -0.02756151 0.01269314 0.00398156
v -0.02757319 0.01269314 0.00395368
v -0.02758317 0.01269314 0.00393711
v -0.02759558 0.01269314 0.00392802
v -0.02760622 0.01269314 0.00392619
v -0.02762164 0.01269314 0.00392992
v -0.02763009 0.01269314 0.00393770
v -0.02763759 0.01269314 0.00395782
v -0.02766788 0.01269314 0.00340007
v -0.02762924 0.01269314 0.00340007
v -0.02762925 0.01269314 0.00353862
v -0.02762924 0.01269314 0.00347515
v -0.02751522 0.01269314 0.00353862
v -0.02751521 0.01269314 0.00341741
v -0.02751521 0.01269314 0.00347516
v -0.02747639 0.01269314 0.00341741
v -0.02747640 0.01269314 0.00353863
v -0.02747640 0.01269314 0.00347516
v -0.02736792 0.01269314 0.00353863
v -0.02736791 0.01269314 0.00340780
v -0.02736792 0.01269314 0.00347516
v -0.02732892 0.01269315 0.00340780
v -0.02732893 0.01269315 0.00358239
v -0.02732893 0.01269315 0.00347517
v -0.02766789 0.01269314 0.00358237
v -0.02766789 0.01269314 0.00347515
v -0.02766788 0.01269314 0.00333604
v -0.02766787 0.01269314 0.00324281
v -0.02765602 0.01269314 0.00316965
v -0.02762038 0.01269314 0.00311119
v -0.02756502 0.01269314 0.00307286
v -0.02749405 0.01269314 0.00306008
v -0.02742632 0.01269314 0.00307287
v -0.02737379 0.01269315 0.00311120
v -0.02734011 0.01269315 0.00316878
v -0.02732891 0.01269315 0.00323936
v -0.02732892 0.01269315 0.00333605
v -0.02766785 0.01269314 0.00273627
v -0.02732889 0.01269315 0.00286539
v -0.02732890 0.01269315 0.00291218
v -0.02766786 0.01269314 0.00304127
v -0.02766786 0.01269314 0.00299292
v -0.02757515 0.01269314 0.00296034
v -0.02757514 0.01269314 0.00281920
v -0.02766785 0.01269314 0.00278462
v -0.02733173 0.01269314 0.00479872
v -0.02718077 0.01269315 0.00483850
v -0.02705857 0.01269315 0.00494931
v -0.02701604 0.01269315 0.00503732
v -0.02691362 0.01269315 0.00509065
v -0.02682566 0.01269316 0.00516747
v -0.02673318 0.01269316 0.00532051
v -0.02670035 0.01269316 0.00549524
v -0.02672476 0.01269316 0.00564797
v -0.02679436 0.01269316 0.00578443
v -0.02684286 0.01269315 0.00584106
v -0.02690040 0.01269315 0.00589046
v -0.02689709 0.01269315 0.00591818
v -0.02689558 0.01269315 0.00594589
v -0.02692542 0.01269315 0.00609531
v -0.02701128 0.01269315 0.00622303
v -0.02713690 0.01269315 0.00630677
v -0.02728602 0.01269314 0.00633629
v -0.02742640 0.01269314 0.00631007
v -0.02754870 0.01269314 0.00623506
v -0.02762100 0.01269313 0.00614679
v -0.02766437 0.01269313 0.00604225
v -0.02776000 0.01269313 0.00598256
v -0.02781817 0.01269313 0.00588306
v -0.02782824 0.01269313 0.00581330
v -0.02780071 0.01269313 0.00570179
v -0.02772371 0.01269313 0.00561496
v -0.02761840 0.01269313 0.00557433
v -0.02758723 0.01269314 0.00557231
v -0.02756313 0.01269314 0.00557231
v -0.02738477 0.01269314 0.00523492
v -0.02725705 0.01269314 0.00530964
v -0.02742576 0.01269314 0.00563257
v -0.02736582 0.01269314 0.00571210
v -0.02734383 0.01269314 0.00581332
v -0.02737121 0.01269314 0.00592393
v -0.02744858 0.01269314 0.00601149
v -0.02750291 0.01269314 0.00603985
v -0.02742754 0.01269314 0.00613454
v -0.02737371 0.01269314 0.00616584
v -0.02728119 0.01269314 0.00618446
v -0.02723089 0.01269314 0.00617915
v -0.02716968 0.01269315 0.00615694
v -0.02708284 0.01269315 0.00607995
v -0.02704221 0.01269315 0.00597465
v -0.02704018 0.01269315 0.00594348
v -0.02705012 0.01269315 0.00587600
v -0.02707633 0.01269315 0.00581575
v -0.02693789 0.01269315 0.00572741
v -0.02685787 0.01269315 0.00558698
v -0.02684495 0.01269316 0.00549282
v -0.02688287 0.01269315 0.00533758
v -0.02699011 0.01269315 0.00521498
v -0.02714618 0.01269315 0.00515541
v -0.02714618 0.01269315 0.00513613
v -0.02717143 0.01269315 0.00504219
v -0.02724021 0.01269315 0.00497340
v -0.02733415 0.01269314 0.00494814
v -0.02741473 0.01269314 0.00496588
v -0.02748457 0.01269314 0.00502205
v -0.02751968 0.01269314 0.00510204
v -0.02752214 0.01269314 0.00512165
v -0.02752214 0.01269314 0.00523010
v -0.02752094 0.01269314 0.00523733
v -0.02751973 0.01269314 0.00524456
v -0.02752807 0.01269314 0.00527865
v -0.02755192 0.01269314 0.00530582
v -0.02758447 0.01269314 0.00531859
v -0.02759445 0.01269314 0.00531926
v -0.02762800 0.01269313 0.00531102
v -0.02765584 0.01269313 0.00528676
v -0.02766856 0.01269313 0.00525512
v -0.02766915 0.01269313 0.00524937
v -0.02766914 0.01269313 0.00510718
v -0.02763570 0.01269313 0.00498759
v -0.02756068 0.01269314 0.00488788
v -0.02745461 0.01269314 0.00482171
v -0.02877679 0.01449310 0.00512615
v -0.02877677 0.01409310 0.00512615
v -0.02877685 0.01609310 0.00552615
v -0.02877686 0.01649310 0.00552615
v -0.02937666 0.01529309 0.00227612
v -0.02937665 0.01496770 0.00220695
v -0.02937663 0.01469858 0.00201142
v -0.02937661 0.01453225 0.00172333
v -0.02937659 0.01449748 0.00139249
v -0.02937658 0.01460027 0.00107612
v -0.02937657 0.01482287 0.00082890
v -0.02937658 0.01512676 0.00069360
v -0.02937659 0.01545942 0.00069360
v -0.02937660 0.01576332 0.00082891
v -0.02937662 0.01598591 0.00107612
v -0.02937664 0.01608871 0.00139250
v -0.02937665 0.01605394 0.00172333
v -0.02937666 0.01588761 0.00201142
v -0.02937667 0.01561848 0.00220696
v -0.02937640 0.01529310 -0.00272388
v -0.02937639 0.01496771 -0.00279305
v -0.02937637 0.01469858 -0.00298858
v -0.02937635 0.01453226 -0.00327667
v -0.02937634 0.01449748 -0.00360751
v -0.02937632 0.01460028 -0.00392388
v -0.02937632 0.01482287 -0.00417110
v -0.02937632 0.01512677 -0.00430640
v -0.02937633 0.01545943 -0.00430640
v -0.02937634 0.01576333 -0.00417109
v -0.02937636 0.01598592 -0.00392388
v -0.02937638 0.01608872 -0.00360750
v -0.02937640 0.01605395 -0.00327667
v -0.02937641 0.01588762 -0.00298858
v -0.02937641 0.01561849 -0.00279304
v -0.02187623 0.01559331 -0.00622350
v -0.02187622 0.01499331 -0.00622350
v -0.02427622 0.01499325 -0.00622362
v -0.02427623 0.01559325 -0.00622362
v -0.02057681 0.01739333 0.00407657
v -0.02057694 0.01739332 0.00667657
v -0.02057670 0.01319333 0.00407657
v -0.02057683 0.01319333 0.00667657
v -0.02057631 0.01729335 -0.00562343
v -0.02057620 0.01329335 -0.00562343
v -0.02187695 0.01559329 0.00767651
v -0.02357695 0.01559324 0.00767642
v -0.02187693 0.01499329 0.00767650
v -0.02357693 0.01499324 0.00767642
v -0.02427697 0.01789322 0.00697639
v -0.02357701 0.01789324 0.00767642
v -0.02357687 0.01269324 0.00767641
v -0.02427683 0.01269322 0.00697638
v -0.02723213 0.01269316 -0.00174374
v -0.02678807 0.01269317 -0.00174372
v -0.02678831 0.01269316 0.00305071
v -0.02767077 0.01269314 0.00387156
v -0.02723242 0.01269315 0.00379256
v -0.02877666 0.01269311 0.00367614
v -0.02937666 0.01269309 0.00367611
v -0.02937665 0.01269309 0.00347506
v -0.02877667 0.01269311 0.00379248
v -0.02780502 0.01269313 0.00347514
v -0.02877671 0.01269310 0.00465985
v -0.02877683 0.01269310 0.00697614
v -0.02780520 0.01269313 0.00697619
v -0.02767093 0.01269313 0.00697620
v -0.02723258 0.01269314 0.00697622
v -0.02678852 0.01269315 0.00697625
v -0.02363851 0.01269324 0.00466011
v -0.02057671 0.01269333 0.00466027
v -0.02057687 0.01269332 0.00767657
v -0.02767078 0.01269314 0.00408917
v -0.02723243 0.01269315 0.00408919
v -0.02723244 0.01269315 0.00431335
v -0.02767079 0.01269314 0.00431332
v -0.02780506 0.01269313 0.00431332
v -0.02723243 0.01269315 0.00402650
v -0.02678837 0.01269316 0.00402653
v -0.02678837 0.01269316 0.00408921
v -0.02363848 0.01269325 0.00408938
v -0.02678838 0.01269316 0.00431337
v -0.02723244 0.01269315 0.00433366
v -0.02678838 0.01269316 0.00433369
v -0.02780503 0.01269313 0.00379253
v -0.02780504 0.01269313 0.00387155
v -0.02877667 0.01269311 0.00387150
v -0.02780505 0.01269313 0.00402647
v -0.02877668 0.01269311 0.00402642
v -0.02780505 0.01269313 0.00408916
v -0.02877668 0.01269310 0.00408911
v -0.02767074 0.01269314 0.00347515
v -0.02767076 0.01269314 0.00379253
v -0.02678836 0.01269316 0.00387160
v -0.02678835 0.01269316 0.00379258
v -0.02723242 0.01269315 0.00387158
v -0.02723238 0.01269315 0.00305069
v -0.02723240 0.01269315 0.00336808
v -0.02723240 0.01269315 0.00347517
v -0.02767077 0.01269314 0.00402648
v -0.02767074 0.01269314 0.00336805
v -0.02723246 0.01269315 0.00465992
v -0.02767081 0.01269313 0.00465990
v -0.02678840 0.01269316 0.00465995
v -0.02780508 0.01269313 0.00465989
v -0.02678784 0.01269318 -0.00622375
v -0.02723190 0.01269316 -0.00622378
v -0.02767025 0.01269315 -0.00622380
v -0.02767048 0.01269315 -0.00174376
v -0.02767072 0.01269314 0.00305067
v -0.02678833 0.01269316 0.00336810
v -0.02937665 0.01269309 0.00336796
v -0.02780501 0.01269313 0.00336805
v -0.02937663 0.01269309 0.00305058
v -0.02780499 0.01269313 0.00305066
v -0.02937638 0.01269310 -0.00174385
v -0.02780475 0.01269314 -0.00174377
v -0.02937615 0.01269311 -0.00622389
v -0.02780452 0.01269315 -0.00622381
v -0.02678834 0.01269316 0.00347519
v -0.02877669 0.01269310 0.00431327
v -0.02363848 0.01269325 0.00402669
v -0.02363847 0.01269325 0.00387176
v -0.02363847 0.01269325 0.00379274
v -0.02363845 0.01269325 0.00347536
v -0.02363845 0.01269325 0.00336826
v -0.02363843 0.01269325 0.00305087
v -0.02363818 0.01269326 -0.00174356
v -0.02363795 0.01269326 -0.00622359
v -0.02767079 0.01269314 0.00433364
v -0.02780506 0.01269313 0.00433363
v -0.02877670 0.01269310 0.00433358
v -0.02363849 0.01269324 0.00431353
v -0.02363849 0.01269324 0.00433385
v -0.02057669 0.01269333 0.00433401
v -0.02057669 0.01269333 0.00431369
v -0.02057668 0.01269333 0.00408953
v -0.02057668 0.01269333 0.00402684
v -0.02057667 0.01269333 0.00387192
v -0.02057667 0.01269333 0.00379290
v -0.02057665 0.01269333 0.00347551
v -0.02057665 0.01269333 0.00336842
v -0.02057663 0.01269333 0.00305103
v -0.02057638 0.01269334 -0.00174340
v -0.02057615 0.01269335 -0.00622343
v -0.02937680 0.01789309 0.00367612
v -0.02877680 0.01789311 0.00367615
v -0.02937629 0.01789311 -0.00622388
v -0.02057629 0.01789335 -0.00622342
v -0.02057701 0.01789332 0.00767658
v -0.02877697 0.01789310 0.00697615
v 0.00991448 0.01539414 0.01650058
v -0.00988552 0.01539360 0.01649956
v 0.00991449 0.01529415 0.01640058
v -0.00988551 0.01529360 0.01639956
v 0.01554769 0.01879429 0.01969380
v 0.01512490 0.01879428 0.01871772
v 0.01554785 0.01329429 0.01969379
v 0.01512505 0.01329428 0.01871771
v 0.01493580 0.01579434 -0.01802140
v 0.01504835 0.01589435 -0.01845995
v 0.01504842 0.01329434 -0.01845996
v 0.01491719 0.01579434 -0.01770934
v 0.01491726 0.01329434 -0.01770934
v 0.01507636 0.01329434 -0.01696415
v 0.01507629 0.01579434 -0.01696414
v 0.01550262 0.01329435 -0.01633254
v 0.01550256 0.01579435 -0.01633254
v 0.01504652 0.01329428 0.01846164
v 0.01504645 0.01589428 0.01846164
v 0.01492530 0.01879428 0.01820196
v 0.01459210 0.01879427 0.01776058
v 0.01459217 0.01589427 0.01776058
v 0.01001448 0.01539415 0.01640058
v 0.01550087 0.01579430 0.01633428
v 0.01550094 0.01329430 0.01633427
v 0.01507461 0.01329429 0.01696583
v 0.01507454 0.01579428 0.01696583
v 0.01491544 0.01329428 0.01771101
v 0.01491537 0.01579428 0.01771101
v 0.01493394 0.01579428 0.01802307
v -0.01509635 0.01879346 0.01871617
v -0.01551925 0.01879344 0.01969220
v -0.01509620 0.01329346 0.01871616
v -0.01551910 0.01329344 0.01969219
v -0.00998552 0.01539360 0.01639955
v 0.01001447 0.01589415 0.01650058
v 0.01001439 0.01879415 0.01650059
v 0.00991447 0.01581147 0.01650058
v -0.00998561 0.01879360 0.01649956
v -0.00988553 0.01581093 0.01649956
v -0.00998553 0.01589360 0.01649955
v 0.00991489 0.01529416 0.00850058
v -0.00988511 0.01529362 0.00849956
v 0.00896498 0.01529414 0.00685508
v 0.00966039 0.01529415 0.00755057
v 0.00801499 0.01529411 0.00660048
v -0.00798501 0.01529367 0.00659966
v -0.00893502 0.01529365 0.00685416
v -0.00963050 0.01529363 0.00754957
v 0.01459393 0.01879433 -0.01775893
v 0.01492718 0.01879434 -0.01820028
v 0.01459400 0.01589433 -0.01775893
v 0.01512683 0.01879435 -0.01871602
v 0.01512698 0.01329435 -0.01871603
v 0.01186007 0.01789425 -0.01502534
v 0.01186013 0.01589425 -0.01502534
v 0.01148917 0.01779424 -0.01451306
v 0.01142655 0.01589424 -0.01437651
v 0.01134239 0.01779424 -0.01412879
v 0.01134244 0.01589424 -0.01412879
v 0.01134234 0.01779423 -0.01309351
v 0.01127427 0.01589423 -0.01361116
v 0.01185998 0.01589425 -0.01219691
v 0.01185993 0.01779425 -0.01219691
v 0.01142647 0.01589424 -0.01284578
v 0.01134239 0.01589423 -0.01309351
v -0.01182810 0.01589360 -0.01219813
v -0.01139452 0.01589361 -0.01284696
v -0.01182815 0.01779360 -0.01219813
v -0.01131046 0.01779361 -0.01309468
v -0.01131041 0.01589362 -0.01309468
v -0.01124224 0.01589362 -0.01361232
v -0.01131041 0.01779362 -0.01412995
v -0.01131036 0.01589362 -0.01412996
v -0.01145715 0.01779361 -0.01451424
v -0.01139444 0.01589362 -0.01437769
v -0.01182800 0.01789360 -0.01502656
v -0.01182795 0.01589360 -0.01502656
v -0.01062397 0.01879358 0.01591513
v -0.01151156 0.01879355 0.02441591
v -0.00781077 0.01879364 0.02584101
v 0.00396886 0.01879396 0.02670904
v 0.00001385 0.01879386 0.02700008
v -0.01489671 0.01879346 0.01820043
v -0.01456345 0.01879347 0.01775908
v -0.01303748 0.01879352 0.01623326
v -0.01564675 0.01879344 0.02168697
v -0.01585007 0.01879343 0.02067252
v -0.01496369 0.01879345 0.02246408
v 0.01233639 0.01879421 0.01576949
v 0.01306628 0.01879423 0.01623460
v 0.01153952 0.01879418 0.02441709
v 0.01587841 0.01879430 0.02067415
v 0.01567498 0.01879429 0.02168859
v -0.00394114 0.01879375 0.02670863
v 0.01499185 0.01879427 0.02246563
v -0.01230754 0.01879354 0.01576822
v -0.01144948 0.01879356 0.01565512
v 0.01147834 0.01879419 0.01565630
v 0.01065280 0.01879417 0.01591622
v 0.00783858 0.01879407 0.02584181
v 0.01873133 0.01879439 0.01511167
v 0.01970736 0.01879441 0.01553456
v 0.01873148 0.01329439 0.01511166
v 0.01970751 0.01329441 0.01553455
v 0.02577763 0.01879459 0.00820140
v 0.02577778 0.01329459 0.00820139
v 0.02573951 0.01879459 0.00820140
v 0.02573966 0.01329459 0.00820139
v 0.02577847 0.01879462 -0.00819860
v 0.02577862 0.01329462 -0.00819861
v 0.02619784 0.01879463 -0.00810639
v 0.02619799 0.01329463 -0.00810640
v 0.02653988 0.01879464 -0.00784680
v 0.02654004 0.01329464 -0.00784681
v 0.02674153 0.01879465 -0.00746771
v 0.02674168 0.01329465 -0.00746772
v 0.02674076 0.01879462 0.00747061
v 0.02674091 0.01329462 0.00747060
v 0.02653908 0.01879461 0.00784969
v 0.02653923 0.01329461 0.00784968
v 0.02619701 0.01879461 0.00810924
v 0.02619716 0.01329460 0.00810923
v 0.02574035 0.01879462 -0.00819860
v 0.02574050 0.01329462 -0.00819861
v 0.01970896 0.01879447 -0.01553238
v 0.01873288 0.01879444 -0.01510959
v 0.01970911 0.01329447 -0.01553239
v 0.01873303 0.01329444 -0.01510960
v 0.01554972 0.01879436 -0.01969205
v 0.01554987 0.01329436 -0.01969206
v -0.00780810 0.01879373 -0.02584166
v -0.00393838 0.01879384 -0.02670889
v -0.01551722 0.01879351 -0.01969365
v -0.00139874 0.01879387 -0.00459619
v -0.01456162 0.01879353 -0.01776043
v 0.00397161 0.01879406 -0.02670848
v -0.01489483 0.01879353 -0.01820181
v -0.01150905 0.01879363 -0.02441694
v -0.01509443 0.01879352 -0.01871757
v 0.00001663 0.01879395 -0.02699993
v 0.00784124 0.01879416 -0.02584085
v 0.01567722 0.01879437 -0.02168682
v 0.01588054 0.01879437 -0.02067237
v 0.01499416 0.01879435 -0.02246393
v 0.01154204 0.01879426 -0.02441576
v 0.00053308 0.01879392 -0.00407845
v -0.00050219 0.01879390 -0.00407851
v 0.00142969 0.01879395 -0.00459605
v -0.01584794 0.01879350 -0.02067400
v -0.01564451 0.01879351 -0.02168844
v -0.01496138 0.01879353 -0.02246548
v -0.01551707 0.01329351 -0.01969366
v -0.01509428 0.01329352 -0.01871758
v -0.01598994 0.01439350 -0.01803198
v -0.01598991 0.01339350 -0.01803198
v -0.01626129 0.01439349 -0.01701949
v -0.01626126 0.01339349 -0.01701950
v -0.01700253 0.01439346 -0.01627833
v -0.01700250 0.01339346 -0.01627833
v -0.01801504 0.01439344 -0.01600708
v -0.01801501 0.01339344 -0.01600708
v -0.01902753 0.01439341 -0.01627843
v -0.01902750 0.01339341 -0.01627844
v -0.01976869 0.01439339 -0.01701967
v -0.01976866 0.01339339 -0.01701968
v -0.02003994 0.01439338 -0.01803219
v -0.02003991 0.01339338 -0.01803219
v -0.01976859 0.01439339 -0.01904467
v -0.01976856 0.01339339 -0.01904468
v -0.01902735 0.01439342 -0.01978584
v -0.01902732 0.01339342 -0.01978584
v -0.01801483 0.01439344 -0.02005708
v -0.01801481 0.01339344 -0.02005709
v -0.01700235 0.01439347 -0.01978573
v -0.01700232 0.01339347 -0.01978573
v -0.01626118 0.01439349 -0.01904449
v -0.01626116 0.01339349 -0.01904450
v 0.02007251 0.01439448 -0.01803012
v 0.02007254 0.01339448 -0.01803012
v 0.01980116 0.01439447 -0.01701764
v 0.01980118 0.01339447 -0.01701764
v 0.01905992 0.01439445 -0.01627647
v 0.01905994 0.01339445 -0.01627648
v 0.01804740 0.01439442 -0.01600523
v 0.01804743 0.01339442 -0.01600523
v 0.01703492 0.01439440 -0.01627658
v 0.01703494 0.01339440 -0.01627658
v 0.01629375 0.01439438 -0.01701782
v 0.01629378 0.01339438 -0.01701782
v 0.01602251 0.01439437 -0.01803033
v 0.01602254 0.01339437 -0.01803033
v 0.01629386 0.01439438 -0.01904282
v 0.01629389 0.01339438 -0.01904282
v 0.01703510 0.01439440 -0.01978398
v 0.01703512 0.01339440 -0.01978398
v 0.01804761 0.01439443 -0.02005523
v 0.01804764 0.01339443 -0.02005523
v 0.01906010 0.01439446 -0.01978387
v 0.01906013 0.01339446 -0.01978388
v 0.01980126 0.01439448 -0.01904264
v 0.01980129 0.01339448 -0.01904264
v 0.02007065 0.01439442 0.01803232
v 0.02007068 0.01339442 0.01803232
v 0.01979930 0.01439441 0.01904481
v 0.01979933 0.01339441 0.01904481
v 0.01905806 0.01439439 0.01978597
v 0.01905809 0.01339439 0.01978597
v 0.01804555 0.01439436 0.02005722
v 0.01804557 0.01339436 0.02005722
v 0.01703306 0.01439433 0.01978587
v 0.01703309 0.01339433 0.01978587
v 0.01629190 0.01439431 0.01904463
v 0.01629192 0.01339432 0.01904463
v 0.01602065 0.01439431 0.01803211
v 0.01602068 0.01339431 0.01803211
v 0.01629200 0.01439432 0.01701963
v 0.01629203 0.01339432 0.01701963
v 0.01703324 0.01439434 0.01627847
v 0.01703327 0.01339434 0.01627846
v 0.01804576 0.01439437 0.01600722
v 0.01804578 0.01339437 0.01600722
v 0.01905824 0.01439440 0.01627857
v 0.01905827 0.01339440 0.01627857
v 0.01979940 0.01439441 0.01701981
v 0.01979943 0.01339441 0.01701981
v -0.01599179 0.01439343 0.01803047
v -0.01599177 0.01339343 0.01803046
v -0.01626315 0.01439342 0.01904295
v -0.01626312 0.01339342 0.01904295
v -0.01700439 0.01439340 0.01978412
v -0.01700436 0.01339340 0.01978411
v -0.01801690 0.01439338 0.02005536
v -0.01801687 0.01339338 0.02005536
v -0.01902939 0.01439335 0.01978401
v -0.01902936 0.01339335 0.01978401
v -0.01977055 0.01439333 0.01904277
v -0.01977052 0.01339333 0.01904277
v -0.02004180 0.01439332 0.01803026
v -0.02004177 0.01339332 0.01803026
v -0.01977044 0.01439333 0.01701777
v -0.01977042 0.01339333 0.01701777
v -0.01902921 0.01439335 0.01627661
v -0.01902918 0.01339335 0.01627661
v -0.01801669 0.01439338 0.01600536
v -0.01801666 0.01339338 0.01600536
v -0.01700420 0.01439341 0.01627671
v -0.01700418 0.01339341 0.01627671
v -0.01626304 0.01439343 0.01701795
v -0.01626302 0.01339343 0.01701795
v -0.01870085 0.01879342 -0.01511151
v -0.01967689 0.01879339 -0.01553441
v -0.01870071 0.01329342 -0.01511152
v -0.01967674 0.01329339 -0.01553442
v -0.01967849 0.01879334 0.01553253
v -0.01870241 0.01879336 0.01510974
v -0.01967834 0.01329334 0.01553252
v -0.01870226 0.01329336 0.01510973
v 0.01634952 0.01579438 -0.01548549
v 0.01634959 0.01329438 -0.01548549
v 0.01306636 0.01589423 0.01623460
v 0.01060366 0.01589417 0.01594555
v 0.01144040 0.01589419 0.01565997
v 0.01231849 0.01589421 0.01576304
v 0.01001447 0.01583512 0.01640058
v 0.01001489 0.01539416 0.00850058
v 0.00801499 0.01539411 0.00650048
v 0.00901498 0.01539414 0.00676848
v 0.00974699 0.01539416 0.00750057
v 0.01634800 0.01329432 0.01548730
v 0.01634793 0.01579432 0.01548731
v -0.01456337 0.01589347 0.01775908
v -0.01501772 0.01589346 0.01846009
v -0.01501765 0.01329346 0.01846009
v -0.01547185 0.01329345 0.01633268
v -0.01631882 0.01329343 0.01548562
v -0.01547192 0.01579345 0.01633268
v -0.01631889 0.01579343 0.01548563
v -0.01844618 0.01329337 0.01503120
v -0.01844625 0.01589337 0.01503120
v -0.01818665 0.01879338 0.01491014
v -0.01774527 0.01879339 0.01457693
v -0.01774519 0.01589339 0.01457693
v -0.00998511 0.01539361 0.00849955
v -0.00971711 0.01539362 0.00749957
v -0.00898502 0.01539364 0.00676755
v -0.00798501 0.01539367 0.00649966
v -0.00998553 0.01583457 0.01639955
v -0.01057468 0.01589359 0.01594446
v -0.01141138 0.01589356 0.01565880
v -0.01228948 0.01589354 0.01576177
v -0.01303740 0.01589352 0.01623325
v -0.01025282 0.01589361 0.00708533
v -0.01025287 0.01789361 0.00708533
v -0.00960395 0.01589363 0.00665182
v -0.00974055 0.01779362 0.00671448
v -0.00960400 0.01779363 0.00665182
v -0.00883863 0.01779365 0.00649962
v -0.00883857 0.01589365 0.00649961
v 0.01847541 0.01329438 0.01503310
v 0.01847534 0.01579438 0.01503311
v 0.01777432 0.01579436 0.01457876
v 0.01777424 0.01879436 0.01457876
v 0.01821567 0.01579437 0.01491201
v 0.01821559 0.01879437 0.01491202
v 0.01028267 0.01779417 0.00708639
v 0.01028272 0.01579417 0.00708639
v 0.00963390 0.01579415 0.00665281
v 0.00963384 0.01779415 0.00665281
v 0.00886854 0.01579413 0.00650053
v 0.00886848 0.01779413 0.00650053
v 0.00461150 0.01879403 -0.00141390
v 0.01777574 0.01879441 -0.01457678
v 0.01821712 0.01879443 -0.01490999
v 0.02068931 0.01879450 -0.01586310
v 0.02170375 0.01879452 -0.01565967
v 0.02170213 0.01879447 0.01566206
v 0.02068768 0.01879444 0.01586538
v 0.02247925 0.01879449 0.01497900
v 0.02434652 0.01879455 0.01170428
v 0.00409377 0.01879401 0.00051792
v 0.00409382 0.01879402 -0.00051735
v 0.00461136 0.01879403 0.00141453
v 0.02248079 0.01879454 -0.01497654
v 0.02434773 0.01879459 -0.01170162
v 0.02750822 0.01879466 -0.00376803
v 0.02750783 0.01879465 0.00377101
v 0.02776524 0.01879466 0.00000150
v 0.01847696 0.01329443 -0.01503107
v 0.01847688 0.01589443 -0.01503106
v 0.01777582 0.01589441 -0.01457679
v 0.01221347 0.01779426 -0.01184334
v 0.01221352 0.01589426 -0.01184334
v 0.00142971 0.01789395 -0.00459605
v -0.00139872 0.01789387 -0.00459619
v -0.00050217 0.01789390 -0.00407851
v 0.00053311 0.01789392 -0.00407846
v -0.01218172 0.01779359 -0.01184459
v -0.01218167 0.01589359 -0.01184460
v -0.01774377 0.01879344 -0.01457861
v -0.01818512 0.01879343 -0.01491187
v -0.01774369 0.01589344 -0.01457862
v -0.01844471 0.01589342 -0.01503297
v -0.01844463 0.01329342 -0.01503297
v -0.01547024 0.01579351 -0.01633414
v -0.01631729 0.01579348 -0.01548717
v -0.01547017 0.01329351 -0.01633414
v -0.01631722 0.01329348 -0.01548717
v -0.01501575 0.01329352 -0.01846150
v -0.01501582 0.01589352 -0.01846150
v -0.01456154 0.01589353 -0.01776044
v -0.01584992 0.01329343 0.02067251
v -0.01564660 0.01329344 0.02168696
v -0.01496354 0.01329345 0.02246407
v -0.01151141 0.01329355 0.02441590
v -0.00781062 0.01329364 0.02584100
v -0.00394099 0.01329375 0.02670863
v 0.00001400 0.01329386 0.02700007
v 0.00396901 0.01329396 0.02670903
v 0.00783873 0.01329407 0.02584180
v 0.01153967 0.01329418 0.02441709
v 0.01499200 0.01329427 0.02246562
v 0.01587856 0.01329430 0.02067414
v 0.01567513 0.01329429 0.02168858
v 0.02068783 0.01329444 0.01586537
v 0.02170228 0.01329447 0.01566205
v 0.02247939 0.01329449 0.01497899
v 0.02434668 0.01329455 0.01170427
v 0.02750837 0.01329466 -0.00376804
v 0.02776539 0.01329466 0.00000150
v 0.02750798 0.01329465 0.00377100
v 0.02434788 0.01329459 -0.01170163
v 0.02248094 0.01329454 -0.01497655
v 0.02068946 0.01329449 -0.01586311
v 0.02170390 0.01329452 -0.01565968
v 0.01588069 0.01329437 -0.02067238
v 0.01567737 0.01329437 -0.02168683
v 0.01499431 0.01329435 -0.02246394
v -0.01617651 0.01329343 0.01909295
v -0.01695436 0.01329340 0.01987072
v -0.01801687 0.01329337 0.02015536
v -0.01907936 0.01329335 0.01987061
v -0.01985712 0.01329333 0.01909276
v -0.02014177 0.01329332 0.01803025
v -0.01985702 0.01329333 0.01696777
v -0.01907917 0.01329335 0.01619000
v -0.01801665 0.01329338 0.01590536
v -0.01695417 0.01329341 0.01619011
v -0.01617641 0.01329343 0.01696796
v -0.01589176 0.01329344 0.01803047
v 0.01910827 0.01329440 0.01619197
v 0.01988604 0.01329442 0.01696981
v 0.02017068 0.01329442 0.01803233
v 0.01988593 0.01329441 0.01909481
v 0.01910808 0.01329439 0.01987258
v 0.01804557 0.01329436 0.02015722
v 0.01698309 0.01329433 0.01987247
v 0.01620532 0.01329431 0.01909462
v 0.01592068 0.01329431 0.01803211
v 0.01620543 0.01329432 0.01696962
v 0.01698328 0.01329434 0.01619186
v 0.01804579 0.01329437 0.01590722
v 0.01911013 0.01329446 -0.01987048
v 0.01988790 0.01329448 -0.01909263
v 0.02017254 0.01329448 -0.01803012
v 0.01988779 0.01329448 -0.01696763
v 0.01910994 0.01329445 -0.01618987
v 0.01804743 0.01329442 -0.01590523
v 0.01698494 0.01329439 -0.01618998
v 0.01620718 0.01329437 -0.01696782
v 0.01592254 0.01329437 -0.01803034
v 0.01620729 0.01329438 -0.01909282
v 0.01698513 0.01329440 -0.01987059
v 0.01804765 0.01329443 -0.02015523
v -0.00408337 0.01814384 -0.02668703
v -0.00408336 0.01804384 -0.02678820
v 0.00001664 0.01814395 -0.02699993
v 0.00001665 0.01804395 -0.02709993
v 0.00411663 0.01814406 -0.02668660
v 0.00411664 0.01804406 -0.02678777
v 0.00411676 0.01329406 -0.02668661
v 0.00784139 0.01329416 -0.02584086
v -0.00408324 0.01329384 -0.02668703
v 0.01154219 0.01329426 -0.02441577
v -0.01496123 0.01329353 -0.02246549
v -0.01150890 0.01329363 -0.02441695
v -0.00780795 0.01329373 -0.02584167
v -0.01584779 0.01329350 -0.02067401
v -0.01564436 0.01329351 -0.02168845
v -0.01617466 0.01329349 -0.01696949
v -0.01695250 0.01329347 -0.01619173
v -0.01801502 0.01329344 -0.01590708
v -0.01907750 0.01329341 -0.01619184
v -0.01985527 0.01329339 -0.01696968
v -0.02013991 0.01329338 -0.01803220
v -0.01985516 0.01329339 -0.01909468
v -0.01907731 0.01329341 -0.01987245
v -0.01801480 0.01329344 -0.02015709
v -0.01695231 0.01329347 -0.01987234
v -0.01617455 0.01329349 -0.01909449
v -0.01588991 0.01329350 -0.01803198
v -0.01688914 0.01439347 -0.01738203
v -0.01736500 0.01439346 -0.01690622
v -0.01801500 0.01439344 -0.01673208
v -0.01866500 0.01439342 -0.01690628
v -0.01914080 0.01439341 -0.01738214
v -0.01931494 0.01439340 -0.01803215
v -0.01914074 0.01439341 -0.01868214
v -0.01866488 0.01439342 -0.01915795
v -0.01801487 0.01439344 -0.01933208
v -0.01736488 0.01439346 -0.01915788
v -0.01688907 0.01439347 -0.01868203
v -0.01671494 0.01439348 -0.01803202
v 0.01917331 0.01439446 -0.01738017
v 0.01869745 0.01439444 -0.01690436
v 0.01804744 0.01439442 -0.01673023
v 0.01739745 0.01439441 -0.01690443
v 0.01692164 0.01439439 -0.01738028
v 0.01674751 0.01439439 -0.01803029
v 0.01692171 0.01439440 -0.01868028
v 0.01739757 0.01439441 -0.01915609
v 0.01804757 0.01439443 -0.01933023
v 0.01869757 0.01439445 -0.01915603
v 0.01917337 0.01439446 -0.01868017
v 0.01934751 0.01439446 -0.01803016
v 0.01917145 0.01439439 0.01868228
v 0.01869559 0.01439438 0.01915809
v 0.01804558 0.01439436 0.01933222
v 0.01739559 0.01439434 0.01915802
v 0.01691978 0.01439433 0.01868216
v 0.01674565 0.01439433 0.01803215
v 0.01691985 0.01439434 0.01738216
v 0.01739571 0.01439435 0.01690635
v 0.01804572 0.01439437 0.01673222
v 0.01869571 0.01439438 0.01690642
v 0.01917152 0.01439440 0.01738228
v 0.01934565 0.01439440 0.01803229
v -0.01689100 0.01439341 0.01868042
v -0.01736685 0.01439339 0.01915623
v -0.01801686 0.01439338 0.01933036
v -0.01866685 0.01439336 0.01915616
v -0.01914266 0.01439335 0.01868030
v -0.01931679 0.01439334 0.01803030
v -0.01914259 0.01439335 0.01738030
v -0.01866674 0.01439336 0.01690450
v -0.01801673 0.01439338 0.01673036
v -0.01736674 0.01439340 0.01690456
v -0.01689093 0.01439341 0.01738042
v -0.01671680 0.01439341 0.01803043
v -0.02065706 0.01329336 -0.01586524
v -0.02065721 0.01879336 -0.01586523
v -0.02167151 0.01329334 -0.01566192
v -0.02167166 0.01879334 -0.01566191
v -0.02244862 0.01329331 -0.01497886
v -0.02244877 0.01879331 -0.01497885
v -0.00458086 0.01789378 -0.00141438
v -0.00458089 0.01879378 -0.00141438
v -0.01501015 0.01789351 -0.01184474
v -0.01501009 0.01589351 -0.01184474
v -0.00406329 0.01879379 -0.00051777
v -0.00406327 0.01789379 -0.00051777
v -0.00406335 0.01879379 0.00051750
v -0.00406332 0.01789379 0.00051750
v -0.00458103 0.01879377 0.00141405
v -0.00458101 0.01789377 0.00141405
v -0.02065884 0.01879331 0.01586325
v -0.02065869 0.01329331 0.01586324
v -0.02167328 0.01879328 0.01565982
v -0.02167313 0.01329328 0.01565981
v -0.02245031 0.01879326 0.01497669
v -0.02245017 0.01329326 0.01497668
v 0.01466471 0.01579433 -0.01768822
v 0.01698115 0.01329439 -0.01505916
v 0.01698108 0.01579439 -0.01505915
v 0.01772633 0.01329441 -0.01489998
v 0.01772626 0.01579441 -0.01489998
v 0.01803832 0.01579442 -0.01491855
v 0.01770512 0.01579441 -0.01464750
v 0.01504194 0.01589433 -0.01184320
v 0.01497124 0.01579433 -0.01191391
v 0.01311007 0.01589428 -0.01132566
v 0.01290062 0.01579428 -0.01150215
v 0.01362770 0.01589429 -0.01125748
v 0.01362771 0.01579429 -0.01135748
v 0.01414534 0.01589431 -0.01132560
v 0.01435481 0.01579431 -0.01150207
v 0.01439308 0.01589432 -0.01140968
v 0.01286234 0.01589427 -0.01140976
v 0.01228424 0.01579426 -0.01191405
v 0.01193070 0.01579425 -0.01226762
v 0.01151894 0.01579424 -0.01433824
v 0.01137427 0.01579424 -0.01361115
v 0.01151886 0.01579424 -0.01288405
v 0.01193084 0.01579425 -0.01495462
v 0.01466289 0.01579427 0.01768987
v 0.01313707 0.01579423 0.01616389
v 0.01001448 0.01579415 0.01633410
v 0.01055125 0.01579416 0.01586039
v 0.01235181 0.01579421 0.01566875
v 0.01142981 0.01579419 0.01556053
v 0.01001488 0.01579416 0.00850059
v 0.00801498 0.01579411 0.00650048
v 0.00901497 0.01579414 0.00676848
v 0.00974698 0.01579416 0.00750057
v 0.01697953 0.01579434 0.01506104
v 0.01697960 0.01329434 0.01506104
v 0.01772473 0.01579436 0.01490194
v 0.01772479 0.01329436 0.01490194
v -0.01463408 0.01579347 0.01768836
v -0.01490516 0.01579346 0.01802154
v -0.01488656 0.01579347 0.01770948
v -0.01488649 0.01329346 0.01770947
v -0.01504559 0.01329346 0.01696428
v -0.01504565 0.01579346 0.01696428
v -0.01695038 0.01329341 0.01505929
v -0.01695045 0.01579341 0.01505929
v -0.01769556 0.01329339 0.01490011
v -0.01769562 0.01579339 0.01490012
v -0.01800768 0.01579338 0.01491869
v -0.01767448 0.01579339 0.01464764
v -0.01018211 0.01579361 0.00715604
v -0.00956568 0.01579363 0.00674421
v -0.00883858 0.01579365 0.00659961
v -0.00860952 0.01579366 0.00659963
v -0.00798502 0.01589367 0.00649966
v -0.00898503 0.01579364 0.00676756
v -0.00971712 0.01579362 0.00749957
v -0.00998512 0.01579361 0.00849956
v -0.00998552 0.01579360 0.01633307
v -0.01310810 0.01579352 0.01616254
v -0.01232279 0.01579354 0.01566748
v -0.01140078 0.01579356 0.01555936
v -0.01052225 0.01579359 0.01585931
v 0.00461138 0.01779403 0.00141452
v 0.00409379 0.01779401 0.00051792
v 0.00409385 0.01779401 -0.00051735
v 0.00461153 0.01779403 -0.00141390
v 0.01504189 0.01779433 -0.01184319
v 0.01311001 0.01779428 -0.01132565
v 0.01414529 0.01779431 -0.01132560
v 0.00150042 0.01779395 -0.00452533
v 0.00055899 0.01779392 -0.00398186
v -0.00052805 0.01779389 -0.00398192
v -0.00146943 0.01779387 -0.00452549
v -0.01449787 0.01779353 -0.01147384
v -0.01411360 0.01779353 -0.01132706
v -0.01411355 0.01589354 -0.01132706
v -0.01307827 0.01589356 -0.01132700
v -0.01307832 0.01779356 -0.01132700
v -0.00451014 0.01779378 -0.00148508
v -0.00396667 0.01779380 -0.00054365
v -0.00396673 0.01779379 0.00054339
v -0.00451030 0.01779378 0.00148476
v -0.01767297 0.01579344 -0.01464933
v -0.01800615 0.01579344 -0.01492041
v -0.01769409 0.01579344 -0.01490180
v -0.01769402 0.01329344 -0.01490181
v -0.01694883 0.01329346 -0.01506091
v -0.01694890 0.01579346 -0.01506090
v -0.01504384 0.01329352 -0.01696570
v -0.01504391 0.01579352 -0.01696569
v -0.01488466 0.01329353 -0.01771088
v -0.01488473 0.01579352 -0.01771087
v -0.01490331 0.01579352 -0.01802293
v -0.01463226 0.01579353 -0.01768973
v -0.01189866 0.01579360 -0.01495585
v -0.01148690 0.01579361 -0.01288523
v -0.01134223 0.01579361 -0.01361232
v -0.01148682 0.01579361 -0.01433943
v -0.01189880 0.01579360 -0.01226885
v -0.01225237 0.01579359 -0.01191531
v -0.01310414 0.01579356 -0.01142360
v -0.01408766 0.01579354 -0.01142365
v -0.01493938 0.01579351 -0.01191545
v 0.02012925 0.01329442 0.02019121
v 0.01669897 0.01329432 0.02310652
v 0.01999590 0.01329448 -0.02032305
v 0.01654649 0.01329439 -0.02321572
v 0.00411684 0.01329406 -0.02820327
v 0.00850666 0.01329418 -0.02720560
v 0.01268463 0.01329429 -0.02552914
v 0.02305770 0.01329450 0.01677212
v 0.02713112 0.01329463 0.00877430
v 0.02541122 0.01329457 0.01293457
v 0.02532552 0.01329462 -0.01310135
v 0.02294678 0.01329456 -0.01692332
v 0.02707277 0.01329466 -0.00895249
v -0.02693591 0.01329315 0.00799868
v -0.02577262 0.01329318 0.00799874
v -0.02436236 0.01329322 0.01160720
v -0.02326361 0.01329324 0.01644203
v -0.02038420 0.01329331 0.01990250
v -0.02556221 0.01329318 0.01257132
v 0.02817446 0.01329467 0.00439511
v 0.02851523 0.01329468 -0.00009375
v 0.02814492 0.01329468 -0.00458026
v -0.02717725 0.01329314 0.00812047
v -0.02707108 0.01329315 0.00803085
v -0.02723167 0.01329314 0.00824831
v -0.02722264 0.01329314 0.00838696
v -0.01318298 0.01329350 0.02525978
v -0.01699581 0.01329340 0.02286640
v -0.00904085 0.01329361 0.02702292
v -0.00467276 0.01329373 0.02811183
v -0.00018771 0.01329385 0.02849934
v 0.00430242 0.01329397 0.02817579
v 0.00868558 0.01329409 0.02714924
v 0.01285242 0.01329421 0.02544531
v 0.00411670 0.01804406 -0.02810221
v 0.00411671 0.01811770 -0.02817662
v 0.00411672 0.01779406 -0.02820326
v -0.00408330 0.01804384 -0.02810263
v 0.00001672 0.01804395 -0.02839993
v -0.00408316 0.01329384 -0.02820369
v -0.00408328 0.01779384 -0.02820368
v -0.00408329 0.01811748 -0.02817705
v -0.02020360 0.01329338 -0.02008582
v -0.01671999 0.01329348 -0.02306890
v -0.02316361 0.01329330 -0.01658257
v -0.00855403 0.01329371 -0.02718109
v -0.01280298 0.01329360 -0.02545459
v -0.02552338 0.01329323 -0.01264990
v -0.02436116 0.01329326 -0.01160958
v -0.02717642 0.01329317 -0.00812313
v -0.02723081 0.01329317 -0.00825099
v -0.02722177 0.01329317 -0.00838964
v -0.02577179 0.01329321 -0.00800126
v -0.02693508 0.01329318 -0.00800132
v -0.02707025 0.01329318 -0.00803350
v -0.01931504 0.01824340 -0.01803214
v -0.01914091 0.01824341 -0.01738214
v -0.01866510 0.01824342 -0.01690628
v -0.01801511 0.01824344 -0.01673208
v -0.01736510 0.01824346 -0.01690621
v -0.01688924 0.01824347 -0.01738202
v -0.01671504 0.01824347 -0.01803201
v -0.01688918 0.01824347 -0.01868202
v -0.01736498 0.01824346 -0.01915788
v -0.01801498 0.01824344 -0.01933208
v -0.01866498 0.01824342 -0.01915794
v -0.01914084 0.01824341 -0.01868214
v 0.01674740 0.01824439 -0.01803029
v 0.01692154 0.01824440 -0.01738028
v 0.01739734 0.01824441 -0.01690442
v 0.01804733 0.01824442 -0.01673022
v 0.01869734 0.01824444 -0.01690435
v 0.01917320 0.01824446 -0.01738016
v 0.01934740 0.01824446 -0.01803015
v 0.01917327 0.01824446 -0.01868016
v 0.01869746 0.01824445 -0.01915602
v 0.01804747 0.01824443 -0.01933022
v 0.01739746 0.01824441 -0.01915609
v 0.01692160 0.01824440 -0.01868028
v 0.01674554 0.01824433 0.01803216
v 0.01691968 0.01824433 0.01868217
v 0.01739549 0.01824434 0.01915802
v 0.01804548 0.01824436 0.01933222
v 0.01869549 0.01824438 0.01915809
v 0.01917134 0.01824440 0.01868228
v 0.01934554 0.01824440 0.01803229
v 0.01917141 0.01824440 0.01738228
v 0.01869560 0.01824438 0.01690643
v 0.01804561 0.01824437 0.01673223
v 0.01739560 0.01824435 0.01690636
v 0.01691975 0.01824434 0.01738217
v -0.01931690 0.01824334 0.01803030
v -0.01914277 0.01824335 0.01868031
v -0.01866696 0.01824336 0.01915617
v -0.01801697 0.01824338 0.01933037
v -0.01736696 0.01824339 0.01915623
v -0.01689110 0.01824341 0.01868043
v -0.01671690 0.01824341 0.01803043
v -0.01689103 0.01824341 0.01738043
v -0.01736684 0.01824340 0.01690457
v -0.01801683 0.01824338 0.01673037
v -0.01866684 0.01824336 0.01690450
v -0.01914270 0.01824335 0.01738031
v -0.02436131 0.01879326 -0.01160957
v -0.02577195 0.01879321 -0.00800125
v -0.02693520 0.01779318 -0.00800132
v -0.02695534 0.01779318 -0.00800199
v -0.02707037 0.01779317 -0.00803350
v -0.02714687 0.01779317 -0.00808873
v -0.02717654 0.01779317 -0.00812313
v -0.02720901 0.01779317 -0.00817875
v -0.02722190 0.01779317 -0.00838963
v -0.02723450 0.01779317 -0.00828093
v -0.02723094 0.01779317 -0.00825098
v -0.02693603 0.01779315 0.00799869
v -0.02695616 0.01779315 0.00799936
v -0.02707120 0.01779315 0.00803085
v -0.02717737 0.01779315 0.00812047
v -0.02720986 0.01779314 0.00817610
v -0.02723179 0.01779314 0.00824832
v -0.02722276 0.01779314 0.00838697
v -0.02577277 0.01879318 0.00799875
v -0.02436251 0.01879322 0.01160721
v -0.01198451 0.01879358 -0.00500054
v -0.01221281 0.01879358 -0.00614860
v -0.01286308 0.01879356 -0.00712191
v -0.01498518 0.01879348 0.00799930
v -0.01383711 0.01879351 0.00777100
v -0.01286381 0.01879354 0.00712073
v -0.01383631 0.01879354 -0.00777228
v -0.01498435 0.01879351 -0.00800070
v -0.01221344 0.01879356 0.00614750
v -0.01198502 0.01879357 0.00499946
v 0.01470104 0.01579433 -0.01343420
v 0.01453354 0.01579432 -0.01280921
v 0.01407598 0.01579431 -0.01235170
v 0.01345097 0.01579429 -0.01218427
v 0.01453360 0.01579432 -0.01405921
v 0.01345110 0.01579430 -0.01468427
v 0.01407609 0.01579431 -0.01451677
v 0.01282609 0.01579428 -0.01451683
v 0.01236854 0.01579426 -0.01405932
v 0.01220104 0.01579426 -0.01343433
v 0.01282598 0.01579427 -0.01235177
v 0.01236848 0.01579426 -0.01280932
v 0.01236709 0.01579422 0.01406073
v 0.01282471 0.01579423 0.01235323
v 0.01344972 0.01579425 0.01218579
v 0.01407471 0.01579427 0.01235329
v 0.01453222 0.01579428 0.01281085
v 0.01344959 0.01579425 0.01468579
v 0.01282460 0.01579423 0.01451829
v 0.01236716 0.01579422 0.01281074
v 0.01219966 0.01579421 0.01343573
v 0.01469966 0.01579428 0.01343585
v 0.01453215 0.01579428 0.01406085
v 0.01407460 0.01579426 0.01451836
v -0.01233790 0.01579354 0.01405946
v -0.01217040 0.01579355 0.01343447
v -0.01279535 0.01579353 0.01235191
v -0.01342034 0.01579351 0.01218441
v -0.01404535 0.01579350 0.01235184
v -0.01450290 0.01579348 0.01280935
v -0.01467040 0.01579348 0.01343434
v -0.01233784 0.01579354 0.01280946
v -0.01450297 0.01579348 0.01405935
v -0.01342047 0.01579351 0.01468441
v -0.01404546 0.01579349 0.01451691
v -0.01279546 0.01579353 0.01451697
v 0.00316873 0.01779399 -0.00151836
v 0.00316858 0.01779399 0.00151883
v 0.00351526 0.01779400 0.00000025
v -0.00348474 0.01779381 -0.00000011
v -0.00313821 0.01779381 0.00151850
v -0.00216709 0.01779384 0.00273637
v -0.00076374 0.01779388 0.00341228
v 0.00079391 0.01779392 0.00341236
v 0.00219734 0.01779396 0.00273660
v 0.00219762 0.01779397 -0.00273622
v 0.00079426 0.01779393 -0.00341213
v -0.00076338 0.01779389 -0.00341221
v -0.00216681 0.01779385 -0.00273645
v -0.00313805 0.01779382 -0.00151868
v -0.01216902 0.01579359 -0.01343559
v -0.01233646 0.01579359 -0.01406060
v -0.01466902 0.01579352 -0.01343571
v -0.01450152 0.01579353 -0.01406071
v -0.01404396 0.01579354 -0.01451821
v -0.01279396 0.01579358 -0.01451815
v -0.01341895 0.01579356 -0.01468565
v -0.01233652 0.01579359 -0.01281060
v -0.01279407 0.01579357 -0.01235309
v -0.01341908 0.01579356 -0.01218565
v -0.01404407 0.01579354 -0.01235315
v -0.01450158 0.01579353 -0.01281071
v 0.00654758 0.01779413 -0.02774121
v 0.00850654 0.01779418 -0.02720559
v 0.00966727 0.01779421 -0.02681576
v 0.01266113 0.01779429 -0.02554072
v 0.01549013 0.01779437 -0.02393272
v 0.01999577 0.01779448 -0.02032305
v 0.01811740 0.01779444 -0.02201271
v 0.01654637 0.01779439 -0.02321571
v 0.02050867 0.01779450 -0.01980574
v 0.02263278 0.01779455 -0.01734057
v 0.02294666 0.01779456 -0.01692331
v 0.02446204 0.01779460 -0.01464933
v 0.02707264 0.01779466 -0.00895248
v 0.02597260 0.01779463 -0.01176712
v 0.02532540 0.01779462 -0.01310134
v 0.02714476 0.01779466 -0.00873151
v 0.02796325 0.01779468 -0.00558206
v 0.02851511 0.01779468 -0.00009374
v 0.02841739 0.01779468 -0.00235985
v 0.02814480 0.01779468 -0.00458025
v 0.02850127 0.01779468 0.00089313
v 0.02821379 0.01779467 0.00413447
v 0.02817434 0.01779466 0.00439511
v 0.02755870 0.01779464 0.00732191
v 0.02541110 0.01779458 0.01293458
v 0.02654453 0.01779461 0.01041390
v 0.02713099 0.01779463 0.00877431
v 0.02518452 0.01779457 0.01337013
v 0.02349639 0.01779452 0.01615206
v 0.02305757 0.01779450 0.01677213
v 0.02150215 0.01779446 0.01872342
v 0.02012913 0.01779442 0.02019122
v 0.01922779 0.01779439 0.02105070
v 0.01670297 0.01779432 0.02310355
v 0.01396059 0.01779424 0.02485521
v 0.00868546 0.01779409 0.02714925
v 0.01103642 0.01779416 0.02628284
v 0.01285229 0.01779421 0.02544532
v 0.00796857 0.01779407 0.02736784
v 0.00479704 0.01779399 0.02809606
v 0.00430229 0.01779397 0.02817580
v 0.00156317 0.01779390 0.02845801
v -0.00467289 0.01779373 0.02811184
v -0.00169088 0.01779381 0.02844896
v -0.00018783 0.01779385 0.02849935
v -0.00492269 0.01779372 0.02806904
v -0.00809012 0.01779363 0.02732319
v -0.01318310 0.01779350 0.02525979
v -0.01115189 0.01779355 0.02622115
v -0.00904097 0.01779361 0.02702293
v -0.01406807 0.01779347 0.02477727
v -0.01680066 0.01779340 0.02301039
v -0.01699593 0.01779340 0.02286641
v -0.01931403 0.01779334 0.02094353
v -0.02326374 0.01779324 0.01644204
v -0.02157541 0.01779328 0.01860364
v -0.02038432 0.01779331 0.01990251
v -0.02355533 0.01779323 0.01602123
v -0.02522796 0.01779319 0.01322995
v -0.02657151 0.01779316 0.01026621
v -0.02556233 0.01779318 0.01257133
v 0.00333965 0.01811768 -0.02827883
v 0.00009443 0.01811759 -0.02847346
v -0.00315183 0.01811750 -0.02829688
v -0.02706525 0.01779318 -0.00888225
v -0.02587623 0.01779321 -0.01191129
v -0.02552350 0.01779323 -0.01264989
v -0.02434967 0.01779326 -0.01478506
v -0.02316374 0.01779330 -0.01658257
v -0.02250547 0.01779332 -0.01746608
v -0.02036768 0.01779338 -0.01991940
v -0.02020372 0.01779338 -0.02008581
v -0.01796417 0.01779345 -0.02211304
v -0.01672011 0.01779348 -0.02306890
v -0.01532627 0.01779352 -0.02401840
v -0.01280311 0.01779360 -0.02545458
v -0.01248837 0.01779360 -0.02561065
v -0.00948747 0.01779369 -0.02686902
v -0.00636268 0.01779377 -0.02777711
v -0.00855415 0.01779372 -0.02718108
v -0.02708154 0.01847798 -0.00817875
v -0.02702355 0.01845567 -0.00808873
v -0.02541157 0.01977738 -0.00831305
v -0.02542673 0.01977500 -0.00828083
v -0.02515101 0.01979323 -0.00830122
v -0.02710533 0.01848713 -0.00828092
v -0.02713585 0.01836388 -0.00838653
v -0.02688463 0.01888783 -0.00837624
v -0.02673362 0.01909478 -0.00828090
v -0.02672824 0.01909001 -0.00836961
v -0.02615122 0.01954786 -0.00828087
v -0.02615002 0.01954562 -0.00834524
v -0.02650058 0.01931090 -0.00836009
v -0.02661572 0.01920782 -0.00836488
v -0.02601289 0.01961219 -0.00833930
v -0.02684478 0.01838689 -0.00800199
v -0.02682599 0.01837967 -0.00800131
v -0.02652534 0.01890890 -0.00800197
v -0.02651032 0.01889549 -0.00800129
v -0.02602164 0.01930058 -0.00800194
v -0.02601230 0.01928275 -0.00800127
v -0.02539143 0.01949807 -0.00800191
v -0.02538888 0.01947810 -0.00800123
v -0.02694056 0.01842374 -0.00802758
v -0.02660191 0.01897723 -0.00802756
v -0.02606928 0.01939147 -0.00802753
v -0.02540441 0.01959987 -0.00802750
v -0.02515102 0.01960803 -0.00802406
v -0.02515101 0.01949323 -0.00800122
v -0.02666825 0.01903643 -0.00808871
v -0.02611055 0.01947023 -0.00808868
v -0.02541566 0.01968807 -0.00808864
v -0.02515102 0.01970536 -0.00808909
v -0.02671461 0.01907781 -0.00817873
v -0.02613939 0.01952528 -0.00817870
v -0.02542351 0.01974972 -0.00817866
v -0.02515101 0.01977039 -0.00818641
v -0.02014474 0.01933095 -0.01911144
v -0.02034843 0.01939316 -0.01877832
v -0.02006997 0.01931535 -0.01921682
v -0.01969294 0.01928074 -0.01965932
v -0.01939282 0.01929340 -0.01993584
v -0.01801495 0.01954344 -0.02063208
v -0.01812059 0.01954344 -0.02062993
v -0.01845808 0.01946140 -0.02051077
v -0.01880437 0.01938421 -0.02034171
v -0.01919927 0.01931542 -0.02008734
v -0.01696496 0.01954347 -0.02041057
v -0.01671496 0.01954348 -0.02028367
v -0.01597700 0.01954350 -0.01964645
v -0.01576335 0.01954350 -0.01933196
v -0.01545934 0.01954351 -0.01850980
v -0.01541508 0.01954351 -0.01803194
v -0.01553146 0.01954351 -0.01726290
v -0.01576348 0.01954350 -0.01673196
v -0.01617670 0.01954349 -0.01619350
v -0.01671520 0.01954347 -0.01578034
v -0.01724616 0.01954346 -0.01554838
v -0.01801521 0.01954344 -0.01543207
v -0.01849306 0.01954342 -0.01547639
v -0.01931519 0.01954340 -0.01578048
v -0.01962967 0.01954339 -0.01599416
v -0.02026681 0.01954338 -0.01673219
v -0.02039368 0.01954337 -0.01698220
v -0.02061508 0.01954337 -0.01803221
v -0.02061293 0.01954337 -0.01813785
v 0.01912673 0.01933203 -0.02015988
v 0.01879362 0.01939423 -0.02036357
v 0.01923211 0.01931642 -0.02008511
v 0.01967462 0.01928182 -0.01970809
v 0.01995113 0.01929448 -0.01940797
v 0.02064523 0.01954450 -0.01813572
v 0.02052606 0.01946246 -0.01847322
v 0.02035701 0.01938527 -0.01881952
v 0.02010263 0.01931649 -0.01921442
v 0.01579577 0.01954437 -0.01933033
v 0.01549168 0.01954436 -0.01850820
v 0.01600945 0.01954437 -0.01964481
v 0.01674748 0.01954439 -0.02028195
v 0.01699749 0.01954440 -0.02040882
v 0.01804750 0.01954443 -0.02063022
v 0.01815314 0.01954443 -0.02062806
v 0.02042586 0.01954449 -0.01698010
v 0.02064737 0.01954450 -0.01803008
v 0.01966175 0.01954447 -0.01599213
v 0.02029897 0.01954449 -0.01673010
v 0.01852509 0.01954444 -0.01547448
v 0.01934725 0.01954446 -0.01577848
v 0.01727820 0.01954440 -0.01554660
v 0.01804723 0.01954442 -0.01543022
v 0.01620879 0.01954437 -0.01619183
v 0.01674725 0.01954439 -0.01577862
v 0.01544737 0.01954436 -0.01803035
v 0.01556367 0.01954436 -0.01726130
v 0.01579563 0.01954436 -0.01673033
v 0.02017518 0.01933199 0.01911159
v 0.02037887 0.01939421 0.01877847
v 0.02010041 0.01931638 0.01921697
v 0.01972339 0.01928175 0.01965947
v 0.01942326 0.01929440 0.01993599
v 0.01815102 0.01954436 0.02063009
v 0.01848852 0.01946234 0.02051092
v 0.01883481 0.01938517 0.02034187
v 0.01922972 0.01931640 0.02008749
v 0.01579391 0.01954431 0.01673211
v 0.01556189 0.01954430 0.01726306
v 0.01620713 0.01954432 0.01619366
v 0.01674563 0.01954433 0.01578050
v 0.01727659 0.01954435 0.01554853
v 0.01804564 0.01954437 0.01543223
v 0.01852350 0.01954438 0.01547654
v 0.01934562 0.01954440 0.01578063
v 0.01966010 0.01954441 0.01599431
v 0.02029724 0.01954443 0.01673234
v 0.02042411 0.01954443 0.01698235
v 0.02064551 0.01954444 0.01803236
v 0.02064336 0.01954444 0.01813800
v 0.01699539 0.01954433 0.02041073
v 0.01804538 0.01954436 0.02063223
v 0.01600743 0.01954431 0.01964661
v 0.01674539 0.01954433 0.02028383
v 0.01544551 0.01954429 0.01803209
v 0.01548977 0.01954429 0.01850995
v 0.01579378 0.01954430 0.01933211
v -0.01909629 0.01933091 0.02016003
v -0.01876318 0.01939313 0.02036372
v -0.01920167 0.01931530 0.02008526
v -0.01964417 0.01928067 0.01970824
v -0.01992069 0.01929332 0.01940812
v -0.02061694 0.01954331 0.01803024
v -0.02061480 0.01954331 0.01813588
v -0.02049563 0.01946128 0.01847338
v -0.02032657 0.01938410 0.01881967
v -0.02007219 0.01931533 0.01921457
v -0.02039543 0.01954331 0.01698025
v -0.02026854 0.01954332 0.01673025
v -0.01963132 0.01954334 0.01599229
v -0.01931682 0.01954335 0.01577864
v -0.01849466 0.01954337 0.01547464
v -0.01801680 0.01954338 0.01543037
v -0.01724776 0.01954340 0.01554675
v -0.01671682 0.01954342 0.01577877
v -0.01617836 0.01954343 0.01619199
v -0.01576520 0.01954344 0.01673049
v -0.01553324 0.01954345 0.01726145
v -0.01541694 0.01954345 0.01803050
v -0.01546125 0.01954345 0.01850836
v -0.01576534 0.01954344 0.01933049
v -0.01597902 0.01954343 0.01964496
v -0.01671705 0.01954341 0.02028210
v -0.01696706 0.01954340 0.02040897
v -0.01801707 0.01954337 0.02063037
v -0.01812271 0.01954337 0.02062822
v -0.02660523 0.01922692 0.00827830
v -0.02626514 0.01948020 0.00834752
v -0.02593325 0.01964712 0.00827834
v -0.02593273 0.01964589 0.00833355
v -0.02572442 0.01971541 0.00832464
v -0.02703333 0.01862942 0.00837946
v -0.02671239 0.01910875 0.00836622
v -0.02661660 0.01920778 0.00836229
v -0.02706012 0.01859675 0.00827828
v -0.02723016 0.01793429 0.00827827
v -0.02719671 0.01810954 0.00838601
v -0.02515184 0.01960801 0.00802162
v -0.02515184 0.01949320 0.00799878
v -0.02583244 0.01938677 0.00799942
v -0.02582517 0.01936800 0.00799875
v -0.02641468 0.01902287 0.00799939
v -0.02640095 0.01900815 0.00799872
v -0.02680613 0.01848085 0.00799937
v -0.02678781 0.01847249 0.00799869
v -0.02695172 0.01791382 0.00799936
v -0.02693165 0.01791234 0.00799869
v -0.02705407 0.01792134 0.00802494
v -0.02714275 0.01792786 0.00808608
v -0.02689949 0.01852345 0.00802495
v -0.02698039 0.01856037 0.00808609
v -0.02648472 0.01909787 0.00802497
v -0.02654541 0.01916287 0.00808612
v -0.02586949 0.01948247 0.00802501
v -0.02590160 0.01956540 0.00808615
v -0.02720474 0.01793242 0.00817610
v -0.02703693 0.01858617 0.00817611
v -0.02658782 0.01920829 0.00817613
v -0.02592404 0.01962335 0.00817617
v -0.02515185 0.01970533 0.00808665
v -0.02515186 0.01977036 0.00818398
v -0.02515186 0.01979250 0.00827838
v -0.02515186 0.01979320 0.00829878
v -0.01498437 0.01949351 -0.00800070
v -0.01436064 0.01949352 -0.00793511
v -0.01355291 0.01949354 -0.00763707
v -0.01286310 0.01949356 -0.00712191
v -0.01234800 0.01949358 -0.00643204
v -0.01198453 0.01949358 -0.00500054
v -0.01205005 0.01949358 -0.00562428
v -0.01198504 0.01949356 0.00499946
v -0.01205063 0.01949356 0.00562319
v -0.01234866 0.01949355 0.00643092
v -0.01286383 0.01949354 0.00712073
v -0.01355370 0.01949352 0.00763583
v -0.01498519 0.01949348 0.00799930
v -0.01436146 0.01949350 0.00793378
v 0.01220093 0.01969426 -0.01343432
v 0.01236837 0.01969426 -0.01280932
v 0.01282588 0.01969427 -0.01235176
v 0.01345087 0.01969429 -0.01218426
v 0.01407588 0.01969431 -0.01235170
v 0.01453343 0.01969432 -0.01280920
v 0.01470093 0.01969433 -0.01343420
v 0.01453350 0.01969432 -0.01405920
v 0.01407599 0.01969431 -0.01451676
v 0.01345100 0.01969429 -0.01468426
v 0.01282599 0.01969428 -0.01451682
v 0.01236843 0.01969426 -0.01405932
v 0.01219955 0.01969421 0.01343573
v 0.01236698 0.01969422 0.01406074
v 0.01282449 0.01969423 0.01451830
v 0.01344948 0.01969424 0.01468580
v 0.01407449 0.01969426 0.01451836
v 0.01453205 0.01969428 0.01406085
v 0.01469955 0.01969428 0.01343586
v 0.01453211 0.01969428 0.01281085
v 0.01407460 0.01969427 0.01235330
v 0.01344961 0.01969425 0.01218580
v 0.01282460 0.01969423 0.01235323
v 0.01236705 0.01969422 0.01281074
v -0.01467051 0.01969348 0.01343435
v -0.01450307 0.01969348 0.01405936
v -0.01404557 0.01969349 0.01451691
v -0.01342057 0.01969351 0.01468441
v -0.01279557 0.01969353 0.01451698
v -0.01233801 0.01969354 0.01405947
v -0.01217051 0.01969355 0.01343448
v -0.01233795 0.01969354 0.01280947
v -0.01279545 0.01969353 0.01235191
v -0.01342044 0.01969351 0.01218441
v -0.01404545 0.01969350 0.01235185
v -0.01450301 0.01969348 0.01280936
v -0.00318226 0.01929381 0.00142349
v -0.00313825 0.01929381 0.00151851
v -0.00232687 0.01929383 0.00260096
v -0.00216713 0.01929384 0.00273637
v -0.00106651 0.01929387 0.00332872
v -0.00076378 0.01929387 0.00341228
v 0.00038089 0.01929391 0.00348092
v 0.00079387 0.01929392 0.00341236
v 0.00176507 0.01929395 0.00303125
v 0.00219730 0.01929396 0.00273660
v 0.00284668 0.01929398 0.00205747
v 0.00316853 0.01929399 0.00151883
v 0.00343870 0.01929400 0.00072794
v 0.00351522 0.01929400 0.00000026
v 0.00343878 0.01929400 -0.00072744
v 0.00316869 0.01929399 -0.00151835
v 0.00284689 0.01929398 -0.00205703
v 0.00219758 0.01929397 -0.00273622
v 0.00176538 0.01929395 -0.00303092
v 0.00079422 0.01929393 -0.00341213
v 0.00038125 0.01929392 -0.00348073
v -0.00076343 0.01929389 -0.00341221
v -0.00106617 0.01929388 -0.00332868
v -0.00216685 0.01929385 -0.00273645
v -0.00232660 0.01929384 -0.00260105
v -0.00313809 0.01929382 -0.00151868
v -0.00318211 0.01929382 -0.00142367
v -0.00348478 0.01929381 -0.00000010
v -0.01466913 0.01969352 -0.01343571
v -0.01450169 0.01969353 -0.01281070
v -0.01404418 0.01969354 -0.01235314
v -0.01341919 0.01969356 -0.01218564
v -0.01279418 0.01969357 -0.01235308
v -0.01233663 0.01969359 -0.01281059
v -0.01216913 0.01969359 -0.01343558
v -0.01233656 0.01969359 -0.01406059
v -0.01279407 0.01969358 -0.01451814
v -0.01341906 0.01969356 -0.01468564
v -0.01404407 0.01969354 -0.01451821
v -0.01450162 0.01969353 -0.01406070
v -0.02057507 0.01971187 0.01756566
v -0.02053747 0.01974783 0.01739247
v -0.02037230 0.01979332 0.01692932
v -0.01963132 0.01979334 0.01599229
v -0.01691614 0.01979340 0.02038584
v -0.01597903 0.01979343 0.01964496
v -0.01742702 0.01973887 0.02056256
v -0.01759052 0.01970294 0.02059516
v -0.01546126 0.01979345 0.01850836
v -0.01553324 0.01979345 0.01726145
v -0.01724777 0.01979340 0.01554675
v -0.01617837 0.01979343 0.01619199
v -0.01849467 0.01979337 0.01547464
v 0.02040097 0.01979443 0.01693143
v 0.01966009 0.01979441 0.01599431
v 0.02057770 0.01973991 0.01744231
v 0.02061030 0.01970399 0.01760580
v 0.01758079 0.01971291 0.02059036
v 0.01740760 0.01974886 0.02055276
v 0.01694446 0.01979433 0.02038758
v 0.01600742 0.01979431 0.01964661
v 0.01852349 0.01979438 0.01547654
v 0.01727659 0.01979435 0.01554853
v 0.01556188 0.01979430 0.01726306
v 0.01620712 0.01979432 0.01619366
v 0.01548977 0.01979429 0.01850995
v 0.02060550 0.01971306 -0.01756550
v 0.02056789 0.01974901 -0.01739231
v 0.02040272 0.01979449 -0.01692917
v 0.01966174 0.01979447 -0.01599213
v 0.01694656 0.01979440 -0.02038569
v 0.01600944 0.01979437 -0.01964480
v 0.01745744 0.01973989 -0.02056241
v 0.01762094 0.01970398 -0.02059501
v 0.01549167 0.01979436 -0.01850820
v 0.01556366 0.01979436 -0.01726130
v 0.01727819 0.01979440 -0.01554660
v 0.01620879 0.01979437 -0.01619183
v 0.01852508 0.01979444 -0.01547448
v -0.02037055 0.01979337 -0.01693127
v -0.01962967 0.01979339 -0.01599416
v -0.02054728 0.01973885 -0.01744215
v -0.02057988 0.01970293 -0.01760565
v -0.01755037 0.01971202 -0.02059021
v -0.01737718 0.01974798 -0.02055261
v -0.01691404 0.01979348 -0.02038743
v -0.01597700 0.01979350 -0.01964645
v -0.01849307 0.01979342 -0.01547639
v -0.01724617 0.01979346 -0.01554837
v -0.01553146 0.01979351 -0.01726290
v -0.01617670 0.01979349 -0.01619350
v -0.01545935 0.01979351 -0.01850980
v -0.02645621 0.01848540 0.01022168
v -0.02190130 0.01979328 0.01489693
v -0.02247380 0.01966965 0.01528607
v -0.01891678 0.01920757 0.02051306
v -0.02113168 0.01920751 0.01822127
v -0.01645507 0.01920763 0.02253744
v 0.00760357 0.01967045 0.02611203
v 0.00446142 0.01979398 0.02612441
v 0.00457757 0.01967037 0.02680683
v 0.00145449 0.01979390 0.02646096
v 0.00149209 0.01967028 0.02715217
v -0.00157120 0.01979381 0.02645255
v -0.00161264 0.01967020 0.02714354
v -0.00457622 0.01979373 0.02609929
v -0.00469615 0.01967011 0.02678105
v -0.00752138 0.01979365 0.02540578
v -0.00771824 0.01967003 0.02606943
v -0.01036828 0.01979358 0.02438107
v -0.01063952 0.01966995 0.02501795
v -0.01307982 0.01979350 0.02303852
v -0.01342189 0.01966988 0.02364033
v -0.01562065 0.01979344 0.02139563
v -0.01602909 0.01966981 0.02195452
v 0.01026295 0.01979414 0.02443844
v 0.00806647 0.01979408 0.02524740
v 0.00741039 0.01979406 0.02544730
v 0.01593717 0.01967068 0.02204341
v 0.01053065 0.01967053 0.02507682
v 0.01332064 0.01967061 0.02371469
v 0.01298192 0.01979422 0.02311099
v 0.01553184 0.01979429 0.02148225
v 0.02106047 0.01920866 0.01833859
v 0.01883286 0.01920860 0.02061803
v 0.01635993 0.01920853 0.02262868
v 0.02301372 0.01920872 0.01582007
v 0.02241887 0.01967087 0.01541090
v 0.02184854 0.01979447 0.01501859
v 0.02402954 0.01967092 0.01275662
v 0.02341820 0.01979452 0.01243188
v 0.02532714 0.01967096 0.00993605
v 0.02468278 0.01979456 0.00968311
v 0.02629477 0.01967099 0.00698594
v 0.02562577 0.01979459 0.00680810
v 0.02691980 0.01967102 0.00394476
v 0.02623489 0.01979461 0.00384434
v 0.02719409 0.01967103 0.00085216
v 0.02650220 0.01979463 0.00083046
v 0.02711406 0.01967103 -0.00225156
v 0.02642420 0.01979463 -0.00219424
v 0.02668075 0.01967102 -0.00532592
v 0.02600193 0.01979462 -0.00519033
v 0.02159489 0.01967091 -0.01654486
v 0.02526538 0.01979461 -0.00804223
v 0.02589982 0.01967101 -0.00833084
v 0.02524088 0.01979461 -0.00811876
v 0.02478145 0.01967098 -0.01122716
v 0.02415097 0.01979458 -0.01094135
v 0.02334020 0.01967095 -0.01397712
v 0.02274642 0.01979455 -0.01362130
v 0.02104553 0.01979451 -0.01612368
v 0.02216786 0.01920875 -0.01698415
v 0.02008741 0.01920870 -0.01939865
v 0.01774529 0.01920864 -0.02156026
v 0.00922432 0.01967058 -0.02558526
v 0.01177365 0.01979426 -0.02374838
v 0.01208080 0.01967066 -0.02436873
v 0.01440412 0.01979433 -0.02225322
v 0.01477999 0.01967073 -0.02283452
v 0.01684701 0.01979440 -0.02046795
v 0.01728670 0.01967080 -0.02100261
v 0.00608912 0.01979411 -0.02579445
v 0.00806972 0.01979417 -0.02524620
v 0.00898988 0.01979419 -0.02493394
v -0.01713921 0.01966985 -0.02109834
v 0.00624779 0.01967050 -0.02646825
v 0.00319000 0.01967042 -0.02700618
v 0.00310917 0.01979403 -0.02631869
v 0.00009082 0.01967034 -0.02719205
v 0.00008889 0.01979395 -0.02649982
v -0.00300934 0.01967025 -0.02702342
v -0.00293235 0.01979387 -0.02633548
v -0.00607007 0.01967017 -0.02650250
v -0.00591516 0.01979378 -0.02582783
v -0.00905147 0.01967008 -0.02563608
v -0.00882067 0.01979370 -0.02498346
v -0.01191468 0.01967000 -0.02443545
v -0.01161098 0.01979363 -0.02381340
v -0.01462235 0.01966993 -0.02291627
v -0.01424973 0.01979355 -0.02233289
v -0.01670251 0.01979348 -0.02056124
v -0.01759466 0.01920767 -0.02165852
v -0.01994877 0.01920761 -0.01950997
v -0.02204262 0.01920754 -0.01710708
v -0.02147212 0.01966973 -0.01666461
v -0.02582267 0.01966959 -0.00847466
v -0.02468820 0.01966963 -0.01136472
v -0.02092513 0.01979336 -0.01624038
v -0.02323169 0.01966967 -0.01410662
v -0.02263990 0.01979331 -0.01374750
v -0.02405934 0.01979326 -0.01107541
v -0.02650868 0.01920741 -0.00869968
v -0.02576394 0.01848545 -0.01185963
v -0.02694781 0.01848542 -0.00884372
v -0.02424400 0.01848550 -0.01472093
v -0.02240781 0.01848555 -0.01739032
v -0.02027929 0.01848562 -0.01983300
v -0.01788621 0.01848569 -0.02201713
v -0.00944627 0.01848592 -0.02675247
v -0.01243416 0.01848584 -0.02549956
v -0.01525975 0.01848576 -0.02391422
v -0.00633504 0.01848601 -0.02765662
v -0.00314102 0.01848610 -0.02820023
v 0.00009415 0.01848619 -0.02837620
v 0.00332828 0.01848628 -0.02818224
v 0.00651923 0.01848636 -0.02762088
v 0.01542299 0.01848660 -0.02382891
v 0.01260626 0.01848653 -0.02542993
v 0.00962539 0.01848645 -0.02669944
v 0.01803886 0.01848667 -0.02191723
v 0.02041976 0.01848673 -0.01971983
v 0.02253466 0.01848678 -0.01726535
v 0.02585999 0.01848686 -0.01171608
v 0.02435598 0.01848683 -0.01458579
v 0.02784200 0.01848691 -0.00555785
v 0.02702707 0.01848689 -0.00869363
v 0.02829418 0.01848692 -0.00234961
v 0.02837769 0.01848691 0.00088926
v 0.02809146 0.01848690 0.00411654
v 0.02743921 0.01848688 0.00729015
v 0.02339453 0.01848675 0.01608200
v 0.02507533 0.01848680 0.01331214
v 0.02642945 0.01848684 0.01036873
v 0.02140893 0.01848669 0.01864221
v 0.01914444 0.01848662 0.02095939
v 0.01663056 0.01848655 0.02300334
v 0.01390009 0.01848648 0.02474740
v 0.00477628 0.01848622 0.02797420
v 0.00793406 0.01848631 0.02724914
v 0.01098860 0.01848639 0.02616884
v 0.00155644 0.01848613 0.02833457
v -0.00168350 0.01848604 0.02832556
v -0.00490129 0.01848596 0.02794729
v -0.00805498 0.01848587 0.02720468
v -0.01672774 0.01848564 0.02291058
v -0.01400701 0.01848571 0.02466980
v -0.01110347 0.01848579 0.02610742
v -0.01923021 0.01848558 0.02085269
v -0.02148178 0.01848552 0.01852295
v -0.02345311 0.01848547 0.01595174
v -0.02511849 0.01848543 0.01317257
v -0.02602508 0.01920739 0.01005520
v -0.02345655 0.01979324 0.01230154
v -0.02406968 0.01966961 0.01262288
v -0.02470582 0.01979321 0.00954578
v -0.02535158 0.01966958 0.00979513
v -0.02534409 0.01920744 -0.01166647
v -0.02384891 0.01920749 -0.01448116
v -0.01501098 0.01920775 -0.02352473
v -0.01223141 0.01920783 -0.02508424
v -0.00929219 0.01920791 -0.02631675
v -0.00623163 0.01920799 -0.02720617
v -0.00308963 0.01920808 -0.02774092
v 0.00009284 0.01920817 -0.02791403
v 0.00327430 0.01920825 -0.02772323
v 0.00641328 0.01920834 -0.02717101
v 0.00946885 0.01920842 -0.02626458
v 0.01240117 0.01920850 -0.02501575
v 0.01517203 0.01920857 -0.02344080
v 0.02395952 0.01920880 -0.01434823
v 0.02543903 0.01920883 -0.01152526
v 0.02658710 0.01920886 -0.00855204
v 0.02738876 0.01920888 -0.00546733
v 0.02783358 0.01920888 -0.00231134
v 0.02791573 0.01920888 0.00087478
v 0.02763416 0.01920887 0.00404949
v 0.02699253 0.01920884 0.00717142
v 0.02599921 0.01920881 0.01019986
v 0.02466716 0.01920877 0.01309532
v 0.01367392 0.01920845 0.02434434
v 0.01080986 0.01920837 0.02574263
v 0.00780506 0.01920829 0.02680533
v 0.00469872 0.01920820 0.02751858
v 0.00153132 0.01920811 0.02787309
v -0.00165585 0.01920803 0.02786422
v -0.00482123 0.01920794 0.02749211
v -0.00792356 0.01920786 0.02676159
v -0.01092240 0.01920778 0.02568220
v -0.01377864 0.01920770 0.02426801
v -0.02307089 0.01920746 0.01569193
v -0.02470915 0.01920742 0.01295803
v -0.01498437 0.01959734 -0.00801924
v -0.01498437 0.01970564 -0.00808856
v -0.01498437 0.01977496 -0.00819686
v -0.01498436 0.01979351 -0.00830070
v -0.01203192 0.01959742 -0.00562813
v -0.01233171 0.01959741 -0.00644088
v -0.01284999 0.01959740 -0.00713502
v -0.01354407 0.01959738 -0.00765337
v -0.01435679 0.01959736 -0.00795324
v -0.01429826 0.01979353 -0.00822855
v -0.01431985 0.01977498 -0.00812698
v -0.01378291 0.01979354 -0.00807415
v -0.01345931 0.01977501 -0.00780946
v -0.01340976 0.01979355 -0.00790071
v -0.01272439 0.01977502 -0.00726061
v -0.01265096 0.01979357 -0.00733403
v -0.01217561 0.01977504 -0.00652563
v -0.01208436 0.01979358 -0.00657517
v -0.01185818 0.01977504 -0.00566505
v -0.01175661 0.01979359 -0.00568664
v -0.01168453 0.01979359 -0.00500053
v -0.01178837 0.01977505 -0.00500053
v -0.01183453 0.01975339 -0.00500053
v -0.01189666 0.01970572 -0.00500054
v -0.01196599 0.01959742 -0.00500054
v -0.01194434 0.01964358 -0.00500054
v -0.01196411 0.01970572 -0.00564254
v -0.01227078 0.01970571 -0.00647396
v -0.01280097 0.01970570 -0.00718404
v -0.01351099 0.01970568 -0.00771429
v -0.01434237 0.01970566 -0.00802105
v -0.01168505 0.01979357 0.00499947
v -0.01178683 0.01977578 0.00499947
v -0.01183505 0.01975338 0.00499947
v -0.01189618 0.01970670 0.00499946
v -0.01194485 0.01964357 0.00499946
v -0.01196628 0.01959800 0.00499946
v -0.01196371 0.01970669 0.00564167
v -0.01203228 0.01959800 0.00562709
v -0.01498520 0.01959791 0.00801807
v -0.01435756 0.01959793 0.00795213
v -0.01354475 0.01959795 0.00765232
v -0.01285057 0.01959797 0.00713400
v -0.01233218 0.01959798 0.00643987
v -0.01175720 0.01979357 0.00568558
v -0.01185675 0.01977578 0.00566441
v -0.01217447 0.01977577 0.00652551
v -0.01208503 0.01979356 0.00657408
v -0.01272368 0.01977575 0.00726091
v -0.01265172 0.01979354 0.00733288
v -0.01345913 0.01977573 0.00781004
v -0.01341057 0.01979352 0.00789948
v -0.01432026 0.01977571 0.00812767
v -0.01429911 0.01979350 0.00822723
v -0.01498521 0.01977569 0.00819753
v -0.01498522 0.01979348 0.00829930
v -0.01498521 0.01970661 0.00808817
v -0.01434299 0.01970663 0.00802071
v -0.01351130 0.01970665 0.00771393
v -0.01280100 0.01970667 0.00718358
v -0.01227057 0.01970669 0.00647333
v 0.01228176 0.01979426 -0.01275932
v 0.01277587 0.01979427 -0.01226516
v 0.01345086 0.01979429 -0.01208426
v 0.01412587 0.01979431 -0.01226509
v 0.01462003 0.01979432 -0.01275920
v 0.01480093 0.01979433 -0.01343419
v 0.01462010 0.01979433 -0.01410920
v 0.01412599 0.01979431 -0.01460336
v 0.01345100 0.01979429 -0.01478426
v 0.01277599 0.01979428 -0.01460343
v 0.01228183 0.01979426 -0.01410932
v 0.01210093 0.01979426 -0.01343433
v 0.01228038 0.01979421 0.01411074
v 0.01277449 0.01979423 0.01460490
v 0.01344948 0.01979424 0.01478580
v 0.01412448 0.01979426 0.01460497
v 0.01461865 0.01979428 0.01411086
v 0.01479955 0.01979428 0.01343587
v 0.01461871 0.01979428 0.01276086
v 0.01412461 0.01979427 0.01226670
v 0.01344961 0.01979425 0.01208580
v 0.01277461 0.01979423 0.01226663
v 0.01228045 0.01979422 0.01276074
v 0.01209955 0.01979421 0.01343573
v -0.01458968 0.01979348 0.01410935
v -0.01409557 0.01979349 0.01460351
v -0.01342058 0.01979351 0.01478441
v -0.01274557 0.01979353 0.01460358
v -0.01225141 0.01979354 0.01410947
v -0.01207051 0.01979355 0.01343448
v -0.01225134 0.01979355 0.01275947
v -0.01274545 0.01979353 0.01226531
v -0.01342044 0.01979351 0.01208441
v -0.01409545 0.01979350 0.01226524
v -0.01458961 0.01979348 0.01275935
v -0.01477051 0.01979348 0.01343434
v -0.00266116 0.01979383 -0.00297264
v -0.00363889 0.01979380 -0.00162706
v -0.00122066 0.01979388 -0.00380421
v 0.00043353 0.01979392 -0.00397799
v 0.00201539 0.01979396 -0.00346392
v 0.00325140 0.01979399 -0.00235090
v 0.00392784 0.01979401 -0.00083137
v 0.00392776 0.01979401 0.00083193
v 0.00325116 0.01979399 0.00235138
v 0.00201503 0.01979395 0.00346428
v 0.00043312 0.01979391 0.00397819
v -0.00122106 0.01979386 0.00380424
v -0.00266147 0.01979382 0.00297252
v -0.00363906 0.01979380 0.00162684
v -0.00398479 0.01979379 -0.00000013
v -0.01458830 0.01979353 -0.01276070
v -0.01409419 0.01979354 -0.01226654
v -0.01341920 0.01979356 -0.01208564
v -0.01274419 0.01979357 -0.01226647
v -0.01225003 0.01979359 -0.01276058
v -0.01206913 0.01979359 -0.01343557
v -0.01224996 0.01979359 -0.01411058
v -0.01274407 0.01979358 -0.01460474
v -0.01341906 0.01979356 -0.01478564
v -0.01409407 0.01979354 -0.01460481
v -0.01458823 0.01979353 -0.01411070
v -0.01476913 0.01979352 -0.01343571
v 0.00805814 0.01979414 -0.00804202
v 0.01852508 0.01979443 -0.01547448
v 0.00171807 0.01315005 -0.04075123
v 0.00098600 0.01388208 -0.04075126
v -0.00001395 0.01215000 -0.04075132
v -0.00001400 0.01415000 -0.04075132
v -0.00101400 0.01388203 -0.04075137
v 0.00098610 0.01041798 -0.04075126
v 0.00171813 0.01115005 -0.04075123
v 0.00198605 0.01215006 -0.04075121
v -0.00174597 0.01114995 -0.04075141
v -0.00101390 0.01041792 -0.04075137
v -0.00001389 0.01015000 -0.04075132
v -0.00174603 0.01314995 -0.04075141
v -0.00201395 0.01214995 -0.04075142
v 0.01224078 -0.00507466 -0.04075067
v 0.01150871 -0.00434263 -0.04075070
v 0.01050876 -0.00607471 -0.04075076
v 0.01050870 -0.00407471 -0.04075076
v 0.00950871 -0.00434269 -0.04075081
v 0.01150880 -0.00780673 -0.04075070
v 0.01224084 -0.00707466 -0.04075067
v 0.01250876 -0.00607466 -0.04075065
v 0.00877673 -0.00707476 -0.04075085
v 0.00950881 -0.00780679 -0.04075081
v 0.01050881 -0.00807471 -0.04075076
v 0.00877668 -0.00507476 -0.04075085
v 0.00850876 -0.00607477 -0.04075086
v -0.00880364 -0.00507524 -0.04075178
v -0.00953571 -0.00434321 -0.04075182
v -0.01053566 -0.00607529 -0.04075187
v -0.01053571 -0.00407529 -0.04075187
v -0.01153571 -0.00434326 -0.04075193
v -0.00953561 -0.00780731 -0.04075182
v -0.00880358 -0.00707524 -0.04075178
v -0.00853566 -0.00607523 -0.04075177
v -0.01226768 -0.00707533 -0.04075196
v -0.01153561 -0.00780736 -0.04075193
v -0.01053561 -0.00807529 -0.04075187
v -0.01226774 -0.00507533 -0.04075196
v -0.01253566 -0.00607534 -0.04075198
v 0.00673680 -0.01169116 -0.04250203
v 0.00611173 -0.01060864 -0.04175099
v 0.00565421 -0.01106619 -0.04175102
v 0.00673672 -0.01044116 -0.04175096
v 0.00565424 -0.01231619 -0.04175102
v 0.00611179 -0.01277371 -0.04175099
v 0.00548676 -0.01169119 -0.04175102
v 0.00736179 -0.01277367 -0.04175093
v 0.00781930 -0.01231613 -0.04175090
v 0.00673679 -0.01294116 -0.04175096
v 0.00781927 -0.01106613 -0.04175090
v 0.00736173 -0.01060861 -0.04175093
v 0.00798676 -0.01169112 -0.04175089
v 0.01348648 0.00000037 -0.04250168
v 0.01286141 0.00108289 -0.04175064
v 0.01240389 0.00062534 -0.04175066
v 0.01348640 0.00125037 -0.04175060
v 0.01240392 -0.00062466 -0.04175066
v 0.01286147 -0.00108218 -0.04175064
v 0.01223644 0.00000034 -0.04175067
v 0.01411147 -0.00108214 -0.04175057
v 0.01456898 -0.00062460 -0.04175055
v 0.01348647 -0.00124963 -0.04175060
v 0.01456895 0.00062540 -0.04175055
v 0.01411141 0.00108292 -0.04175057
v 0.01473644 0.00000041 -0.04175054
v 0.00673616 0.01169153 -0.04250203
v 0.00611109 0.01277404 -0.04175099
v 0.00565357 0.01231650 -0.04175102
v 0.00673608 0.01294153 -0.04175096
v 0.00565360 0.01106650 -0.04175102
v 0.00611115 0.01060898 -0.04175099
v 0.00548612 0.01169149 -0.04175103
v 0.00736115 0.01060901 -0.04175093
v 0.00781867 0.01106656 -0.04175090
v 0.00673615 0.01044153 -0.04175096
v 0.00781863 0.01231656 -0.04175090
v 0.00736109 0.01277408 -0.04175093
v 0.00798612 0.01169156 -0.04175089
v -0.00676384 0.01169116 -0.04250275
v -0.00738891 0.01277367 -0.04175171
v -0.00784643 0.01231613 -0.04175173
v -0.00676392 0.01294116 -0.04175168
v -0.00784640 0.01106613 -0.04175173
v -0.00738885 0.01060861 -0.04175171
v -0.00801388 0.01169113 -0.04175174
v -0.00613885 0.01060865 -0.04175164
v -0.00568133 0.01106619 -0.04175162
v -0.00676385 0.01044116 -0.04175168
v -0.00568137 0.01231619 -0.04175162
v -0.00613891 0.01277371 -0.04175164
v -0.00551388 0.01169119 -0.04175161
v -0.01351353 -0.00000037 -0.04250311
v -0.01413859 0.00108215 -0.04175206
v -0.01459611 0.00062460 -0.04175209
v -0.01351360 0.00124963 -0.04175203
v -0.01459608 -0.00062540 -0.04175209
v -0.01413853 -0.00108292 -0.04175206
v -0.01476356 -0.00000040 -0.04175210
v -0.01288853 -0.00108288 -0.04175200
v -0.01243102 -0.00062534 -0.04175197
v -0.01351353 -0.00125037 -0.04175203
v -0.01243105 0.00062466 -0.04175197
v -0.01288859 0.00108218 -0.04175200
v -0.01226356 -0.00000033 -0.04175197
v -0.00676320 -0.01169153 -0.04250275
v -0.00738827 -0.01060901 -0.04175171
v -0.00784579 -0.01106656 -0.04175173
v -0.00676328 -0.01044153 -0.04175167
v -0.00784576 -0.01231656 -0.04175173
v -0.00738821 -0.01277408 -0.04175171
v -0.00801324 -0.01169156 -0.04175174
v -0.00613821 -0.01277404 -0.04175164
v -0.00568070 -0.01231650 -0.04175162
v -0.00676321 -0.01294153 -0.04175167
v -0.00568073 -0.01106650 -0.04175162
v -0.00613827 -0.01060898 -0.04175164
v -0.00551324 -0.01169149 -0.04175161
v -0.00001422 0.01415000 -0.03675132
v -0.00101421 0.01388203 -0.03675137
v -0.00174624 0.01314995 -0.03675141
v -0.00201416 0.01214995 -0.03675142
v -0.00174618 0.01114995 -0.03675141
v -0.00101411 0.01041792 -0.03675137
v -0.00001411 0.01015000 -0.03675131
v 0.00098589 0.01041798 -0.03675126
v 0.00171792 0.01115005 -0.03675123
v 0.00198584 0.01215006 -0.03675121
v 0.00171786 0.01315005 -0.03675123
v 0.00098579 0.01388208 -0.03675126
v 0.01050849 -0.00407471 -0.03675076
v 0.00950850 -0.00434269 -0.03675081
v 0.00877647 -0.00507476 -0.03675085
v 0.00850855 -0.00607476 -0.03675086
v 0.00877652 -0.00707476 -0.03675085
v 0.00950859 -0.00780679 -0.03675081
v 0.01050860 -0.00807471 -0.03675076
v 0.01150859 -0.00780673 -0.03675071
v 0.01224062 -0.00707466 -0.03675067
v 0.01250855 -0.00607466 -0.03675065
v 0.01224057 -0.00507466 -0.03675067
v 0.01150850 -0.00434263 -0.03675071
v -0.01053593 -0.00407529 -0.03675187
v -0.01153592 -0.00434326 -0.03675193
v -0.01226795 -0.00507533 -0.03675196
v -0.01253587 -0.00607534 -0.03675198
v -0.01226789 -0.00707533 -0.03675196
v -0.01153582 -0.00780736 -0.03675193
v -0.01053582 -0.00807529 -0.03675187
v -0.00953582 -0.00780731 -0.03675182
v -0.00880379 -0.00707524 -0.03675178
v -0.00853587 -0.00607523 -0.03675177
v -0.00880385 -0.00507524 -0.03675178
v -0.00953592 -0.00434321 -0.03675182
v 0.00673646 -0.01044116 -0.03675096
v 0.00611146 -0.01060864 -0.03675099
v 0.00565394 -0.01106619 -0.03675102
v 0.00548649 -0.01169119 -0.03675102
v 0.00565398 -0.01231619 -0.03675102
v 0.00611152 -0.01277371 -0.03675099
v 0.00673653 -0.01294116 -0.03675096
v 0.00736152 -0.01277367 -0.03675092
v 0.00781904 -0.01231613 -0.03675090
v 0.00798649 -0.01169112 -0.03675089
v 0.00781901 -0.01106613 -0.03675090
v 0.00736146 -0.01060861 -0.03675092
v 0.01348614 0.00125037 -0.03675060
v 0.01286114 0.00108289 -0.03675063
v 0.01240362 0.00062534 -0.03675066
v 0.01223617 0.00000034 -0.03675067
v 0.01240366 -0.00062466 -0.03675066
v 0.01286120 -0.00108218 -0.03675063
v 0.01348621 -0.00124963 -0.03675060
v 0.01411120 -0.00108214 -0.03675057
v 0.01456872 -0.00062460 -0.03675054
v 0.01473617 0.00000041 -0.03675054
v 0.01456869 0.00062540 -0.03675054
v 0.01411114 0.00108292 -0.03675057
v 0.00673582 0.01294153 -0.03675096
v 0.00611082 0.01277404 -0.03675099
v 0.00565330 0.01231650 -0.03675102
v 0.00548585 0.01169150 -0.03675102
v 0.00565334 0.01106650 -0.03675102
v 0.00611088 0.01060898 -0.03675099
v 0.00673589 0.01044153 -0.03675096
v 0.00736088 0.01060901 -0.03675093
v 0.00781840 0.01106656 -0.03675090
v 0.00798585 0.01169156 -0.03675089
v 0.00781837 0.01231656 -0.03675090
v 0.00736082 0.01277408 -0.03675093
v -0.00676418 0.01294116 -0.03675167
v -0.00738918 0.01277367 -0.03675171
v -0.00784670 0.01231613 -0.03675173
v -0.00801415 0.01169113 -0.03675174
v -0.00784666 0.01106613 -0.03675173
v -0.00738912 0.01060861 -0.03675171
v -0.00676411 0.01044116 -0.03675167
v -0.00613912 0.01060865 -0.03675164
v -0.00568160 0.01106619 -0.03675162
v -0.00551415 0.01169119 -0.03675161
v -0.00568163 0.01231619 -0.03675162
v -0.00613918 0.01277371 -0.03675164
v -0.01351386 0.00124963 -0.03675203
v -0.01413886 0.00108215 -0.03675206
v -0.01459638 0.00062460 -0.03675209
v -0.01476383 -0.00000040 -0.03675210
v -0.01459634 -0.00062540 -0.03675209
v -0.01413880 -0.00108292 -0.03675206
v -0.01351380 -0.00125037 -0.03675203
v -0.01288880 -0.00108288 -0.03675200
v -0.01243128 -0.00062534 -0.03675197
v -0.01226383 -0.00000033 -0.03675196
v -0.01243131 0.00062466 -0.03675197
v -0.01288886 0.00108218 -0.03675200
v -0.00676354 -0.01044153 -0.03675167
v -0.00738854 -0.01060901 -0.03675171
v -0.00784606 -0.01106656 -0.03675173
v -0.00801351 -0.01169156 -0.03675174
v -0.00784602 -0.01231656 -0.03675173
v -0.00738848 -0.01277408 -0.03675171
v -0.00676347 -0.01294153 -0.03675167
v -0.00613848 -0.01277404 -0.03675164
v -0.00568096 -0.01231650 -0.03675162
v -0.00551351 -0.01169149 -0.03675161
v -0.00568099 -0.01106650 -0.03675162
v -0.00613854 -0.01060898 -0.03675164
v 0.00824735 -0.00266227 -0.03675088
v 0.00824712 0.00570023 -0.03675088
v 0.00373602 0.00570010 -0.03675112
v 0.00373624 -0.00266240 -0.03675112
v 0.01366792 0.01091145 -0.03675059
v 0.01362199 0.01029605 -0.03675060
v 0.01539637 0.00829313 -0.03675050
v -0.00376411 0.01029557 -0.03675152
v -0.00313905 0.01721868 -0.03675148
v 0.00373589 0.01029578 -0.03675112
v 0.00311045 0.01721886 -0.03675115
v -0.00001431 0.01750000 -0.03675132
v 0.00824699 0.01029590 -0.03675088
v 0.00896150 0.01502310 -0.03675084
v 0.00613478 0.01638428 -0.03675099
v 0.01149974 0.01317907 -0.03675071
v 0.01362235 -0.00266213 -0.03675060
v 0.01704752 -0.00389365 -0.03675041
v 0.01027280 -0.01415751 -0.03675077
v 0.01263541 -0.01209325 -0.03675065
v 0.01362253 -0.00925780 -0.03675060
v 0.01459147 -0.00964030 -0.03675054
v 0.01607810 -0.00687750 -0.03675047
v -0.00158204 -0.01742959 -0.03675140
v 0.00155534 -0.01742950 -0.03675123
v 0.00373659 -0.01522057 -0.03675112
v -0.01029968 -0.01415808 -0.03675186
v -0.00760636 -0.01576716 -0.03675172
v -0.00827452 -0.01522090 -0.03675175
v -0.00466901 -0.01686947 -0.03675156
v -0.00376341 -0.01522077 -0.03675151
v -0.01461860 -0.00964110 -0.03675209
v -0.01610538 -0.00687838 -0.03675217
v -0.01707496 -0.00389458 -0.03675222
v -0.01039986 -0.00266278 -0.03675187
v -0.01040009 0.00569972 -0.03675187
v -0.01542448 0.00829228 -0.03675213
v -0.01665747 0.00540734 -0.03675220
v -0.01735551 0.00234861 -0.03675224
v -0.01749619 -0.00078561 -0.03675224
v -0.01040022 0.01029539 -0.03675187
v -0.01369618 0.01091070 -0.03675204
v -0.00827521 0.01029545 -0.03675175
v -0.00898998 0.01502261 -0.03675179
v -0.01152812 0.01317844 -0.03675193
v -0.00616334 0.01638394 -0.03675164
v -0.00376398 0.00569990 -0.03675152
v -0.00827486 -0.00266272 -0.03675175
v -0.00827468 -0.00925840 -0.03675175
v -0.01039968 -0.00925845 -0.03675187
v 0.01362212 0.00570037 -0.03675060
v 0.01662951 0.00540825 -0.03675044
v 0.01732773 0.00234956 -0.03675040
v 0.01746857 -0.00078465 -0.03675039
v -0.00827509 0.00569978 -0.03675175
v -0.00376376 -0.00266260 -0.03675152
v -0.00376358 -0.00925827 -0.03675151
v -0.01266241 -0.01209394 -0.03675199
v 0.00373642 -0.00925807 -0.03675112
v 0.00824753 -0.00925794 -0.03675088
v 0.00824769 -0.01522044 -0.03675088
v 0.00464228 -0.01686922 -0.03675107
v 0.00757957 -0.01576675 -0.03675091
v -0.00313897 0.01721868 -0.03825148
v -0.00616326 0.01638394 -0.03825164
v -0.00898990 0.01502261 -0.03825179
v -0.01152804 0.01317844 -0.03825193
v -0.01369610 0.01091070 -0.03825204
v -0.01542440 0.00829228 -0.03825213
v -0.01665739 0.00540734 -0.03825220
v -0.01735543 0.00234861 -0.03825223
v -0.01749611 -0.00078561 -0.03825224
v -0.01707488 -0.00389458 -0.03825222
v -0.01610530 -0.00687838 -0.03825217
v -0.01461852 -0.00964110 -0.03825209
v -0.01266233 -0.01209394 -0.03825198
v -0.01029960 -0.01415808 -0.03825186
v -0.00760628 -0.01576716 -0.03825172
v -0.00466893 -0.01686947 -0.03825156
v -0.00158196 -0.01742959 -0.03825140
v 0.00155542 -0.01742950 -0.03825123
v 0.00464236 -0.01686922 -0.03825107
v 0.00757965 -0.01576675 -0.03825091
v 0.01027288 -0.01415751 -0.03825077
v 0.01263549 -0.01209325 -0.03825065
v 0.01459155 -0.00964030 -0.03825054
v 0.01607817 -0.00687750 -0.03825046
v 0.01704760 -0.00389365 -0.03825041
v 0.01746865 -0.00078465 -0.03825039
v 0.01732781 0.00234956 -0.03825040
v 0.01662959 0.00540825 -0.03825044
v 0.01539645 0.00829313 -0.03825050
v 0.01366800 0.01091145 -0.03825059
v 0.01149982 0.01317907 -0.03825071
v 0.00896158 0.01502310 -0.03825084
v 0.00613486 0.01638428 -0.03825099
v 0.00311053 0.01721886 -0.03825115
v -0.00001423 0.01750000 -0.03825132
v -0.01169253 0.01336670 -0.03825194
v -0.01389156 0.01106657 -0.03825205
v -0.01564455 0.00841074 -0.03825215
v -0.01689515 0.00548459 -0.03825221
v -0.01760317 0.00238216 -0.03825225
v -0.01774585 -0.00079683 -0.03825225
v -0.01731861 -0.00395022 -0.03825223
v -0.01633518 -0.00697664 -0.03825218
v -0.01482716 -0.00977882 -0.03825210
v -0.01284302 -0.01226671 -0.03825200
v -0.01044654 -0.01436034 -0.03825187
v -0.00771475 -0.01599241 -0.03825172
v -0.00473544 -0.01711047 -0.03825156
v -0.00160436 -0.01767858 -0.03825140
v 0.00157783 -0.01767850 -0.03825123
v 0.00470887 -0.01711021 -0.03825106
v 0.00768812 -0.01599199 -0.03825091
v 0.01041983 -0.01435976 -0.03825076
v 0.01281620 -0.01226601 -0.03825064
v 0.01480019 -0.00977801 -0.03825053
v 0.01630806 -0.00697575 -0.03825045
v 0.01729133 -0.00394927 -0.03825040
v 0.01771840 -0.00079586 -0.03825038
v 0.01757554 0.00238312 -0.03825039
v 0.01686735 0.00548552 -0.03825042
v 0.01561659 0.00841160 -0.03825049
v 0.01386346 0.01106733 -0.03825058
v 0.01166430 0.01336734 -0.03825070
v 0.00908980 0.01523772 -0.03825083
v 0.00622270 0.01661834 -0.03825099
v 0.00315516 0.01746484 -0.03825115
v -0.00001423 0.01775000 -0.03825132
v -0.00318361 0.01746466 -0.03825149
v -0.00625111 0.01661800 -0.03825165
v -0.00911813 0.01523722 -0.03825180
v -0.00001125 -0.01775000 -0.07625131
v 0.00157984 -0.01767850 -0.07625123
v 0.00471088 -0.01711021 -0.07625107
v 0.00769013 -0.01599199 -0.07625091
v 0.01042184 -0.01435977 -0.07625076
v 0.01281821 -0.01226601 -0.07625064
v 0.01480220 -0.00977802 -0.07625053
v 0.01631007 -0.00697575 -0.07625045
v 0.01729334 -0.00394927 -0.07625040
v 0.01772041 -0.00079587 -0.07625037
v 0.01757756 0.00238312 -0.07625039
v 0.01686936 0.00548551 -0.07625043
v 0.01561860 0.00841160 -0.07625049
v 0.01386547 0.01106732 -0.07625058
v 0.01166631 0.01336734 -0.07625070
v 0.00909181 0.01523772 -0.07625084
v 0.00622471 0.01661834 -0.07625099
v 0.00315717 0.01746484 -0.07625115
v -0.00001222 0.01775000 -0.07625132
v -0.00318160 0.01746466 -0.07625148
v -0.00624910 0.01661800 -0.07625165
v -0.00911612 0.01523722 -0.07625180
v -0.01169052 0.01336670 -0.07625193
v -0.01388955 0.01106656 -0.07625205
v -0.01564254 0.00841074 -0.07625214
v -0.01689314 0.00548459 -0.07625221
v -0.01760116 0.00238216 -0.07625224
v -0.01774384 -0.00079684 -0.07625225
v -0.01731660 -0.00395022 -0.07625223
v -0.01633317 -0.00697664 -0.07625218
v -0.01482515 -0.00977883 -0.07625210
v -0.01284101 -0.01226671 -0.07625199
v -0.01044453 -0.01436034 -0.07625186
v -0.00771274 -0.01599241 -0.07625172
v -0.00473343 -0.01711047 -0.07625157
v -0.00160235 -0.01767859 -0.07625140
v -0.00001174 -0.00000000 -0.07625131
v 0.02600804 0.00496221 -0.03373806
v 0.02600813 0.00496221 -0.03425002
v 0.02803855 0.00496226 -0.03373807
v 0.02710062 0.00496224 -0.03424996
v 0.02803857 0.00496226 -0.03424991
v 0.02600841 -0.00503780 -0.03425001
v 0.02600834 -0.00503780 -0.03373810
v 0.02710090 -0.00503777 -0.03424996
v 0.02809972 -0.00503773 -0.03373802
v 0.02809972 -0.00503774 -0.03424989
v 0.02600803 0.00497472 -0.03358037
v 0.02779746 0.00498920 -0.03350595
v 0.02600802 0.00502232 -0.03339658
v 0.02768235 0.00502135 -0.03339879
v 0.02732716 0.00520467 -0.03308496
v 0.02600797 0.00550883 -0.03284676
v 0.02600799 0.00525178 -0.03303431
v 0.02600800 0.00515352 -0.03314983
v 0.02697933 0.00557001 -0.03281813
v 0.02680966 0.00596368 -0.03273801
v 0.02600794 0.00596219 -0.03273807
v 0.02600837 -0.00603779 -0.03273811
v 0.02688673 -0.00603816 -0.03273805
v 0.02600836 -0.00588007 -0.03275061
v 0.02700728 -0.00571908 -0.03279022
v 0.02600835 -0.00568969 -0.03280065
v 0.02600834 -0.00544955 -0.03292943
v 0.02725177 -0.00539956 -0.03296820
v 0.02600834 -0.00532736 -0.03303433
v 0.02762370 -0.00514491 -0.03328767
v 0.02600834 -0.00514647 -0.03328473
v -0.02599185 0.00496078 -0.03425270
v -0.02599184 0.00496078 -0.03374078
v -0.02708434 0.00496075 -0.03425276
v -0.02802231 0.00496072 -0.03374093
v -0.02802228 0.00496072 -0.03425280
v -0.02599156 -0.00503923 -0.03374074
v -0.02599158 -0.00503923 -0.03425270
v -0.02808301 -0.00503927 -0.03374094
v -0.02708407 -0.00503926 -0.03425274
v -0.02808291 -0.00503927 -0.03425279
v 0.00695111 0.02489412 -0.01931779
v 0.00708846 0.02489414 -0.01983028
v 0.00517581 0.02489408 -0.02034288
v 0.00695116 0.02489413 -0.02034279
v 0.00503846 0.02489408 -0.01983039
v 0.00517576 0.02489407 -0.01931788
v 0.00657601 0.02489412 -0.02071798
v 0.00606351 0.02489411 -0.02085533
v 0.00555100 0.02489409 -0.02071803
v 0.00657591 0.02489411 -0.01894263
v 0.00606341 0.02489409 -0.01880533
v 0.00555091 0.02489408 -0.01894268
v -0.00504889 0.02489380 -0.01931841
v -0.00491154 0.02489381 -0.01983090
v -0.00682419 0.02489376 -0.02034350
v -0.00504884 0.02489380 -0.02034340
v -0.00696154 0.02489375 -0.01983101
v -0.00682425 0.02489376 -0.01931850
v -0.00542400 0.02489379 -0.02071860
v -0.00593649 0.02489378 -0.02085595
v -0.00644900 0.02489377 -0.02071865
v -0.00542409 0.02489378 -0.01894325
v -0.00593659 0.02489376 -0.01880595
v -0.00644909 0.02489375 -0.01894330
v -0.00047574 -0.02838580 -0.03360655
v -0.00049363 -0.02838580 -0.03373912
v 0.00048842 -0.02838577 -0.03360632
v -0.00042314 -0.02838580 -0.03348312
v -0.00046776 -0.02838580 -0.03540986
v -0.00033345 -0.02838580 -0.03561805
v -0.00049355 -0.02838580 -0.03525137
v -0.00011568 -0.02838579 -0.03573620
v 0.00000647 -0.02838579 -0.03575135
v 0.00013208 -0.02838578 -0.03573531
v 0.00034899 -0.02838578 -0.03561559
v 0.00048180 -0.02838577 -0.03540643
v 0.00050919 -0.02838577 -0.03524775
v 0.00050916 -0.02838577 -0.03373907
v 0.00032450 -0.02838578 -0.03335337
v 0.00012020 -0.02838578 -0.03325223
v -0.00010777 -0.02838579 -0.03325230
v 0.00043571 -0.02838577 -0.03348283
v -0.00031201 -0.02838579 -0.03335356
v 0.00927494 0.03109421 -0.03202149
v 0.00804376 0.03109418 -0.03202155
v 0.00927493 0.03126727 -0.03199058
v 0.00804376 0.03126724 -0.03199065
v 0.00804374 0.03144772 -0.03187510
v 0.00927490 0.03159421 -0.03152150
v 0.00927491 0.03156330 -0.03169456
v 0.00804372 0.03159417 -0.03152156
v 0.00804373 0.03156327 -0.03169462
v 0.00927491 0.03155570 -0.03171391
v 0.00927492 0.03144776 -0.03187504
v 0.00927492 0.03144609 -0.03187671
v 0.02725131 0.00817341 -0.03373814
v 0.02358887 0.01395194 -0.03273813
v 0.02476045 0.01178397 -0.03273810
v 0.02516573 0.01319455 -0.03373823
v 0.02303956 0.01659183 -0.03373839
v 0.02299443 0.01655924 -0.03368272
v 0.02294287 0.01652200 -0.03361911
v 0.02289133 0.01648477 -0.03355553
v 0.02283980 0.01644755 -0.03349195
v 0.02278828 0.01641034 -0.03342840
v 0.02276253 0.01639174 -0.03339663
v 0.02273678 0.01637314 -0.03336486
v 0.02222869 0.01600617 -0.03273804
v 0.02263380 0.01629877 -0.03323782
v 0.02268529 0.01633595 -0.03330133
v 0.02650077 0.00717819 -0.03273800
v 0.02573368 0.00952003 -0.03273805
v 0.02703507 0.00884677 -0.03373817
v 0.02562410 0.01229518 -0.03373823
v 0.00050902 -0.02864158 -0.03373937
v 0.00050910 -0.02864159 -0.03525132
v 0.00045130 -0.02864260 -0.03547920
v 0.00034901 -0.02864410 -0.03561560
v 0.00029255 -0.02864478 -0.03566153
v 0.00013213 -0.02864614 -0.03573542
v 0.00009667 -0.02864634 -0.03574327
v 0.00000764 -0.02864664 -0.03575135
v -0.00011568 -0.02864614 -0.03573625
v -0.00022460 -0.02864530 -0.03569484
v -0.00033345 -0.02864408 -0.03561806
v -0.00049354 -0.02864159 -0.03525137
v -0.00048567 -0.02864173 -0.03533948
v -0.00046776 -0.02864205 -0.03540986
v -0.00040316 -0.02864310 -0.03553824
v -0.00049362 -0.02864161 -0.03373957
v 0.02097466 0.01911319 -0.03319435
v 0.02032567 0.01979301 -0.03273890
v 0.02136784 0.01812477 -0.03300449
v 0.02222804 0.01600886 -0.03273958
v 0.02263185 0.01630233 -0.03323809
v 0.02263064 0.01630421 -0.03323806
v 0.02293946 0.01652590 -0.03361781
v 0.02288819 0.01648863 -0.03355453
v 0.02283692 0.01645138 -0.03349125
v 0.02278566 0.01641412 -0.03342795
v 0.02222705 0.01601058 -0.03273941
v 0.02262576 0.01631164 -0.03323788
v 0.02222306 0.01601723 -0.03273832
v 0.02261608 0.01632683 -0.03323782
v 0.02221505 0.01603203 -0.03273815
v 0.02259666 0.01635727 -0.03323766
v 0.02219896 0.01606189 -0.03273809
v 0.02255758 0.01641823 -0.03323700
v 0.02216655 0.01612173 -0.03273766
v 0.02247855 0.01654030 -0.03323427
v 0.02210088 0.01624150 -0.03273544
v 0.02231786 0.01678409 -0.03322320
v 0.02207398 0.01629010 -0.03273410
v 0.02199215 0.01726220 -0.03317893
v 0.02175156 0.01685337 -0.03269834
v 0.02114770 0.01783619 -0.03252976
v 0.02027482 0.01909389 -0.03199003
v 0.02079086 0.01837372 -0.03235787
v 0.02168859 0.01830672 -0.03351545
v 0.02267039 0.01708852 -0.03372237
v 0.02242386 0.01740748 -0.03369334
v 0.02249630 0.01693819 -0.03347586
v 0.02214370 0.01742038 -0.03342830
v 0.02240708 0.01686113 -0.03334953
v 0.02283028 0.01646115 -0.03349158
v 0.02283560 0.01645331 -0.03349129
v 0.02293808 0.01652787 -0.03361790
v 0.02303683 0.01659659 -0.03373849
v 0.02299188 0.01656232 -0.03368288
v 0.02299073 0.01656315 -0.03368111
v 0.02303538 0.01659859 -0.03373854
v 0.02302945 0.01660673 -0.03373866
v 0.02302362 0.01661473 -0.03373873
v 0.02281975 0.01647655 -0.03349159
v 0.02299533 0.01665343 -0.03373864
v 0.02279866 0.01650730 -0.03349141
v 0.02294968 0.01671561 -0.03373781
v 0.02275622 0.01656887 -0.03349067
v 0.02285749 0.01684012 -0.03373478
v 0.02270656 0.01653120 -0.03342725
v 0.02274816 0.01646979 -0.03342797
v 0.02276884 0.01643911 -0.03342815
v 0.02277915 0.01642378 -0.03342814
v 0.02278436 0.01641604 -0.03342798
v 0.02273312 0.01637876 -0.03336467
v 0.02275874 0.01639740 -0.03339633
v 0.02272802 0.01638640 -0.03336473
v 0.02275359 0.01640509 -0.03339644
v 0.02271792 0.01640169 -0.03336470
v 0.02274338 0.01642039 -0.03339642
v 0.02269766 0.01643229 -0.03336454
v 0.02272291 0.01645103 -0.03339626
v 0.02265690 0.01649354 -0.03336384
v 0.02268173 0.01651238 -0.03339555
v 0.02257451 0.01661622 -0.03336100
v 0.02262249 0.01665418 -0.03342437
v 0.02267047 0.01669213 -0.03348774
v 0.02252653 0.01657827 -0.03329764
v 0.02260724 0.01645589 -0.03330042
v 0.02264716 0.01639478 -0.03330110
v 0.02266700 0.01636426 -0.03330125
v 0.02267689 0.01634902 -0.03330130
v 0.02268188 0.01634148 -0.03330137
v 0.01897673 -0.02146438 -0.02963474
v 0.01897983 -0.02145795 -0.02979956
v 0.01914818 -0.02108301 -0.02977741
v 0.01932486 -0.02069667 -0.02989244
v 0.01931184 -0.02071309 -0.02964164
v 0.01931315 -0.02071387 -0.02962932
v 0.02007981 -0.02009470 -0.03206111
v 0.02040075 -0.01933746 -0.03202251
v 0.02032795 -0.01943705 -0.03195809
v 0.02138670 -0.01904372 -0.03336095
v 0.02067371 -0.01982085 -0.03294224
v 0.02006596 -0.02043988 -0.03240087
v 0.01966174 -0.02055153 -0.03149224
v 0.02311479 -0.01688506 -0.03373828
v 0.02230326 -0.01630036 -0.03273822
v 0.02275958 -0.01736544 -0.03372331
v 0.02157452 -0.01757594 -0.03264417
v 0.02220973 -0.01806927 -0.03363883
v 0.02151948 -0.01766621 -0.03262909
v 0.02094997 -0.01855696 -0.03239885
v 0.01915867 -0.02107247 -0.02993600
v 0.01901606 -0.02142570 -0.03017343
v 0.01920068 -0.02103008 -0.03025271
v 0.01920854 -0.02125237 -0.03097138
v 0.01937157 -0.02085573 -0.03088547
v 0.01930088 -0.02116808 -0.03121106
v 0.01956191 -0.02092569 -0.03172484
v 0.01998526 -0.01989025 -0.03158564
v 0.01961841 -0.02034728 -0.03098688
v 0.01960809 -0.02035983 -0.03096473
v 0.01939553 -0.02061383 -0.03033977
v 0.02314026 -0.01507525 -0.03273825
v 0.02345178 -0.01640944 -0.03373825
v 0.02437765 -0.01295119 -0.03273820
v 0.02471952 -0.01440603 -0.03373818
v 0.02756811 -0.00748214 -0.03373805
v 0.02525978 -0.01342345 -0.03373815
v 0.02546890 -0.01301674 -0.03373814
v 0.02541986 -0.01072484 -0.03273814
v 0.02587141 -0.01218482 -0.03373812
v 0.02617224 -0.00868484 -0.03273810
v 0.02682340 -0.00987086 -0.03373809
v 0.02625852 -0.00841413 -0.03273810
v 0.00048901 -0.02851135 -0.03360848
v -0.02679390 0.00596122 -0.03274079
v -0.02691874 0.00564215 -0.03279294
v -0.02599191 0.00596078 -0.03274077
v -0.02599190 0.00580305 -0.03275329
v -0.02599186 0.00506945 -0.03328740
v -0.02599188 0.00525034 -0.03303700
v -0.02716837 0.00532212 -0.03297133
v -0.02599189 0.00537251 -0.03293210
v -0.02599190 0.00561266 -0.03280331
v -0.02754401 0.00506783 -0.03329061
v -0.02599156 -0.00505174 -0.03358306
v -0.02784055 -0.00506675 -0.03350660
v -0.02599157 -0.00509855 -0.03340149
v -0.02599157 -0.00523054 -0.03315253
v -0.02737437 -0.00528318 -0.03308607
v -0.02599158 -0.00532881 -0.03303699
v -0.02703318 -0.00564835 -0.03282035
v -0.02599157 -0.00558586 -0.03284946
v -0.02686991 -0.00604001 -0.03274080
v -0.02599155 -0.00603923 -0.03274075
v 0.00606343 0.02774411 -0.02085533
v 0.00555093 0.02774409 -0.02071803
v 0.00517573 0.02774408 -0.02034287
v 0.00503838 0.02774408 -0.01983038
v 0.00517568 0.02774408 -0.01931787
v 0.00555084 0.02774409 -0.01894268
v 0.00606333 0.02774411 -0.01880533
v 0.00657584 0.02774412 -0.01894262
v 0.00695103 0.02774413 -0.01931778
v 0.00708838 0.02774413 -0.01983028
v 0.00695108 0.02774413 -0.02034278
v 0.00657593 0.02774412 -0.02071798
v 0.00281344 0.03159401 -0.02306111
v 0.00281343 0.03159401 -0.02283049
v 0.01077448 0.03159423 -0.02283008
v 0.00553769 0.03159410 -0.02963706
v 0.00448398 0.03159408 -0.02837865
v 0.00352154 0.03159405 -0.02662003
v 0.00295836 0.03159403 -0.02469601
v 0.01033554 0.03159424 -0.03108209
v 0.00979407 0.03159422 -0.03142875
v 0.01068213 0.03159424 -0.03054060
v 0.01077482 0.03159425 -0.03002142
v 0.00746969 0.03159416 -0.03140740
v 0.00698304 0.03159414 -0.03108227
v 0.00740347 0.03156325 -0.03156729
v 0.00686068 0.03156323 -0.03120464
v 0.00733442 0.03144770 -0.03173406
v 0.00673306 0.03144769 -0.03133228
v 0.00729021 0.03126722 -0.03184079
v 0.00665136 0.03126720 -0.03141398
v 0.00727839 0.03109416 -0.03186936
v 0.00662952 0.03109414 -0.03143584
v -0.00593657 0.02774378 -0.02085595
v -0.00644907 0.02774376 -0.02071865
v -0.00682427 0.02774375 -0.02034349
v -0.00696162 0.02774375 -0.01983100
v -0.00682432 0.02774375 -0.01931849
v -0.00644917 0.02774376 -0.01894330
v -0.00593667 0.02774378 -0.01880595
v -0.00542417 0.02774379 -0.01894324
v -0.00504897 0.02774380 -0.01931840
v -0.00491162 0.02774380 -0.01983089
v -0.00504892 0.02774380 -0.02034340
v -0.00542407 0.02774379 -0.02071860
v 0.00001672 -0.02814542 -0.03323921
v 0.00025143 -0.02820819 -0.03330327
v 0.00012214 -0.02815853 -0.03325269
v 0.00006903 -0.02814911 -0.03324303
v -0.00010862 -0.02815826 -0.03325249
v -0.00015548 -0.02817146 -0.03326601
v -0.00033496 -0.02827772 -0.03337372
v -0.00047631 -0.02851142 -0.03360863
v 0.00927508 0.02590363 -0.03202150
v 0.00804389 0.02631362 -0.03202157
v 0.00991646 0.03144778 -0.03176045
v 0.00985398 0.03156332 -0.03159111
v 0.01094788 0.03156335 -0.03002141
v 0.01084450 0.03156335 -0.03060049
v 0.01045791 0.03156333 -0.03120446
v 0.00996717 0.03109423 -0.03189783
v 0.00995646 0.03126729 -0.03186885
v 0.01066726 0.03126731 -0.03141377
v 0.01068912 0.03109425 -0.03143563
v 0.01112225 0.03126731 -0.03070294
v 0.01115125 0.03109426 -0.03071363
v 0.01124393 0.03126732 -0.03002140
v 0.01127484 0.03109427 -0.03002140
v 0.01058555 0.03144779 -0.03133209
v 0.01101384 0.03144781 -0.03066295
v 0.01112838 0.03144781 -0.03002140
v 0.01094754 0.03156333 -0.02283007
v 0.01112804 0.03144779 -0.02283007
v 0.01124358 0.03126732 -0.02283006
v 0.01127449 0.03109425 -0.02283006
v 0.01973460 0.01979449 -0.03136534
v 0.01958359 0.02051865 -0.03191009
v 0.01942410 0.02066891 -0.03165653
v 0.01941866 0.02017829 -0.03074668
v 0.01908899 0.02097661 -0.03091719
v 0.01931526 0.02030053 -0.03041813
v 0.01899870 0.02105785 -0.03060812
v 0.01894031 0.02102797 -0.02947433
v 0.01890530 0.02114114 -0.03010129
v 0.01888989 0.02115460 -0.02927818
v 0.02013645 0.01998091 -0.03256783
v 0.02021005 0.01917942 -0.03193225
v 0.02023470 0.01914633 -0.03195518
v 0.01950589 0.02102019 -0.02826137
v 0.01951094 0.01979448 -0.02826168
v 0.01928379 0.02094394 -0.02892952
v 0.01926481 0.01979450 -0.02904198
v 0.01921219 0.02073351 -0.02959472
v 0.01921484 0.01979452 -0.02958322
v 0.01921477 0.01979452 -0.02959355
v 0.01921229 0.02071456 -0.02964038
v 0.01922234 0.01979452 -0.02983524
v 0.01930648 0.02032284 -0.03038326
v 0.01937090 0.01979449 -0.03060688
v 0.01951116 0.01979450 -0.03096555
v 0.02802424 0.00503932 -0.03432697
v 0.02746006 0.00746221 -0.03674992
v 0.02723564 0.00822467 -0.03674995
v 0.02032584 0.01979303 -0.03525029
v 0.02105153 0.01902962 -0.03675027
v 0.01848718 0.02150569 -0.03525044
v 0.01928127 0.02080695 -0.03675038
v 0.01814805 0.02179302 -0.03525046
v 0.02266620 0.01709439 -0.03675019
v 0.02410521 0.01502244 -0.03675011
v 0.02534966 0.01284398 -0.03675005
v 0.02639614 0.01056946 -0.03674999
v 0.02225786 0.00335337 -0.03273823
v 0.02276358 0.00430162 -0.03273821
v 0.02372384 0.00524579 -0.03273816
v 0.02494302 0.00581779 -0.03273809
v 0.02279733 -0.00442317 -0.03273828
v 0.02227360 -0.00347042 -0.03273826
v 0.02495911 -0.00589776 -0.03273817
v 0.02375423 -0.00534225 -0.03273823
v 0.00000919 -0.02864664 -0.03675172
v 0.00288764 -0.02850434 -0.03373782
v 0.00755460 -0.02764440 -0.03675105
v 0.00755749 -0.02764358 -0.03365926
v 0.00511299 -0.02819556 -0.03675109
v 0.00534112 -0.02815348 -0.03372009
v 0.00381909 -0.02839713 -0.03675115
v 0.00381896 -0.02839713 -0.03373465
v 0.00370443 -0.02841201 -0.03373518
v 0.00265266 -0.02852658 -0.03675122
v -0.00257269 -0.02853219 -0.03675149
v -0.00380147 -0.02839725 -0.03675155
v -0.00753948 -0.02764400 -0.03366005
v -0.00753833 -0.02764428 -0.03675191
v -0.00537589 -0.02814378 -0.03371983
v -0.00509038 -0.02819663 -0.03675162
v -0.00380164 -0.02839725 -0.03373505
v -0.00286666 -0.02850479 -0.03373831
v 0.02747692 0.02102004 -0.01089759
v 0.02612018 0.02252031 -0.01022262
v 0.02801661 0.02102068 -0.00945395
v 0.02674020 0.02252033 -0.00835455
v 0.02820929 0.02102088 -0.00870051
v 0.02834548 0.02102094 -0.00794726
v 0.02695275 0.02252033 -0.00639780
v 0.02845619 0.02102065 -0.00639774
v 0.01185087 0.02179424 -0.01343434
v 0.01020088 0.02179420 -0.01343442
v 0.01206519 0.02179425 -0.01263433
v 0.01063621 0.02179421 -0.01180940
v 0.01265080 0.02179427 -0.01204866
v 0.01182573 0.02179424 -0.01061976
v 0.01345079 0.02179429 -0.01183426
v 0.01345071 0.02179429 -0.01018425
v 0.01425080 0.02179431 -0.01204858
v 0.01507573 0.02179433 -0.01061959
v 0.01483647 0.02179433 -0.01263419
v 0.01626538 0.02179437 -0.01180911
v 0.01505088 0.02179433 -0.01343417
v 0.01670088 0.02179438 -0.01343409
v 0.01483656 0.02179433 -0.01423418
v 0.01626554 0.02179437 -0.01505911
v 0.01425095 0.02179431 -0.01481986
v 0.01507602 0.02179435 -0.01624876
v 0.01345096 0.02179429 -0.01503425
v 0.01345104 0.02179430 -0.01668426
v 0.01265094 0.02179427 -0.01481994
v 0.01182602 0.02179426 -0.01624892
v 0.01206528 0.02179425 -0.01423433
v 0.01063638 0.02179421 -0.01505940
v 0.01264956 0.02179422 0.01205012
v 0.01182464 0.02179420 0.01062113
v 0.01206389 0.02179421 0.01263573
v 0.01063499 0.02179417 0.01181065
v 0.01184949 0.02179420 0.01343572
v 0.01019949 0.02179416 0.01343564
v 0.01206381 0.02179421 0.01423573
v 0.01063483 0.02179417 0.01506066
v 0.01264942 0.02179422 0.01482140
v 0.01182435 0.02179420 0.01625030
v 0.01344941 0.02179425 0.01503580
v 0.01344932 0.02179425 0.01668580
v 0.01424942 0.02179427 0.01482149
v 0.01507435 0.02179429 0.01625047
v 0.01483509 0.02179428 0.01423587
v 0.01626399 0.02179432 0.01506095
v 0.01504949 0.02179429 0.01343588
v 0.01669949 0.02179434 0.01343597
v 0.01483517 0.02179428 0.01263587
v 0.01626416 0.02179432 0.01181094
v 0.01424956 0.02179427 0.01205020
v 0.01507464 0.02179429 0.01062130
v 0.01344957 0.02179425 0.01183580
v 0.01344966 0.02179425 0.01018580
v 0.02218563 -0.00311068 -0.03273689
v 0.02208466 0.00231115 -0.03273280
v 0.02207628 -0.00203775 -0.03273192
v 0.02207386 0.00196224 -0.03273175
v 0.02215818 0.01613677 -0.03273734
v 0.01960382 -0.02037342 -0.02826105
v 0.01938685 -0.02063242 -0.02892118
v 0.01931321 -0.02071383 -0.02958293
v 0.02757135 -0.00747053 -0.03668270
v 0.02755357 -0.00753768 -0.03674989
v 0.02680431 -0.00992421 -0.03674997
v 0.02583204 -0.01226984 -0.03675002
v 0.02465586 -0.01451636 -0.03675008
v 0.02328139 -0.01665294 -0.03675015
v 0.02276077 -0.01736411 -0.03675018
v 0.02173726 -0.01863982 -0.03675023
v 0.02002711 -0.02047846 -0.03675032
v 0.01931596 -0.02115463 -0.03675036
v 0.01755875 -0.02264283 -0.03273230
v 0.01816887 -0.02215280 -0.03675042
v 0.01618072 -0.02365026 -0.03675052
v 0.01755854 -0.02264277 -0.02916468
v 0.01715555 -0.02294974 -0.03003377
v 0.01650855 -0.02342141 -0.03090519
v 0.01572913 -0.02395374 -0.03161274
v 0.01524652 -0.02426501 -0.03675057
v 0.01525667 -0.02425837 -0.03193761
v 0.01467855 -0.02461350 -0.03226316
v 0.01406840 -0.02496829 -0.03675063
v 0.01344648 -0.02530918 -0.03277396
v 0.01187417 -0.02608488 -0.03675074
v 0.01178259 -0.02612626 -0.03321078
v 0.00958938 -0.02700808 -0.03675086
v 0.01003814 -0.02684463 -0.03347604
v 0.00803668 -0.02750858 -0.03363610
v 0.01937187 -0.02111160 -0.02784326
v 0.01929658 -0.02118055 -0.02801217
v 0.01905483 -0.02139863 -0.02880744
v 0.01783554 -0.02242615 -0.02591698
v 0.01721298 -0.02264368 -0.02591751
v 0.01783587 -0.02242601 -0.02752498
v 0.01721306 -0.02264369 -0.02752654
v 0.00729477 -0.02684332 -0.03267293
v 0.00478324 -0.02730626 -0.03272773
v 0.00357752 -0.02745719 -0.03273559
v 0.00000918 -0.02764409 -0.03273908
v 0.00225020 -0.02757033 -0.03273889
v 0.01727402 -0.02273247 -0.02909299
v 0.01775228 -0.02249239 -0.02844268
v 0.01694452 -0.02282074 -0.02891135
v 0.01714922 -0.02268658 -0.02821714
v 0.01721258 -0.02264402 -0.02759829
v 0.01721307 -0.02264368 -0.02753025
v 0.00934038 -0.02630980 -0.03255253
v 0.01109637 -0.02573280 -0.03234668
v 0.01255501 -0.02515807 -0.03205204
v 0.01264773 -0.02511844 -0.03202813
v 0.01407587 -0.02445839 -0.03154900
v 0.01516494 -0.02389248 -0.03097949
v 0.01531660 -0.02380826 -0.03087681
v 0.01599554 -0.02341461 -0.03031224
v 0.01652643 -0.02308781 -0.02968191
v 0.01673542 -0.02295468 -0.02934628
v 0.02845581 0.02102047 0.00004492
v 0.02695229 0.02252033 0.00004947
v 0.00783243 0.02387611 0.00438220
v 0.00785778 0.02387990 0.00432849
v 0.00785789 0.01979410 0.00432848
v 0.00781232 0.01979410 0.00444386
v 0.00779656 0.01979410 0.00456840
v 0.00779645 0.02381540 0.00456840
v -0.01887997 0.02115450 -0.02927819
v -0.01886630 0.02116675 -0.02957429
v -0.01918245 0.02051695 -0.03016198
v -0.01894331 0.02109827 -0.03039827
v -0.01899894 0.02104852 -0.03064740
v -0.01957514 0.02051726 -0.03191835
v -0.01972489 0.01979339 -0.03137174
v -0.01917589 0.02088851 -0.03117767
v -0.01954621 0.02001277 -0.03106158
v -0.01930447 0.02030217 -0.03041590
v -0.02474498 0.01178231 -0.03274067
v -0.02357465 0.01394912 -0.03274060
v -0.02452078 0.01431482 -0.03374073
v -0.02322693 0.01630928 -0.03374066
v -0.02221323 0.01600501 -0.03274046
v -0.02302271 0.01659278 -0.03374066
v -0.02745915 0.00740533 -0.03374090
v -0.02536719 0.01277696 -0.03374077
v -0.02570156 0.01210077 -0.03374078
v -0.02571896 0.00951652 -0.03274074
v -0.02668354 0.00979167 -0.03374085
v -0.02648509 0.00717633 -0.03274079
v -0.02748091 -0.00555158 -0.03324082
v -0.02710662 -0.00899490 -0.03374095
v -0.02309770 -0.01688593 -0.03374066
v -0.02228593 -0.01630157 -0.03274048
v -0.02524218 -0.01342463 -0.03374085
v -0.02435650 -0.01296009 -0.03274065
v -0.02545156 -0.01301746 -0.03374086
v -0.02615534 -0.00868624 -0.03274075
v -0.00926036 0.03159370 -0.03152245
v -0.00926035 0.03156279 -0.03169550
v -0.00983942 0.03156278 -0.03159213
v -0.00977954 0.03159368 -0.03142976
v -0.01044340 0.03156276 -0.03120553
v -0.01032104 0.03159367 -0.03108316
v -0.01083005 0.03156275 -0.03060161
v -0.01066769 0.03159366 -0.03054170
v -0.01093349 0.03156275 -0.03002254
v -0.01076044 0.03159365 -0.03002253
v -0.01113677 0.03109365 -0.03071479
v -0.01126042 0.03109365 -0.03002256
v -0.01122952 0.03126671 -0.03002256
v -0.01110778 0.03126672 -0.03070408
v -0.01065271 0.03126673 -0.03141488
v -0.01067456 0.03109366 -0.03143674
v -0.00994187 0.03126675 -0.03186986
v -0.00995256 0.03109368 -0.03189886
v -0.00926033 0.03126676 -0.03199154
v -0.00926032 0.03109370 -0.03202244
v -0.01111398 0.03144720 -0.03002255
v -0.01099938 0.03144720 -0.03066408
v -0.01057102 0.03144723 -0.03133317
v -0.00990189 0.03144725 -0.03176147
v -0.00926034 0.03144726 -0.03187599
v -0.01076083 0.03159364 -0.02283115
v -0.01085059 0.03158552 -0.02283112
v -0.01093389 0.03156273 -0.02283112
v -0.01104518 0.03150491 -0.02283113
v -0.01111438 0.03144720 -0.02283114
v -0.01120349 0.03132611 -0.02283115
v -0.01126082 0.03109363 -0.02283119
v -0.00791593 0.03109374 -0.03202238
v -0.00791593 0.03126680 -0.03199147
v -0.00791597 0.03159373 -0.03152238
v -0.00791596 0.03156283 -0.03169543
v -0.00791595 0.03155523 -0.03171480
v -0.00791594 0.03144730 -0.03187593
v -0.00791594 0.03144561 -0.03187760
v 0.00243838 0.02774401 -0.01813430
v 0.00231333 0.02774400 -0.01883052
v 0.00995281 0.02774421 -0.01694874
v 0.00927430 0.02774419 -0.01683016
v 0.00431313 0.02774406 -0.01683042
v 0.00363472 0.02774404 -0.01694906
v 0.00290572 0.02774402 -0.01740963
v 0.00231354 0.02774400 -0.02283051
v 0.01127458 0.02774425 -0.02283006
v 0.01068186 0.02774423 -0.01740923
v 0.01114927 0.02774424 -0.01813386
v 0.01127439 0.02774425 -0.01883006
v 0.00231345 0.02774400 -0.02123052
v 0.00251162 0.02774401 -0.02119684
v 0.00275631 0.02774401 -0.02103530
v 0.00289524 0.02774402 -0.02077710
v 0.00289523 0.02774402 -0.02048388
v 0.00275627 0.02774401 -0.02022569
v 0.00251156 0.02774401 -0.02006418
v 0.00231339 0.02774400 -0.02003052
v 0.00231339 0.02559400 -0.01883053
v 0.00231345 0.02559400 -0.02003052
v 0.00234436 0.03126707 -0.02306114
v 0.00231346 0.03109401 -0.02306115
v 0.00231344 0.03109401 -0.02283051
v 0.00234434 0.03126707 -0.02283051
v 0.00245988 0.03144756 -0.02283050
v 0.00245989 0.03144756 -0.02306113
v 0.00264037 0.03156310 -0.02283050
v 0.00264039 0.03156310 -0.02306112
v 0.00541532 0.03156320 -0.02975944
v 0.00434201 0.03156317 -0.02847762
v 0.00336167 0.03156314 -0.02668627
v 0.00278800 0.03156312 -0.02472644
v 0.00246616 0.03109401 -0.02478394
v 0.00249658 0.03126707 -0.02477850
v 0.00261512 0.03109401 -0.02547343
v 0.00308818 0.03126709 -0.02679957
v 0.00305963 0.03109403 -0.02681140
v 0.00369153 0.03109404 -0.02807175
v 0.00409916 0.03126712 -0.02864690
v 0.00407381 0.03109407 -0.02866457
v 0.00520602 0.03126715 -0.02996878
v 0.00518417 0.03109410 -0.02999064
v 0.00528771 0.03144765 -0.02988707
v 0.00419394 0.03144762 -0.02858083
v 0.00319492 0.03144759 -0.02675535
v 0.00261032 0.03144757 -0.02475819
v 0.00385773 0.01979405 -0.02866404
v 0.00385770 0.01979405 -0.02806405
v 0.00385764 0.02279406 -0.02866404
v 0.00385761 0.02279406 -0.02806405
v 0.00668456 0.02664579 -0.03148855
v 0.00662964 0.02663692 -0.03143584
v 0.00693963 0.02662733 -0.03168915
v 0.00741220 0.02649872 -0.03191921
v -0.00350826 0.02774384 -0.01694943
v -0.00277921 0.02774386 -0.01740992
v -0.00231180 0.02774388 -0.01813455
v -0.01114093 0.02774363 -0.01814873
v -0.00418654 0.02774382 -0.01683086
v -0.01126073 0.02774363 -0.02283119
v -0.01126095 0.02774363 -0.01883123
v -0.00926115 0.02774368 -0.01683112
v -0.00994355 0.02774367 -0.01695121
v -0.01067524 0.02774365 -0.01741698
v -0.00218647 0.02774388 -0.02283074
v -0.00238477 0.02774387 -0.02006444
v -0.00262947 0.02774387 -0.02022597
v -0.00276840 0.02774386 -0.02048418
v -0.00218667 0.02774388 -0.01883075
v -0.00218661 0.02774388 -0.02003075
v -0.00276838 0.02774386 -0.02077739
v -0.00262943 0.02774387 -0.02103558
v -0.00238472 0.02774387 -0.02119710
v -0.00218655 0.02774388 -0.02123076
v -0.00218655 0.02559388 -0.02003076
v -0.00218661 0.02559388 -0.01883076
v -0.00268657 0.03159386 -0.02283077
v -0.00218656 0.03109388 -0.02283075
v -0.00221657 0.03126450 -0.02283075
v -0.00233301 0.03144743 -0.02283075
v -0.00251595 0.03156386 -0.02283076
v -0.00218655 0.03109388 -0.02306137
v -0.00251350 0.03156296 -0.02306139
v -0.00268656 0.03159386 -0.02306140
v -0.00233300 0.03144743 -0.02306138
v -0.00221746 0.03126694 -0.02306137
v 0.00280105 0.02559403 -0.02760762
v 0.00280112 0.02279403 -0.02760762
v 0.00215218 0.02559401 -0.02717411
v 0.00215225 0.02279401 -0.02717412
v 0.00138680 0.02559399 -0.02702191
v 0.00138688 0.02279399 -0.02702191
v 0.00406402 0.01979406 -0.02806404
v 0.00406394 0.02279406 -0.02806404
v -0.00727693 -0.02684372 -0.03267368
v -0.00536036 -0.02721534 -0.03272118
v -0.00355741 -0.02745765 -0.03273597
v -0.00287151 -0.02752271 -0.03273807
v -0.01700691 -0.02304863 -0.03024540
v -0.01735358 -0.02270167 -0.02912014
v -0.01743601 -0.02272405 -0.02944089
v -0.01754128 -0.02264373 -0.02916650
v -0.01692728 -0.02282166 -0.02891310
v -0.01672196 -0.02295288 -0.02933962
v -0.01668729 -0.02297510 -0.02940104
v -0.01637280 -0.02350554 -0.03103245
v -0.01615147 -0.02331080 -0.03013305
v -0.01543722 -0.02373118 -0.03077841
v -0.01555758 -0.02405532 -0.03172707
v -0.01530002 -0.02380849 -0.03087750
v -0.01456237 -0.02467293 -0.03231366
v -0.01453137 -0.02422074 -0.03133260
v -0.01325299 -0.02484260 -0.03184826
v -0.01319724 -0.02543172 -0.03285052
v -0.01250549 -0.02517212 -0.03206110
v -0.01158325 -0.02620801 -0.03324736
v -0.01162283 -0.02552925 -0.03225365
v -0.00966218 -0.02697613 -0.03351520
v -0.00962268 -0.02621985 -0.03252652
v -0.01719605 -0.02264462 -0.02591927
v -0.01781880 -0.02242702 -0.02591880
v -0.01719597 -0.02264462 -0.02752832
v -0.01781884 -0.02242696 -0.02752682
v -0.01929595 -0.02071493 -0.02963131
v -0.01895949 -0.02146542 -0.02963673
v -0.01929602 -0.02071488 -0.02958407
v -0.01896462 -0.02146456 -0.02943398
v -0.01936344 -0.02064085 -0.02895268
v -0.01907622 -0.02136526 -0.02863551
v -0.01957419 -0.02039032 -0.02829643
v -0.01935709 -0.02111073 -0.02784661
v -0.01958925 -0.02037229 -0.02826358
v -0.01754112 -0.02264379 -0.03273410
v -0.01904258 -0.02138755 -0.03043350
v -0.00992080 -0.02688215 -0.03675187
v -0.01226116 -0.02589725 -0.03675199
v -0.01450131 -0.02470896 -0.03675210
v -0.01522975 -0.02426506 -0.03675214
v -0.01663044 -0.02332299 -0.03675221
v -0.01860897 -0.02176815 -0.03675231
v -0.01929893 -0.02115486 -0.03675235
v -0.01929097 -0.02116228 -0.03123056
v -0.01970523 -0.02077440 -0.03197518
v -0.02022582 -0.02026423 -0.03258413
v -0.02065849 -0.01981959 -0.03294601
v -0.02043838 -0.02004810 -0.03675241
v -0.02094774 -0.01951121 -0.03313873
v -0.02169796 -0.01866626 -0.03349790
v -0.02210268 -0.01818086 -0.03675250
v -0.02261179 -0.01753769 -0.03371252
v -0.02274358 -0.01736465 -0.03675253
v -0.02274356 -0.01736481 -0.03372584
v -0.02358940 -0.01618466 -0.03675257
v -0.02489602 -0.01406528 -0.03675264
v -0.02807015 -0.00511307 -0.03432660
v -0.02545190 -0.01301765 -0.03675267
v -0.02600079 -0.01186502 -0.03675270
v -0.02691165 -0.00957531 -0.03675274
v -0.02753637 -0.00753919 -0.03675273
v -0.01715147 -0.02267438 -0.02810396
v -0.01776736 -0.02246784 -0.02825131
v -0.02744363 0.00746071 -0.03675276
v -0.02650128 0.00746076 -0.03675272
v -0.02706164 0.00508224 -0.03437424
v -0.01735528 0.02241486 -0.03425225
v -0.01684271 0.02175707 -0.03425223
v -0.01926877 0.02080325 -0.03675238
v -0.01872181 0.02016499 -0.03671322
v -0.01875057 0.02013829 -0.03675232
v -0.02628072 0.00820069 -0.03675271
v -0.02716635 0.00839213 -0.03675274
v -0.02460057 0.01234700 -0.03675263
v -0.02536708 0.01277698 -0.03675266
v -0.02227149 0.01616670 -0.03675250
v -0.02286773 0.01680407 -0.03675255
v -0.01935488 0.01955908 -0.03675235
v -0.01973707 0.02036260 -0.03675243
v -0.01867277 0.02251911 0.02031864
v -0.01867036 0.02251911 -0.02643292
v -0.01874965 0.02251908 0.02023940
v -0.01875477 0.02251911 -0.02624910
v -0.00926099 0.02559367 -0.01683112
v -0.00994349 0.02559365 -0.01695121
v -0.01008019 0.02559365 -0.01700664
v -0.01062891 0.02536939 -0.01737210
v -0.01102307 0.02519963 -0.01788542
v -0.01123062 0.02510727 -0.01848350
v -0.01126088 0.02509362 -0.01883123
v -0.01126026 0.02509365 -0.03002257
v -0.01117957 0.02512989 -0.03058455
v -0.01090078 0.02525278 -0.03116675
v -0.01067306 0.02535043 -0.03143811
v -0.01044609 0.02544534 -0.03163339
v -0.00985320 0.02568211 -0.03193247
v -0.00926018 0.02590312 -0.03202246
v 0.00992560 0.02566039 -0.03191250
v 0.01050778 0.02542654 -0.03159677
v 0.01068801 0.02535099 -0.03143695
v 0.01094936 0.02523870 -0.03111566
v 0.01120831 0.02512426 -0.03053378
v 0.01127500 0.02509425 -0.03002141
v 0.01127447 0.02509424 -0.01883007
v 0.01087564 0.02527039 -0.01763141
v 0.01117343 0.02513958 -0.01820277
v 0.00995287 0.02559420 -0.01694874
v 0.01009357 0.02559420 -0.01700560
v 0.01040609 0.02546821 -0.01718101
v 0.01068070 0.02535376 -0.01740786
v 0.00927435 0.02559418 -0.01683016
v 0.01736547 0.02241597 -0.03425046
v 0.01775893 0.02210715 -0.03475058
v 0.01801841 0.02190020 -0.03508245
v 0.01784629 0.02203679 -0.02941588
v 0.01705152 0.02265447 -0.03425048
v 0.01705120 0.02265447 -0.02965298
v 0.01868490 0.02252013 -0.02641933
v 0.01820592 0.02253157 -0.02743505
v 0.01868249 0.02252014 0.02031497
v 0.01876563 0.02252009 0.02022967
v 0.02686671 0.02252033 0.00228981
v 0.02481992 0.02252029 0.01100724
v 0.02530314 0.02252029 0.00973094
v 0.02041410 0.02252018 0.01840585
v 0.02190315 0.02252021 0.01642951
v 0.02322840 0.02252025 0.01430550
v 0.02436336 0.02252028 0.01207023
v 0.02603623 0.02252031 0.00731310
v 0.02655990 0.02252032 0.00482319
v 0.01682206 0.02269468 0.02303375
v 0.01693542 0.02252013 0.02304639
v 0.01689182 0.02268168 0.02293932
v 0.01735291 0.02186272 0.02309295
v 0.01801751 0.02254226 0.02115254
v 0.01786708 0.02102028 0.02315018
v 0.01246506 0.02452122 0.01033776
v 0.01182604 0.02483718 0.01061980
v 0.01507207 0.02319461 0.01625176
v 0.01447273 0.02344871 0.01652051
v 0.01368737 0.02385705 0.01667708
v 0.01345112 0.02399171 0.01668575
v 0.01285562 0.02431758 0.01663114
v 0.01211573 0.02469636 0.01639964
v 0.01063542 0.02537218 0.01506267
v 0.01084028 0.02528492 0.01537446
v 0.01140647 0.02503343 0.01596336
v 0.01182731 0.02483644 0.01625146
v 0.01044278 0.02545244 0.01466819
v 0.01022943 0.02553934 0.01387808
v 0.01108020 0.02518032 0.01121134
v 0.01060322 0.02538578 0.01186631
v 0.01030087 0.02551051 0.01262980
v 0.01019939 0.02555141 0.01343565
v 0.01171384 0.02489054 0.01068753
v 0.01378533 0.02380155 0.01020321
v 0.01368770 0.02385705 0.01019455
v 0.01345005 0.02399250 0.01018590
v 0.01331093 0.02407034 0.01018896
v 0.01628243 0.02281267 0.01184306
v 0.01582080 0.02293859 0.01121336
v 0.01519864 0.02314659 0.01069667
v 0.01507254 0.02319394 0.01062012
v 0.01453140 0.02342197 0.01037119
v 0.01654928 0.02274987 0.01441234
v 0.01669612 0.02271940 0.01358327
v 0.01669947 0.02271876 0.01343597
v 0.01659445 0.02274082 0.01261632
v 0.01520248 0.02314529 0.01617248
v 0.01581468 0.02293999 0.01566476
v 0.01625374 0.02281930 0.01507852
v 0.01247547 0.02451660 -0.01653428
v 0.01182747 0.02483717 -0.01624965
v 0.01507318 0.02319483 -0.01061814
v 0.01447731 0.02344811 -0.01035062
v 0.01368875 0.02385705 -0.01019297
v 0.01345256 0.02399167 -0.01018405
v 0.01285101 0.02432076 -0.01023969
v 0.01205657 0.02472612 -0.01049852
v 0.01063719 0.02537201 -0.01180764
v 0.01084020 0.02528555 -0.01149863
v 0.01140265 0.02503582 -0.01091058
v 0.01182794 0.02483679 -0.01061856
v 0.01043995 0.02545417 -0.01221118
v 0.01022961 0.02553982 -0.01299957
v 0.01109128 0.02517604 -0.01566971
v 0.01060890 0.02538398 -0.01501099
v 0.01030224 0.02551051 -0.01424076
v 0.01020077 0.02555141 -0.01343442
v 0.01172416 0.02488632 -0.01618744
v 0.01385398 0.02376409 -0.01665915
v 0.01368909 0.02385705 -0.01667551
v 0.01345142 0.02399251 -0.01668446
v 0.01329539 0.02407974 -0.01668094
v 0.01629284 0.02280979 -0.01501082
v 0.01584703 0.02293091 -0.01562989
v 0.01528674 0.02311519 -0.01611604
v 0.01507311 0.02319498 -0.01625041
v 0.01459418 0.02339490 -0.01647650
v 0.01654157 0.02275173 -0.01242929
v 0.01669598 0.02271968 -0.01325646
v 0.01670085 0.02271876 -0.01343409
v 0.01659690 0.02273985 -0.01424965
v 0.01521815 0.02314012 -0.01070678
v 0.01577267 0.02295328 -0.01116014
v 0.01623427 0.02282438 -0.01175645
v 0.02654933 0.00734945 -0.03663721
v 0.02651768 0.00746222 -0.03674999
v 0.02629689 0.00820275 -0.03675000
v 0.01876338 0.02014202 -0.03675039
v 0.01936827 0.01956247 -0.03675036
v 0.02228599 0.01616988 -0.03675020
v 0.02461601 0.01234972 -0.03675009
v 0.01685493 0.02176041 -0.03425049
v 0.01688687 0.02173569 -0.03429087
v 0.02519354 0.00491104 -0.03339883
v 0.02555398 0.00492762 -0.03373808
v 0.02352665 0.00375145 -0.03339892
v 0.02357787 0.00372105 -0.03373817
v 0.02413835 0.00430820 -0.03373814
v 0.02309071 0.00304445 -0.03327889
v 0.02319548 0.00300559 -0.03373818
v 0.02333986 0.00388612 -0.03303441
v 0.02292395 0.00310630 -0.03303443
v 0.02284882 0.00313416 -0.03296185
v 0.02304595 0.00409802 -0.03280073
v 0.02251584 0.00325769 -0.03277681
v 0.02392264 0.00496003 -0.03280069
v 0.02503572 0.00548225 -0.03280063
v 0.02513221 0.00513299 -0.03303432
v 0.02412957 0.00466260 -0.03303437
v 0.02426108 0.00447358 -0.03339888
v 0.02483613 0.00472377 -0.03373810
v 0.02272164 0.00256078 -0.03298186
v 0.02242592 0.00261567 -0.03280018
v 0.02305569 0.00249391 -0.03373357
v 0.02302898 0.00250080 -0.03350073
v 0.02300787 0.00196212 -0.03372985
v 0.02289018 0.00252869 -0.03317731
v 0.02298069 0.00196215 -0.03349699
v 0.02236681 0.00196223 -0.03279642
v 0.02266758 0.00196223 -0.03297811
v 0.02273795 0.00196222 -0.03304620
v 0.02283914 0.00196220 -0.03317355
v 0.02300861 -0.00203787 -0.03372924
v 0.02298080 -0.00203785 -0.03349641
v 0.02283926 -0.00203780 -0.03317297
v 0.02273933 -0.00203778 -0.03304695
v 0.02266769 -0.00203778 -0.03297750
v 0.02236692 -0.00203776 -0.03279581
v 0.02320731 -0.00311227 -0.03373818
v 0.02305879 -0.00258589 -0.03373316
v 0.02303215 -0.00259302 -0.03350034
v 0.02315192 -0.00313351 -0.03339899
v 0.02272518 -0.00265494 -0.03298144
v 0.02293692 -0.00321598 -0.03303451
v 0.02242978 -0.00271153 -0.03279977
v 0.02259862 -0.00334575 -0.03280083
v 0.02289354 -0.00262181 -0.03317691
v 0.02340017 -0.00352025 -0.03373819
v 0.02520587 -0.00499000 -0.03339890
v 0.02520454 -0.00492812 -0.03373814
v 0.02445916 -0.00460688 -0.03373817
v 0.02514546 -0.00521220 -0.03303439
v 0.02505042 -0.00556184 -0.03280070
v 0.02395039 -0.00505468 -0.03280076
v 0.02355249 -0.00386219 -0.03339897
v 0.02336763 -0.00399951 -0.03303448
v 0.02307677 -0.00421559 -0.03280080
v 0.02415457 -0.00475535 -0.03303444
v 0.02428434 -0.00456512 -0.03339893
v 0.02382690 -0.00409730 -0.03373818
v -0.02653253 -0.00742644 -0.03663992
v -0.02650087 -0.00753924 -0.03675272
v 0.02550061 -0.01048600 -0.03675004
v 0.02651809 -0.00753778 -0.03674999
v 0.00251025 -0.02747468 -0.03675123
v -0.00741169 -0.02657046 -0.03675174
v -0.01208683 -0.02479144 -0.03675198
v 0.02319131 -0.01492325 -0.03675016
v -0.02548322 -0.01048740 -0.03675267
v 0.01638126 -0.02219550 -0.03675051
v 0.02011776 -0.01886977 -0.03675032
v -0.02317368 -0.01492450 -0.03675255
v -0.02009991 -0.01887087 -0.03675239
v -0.00249194 -0.02747481 -0.03675148
v 0.00000916 -0.02758851 -0.03675135
v 0.01210500 -0.02479078 -0.03675073
v -0.01636323 -0.02219640 -0.03675220
v 0.00742996 -0.02657005 -0.03675097
v 0.02707820 -0.00515924 -0.03437144
v -0.02512354 -0.00521214 -0.03303691
v -0.02284550 -0.00324593 -0.03296421
v -0.02292032 -0.00321724 -0.03303680
v -0.02334003 -0.00398595 -0.03303682
v -0.02554157 -0.00500525 -0.03374070
v -0.02518430 -0.00499006 -0.03340143
v -0.02484999 -0.00481349 -0.03374067
v -0.02425849 -0.00456018 -0.03340138
v -0.02414778 -0.00440565 -0.03374063
v -0.02387032 -0.00416048 -0.03374061
v -0.02352563 -0.00384969 -0.03340134
v -0.02358090 -0.00382474 -0.03374060
v -0.02308637 -0.00315354 -0.03328128
v -0.02319065 -0.00311353 -0.03374058
v -0.02276738 -0.00440637 -0.03274056
v -0.02225702 -0.00347164 -0.03274053
v -0.02251393 -0.00337311 -0.03277915
v -0.02304798 -0.00420037 -0.03280311
v -0.02392279 -0.00504850 -0.03280316
v -0.02372558 -0.00533535 -0.03274060
v -0.02502793 -0.00556163 -0.03280321
v -0.02493606 -0.00589740 -0.03274067
v -0.02412805 -0.00474993 -0.03303686
v -0.02302072 0.00306311 -0.03318428
v -0.02285988 0.00312279 -0.03298878
v -0.02332366 0.00388485 -0.03303687
v -0.02501964 0.00548089 -0.03280327
v -0.02511609 0.00513163 -0.03303696
v -0.02336950 0.00341802 -0.03374059
v -0.02317915 0.00300432 -0.03374057
v -0.02351041 0.00375017 -0.03340140
v -0.02315339 0.00301389 -0.03350773
v -0.02381030 0.00402016 -0.03374063
v -0.02424488 0.00447226 -0.03340144
v -0.02444261 0.00452984 -0.03374067
v -0.02517737 0.00490968 -0.03340149
v -0.02518804 0.00485110 -0.03374073
v -0.02492697 0.00581642 -0.03274071
v -0.02390653 0.00495874 -0.03280322
v -0.02370776 0.00524450 -0.03274065
v -0.02302979 0.00409677 -0.03280317
v -0.02274744 0.00430039 -0.03274060
v -0.02257792 0.00322741 -0.03280708
v -0.02224166 0.00335217 -0.03274054
v -0.02312358 0.00302494 -0.03340137
v -0.02411342 0.00466129 -0.03303691
v 0.02802924 0.01979469 -0.00943419
v 0.02748031 0.01979467 -0.01089596
v 0.02845908 0.01979470 -0.00639774
v 0.02835287 0.01979470 -0.00794143
v 0.02845863 0.01979468 0.00004492
v 0.00662635 0.02387986 0.00605882
v 0.00634287 0.02387986 0.00635747
v 0.00634286 0.02459407 0.00635747
v 0.00575313 0.02459405 0.00690048
v 0.00606281 0.02379408 -0.00662790
v 0.00606292 0.01979408 -0.00662790
v 0.00634364 0.01979407 -0.00635726
v 0.00000273 0.02387967 0.00901994
v 0.00000271 0.02459389 0.00901994
v 0.00101531 0.02459391 0.00895628
v 0.00210391 0.02387972 0.00875770
v 0.00140721 0.02459392 0.00890065
v 0.00407559 0.02387979 0.00801826
v 0.00353449 0.02459399 0.00827471
v 0.00407558 0.02459401 0.00801827
v 0.00456648 0.02387981 0.00774566
v 0.00798895 0.02459411 0.00407950
v 0.00748550 0.02459410 0.00494863
v 0.00858660 0.02459413 0.00258253
v 0.00885419 0.01979415 0.00140548
v 0.00798908 0.01979411 0.00407949
v 0.00885406 0.02459414 0.00140548
v 0.00896426 0.02459414 0.00000025
v 0.00885434 0.01979415 -0.00140500
v 0.00885421 0.02459415 -0.00140500
v 0.00858687 0.02459414 -0.00258207
v 0.00798950 0.01979412 -0.00407911
v 0.00798937 0.02459413 -0.00407910
v 0.00748601 0.02459411 -0.00494829
v 0.00634351 0.02459408 -0.00635725
v 0.00575384 0.02459407 -0.00690032
v 0.00437063 0.02379403 -0.00785968
v 0.00407640 0.02459402 -0.00801827
v 0.00407642 0.02379402 -0.00801828
v 0.00353535 0.02459402 -0.00827478
v 0.00207522 0.02379397 -0.00876517
v 0.00140812 0.02459396 -0.00890093
v 0.00000367 0.02379392 -0.00902037
v 0.00101623 0.02459395 -0.00895661
v 0.00000364 0.02459392 -0.00902037
v 0.01345085 0.01979429 -0.01183426
v 0.01265086 0.01979426 -0.01204866
v 0.01206525 0.01979425 -0.01263433
v 0.01185093 0.01979426 -0.01343435
v 0.01206533 0.01979426 -0.01423433
v 0.01265100 0.01979428 -0.01481994
v 0.01345101 0.01979430 -0.01503426
v 0.01425100 0.01979432 -0.01481986
v 0.01483661 0.01979434 -0.01423419
v 0.01505093 0.01979434 -0.01343418
v 0.01483653 0.01979432 -0.01263419
v 0.01425086 0.01979431 -0.01204858
v 0.01344946 0.01979424 0.01503580
v 0.01264947 0.01979422 0.01482140
v 0.01206386 0.01979420 0.01423573
v 0.01184955 0.01979420 0.01343572
v 0.01206394 0.01979420 0.01263572
v 0.01264962 0.01979424 0.01205012
v 0.01344963 0.01979426 0.01183580
v 0.01424962 0.01979428 0.01205020
v 0.01483523 0.01979428 0.01263587
v 0.01504955 0.01979429 0.01343588
v 0.01483515 0.01979428 0.01423587
v 0.01424947 0.01979426 0.01482148
v 0.02094867 -0.01904589 -0.02531944
v 0.02251249 0.01979455 -0.02171802
v 0.02232321 -0.01748950 -0.02231739
v 0.02249975 0.01979455 -0.02175013
v 0.02248573 0.01979455 -0.02178213
v 0.02263398 -0.01657070 -0.02164116
v 0.01810114 -0.02221213 -0.02575509
v 0.01984735 -0.02066442 -0.02460537
v 0.02094483 -0.01954944 -0.02452596
v 0.02092206 -0.01957381 -0.02381934
v 0.02148722 -0.01895063 -0.02338026
v 0.01668330 -0.02164367 -0.02506904
v 0.01432790 -0.02264380 -0.02752665
v 0.01488078 -0.02264374 -0.02724765
v 0.00159094 -0.02341419 -0.03031171
v 0.00000871 -0.02343298 -0.03034254
v 0.00000879 -0.02380293 -0.03087024
v 0.01208830 -0.02270871 -0.02837257
v 0.00820648 -0.02299589 -0.02945727
v 0.00667171 -0.02312320 -0.02976111
v 0.00954426 -0.02288464 -0.02913498
v 0.00863128 -0.02296014 -0.02936090
v 0.00404946 -0.02330953 -0.03013089
v 0.00000889 -0.02404786 -0.03115521
v 0.00000998 -0.02460945 -0.03167399
v 0.00001085 -0.02537691 -0.03217600
v 0.00000413 -0.02628255 -0.03254507
v 0.00001093 -0.02515524 -0.03205089
v 0.00000194 -0.02729209 -0.03272679
v -0.01693131 0.02251920 0.02304464
v -0.01681872 0.02269260 0.02303210
v -0.01762514 0.02257407 0.02177602
v -0.01786320 0.02101926 0.02314812
v -0.01826400 0.02252707 0.02079573
v -0.01734939 0.02186107 0.02309116
v 0.00779639 0.02279411 0.00636165
v 0.00743075 0.02279410 0.00678815
v 0.00000272 0.02279388 0.01010574
v 0.00236394 0.02279394 0.00981190
v 0.00512293 0.02279403 0.00867804
v 0.01614277 0.02223931 0.02449177
v 0.01692231 0.02171185 0.02391135
v 0.01611231 0.02285591 0.02388970
v 0.01578388 0.02294927 0.02424428
v 0.01505096 0.02291793 0.02523848
v 0.01482441 0.02329413 0.02512959
v 0.01468049 0.02313319 0.02547535
v 0.01118278 0.02513437 0.02702883
v 0.01009145 0.02559413 0.02744554
v 0.00908065 0.02559410 0.02818325
v 0.01468131 0.02335527 0.02524225
v 0.01399234 0.02368795 0.02571252
v 0.01310975 0.02396759 0.02639352
v 0.01368689 0.02385705 0.02588189
v 0.01238854 0.02431071 0.02677110
v 0.01211073 0.02469856 0.02663575
v 0.01118345 0.02483168 0.02734440
v 0.01111357 0.02485996 0.02737551
v 0.02841051 0.02102109 0.00171495
v 0.02817106 0.02102065 0.00423202
v 0.02830365 0.02102097 0.00310759
v 0.02626491 0.02102099 0.01146747
v 0.02707430 0.02102064 0.00918138
v 0.02758407 0.02102041 0.00733486
v 0.02773632 0.02102034 0.00667660
v 0.02404965 0.02102033 0.01591023
v 0.02435434 0.02102053 0.01539626
v 0.02532000 0.02102116 0.01359078
v 0.02567639 0.02102127 0.01284033
v 0.02625303 0.02102100 0.01149716
v 0.02289309 0.02101984 0.01767424
v 0.02188879 0.02101986 0.01901212
v 0.02129539 0.02102009 0.01973383
v 0.01960671 0.02102085 0.02155909
v 0.01948831 0.02102086 0.02167593
v 0.00779530 0.01979407 0.02860550
v 0.00779524 0.02279406 0.02860343
v -0.02694565 0.02251845 -0.00640200
v -0.02694584 0.02251884 0.00004670
v -0.02685251 0.02251882 0.00238464
v -0.02694532 0.02251939 -0.00642756
v -0.02694546 0.02251839 -0.00643788
v -0.02694457 0.02251896 -0.00652170
v -0.02669987 0.02251749 -0.00851294
v -0.02681643 0.02251762 -0.00793682
v -0.02694328 0.02251864 -0.00659844
v -0.02611270 0.02251889 -0.01022530
v -0.02646705 0.02251785 -0.00932959
v -0.02653997 0.02251883 0.00490451
v -0.02601319 0.02251885 0.00737710
v -0.02527947 0.02251887 0.00977959
v -0.02694585 0.02251709 -0.00640717
v -0.02694596 0.02251636 -0.00640993
v -0.02483987 0.02251888 0.01094237
v -0.02433993 0.02251890 0.01210748
v -0.02320379 0.02251894 0.01433731
v -0.02188658 0.02251898 0.01644452
v -0.02040568 0.02251902 0.01840777
v -0.01704269 0.02265240 -0.02965484
v -0.01704215 0.02265255 -0.03425224
v -0.01812544 0.02180060 -0.02935814
v -0.02211211 0.01777770 -0.03364146
v -0.02129739 0.01873784 -0.03336912
v -0.02059093 0.01950543 -0.03296046
v -0.02019910 0.01990789 -0.03264252
v -0.01994797 0.02015767 -0.03239192
v -0.02272280 -0.00203903 -0.03304929
v -0.02282271 -0.00203904 -0.03317532
v -0.02287631 -0.00261962 -0.03317922
v -0.02304155 -0.00258390 -0.03373551
v -0.02301493 -0.00259099 -0.03350266
v -0.02299201 -0.00203914 -0.03373161
v -0.02296422 -0.00203911 -0.03349877
v -0.02270794 -0.00265254 -0.03298374
v -0.02265116 -0.00203901 -0.03297983
v -0.02241250 -0.00270879 -0.03280203
v -0.02235042 -0.00203897 -0.03279811
v -0.02207340 -0.00242446 -0.03273472
v -0.02205977 -0.00203896 -0.03273420
v -0.02299149 0.00196086 -0.03373221
v -0.02296433 0.00196090 -0.03349938
v -0.02282282 0.00196095 -0.03317593
v -0.02272164 0.00196097 -0.03304853
v -0.02265127 0.00196098 -0.03298043
v -0.02235052 0.00196102 -0.03279872
v -0.02205758 0.00196103 -0.03273401
v -0.02303875 0.00248947 -0.03373591
v -0.02301207 0.00249633 -0.03350308
v -0.02287328 0.00252406 -0.03317964
v -0.02240896 0.00261056 -0.03280245
v -0.02216599 0.00303548 -0.03273948
v -0.02270472 0.00255599 -0.03298416
v -0.01978297 0.01972058 -0.03145787
v -0.02022308 0.01914646 -0.03195940
v -0.02025757 0.01909983 -0.03199032
v -0.02083925 0.01827864 -0.03239517
v -0.02142488 0.01736995 -0.03263168
v -0.02149916 0.01724813 -0.03265129
v -0.01920258 0.02072879 -0.02960556
v -0.01920506 0.01979346 -0.02960422
v -0.01920517 0.01979346 -0.02958459
v -0.01927033 0.02093797 -0.02895188
v -0.01925385 0.01979345 -0.02905082
v -0.01949083 0.02101918 -0.02827523
v -0.01949885 0.01979342 -0.02826327
v -0.01949629 0.02101919 -0.02826326
v -0.01921096 0.01979346 -0.02981119
v -0.01920290 0.02070687 -0.02965792
v -0.01936481 0.01979341 -0.03062018
v -0.01949988 0.01979339 -0.03096448
v -0.01989251 -0.01998726 -0.03148618
v -0.02030834 -0.01944160 -0.03195849
v -0.02053499 -0.01912931 -0.03214711
v -0.02089753 -0.01860977 -0.03238179
v -0.02150196 -0.01766793 -0.03263143
v -0.02152384 -0.01763227 -0.03263764
v -0.01937544 -0.02061813 -0.03032937
v -0.01959001 -0.02036187 -0.03096511
v -0.01959370 -0.02035738 -0.03097310
v 0.00559115 0.02573780 -0.03040855
v 0.00550829 0.02577846 -0.03031459
v 0.00565006 0.02591834 -0.03045658
v 0.00616502 0.02640232 -0.03097122
v 0.00632004 0.02650967 -0.03112615
v 0.00626072 0.02654677 -0.03150237
v 0.00658191 0.02662558 -0.03138809
v 0.00658228 0.02665356 -0.03161715
v 0.00577562 0.02604532 -0.03058201
v 0.00579148 0.02603249 -0.03062293
v 0.00581043 0.02608028 -0.03061672
v 0.00584566 0.02600209 -0.03080300
v 0.00603552 0.02629465 -0.03084102
v 0.00572814 0.02566805 -0.03064652
v 0.00571507 0.02567485 -0.03061570
v 0.00562104 0.02572284 -0.03044914
v 0.00586761 0.02598949 -0.03098907
v 0.00580064 0.02562989 -0.03098811
v 0.00577786 0.02564197 -0.03080684
v 0.00579157 0.02563472 -0.03116025
v 0.00585547 0.02599651 -0.03118623
v 0.00577920 0.02564129 -0.03123036
v 0.00580729 0.02602374 -0.03137843
v 0.00573262 0.02566574 -0.03138572
v 0.00575540 0.02605217 -0.03150105
v 0.00558671 0.02574003 -0.03164060
v 0.00565056 0.02610695 -0.03166986
v 0.00556286 0.02575185 -0.03166971
v 0.00551463 0.02617330 -0.03181769
v 0.00535254 0.02624640 -0.03193775
v 0.00542204 0.02581965 -0.03180568
v 0.00522082 0.02591087 -0.03192943
v 0.00527534 0.02661729 -0.03218409
v 0.00492970 0.02677532 -0.03231462
v 0.00486413 0.02642033 -0.03208354
v 0.00664672 0.02665976 -0.03164170
v 0.00665389 0.02670043 -0.03220786
v 0.00656090 0.02668617 -0.03185841
v 0.00620307 0.02680915 -0.03263988
v 0.00615022 0.02680159 -0.03243390
v 0.00565832 0.02692979 -0.03291257
v 0.00553406 0.02694928 -0.03283343
v 0.00498293 0.02706329 -0.03302173
v 0.00480126 0.02607997 -0.03202171
v 0.00508198 0.02596997 -0.03198152
v 0.00516807 0.02632267 -0.03202602
v 0.00567015 0.02646872 -0.03192646
v 0.00593233 0.02635028 -0.03155698
v 0.00497169 0.02700256 -0.03267560
v 0.00551354 0.02694317 -0.03276759
v 0.00610653 0.02679547 -0.03238056
v 0.00650025 0.02667999 -0.03182561
v 0.00496201 0.02695017 -0.03255598
v 0.00539764 0.02683796 -0.03244591
v 0.00587942 0.02668998 -0.03212506
v 0.00619548 0.02657353 -0.03167144
v 0.00598696 0.02632279 -0.03141819
v 0.00604943 0.02628985 -0.03098564
v -0.00283131 0.03159387 -0.02469631
v -0.00541013 0.03159380 -0.02963763
v -0.00685533 0.03159376 -0.03108298
v -0.00734195 0.03159375 -0.03140816
v -0.00339429 0.03159386 -0.02662039
v -0.00435655 0.03159383 -0.02837911
v -0.00791580 0.02634766 -0.03202239
v -0.00727571 0.03156285 -0.03156805
v -0.00720663 0.03144732 -0.03173481
v -0.00716240 0.03126682 -0.03184154
v -0.00652360 0.03126684 -0.03141467
v -0.00650174 0.03109378 -0.03143652
v -0.00715057 0.03109376 -0.03187009
v -0.00673295 0.03156286 -0.03120534
v -0.00660531 0.03144732 -0.03133297
v -0.00418672 0.02559381 -0.01683086
v -0.00231174 0.02559388 -0.01813455
v -0.00350820 0.02559383 -0.01694944
v -0.00277915 0.02559385 -0.01740993
v 0.00431329 0.02559404 -0.01683042
v 0.00363478 0.02559402 -0.01694907
v 0.00243844 0.02559401 -0.01813431
v 0.00290578 0.02559400 -0.01740963
v 0.00251162 0.02559401 -0.02006418
v 0.00275633 0.02559401 -0.02022570
v 0.00289529 0.02559402 -0.02048389
v 0.00289530 0.02559402 -0.02077710
v 0.00275637 0.02559401 -0.02103530
v 0.00251168 0.02559401 -0.02119684
v 0.00231351 0.02559400 -0.02123052
v 0.00231361 0.02559400 -0.02306115
v 0.00518432 0.02559410 -0.02999064
v 0.00369168 0.02559406 -0.02807175
v 0.00261527 0.02559401 -0.02547343
v 0.00550845 0.01979411 -0.03031460
v -0.00218649 0.02559388 -0.02123076
v -0.00238466 0.02559387 -0.02119710
v -0.00262937 0.02559387 -0.02103558
v -0.00276832 0.02559386 -0.02077739
v -0.00276834 0.02559386 -0.02048418
v -0.00262941 0.02559387 -0.02022598
v -0.00238472 0.02559387 -0.02006444
v 0.00113508 0.02559396 -0.00994951
v 0.00000367 0.02559393 -0.01002039
v 0.00113405 0.02559391 0.00994920
v 0.00000263 0.02559388 0.01001996
v 0.00393347 0.02559402 -0.00919209
v 0.00639791 0.02559409 -0.00766526
v 0.00832210 0.02559414 -0.00549684
v 0.00954500 0.02559417 -0.00286831
v 0.00996423 0.02559417 0.00000030
v 0.00954471 0.02559416 0.00286887
v 0.00832154 0.02559412 0.00549727
v 0.00639712 0.02559406 0.00766551
v 0.00393252 0.02559399 0.00919208
v -0.00218639 0.02559388 -0.02306138
v -0.00266094 0.03156297 -0.02472673
v -0.00323440 0.03156296 -0.02668661
v -0.00421456 0.03156293 -0.02847806
v -0.00528775 0.03156290 -0.02975999
v -0.00505654 0.03109382 -0.02999117
v -0.00507840 0.03126688 -0.02996931
v -0.00394632 0.03109385 -0.02866498
v -0.00397168 0.03126689 -0.02864731
v -0.00356410 0.03109386 -0.02807212
v -0.00296089 0.03126692 -0.02679988
v -0.00293233 0.03109386 -0.02681171
v -0.00248796 0.03109387 -0.02547369
v -0.00236950 0.03126694 -0.02477875
v -0.00233907 0.03109388 -0.02478418
v -0.00248325 0.03144743 -0.02475845
v -0.00306764 0.03144742 -0.02675567
v -0.00406648 0.03144739 -0.02858126
v -0.00516011 0.03144736 -0.02988761
v -0.00125918 0.02559392 -0.02702204
v -0.00125910 0.02279392 -0.02702205
v 0.00475617 0.02279408 -0.02794038
v 0.00475625 0.01979407 -0.02794038
v 0.00547813 0.02279410 -0.02747817
v 0.00547821 0.01979410 -0.02747817
v 0.00594026 0.02279411 -0.02675617
v 0.00594034 0.01979411 -0.02675617
v 0.00606384 0.02279412 -0.02606393
v 0.00606392 0.01979411 -0.02606393
v 0.00606290 0.02279409 -0.00793533
v 0.00486140 0.02279406 -0.00873098
v 0.00000382 0.02279392 -0.01002039
v 0.00231152 0.02279399 -0.00973685
v -0.01244386 0.02452539 -0.01033564
v -0.01179597 0.02484534 -0.01062025
v -0.01179433 0.02179360 -0.01062098
v -0.01504136 0.02320125 -0.01625187
v -0.01504404 0.02179352 -0.01625031
v -0.01446311 0.02344781 -0.01651343
v -0.01341901 0.02179357 -0.01668564
v -0.01367566 0.02385630 -0.01667550
v -0.01342101 0.02400132 -0.01668586
v -0.01283750 0.02432030 -0.01663355
v -0.01179404 0.02179361 -0.01625014
v -0.01204131 0.02472652 -0.01637904
v -0.01060569 0.02537921 -0.01506226
v -0.01081166 0.02529164 -0.01537524
v -0.01060452 0.02179364 -0.01506050
v -0.01137511 0.02504182 -0.01596254
v -0.01179653 0.02484492 -0.01625138
v -0.01041037 0.02546042 -0.01466336
v -0.01016918 0.02179364 -0.01343548
v -0.01019877 0.02554642 -0.01387507
v -0.01105995 0.02518353 -0.01120000
v -0.01057748 0.02539111 -0.01185874
v -0.01060469 0.02179363 -0.01181050
v -0.01027078 0.02551742 -0.01262904
v -0.01016929 0.02555826 -0.01343547
v -0.01169261 0.02489443 -0.01068247
v -0.01382912 0.02376982 -0.01021159
v -0.01367600 0.02385630 -0.01019579
v -0.01341935 0.02179355 -0.01018564
v -0.01341998 0.02400210 -0.01018540
v -0.01326384 0.02408924 -0.01018892
v -0.01623385 0.02179348 -0.01181079
v -0.01626128 0.02281346 -0.01185920
v -0.01504433 0.02179351 -0.01062114
v -0.01581519 0.02293560 -0.01123977
v -0.01525947 0.02311947 -0.01075684
v -0.01504145 0.02320134 -0.01061946
v -0.01456858 0.02339970 -0.01039566
v -0.01666918 0.02179346 -0.01343581
v -0.01623368 0.02179349 -0.01506079
v -0.01651076 0.02275471 -0.01443804
v -0.01666448 0.02272251 -0.01361091
v -0.01666921 0.02272160 -0.01343580
v -0.01656527 0.02274291 -0.01262029
v -0.01520234 0.02314027 -0.01615280
v -0.01574432 0.02295705 -0.01570641
v -0.01620691 0.02282708 -0.01510634
v -0.01231144 0.02459323 0.01648980
v -0.01179812 0.02484497 0.01625092
v -0.01179571 0.02179355 0.01624908
v -0.01504296 0.02320045 0.01061831
v -0.01504542 0.02179348 0.01061975
v -0.01446360 0.02344742 0.01035632
v -0.01342040 0.02179352 0.01018442
v -0.01367705 0.02385630 0.01019455
v -0.01342239 0.02400134 0.01018448
v -0.01284478 0.02431717 0.01023581
v -0.01179542 0.02179357 0.01061992
v -0.01210344 0.02469669 0.01046322
v -0.01060672 0.02537936 0.01180754
v -0.01082207 0.02528775 0.01148171
v -0.01060590 0.02179359 0.01180957
v -0.01139171 0.02503487 0.01089563
v -0.01179857 0.02484463 0.01061875
v -0.01042082 0.02545670 0.01218564
v -0.01017056 0.02179360 0.01343459
v -0.01020307 0.02554526 0.01297524
v -0.01097155 0.02522299 0.01557092
v -0.01057466 0.02539287 0.01500421
v -0.01060607 0.02179359 0.01505956
v -0.01027217 0.02551742 0.01424057
v -0.01017066 0.02555827 0.01343460
v -0.01158445 0.02494588 0.01611643
v -0.01379533 0.02378942 0.01666275
v -0.01367738 0.02385630 0.01667426
v -0.01342074 0.02179351 0.01668442
v -0.01342169 0.02400192 0.01668431
v -0.01313862 0.02415893 0.01667186
v -0.01623524 0.02179343 0.01505927
v -0.01625387 0.02281628 0.01502661
v -0.01504571 0.02179346 0.01624891
v -0.01579753 0.02294159 0.01565088
v -0.01520246 0.02314059 0.01615241
v -0.01504335 0.02320039 0.01625031
v -0.01453915 0.02341285 0.01648588
v -0.01667056 0.02179342 0.01343425
v -0.01623507 0.02179343 0.01180927
v -0.01653899 0.02274963 0.01251893
v -0.01666775 0.02272216 0.01329846
v -0.01667059 0.02272160 0.01343425
v -0.01656560 0.02274386 0.01425383
v -0.01518540 0.02314678 0.01070532
v -0.01577835 0.02294721 0.01119756
v -0.01622570 0.02282316 0.01179311
v -0.01304010 -0.02266703 -0.02803076
v -0.00267289 -0.02337785 -0.03025076
v -0.00425078 -0.02329676 -0.03010768
v -0.00520861 -0.02323340 -0.02998824
v -0.00802577 -0.02300999 -0.02949344
v -0.00864464 -0.02295796 -0.02935440
v -0.01063169 -0.02280018 -0.02882861
v -0.01431081 -0.02264458 -0.02752812
v -0.01665615 -0.02264461 -0.02624997
v -0.01666640 -0.02164441 -0.02507072
v -0.01935781 -0.02110992 -0.02784492
v -0.01970429 -0.02078630 -0.02469583
v -0.02148089 -0.01893983 -0.02337443
v -0.01998163 -0.02051915 -0.02653298
v -0.01972416 -0.02076730 -0.02707439
v -0.01953806 -0.02094285 -0.02746578
v -0.01944513 -0.02102935 -0.02766125
v -0.01939888 -0.02107210 -0.02775851
v -0.01937561 -0.02109355 -0.02780747
v -0.01936386 -0.02110436 -0.02783219
v -0.01936059 -0.02110737 -0.02783906
v -0.01935911 -0.02110873 -0.02784219
v 0.01779961 -0.00780171 -0.03225043
v 0.01779976 -0.00780171 -0.03525044
v 0.01759411 -0.00869269 -0.03225045
v 0.01759426 -0.00869269 -0.03525045
v -0.01757729 -0.00869364 -0.03225226
v -0.01757714 -0.00869364 -0.03525227
v -0.01778284 -0.00780267 -0.03225227
v -0.01778269 -0.00780267 -0.03525228
v 0.01784326 -0.01884641 -0.03225043
v -0.01581064 -0.02085513 -0.03225217
v 0.00000874 -0.02073446 -0.03225135
v -0.00216917 -0.01951720 -0.03225147
v -0.01376762 -0.01398079 -0.03225206
v -0.01650668 -0.01059406 -0.03225220
v -0.01782589 -0.01884739 -0.03225227
v 0.01651633 -0.02073767 -0.03225050
v 0.01725492 -0.02027109 -0.03225046
v 0.01772417 -0.01953419 -0.03225044
v 0.01036547 -0.01667842 -0.03225082
v 0.00643471 -0.01855498 -0.03225102
v 0.01582813 -0.02085426 -0.03225053
v 0.00218656 -0.01951708 -0.03225124
v 0.00000871 -0.01963851 -0.03225135
v -0.01034823 -0.01667897 -0.03225189
v -0.01770676 -0.01953516 -0.03225227
v -0.01723748 -0.02027203 -0.03225224
v -0.00641737 -0.01855532 -0.03225168
v -0.01649886 -0.02073857 -0.03225220
v 0.01378472 -0.01398005 -0.03225064
v 0.01652359 -0.01059318 -0.03225050
v -0.01935501 0.01955908 -0.03425236
v -0.02628085 0.00820069 -0.03425271
v -0.02460070 0.01234700 -0.03425263
v -0.02227162 0.01616670 -0.03425251
v -0.01367488 0.02385630 -0.03186129
v -0.01367475 0.02385630 -0.03425206
v -0.01608442 0.02285924 -0.03425219
v -0.01371858 0.02383107 -0.03076423
v -0.01367494 0.02385630 -0.03064281
v -0.01379371 0.02378739 -0.03131238
v -0.01610249 0.02285522 0.02389558
v -0.01744792 0.02259409 -0.02891377
v -0.01578270 0.02294602 0.02424070
v -0.01477548 0.02331008 0.02516563
v -0.01393116 0.02371508 0.02574767
v -0.01367786 0.02385630 0.02588641
v -0.01467702 0.02335238 0.02524273
v 0.00187835 0.02745497 -0.03302189
v 0.00230236 0.02742264 -0.03425124
v -0.00229234 0.02742210 -0.03425148
v 0.01368981 0.02385705 -0.03065426
v 0.01380424 0.02379071 -0.03120850
v 0.01380496 0.02379099 -0.03125075
v 0.01368999 0.02385705 -0.03425065
v 0.01117060 0.02514121 -0.03425078
v 0.01368987 0.02385705 -0.03184702
v 0.01371124 0.02384471 -0.03178893
v 0.00683249 0.02665515 -0.03425100
v -0.00743132 0.02648877 -0.03196279
v -0.00680814 0.02665720 -0.03168756
v -0.00682229 0.02665352 -0.03425171
v -0.00656456 0.02671859 -0.03214919
v -0.00606801 0.02683641 -0.03264230
v -0.00549816 0.02695970 -0.03292217
v -0.00485048 0.02708446 -0.03302223
v -0.00174425 0.02746277 -0.03302207
v -0.01116003 0.02513855 -0.03425194
v -0.01008266 0.02559359 0.02744860
v -0.01170438 0.02488978 0.02681224
v 0.01609974 0.02286012 -0.03425053
v 0.02629676 0.00820276 -0.03425000
v 0.01936814 0.01956247 -0.03425036
v 0.02228586 0.01616988 -0.03425021
v 0.02461589 0.01234972 -0.03425009
v 0.02300821 0.00196212 -0.03425017
v 0.02318827 0.00298588 -0.03425016
v 0.02388684 0.00408346 -0.03425013
v 0.02498439 0.00478210 -0.03425007
v 0.02300832 -0.00203787 -0.03425017
v 0.02499063 -0.00485991 -0.03425007
v 0.02389708 -0.00416915 -0.03425013
v 0.02319599 -0.00308219 -0.03425016
v -0.02695251 -0.00570583 -0.03425275
v -0.02548335 -0.01048740 -0.03425267
v 0.02696937 -0.00570436 -0.03424997
v 0.02550048 -0.01048600 -0.03425004
v 0.02319119 -0.01492325 -0.03425016
v 0.02011763 -0.01886977 -0.03425032
v 0.01638113 -0.02219550 -0.03425051
v 0.01210487 -0.02479078 -0.03425073
v 0.00742983 -0.02657005 -0.03425097
v 0.00251012 -0.02747468 -0.03425123
v 0.00000903 -0.02758851 -0.03425135
v -0.00249207 -0.02747481 -0.03425149
v -0.00741182 -0.02657046 -0.03425174
v -0.01208696 -0.02479144 -0.03425198
v -0.01636336 -0.02219640 -0.03425220
v -0.02010004 -0.01887087 -0.03425239
v -0.02317381 -0.01492450 -0.03425255
v -0.02299166 -0.00203914 -0.03425254
v -0.02317172 -0.00306290 -0.03425255
v -0.02387029 -0.00416048 -0.03425259
v -0.02496784 -0.00485912 -0.03425265
v -0.02299177 0.00196086 -0.03425254
v -0.02497408 0.00478289 -0.03425265
v -0.02388053 0.00409213 -0.03425259
v -0.02317944 0.00300517 -0.03425255
v 0.01167830 -0.00602924 -0.04025075
v 0.01152425 -0.00660423 -0.04025076
v 0.01110333 -0.00702519 -0.04025078
v 0.01052827 -0.00487927 -0.04025081
v 0.01110328 -0.00503332 -0.04025078
v 0.01152422 -0.00545424 -0.04025076
v 0.00937830 -0.00602930 -0.04025087
v 0.00953236 -0.00545429 -0.04025086
v 0.00953239 -0.00660429 -0.04025086
v 0.00995328 -0.00503335 -0.04025084
v 0.00995333 -0.00702522 -0.04025084
v 0.01052833 -0.00717927 -0.04025081
v -0.01166611 -0.00602988 -0.04025196
v -0.01151206 -0.00545487 -0.04025195
v -0.01109114 -0.00503393 -0.04025193
v -0.00936612 -0.00602982 -0.04025184
v -0.00952017 -0.00660481 -0.04025185
v -0.00994109 -0.00702577 -0.04025187
v -0.01051615 -0.00487985 -0.04025190
v -0.00994114 -0.00503390 -0.04025187
v -0.00952020 -0.00545481 -0.04025185
v -0.01051608 -0.00717985 -0.04025190
v -0.01109109 -0.00702580 -0.04025193
v -0.01151203 -0.00660487 -0.04025195
v 0.01754628 0.00871139 -0.02450898
v 0.01754683 0.00871139 -0.03525046
v 0.01755530 0.00869309 -0.02450292
v 0.01776771 0.00777396 -0.03525044
v 0.01773892 0.00811687 -0.02437874
v 0.01776714 0.00777396 -0.02435950
v 0.01058591 0.01646214 -0.03225081
v 0.01058569 0.01646214 -0.02802782
v 0.01003922 0.01671060 -0.03225084
v 0.01012079 0.01668498 -0.02819062
v 0.00945174 0.01679421 -0.03225087
v 0.00945233 0.01679421 -0.02841061
v 0.00570521 0.01979412 -0.03059386
v 0.00570515 0.01979410 -0.02934760
v 0.01348962 0.01979432 -0.02681980
v 0.01949286 0.01979439 0.02167774
v 0.01829132 0.01979436 0.02278736
v 0.01628195 0.01979431 0.02439152
v 0.02748636 0.01979464 0.00773493
v 0.02673373 0.01979462 0.01022435
v 0.00913440 0.01979420 -0.02850947
v 0.02578121 0.01979458 0.01261254
v 0.02461989 0.01979455 0.01493002
v 0.01614080 0.01979430 0.02449398
v 0.01417907 0.01979425 0.02578895
v 0.01239356 0.01979420 0.02677442
v 0.01200232 0.01979419 0.02696799
v 0.02012768 0.01979441 0.02103530
v 0.02178091 0.01979447 0.01914983
v 0.00979828 0.01979413 0.02792374
v 0.00831809 0.01979409 0.02844402
v 0.02626760 0.01979459 0.01146746
v 0.02834842 0.01979468 0.00265697
v 0.02830688 0.01979466 0.00310764
v 0.02248619 0.01979465 -0.02136203
v 0.02252715 0.01979458 -0.02149427
v 0.02253229 0.01979455 -0.02161150
v 0.02177324 0.01979456 -0.02114784
v 0.02183554 0.01979459 -0.02111559
v 0.02200386 0.01979470 -0.02107555
v 0.02208635 0.01979475 -0.02107745
v 0.02435605 0.01979454 0.01539558
v 0.02327211 0.01979451 0.01712952
v 0.02189132 0.01979447 0.01901189
v 0.02801935 0.01979466 0.00523548
v 0.02758627 0.01979464 0.00733471
v 0.02224147 0.01979478 -0.02111990
v 0.02232359 0.01979477 -0.02116731
v 0.02243088 0.01979471 -0.02127101
v 0.01755232 0.01979443 -0.02450471
v 0.02100947 0.01979452 -0.02183159
v 0.02169026 0.01979453 -0.02121102
v 0.02205358 -0.01582572 -0.02095461
v 0.02183247 -0.01603545 -0.02107728
v 0.02219965 -0.01577146 -0.02093974
v 0.02222991 -0.01576724 -0.02094205
v 0.02247624 -0.01583268 -0.02103813
v 0.02262459 -0.01602403 -0.02121307
v 0.02234334 -0.01577314 -0.02096765
v 0.02267795 -0.01634999 -0.02147629
v 0.02266927 -0.01643206 -0.02153891
v 0.02223471 -0.01630214 -0.02135865
v 0.02047751 -0.01783958 -0.02229391
v 0.01957172 -0.01889103 -0.02303407
v 0.01888387 -0.01962217 -0.02356171
v 0.01718288 -0.02122295 -0.02475001
v 0.01756080 -0.02089047 -0.02449976
v 0.01388827 -0.02164375 -0.02662740
v 0.01439244 -0.02164372 -0.02637333
v 0.01349043 -0.02164601 -0.02682002
v 0.01179171 -0.02171570 -0.02756764
v 0.01120173 -0.02175752 -0.02779996
v 0.00962644 -0.02189290 -0.02835521
v 0.00913531 -0.02194007 -0.02850954
v 0.00741710 -0.02211570 -0.02898131
v 0.00502677 -0.02234937 -0.02946541
v 0.00454375 -0.02238947 -0.02953973
v 0.00409845 -0.02242346 -0.02960140
v 0.00000866 -0.02258087 -0.02986591
v 0.00076403 -0.02257540 -0.02985765
v 0.00260811 -0.02251492 -0.02976044
v 0.00777988 -0.02079331 -0.02888972
v 0.00913578 -0.02080358 -0.02851044
v 0.01029624 -0.02081237 -0.02813275
v 0.01273610 -0.02083085 -0.02716873
v 0.00000861 -0.02073446 -0.02986612
v 0.00261635 -0.02075420 -0.02975931
v 0.00454301 -0.02076880 -0.02953815
v 0.00521422 -0.02077388 -0.02943263
v 0.01349125 -0.02083657 -0.02682092
v 0.01509511 -0.02084871 -0.02599940
v 0.01582809 -0.02085426 -0.02558513
v 0.01784268 -0.01884641 -0.02430860
v 0.01784235 -0.01889958 -0.02430913
v 0.01773790 -0.01949373 -0.02438001
v 0.01757044 -0.01986205 -0.02449346
v 0.01651148 -0.02073926 -0.02517562
v 0.01704799 -0.02045048 -0.02483760
v 0.01725216 -0.02027345 -0.02470463
v 0.01745488 -0.02003814 -0.02457071
v 0.00871044 0.01679419 -0.02863566
v 0.00871062 0.01679419 -0.03225090
v 0.00913448 0.01679420 -0.02850947
v 0.01003987 0.01679970 -0.03225084
v 0.00720979 0.01819021 -0.03225098
v 0.00818846 0.01688800 -0.03225093
v 0.00764496 0.01723852 -0.03225096
v 0.00729955 0.01778528 -0.03225098
v -0.00474747 0.02279379 -0.00879064
v -0.00426748 0.02379379 -0.00791339
v -0.00593709 0.02279376 -0.00802595
v -0.00593719 0.02379375 -0.00673601
v -0.00224961 0.02279386 -0.00975017
v -0.00201890 0.02379387 -0.00877715
v -0.00406919 0.02379380 -0.00801870
v -0.00112344 0.02559385 0.00994973
v -0.00125031 0.02559389 -0.00993420
v -0.00111928 0.02459389 -0.00894281
v -0.00100507 0.02459385 0.00895675
v -0.00140177 0.02459384 0.00890051
v -0.00391139 0.02559377 0.00919850
v -0.00351479 0.02459378 0.00828049
v -0.00407004 0.02459378 0.00801785
v -0.00636939 0.02559372 0.00768350
v -0.00572749 0.02459374 0.00691668
v -0.00633715 0.02459372 0.00635682
v -0.00829334 0.02559367 0.00553050
v -0.00745943 0.02459369 0.00497854
v -0.00798301 0.02459368 0.00407867
v -0.00952350 0.02559363 0.00291828
v -0.00856683 0.02459366 0.00262702
v -0.00884785 0.02459365 0.00140457
v -0.00995773 0.02559362 0.00006373
v -0.00895772 0.02459365 0.00005734
v -0.00895791 0.02459365 -0.00000067
v -0.00955996 0.02559365 -0.00279613
v -0.00884770 0.02459367 -0.00140592
v -0.00859965 0.02459367 -0.00251710
v -0.00836324 0.02559368 -0.00542383
v -0.00798259 0.02459369 -0.00407993
v -0.00752236 0.02459370 -0.00488258
v -0.00646691 0.02559373 -0.00760121
v -0.00633649 0.02459374 -0.00635790
v -0.00581528 0.02459375 -0.00684266
v -0.00402845 0.02559382 -0.00914746
v -0.00406922 0.02459381 -0.00801869
v -0.00362017 0.02459382 -0.00823459
v -0.00140085 0.02459388 -0.00890108
v -0.00779150 0.02384873 0.00449824
v -0.00778521 0.02381469 0.00457730
v -0.00778510 0.01979369 0.00457730
v -0.00780092 0.01979369 0.00445247
v -0.00784669 0.01979369 0.00433687
v -0.00784680 0.02387947 0.00433687
v -0.00778527 0.02279368 0.00636740
v -0.00661580 0.02387950 0.00606341
v -0.00741964 0.02279369 0.00679328
v -0.00633713 0.02387951 0.00635682
v -0.00511456 0.02279375 0.00867919
v -0.00209965 0.02387962 0.00875718
v -0.00235987 0.02279381 0.00981131
v -0.00407002 0.02387957 0.00801784
v -0.00455838 0.02387956 0.00774669
v -0.01310842 0.02396612 0.02639040
v -0.01237741 0.02431379 0.02677315
v -0.00907704 0.02559360 0.02818248
v -0.01111054 0.02485922 0.02737399
v -0.01118014 0.02483107 0.02734297
v -0.01613329 0.02224187 0.02449410
v -0.01505539 0.02291218 0.02523155
v -0.01467691 0.02313233 0.02547359
v -0.01694858 0.02168954 0.02388600
v -0.02727981 0.02101921 0.00846544
v -0.02142383 0.02101926 0.01957392
v -0.01972233 0.02101922 0.02143766
v -0.01947938 0.02101923 0.02167870
v -0.02295786 0.02101931 0.01757347
v -0.02236568 0.02101930 0.01838791
v -0.02473447 0.02101935 0.01470768
v -0.02432323 0.02101935 0.01543878
v -0.02653698 0.02101929 0.01074162
v -0.02648917 0.02101929 0.01086980
v -0.02570314 0.02101932 0.01276525
v -0.02549910 0.02101933 0.01320453
v -0.02786913 0.02101909 0.00600653
v -0.02775064 0.02101912 0.00658025
v -0.02844926 0.02101891 0.00004199
v -0.02843442 0.02101891 0.00100536
v -0.02836409 0.02101894 0.00233895
v -0.02825444 0.02101899 0.00350945
v -0.00778642 0.02279364 0.02860444
v -0.00540798 0.02279361 0.02920030
v 0.00297592 0.02279393 0.02958337
v 0.00065568 0.02279387 0.02974225
v -0.00000233 0.02279385 0.02975133
v -0.00066534 0.02279379 0.02974197
v -0.00303976 0.02279365 0.02957548
v -0.00399857 0.02279362 0.02944907
v 0.00540304 0.02279400 0.02920242
v 0.00400596 0.02279396 0.02944888
v 0.00830473 0.02559408 0.02844409
v 0.00728994 0.02559405 0.02874736
v 0.00488617 0.02559399 0.02930092
v 0.00399949 0.02559396 0.02944876
v 0.00245072 0.02559392 0.02963619
v -0.00000127 0.02559385 0.02975132
v -0.02844895 0.02101901 -0.00640067
v -0.02731741 0.02214712 -0.00640198
v -0.02844893 0.02101905 -0.00640378
v -0.02769828 0.02176746 -0.00640220
v -0.02746930 0.02101853 -0.01090044
v -0.02792182 0.02101744 -0.00973876
v -0.02827241 0.02101717 -0.00835088
v -0.02843340 0.02101822 -0.00698534
v -0.02844807 0.02101886 -0.00654317
v -0.02844886 0.02101901 -0.00644481
v -0.02844889 0.02101902 -0.00643591
v -0.02769863 0.02176649 -0.00640813
v -0.01947603 -0.02074144 -0.02805382
v -0.01959090 -0.02037465 -0.02826028
v -0.01959429 -0.02037433 -0.02825291
v -0.01959341 -0.02037529 -0.02825483
v -0.01959252 -0.02037553 -0.02825675
v -0.01959754 -0.02036496 -0.02824578
v -0.01976365 -0.02021046 -0.02788328
v -0.01967425 -0.02029439 -0.02807839
v -0.01962942 -0.02033447 -0.02817618
v -0.01962638 -0.02033761 -0.02818284
v -0.01960106 -0.02035993 -0.02823810
v -0.02023580 -0.01975730 -0.02685281
v -0.01979059 -0.02018526 -0.02782448
v -0.02231586 -0.01747992 -0.02231176
v -0.02166578 -0.01824717 -0.02373123
v -0.02025664 -0.01973678 -0.02680733
v 0.00187411 0.02739331 -0.03267576
v 0.00185831 0.02716275 -0.03231478
v 0.00183365 0.02680261 -0.03208370
v -0.00170246 0.02681023 -0.03208388
v -0.00168032 0.02646482 -0.03202207
v 0.00181002 0.02645730 -0.03202189
v -0.00467315 0.02610036 -0.03202219
v -0.00473455 0.02644100 -0.03208404
v -0.00479020 0.02674983 -0.03227090
v -0.00172554 0.02717048 -0.03231497
v -0.00483954 0.02702368 -0.03267611
v -0.00174031 0.02740109 -0.03267595
v -0.00482994 0.02697035 -0.03255472
v -0.00479857 0.02679626 -0.03231513
v 0.00559109 0.01979411 -0.03163522
v 0.00480143 0.01979409 -0.03202175
v 0.00518052 0.01979410 -0.03194707
v 0.00570526 0.01979412 -0.03144953
v 0.00579184 0.01979162 -0.03116031
v 0.00580136 0.01979103 -0.03102169
v 0.00572917 0.01979392 -0.03064850
v -0.00650162 0.02666614 -0.03143652
v -0.00617024 0.02655837 -0.03135561
v -0.00609248 0.02659027 -0.03160880
v -0.00556516 0.02571475 -0.03057013
v -0.00563933 0.02606547 -0.03057431
v -0.00538035 0.02580533 -0.03031517
v -0.00477910 0.02606130 -0.03201659
v -0.00550161 0.02695046 -0.03278489
v -0.00608179 0.02681059 -0.03236477
v -0.00646228 0.02670361 -0.03177598
v -0.00547037 0.02576187 -0.03162595
v -0.00533307 0.02582755 -0.03177359
v -0.00542391 0.02618173 -0.03178286
v -0.00521821 0.02588009 -0.03186063
v -0.00527094 0.02625076 -0.03190848
v -0.00506524 0.02594676 -0.03194216
v -0.00509495 0.02632379 -0.03200465
v -0.00500768 0.02597086 -0.03196463
v -0.00566533 0.02566328 -0.03114738
v -0.00557115 0.02571170 -0.03146228
v -0.00564874 0.02606907 -0.03145598
v -0.00553420 0.02573030 -0.03153078
v -0.00555223 0.02611923 -0.03162916
v -0.00561513 0.02568930 -0.03068647
v -0.00566266 0.02566468 -0.03087749
v -0.00573083 0.02602401 -0.03088124
v -0.00566881 0.02566146 -0.03111573
v -0.00573872 0.02601955 -0.03107669
v -0.00571106 0.02603508 -0.03127053
v -0.00564667 0.02607292 -0.03058163
v -0.00593513 0.02634821 -0.03086947
v -0.00590592 0.02632264 -0.03084006
v -0.00591239 0.02632417 -0.03086613
v -0.00607543 0.02646086 -0.03101018
v -0.00589195 0.02633481 -0.03129769
v -0.00619132 0.02653874 -0.03112607
v -0.00582666 0.02636761 -0.03150615
v -0.00558290 0.02647759 -0.03188524
v -0.00640393 0.02669754 -0.03174813
v -0.00603833 0.02680457 -0.03231687
v -0.00579931 0.02669825 -0.03207297
v -0.00547888 0.02694446 -0.03272436
v -0.00534535 0.02683853 -0.03240993
v -0.00520997 0.02661862 -0.03215676
v -0.00372965 0.01979384 -0.02806444
v -0.00372962 0.01979384 -0.02866443
v -0.00372973 0.02279385 -0.02806444
v -0.00372970 0.02279385 -0.02866443
v -0.00202889 0.02559390 -0.02717614
v -0.00202882 0.02279390 -0.02717614
v -0.00267336 0.02559388 -0.02760790
v -0.00267329 0.02279388 -0.02760790
v -0.00248781 0.02559387 -0.02547370
v -0.00356395 0.02559386 -0.02807212
v -0.00505639 0.02559382 -0.02999117
v -0.00829892 0.02559361 0.02844412
v -0.00744216 0.02559360 0.02870293
v -0.00246486 0.02559365 0.02963436
v -0.00497292 0.02559360 0.02928403
v -0.00399226 0.02559359 0.02944907
v -0.00393606 0.02279384 -0.02806445
v -0.00393598 0.01979384 -0.02806445
v -0.00593616 0.02279379 -0.02606455
v -0.00581251 0.02279379 -0.02675678
v -0.00535030 0.02279381 -0.02747873
v -0.00462830 0.02279382 -0.02794087
v -0.01421925 0.02179353 -0.01205004
v -0.01341926 0.02179355 -0.01183564
v -0.01261925 0.02179357 -0.01204996
v -0.01203358 0.02179359 -0.01263557
v -0.01181918 0.02179360 -0.01343556
v -0.01203350 0.02179359 -0.01423557
v -0.01261911 0.02179359 -0.01482124
v -0.01341910 0.02179357 -0.01503564
v -0.01421911 0.02179354 -0.01482132
v -0.01480478 0.02179353 -0.01423571
v -0.01501919 0.02179351 -0.01343573
v -0.01480487 0.02179351 -0.01263572
v -0.01480616 0.02179347 0.01263434
v -0.01502057 0.02179346 0.01343433
v -0.01480625 0.02179347 0.01423435
v -0.01422064 0.02179349 0.01482002
v -0.01342065 0.02179351 0.01503442
v -0.01262064 0.02179353 0.01482010
v -0.01203497 0.02179355 0.01423449
v -0.01182057 0.02179355 0.01343450
v -0.01203489 0.02179355 0.01263449
v -0.01262049 0.02179353 0.01204882
v -0.01342049 0.02179351 0.01183442
v -0.01422049 0.02179349 0.01204874
v -0.00869520 0.01679371 -0.03225180
v -0.00869539 0.01679371 -0.02863656
v -0.00943475 0.01679369 -0.03225184
v -0.00899616 0.01679371 -0.02854776
v -0.00943730 0.01679369 -0.02841159
v -0.01775763 -0.01937481 -0.02435719
v -0.01782613 -0.01884739 -0.02431043
v -0.01581122 -0.02085513 -0.02558692
v -0.01590713 -0.02085355 -0.02553059
v -0.01709415 -0.02040197 -0.02479871
v -0.01654668 -0.02072093 -0.02514518
v -0.01750476 -0.01994274 -0.02452815
v -0.01743891 -0.02003819 -0.02457206
v -0.01723552 -0.02027437 -0.02470640
v -0.01347942 -0.02083734 -0.02681840
v -0.01335673 -0.02083640 -0.02687645
v -0.01105286 -0.02081883 -0.02785136
v -0.00899521 -0.02080314 -0.02854806
v -0.00081102 -0.02074071 -0.02985667
v -0.00341666 -0.02076058 -0.02968185
v -0.00855626 -0.02079979 -0.02867644
v -0.00600589 -0.02078034 -0.02928758
v -0.00439742 -0.02076807 -0.02955861
v -0.00215622 -0.02253527 -0.02979340
v -0.00424326 -0.02241115 -0.02958012
v -0.00439758 -0.02239929 -0.02955869
v -0.00668569 -0.02218963 -0.02914710
v -0.00795369 -0.02205865 -0.02884145
v -0.00890611 -0.02196166 -0.02857444
v -0.00899502 -0.02195281 -0.02854785
v -0.01123305 -0.02175438 -0.02778254
v -0.01326509 -0.02165042 -0.02691986
v -0.01335687 -0.02164869 -0.02687681
v -0.01387682 -0.02164443 -0.02662608
v -0.01619092 -0.02164439 -0.02536258
v -0.02119179 -0.01690690 -0.02165709
v -0.02181861 -0.01603448 -0.02107743
v -0.02224020 -0.01619273 -0.02127763
v -0.02245550 -0.01583120 -0.02103700
v -0.02250095 -0.01586865 -0.02107408
v -0.02261875 -0.01605063 -0.02123665
v -0.02265170 -0.01617112 -0.02133589
v -0.02188456 -0.01595172 -0.02102473
v -0.02196265 -0.01587879 -0.02098237
v -0.02203915 -0.01582677 -0.02095646
v -0.02219760 -0.01577097 -0.02094287
v -0.02234414 -0.01577891 -0.02097621
v -0.02266189 -0.01635099 -0.02147769
v -0.02261878 -0.01657770 -0.02164724
v -0.01973167 -0.01869464 -0.02289592
v -0.01825461 -0.02023265 -0.02401078
v -0.01743926 -0.02098546 -0.02457188
v -0.02250243 0.01259000 -0.02175818
v -0.02247373 0.01979333 -0.02178550
v -0.02251791 0.01979340 -0.02161667
v -0.02247879 0.01979360 -0.02137935
v -0.02207438 0.01979361 -0.02107995
v -0.02211933 0.01979364 -0.02108700
v -0.02231078 0.01979371 -0.02117054
v -0.02233440 0.01979370 -0.02118856
v -0.02188326 0.01979346 -0.02109585
v -0.02167602 0.01979335 -0.02121337
v -0.01775204 0.00777299 -0.02436134
v -0.01775148 0.00777299 -0.03525228
v -0.01772371 0.00811685 -0.02438089
v -0.01753066 0.00871044 -0.03525225
v -0.01753122 0.00871043 -0.02451078
v -0.01002649 0.01670928 -0.03225187
v -0.01002806 0.01670888 -0.02821808
v -0.01057047 0.01646156 -0.03225190
v -0.01057069 0.01646156 -0.02802891
v -0.00762956 0.01723810 -0.03225175
v -0.00817304 0.01688755 -0.03225178
v -0.00728418 0.01778487 -0.03225173
v -0.00719691 0.01818891 -0.03225173
v -0.01004483 0.01678699 -0.03225187
v -0.01650652 -0.01059406 -0.03525221
v -0.01376747 -0.01398079 -0.03525207
v -0.01034808 -0.01667897 -0.03525189
v -0.00641721 -0.01855532 -0.03525169
v -0.00216901 -0.01951720 -0.03525147
v 0.00000887 -0.01963851 -0.03525136
v 0.00218672 -0.01951708 -0.03525124
v 0.00643486 -0.01855498 -0.03525103
v 0.01036563 -0.01667842 -0.03525082
v 0.01378487 -0.01398005 -0.03525065
v 0.01652375 -0.01059318 -0.03525051
v 0.01776735 0.00025883 -0.02435951
v 0.01776791 0.00025883 -0.03525044
v -0.01775127 0.00025786 -0.03525228
v -0.01775184 0.00025786 -0.02436134
v -0.01777529 -0.00590392 -0.03525228
v -0.00448320 0.02108936 -0.03425159
v 0.00449859 0.02108961 -0.03425113
v 0.00321108 0.02132271 -0.03425119
v 0.01606060 -0.01449129 -0.03425053
v 0.01871472 -0.01083799 -0.03425039
v 0.02055128 -0.00671270 -0.03425030
v -0.00319570 0.02132254 -0.03425152
v 0.00237982 0.02164894 -0.03425124
v 0.00170701 0.02243013 -0.03425127
v 0.00150764 0.02330056 -0.03425128
v 0.01871413 0.01076200 -0.03425039
v 0.01605981 0.01441516 -0.03425053
v 0.01270396 0.01743660 -0.03425070
v -0.01604405 0.01441428 -0.03425219
v -0.01869817 0.01076097 -0.03425232
v -0.02053472 0.00663570 -0.03425242
v 0.00879325 0.01969432 -0.03425090
v 0.01270492 -0.01751292 -0.03425070
v 0.00879433 -0.01977085 -0.03425090
v 0.00449975 -0.02116637 -0.03425112
v -0.01268836 0.01743590 -0.03425201
v -0.00877778 0.01969384 -0.03425181
v 0.00000887 -0.02163851 -0.03425135
v -0.00319453 -0.02139973 -0.03425152
v -0.00448204 -0.02116662 -0.03425159
v -0.00877669 -0.01977133 -0.03425181
v -0.01268740 -0.01751362 -0.03425201
v -0.01604326 -0.01449217 -0.03425219
v -0.01869757 -0.01083902 -0.03425232
v -0.02053436 -0.00671383 -0.03425242
v -0.02147333 -0.00229692 -0.03425246
v -0.02147346 0.00221872 -0.03425246
v 0.00150754 0.02687782 -0.03425128
v -0.00149246 0.02687774 -0.03425144
v -0.00149236 0.02330047 -0.03425144
v -0.00169169 0.02243003 -0.03425144
v -0.00236446 0.02164881 -0.03425148
v 0.02055092 0.00663683 -0.03425030
v 0.02148989 0.00221990 -0.03425025
v 0.02149001 -0.00229574 -0.03425025
v 0.01052821 -0.00407927 -0.03945081
v 0.00955322 -0.00434055 -0.03945086
v 0.00883949 -0.00505432 -0.03945090
v 0.00857826 -0.00602932 -0.03945091
v 0.00883954 -0.00700431 -0.03945090
v 0.00955331 -0.00771805 -0.03945086
v 0.01052831 -0.00797927 -0.03945081
v 0.01150331 -0.00771799 -0.03945076
v 0.01221704 -0.00700422 -0.03945072
v 0.01247826 -0.00602922 -0.03945071
v 0.01221698 -0.00505423 -0.03945072
v 0.01150322 -0.00434049 -0.03945076
v -0.01051621 -0.00407985 -0.03945190
v -0.01149120 -0.00434113 -0.03945195
v -0.01220493 -0.00505490 -0.03945199
v -0.01246616 -0.00602990 -0.03945200
v -0.01220488 -0.00700489 -0.03945199
v -0.01149111 -0.00771862 -0.03945195
v -0.01051610 -0.00797984 -0.03945190
v -0.00954111 -0.00771857 -0.03945185
v -0.00882738 -0.00700480 -0.03945181
v -0.00856616 -0.00602979 -0.03945180
v -0.00882743 -0.00505480 -0.03945181
v -0.00954120 -0.00434107 -0.03945185
v 0.01098131 0.01620173 -0.02788281
v 0.01322176 0.01443785 -0.03525068
v 0.01350325 0.01417540 -0.02681298
v 0.01255934 0.01501546 -0.02724401
v 0.01403761 0.01364821 -0.02655254
v 0.01586343 0.01148432 -0.03525054
v 0.01538707 0.01211218 -0.02583806
v 0.01650363 0.01054675 -0.02517980
v 0.01004002 0.01679970 -0.03525084
v 0.00720551 0.01819225 -0.03525099
v 0.00626734 0.01968526 -0.02923833
v 0.00674677 0.01937322 -0.02913656
v 0.00707077 0.01891268 -0.02906326
v 0.00720644 0.01835494 -0.02903148
v 0.00720780 0.01829415 -0.02903123
v 0.00819768 0.01688454 -0.02877971
v 0.00770713 0.01717911 -0.02890848
v 0.00736487 0.01763123 -0.02899391
v 0.00722268 0.01810276 -0.02902828
v 0.00720796 0.01829415 -0.03225098
v -0.00798288 0.01979368 0.00407867
v -0.00884772 0.01979366 0.00140456
v -0.00884757 0.01979366 -0.00140592
v -0.00798246 0.01979368 -0.00407994
v -0.00633637 0.01979374 -0.00635791
v -0.00593708 0.01979375 -0.00673601
v -0.00778634 0.01979364 0.02860648
v -0.00831199 0.01979363 0.02844411
v -0.01238187 0.01979352 0.02677604
v -0.01178001 0.01979353 0.02707126
v -0.01613255 0.01979342 0.02449860
v -0.01558057 0.01979343 0.02488570
v -0.01899894 0.01979335 0.02214161
v -0.01948214 0.01979334 0.02167870
v -0.02197119 0.01979327 0.01890341
v -0.02236844 0.01979326 0.01838791
v -0.02444160 0.01979320 0.01523804
v -0.02473724 0.01979319 0.01470768
v -0.02632610 0.01979316 0.01130128
v -0.02653974 0.01979316 0.01074162
v -0.02762174 0.01979313 0.00716121
v -0.02775340 0.01979312 0.00658025
v -0.02831726 0.01979312 0.00292800
v -0.02845202 0.01979312 0.00004199
v -0.02845174 0.01979314 -0.00640067
v -0.02747262 0.01979316 -0.01089881
v -0.02820454 0.01979314 -0.00870338
v -0.00467298 0.01979383 -0.03202224
v -0.00559543 0.01979381 -0.03063601
v -0.00538017 0.01979381 -0.03031517
v -0.00566523 0.01979380 -0.03114684
v -0.00547128 0.01979381 -0.03162457
v -0.00506512 0.01979382 -0.03194215
v -0.00593608 0.01979378 -0.02606455
v -0.00581243 0.01979379 -0.02675678
v -0.00535022 0.01979380 -0.02747873
v -0.00462822 0.01979382 -0.02794087
v -0.01341921 0.01979355 -0.01183564
v -0.01421920 0.01979354 -0.01205005
v -0.01480481 0.01979353 -0.01263572
v -0.01501913 0.01979352 -0.01343573
v -0.01480473 0.01979353 -0.01423571
v -0.01421905 0.01979354 -0.01482133
v -0.01341904 0.01979356 -0.01503565
v -0.01261906 0.01979358 -0.01482125
v -0.01203344 0.01979360 -0.01423557
v -0.01181913 0.01979361 -0.01343556
v -0.01203353 0.01979360 -0.01263557
v -0.01261920 0.01979358 -0.01204996
v -0.01342060 0.01979350 0.01503441
v -0.01422058 0.01979348 0.01482001
v -0.01480619 0.01979347 0.01423434
v -0.01502051 0.01979348 0.01343433
v -0.01480611 0.01979348 0.01263434
v -0.01422044 0.01979350 0.01204873
v -0.01342043 0.01979352 0.01183442
v -0.01262044 0.01979354 0.01204881
v -0.01203483 0.01979356 0.01263449
v -0.01182051 0.01979356 0.01343450
v -0.01203491 0.01979354 0.01423448
v -0.01262058 0.01979353 0.01482009
v -0.00859035 0.01679740 -0.02866677
v -0.00807245 0.01692920 -0.02881033
v -0.00760791 0.01726060 -0.02893070
v -0.00730225 0.01773776 -0.02900590
v -0.00719541 0.01829375 -0.02903129
v -0.00719524 0.01829375 -0.03225173
v -0.02089819 0.01979337 -0.02191945
v -0.00899624 0.01979370 -0.02854775
v -0.00711414 0.01878084 -0.02905040
v -0.00688083 0.01921291 -0.02910402
v -0.00651785 0.01954822 -0.02918363
v -0.00625953 0.01968367 -0.02923751
v -0.00605607 0.01974979 -0.02927833
v -0.00569544 0.01979380 -0.02934722
v -0.01335790 0.01979358 -0.02687653
v -0.01240045 0.01513361 -0.02730759
v -0.01084204 0.01628442 -0.02793014
v -0.01653371 0.01047559 -0.02515364
v -0.01532078 0.01217560 -0.02586764
v -0.01743123 0.01979347 -0.02457776
v -0.01393359 0.01373839 -0.02659851
v -0.01337225 0.01428408 -0.02686971
v -0.01743793 0.00889503 -0.02457312
v -0.01323973 0.01440619 -0.03525203
v -0.01588727 0.01142841 -0.03525217
v -0.01004468 0.01678699 -0.03525188
v -0.00719513 0.01818976 -0.03525173
v -0.00079400 -0.01206893 -0.03525140
v 0.00000599 -0.01185456 -0.03525136
v 0.00585150 -0.00590327 -0.03525106
v -0.01030024 0.00759517 -0.03525189
v -0.00721614 0.01015630 -0.03525173
v -0.00789673 0.01056092 -0.03525177
v -0.01088582 0.00540951 -0.03525192
v -0.01168582 0.00519514 -0.03525196
v -0.01248582 0.00540947 -0.03525200
v -0.01307148 0.00599510 -0.03525203
v -0.01328586 0.00679509 -0.03525205
v -0.01307152 0.00759509 -0.03525203
v -0.01248590 0.00818074 -0.03525200
v -0.01168591 0.00839513 -0.03525196
v -0.01088590 0.00818078 -0.03525192
v -0.00719496 0.01386213 -0.03525173
v -0.00741792 0.01323266 -0.03525174
v -0.00724432 0.01355181 -0.03525173
v -0.00836423 0.01169112 -0.03525179
v -0.00832715 0.01203364 -0.03525179
v -0.00797156 0.01274108 -0.03525177
v -0.00764663 0.01302584 -0.03525176
v -0.01030019 0.00599517 -0.03525189
v -0.01008586 0.00679518 -0.03525188
v 0.00583869 0.01039789 -0.03525106
v 0.00573369 0.01048126 -0.03525106
v -0.00516725 0.01159286 -0.03525162
v -0.00526509 0.01113207 -0.03525163
v 0.00518327 0.01159313 -0.03525108
v -0.00829998 0.01124233 -0.03525179
v 0.00528129 0.01113194 -0.03525109
v -0.00571672 0.01048172 -0.03525165
v -0.00588318 0.01035558 -0.03525166
v -0.00642488 0.01012756 -0.03525169
v -0.00416916 0.01253141 -0.03525158
v -0.00449757 0.01247594 -0.03525159
v -0.00485419 0.01225990 -0.03525161
v 0.00510772 0.01191750 -0.03525108
v 0.00487017 0.01226017 -0.03525109
v -0.00509172 0.01191723 -0.03525162
v 0.00418514 0.01253164 -0.03525114
v 0.00451354 0.01247618 -0.03525113
v 0.01169678 0.00839576 -0.03525076
v 0.01249679 0.00818143 -0.03525072
v 0.00644285 0.01012751 -0.03525103
v 0.01031116 0.00759572 -0.03525083
v 0.00765740 0.01302967 -0.03525097
v 0.00798385 0.01274572 -0.03525095
v 0.01355275 0.00156187 -0.03525066
v 0.01275276 0.00134748 -0.03525070
v 0.01329683 0.00679580 -0.03525067
v 0.01308249 0.00599580 -0.03525069
v 0.01308244 0.00759580 -0.03525069
v 0.01493846 -0.00083809 -0.03525059
v 0.01435284 -0.00142375 -0.03525062
v 0.01089679 0.00818138 -0.03525080
v 0.00791519 0.01056374 -0.03525095
v 0.00723477 0.01015746 -0.03525099
v 0.01515280 -0.00003809 -0.03525058
v 0.01493841 0.00076191 -0.03525059
v 0.01435276 0.00134752 -0.03525062
v 0.00837721 0.01178993 -0.03525093
v 0.00838024 0.01169158 -0.03525093
v 0.00831717 0.01124672 -0.03525093
v 0.00742716 0.01323831 -0.03525098
v 0.00725343 0.01356051 -0.03525098
v 0.00720563 0.01386753 -0.03525099
v 0.00834209 0.01203882 -0.03525093
v 0.01249687 0.00541015 -0.03525072
v 0.01195280 -0.00003817 -0.03525074
v 0.01216713 0.00076183 -0.03525073
v 0.01355284 -0.00163814 -0.03525066
v 0.01275284 -0.00142380 -0.03525070
v 0.01216718 -0.00083817 -0.03525073
v 0.01169687 0.00519576 -0.03525076
v 0.01089686 0.00541011 -0.03525080
v 0.01031121 0.00599572 -0.03525083
v 0.01009683 0.00679572 -0.03525084
v 0.00080600 -0.01206889 -0.03525132
v 0.00139166 -0.01265452 -0.03525129
v -0.00596362 -0.01038289 -0.03525167
v -0.00137962 -0.01265459 -0.03525143
v 0.00160604 -0.01345451 -0.03525127
v 0.00139170 -0.01425452 -0.03525129
v 0.00080608 -0.01484018 -0.03525132
v 0.00000608 -0.01505455 -0.03525136
v -0.00079392 -0.01484022 -0.03525140
v -0.00137958 -0.01425459 -0.03525143
v -0.00537792 -0.01256851 -0.03525164
v -0.00159396 -0.01345460 -0.03525144
v -0.00516358 -0.01176850 -0.03525162
v -0.00537797 -0.01096850 -0.03525164
v -0.00814925 -0.01096858 -0.03525178
v -0.00756362 -0.01038293 -0.03525175
v -0.00676363 -0.01016854 -0.03525171
v -0.00596354 -0.01315416 -0.03525167
v -0.00676354 -0.01336855 -0.03525171
v -0.00756354 -0.01315421 -0.03525175
v -0.00814920 -0.01256859 -0.03525178
v -0.00836358 -0.01176858 -0.03525179
v 0.00150767 0.02687782 -0.03675128
v 0.00150776 0.02333592 -0.03675128
v 0.00150777 0.02330056 -0.03675128
v 0.00170714 0.02243013 -0.03675127
v 0.00237995 0.02164894 -0.03675123
v 0.00321121 0.02132271 -0.03675119
v -0.00319557 0.02132254 -0.03675152
v -0.00448307 0.02108936 -0.03675159
v -0.00877765 0.01969384 -0.03675181
v -0.01268823 0.01743590 -0.03675201
v -0.01604392 0.01441427 -0.03675218
v -0.01869804 0.01076097 -0.03675232
v -0.02053460 0.00663570 -0.03675241
v -0.02147333 0.00221872 -0.03675246
v -0.02147320 -0.00229692 -0.03675246
v -0.02053423 -0.00671383 -0.03675241
v -0.01869744 -0.01083902 -0.03675232
v -0.01604312 -0.01449218 -0.03675218
v -0.01268728 -0.01751362 -0.03675201
v -0.00877656 -0.01977133 -0.03675181
v -0.00448191 -0.02116662 -0.03675159
v 0.00000900 -0.02163851 -0.03675135
v 0.00449988 -0.02116637 -0.03675112
v 0.00879446 -0.01977085 -0.03675090
v 0.01270505 -0.01751292 -0.03675070
v 0.01606073 -0.01449129 -0.03675053
v 0.01871485 -0.01083799 -0.03675039
v 0.02055141 -0.00671270 -0.03675029
v 0.02149014 -0.00229574 -0.03675025
v 0.02149002 0.00221990 -0.03675025
v 0.02055104 0.00663683 -0.03675029
v 0.01871426 0.01076200 -0.03675039
v 0.01605994 0.01441516 -0.03675053
v 0.01270409 0.01743660 -0.03675070
v 0.00879338 0.01969432 -0.03675090
v 0.00449872 0.02108960 -0.03675113
v -0.00236433 0.02164881 -0.03675148
v -0.00169156 0.02243003 -0.03675144
v -0.00149223 0.02330047 -0.03675143
v -0.00149223 0.02333583 -0.03675143
v -0.00149233 0.02687774 -0.03675143
v 0.01355283 0.00156187 -0.03675066
v 0.01275284 0.00134748 -0.03675070
v 0.01216721 0.00076183 -0.03675073
v 0.01195288 -0.00003817 -0.03675074
v 0.01216726 -0.00083817 -0.03675073
v 0.01275291 -0.00142380 -0.03675070
v 0.01355292 -0.00163814 -0.03675066
v 0.01435291 -0.00142375 -0.03675061
v 0.01493854 -0.00083809 -0.03675058
v 0.01515287 -0.00003809 -0.03675057
v 0.01493849 0.00076191 -0.03675058
v 0.01435284 0.00134752 -0.03675061
v -0.00676355 -0.01016854 -0.03675170
v -0.00756354 -0.01038293 -0.03675174
v -0.00814917 -0.01096858 -0.03675177
v -0.00836351 -0.01176858 -0.03675178
v -0.00814912 -0.01256859 -0.03675177
v -0.00756347 -0.01315421 -0.03675174
v -0.00676346 -0.01336855 -0.03675170
v -0.00596347 -0.01315416 -0.03675166
v -0.00537784 -0.01256851 -0.03675163
v -0.00516350 -0.01176850 -0.03675162
v -0.00537789 -0.01096850 -0.03675163
v -0.00596354 -0.01038289 -0.03675166
v -0.01168583 0.00839513 -0.03675196
v -0.01248582 0.00818074 -0.03675200
v -0.01307145 0.00759509 -0.03675203
v -0.01328578 0.00679509 -0.03675204
v -0.01307140 0.00599510 -0.03675203
v -0.01248574 0.00540947 -0.03675200
v -0.01168574 0.00519514 -0.03675196
v -0.01088574 0.00540951 -0.03675192
v -0.01030012 0.00599517 -0.03675188
v -0.01008578 0.00679518 -0.03675188
v -0.01030016 0.00759517 -0.03675189
v -0.01088582 0.00818078 -0.03675192
v 0.01169686 0.00839576 -0.03675075
v 0.01089687 0.00818138 -0.03675079
v 0.01031124 0.00759572 -0.03675082
v 0.01009691 0.00679572 -0.03675083
v 0.01031128 0.00599572 -0.03675082
v 0.01089694 0.00541011 -0.03675079
v 0.01169695 0.00519576 -0.03675075
v 0.01249694 0.00541015 -0.03675071
v 0.01308256 0.00599580 -0.03675068
v 0.01329690 0.00679580 -0.03675067
v 0.01308252 0.00759580 -0.03675068
v 0.01249687 0.00818143 -0.03675071
v 0.00000607 -0.01185456 -0.03675136
v -0.00079392 -0.01206893 -0.03675140
v -0.00137955 -0.01265459 -0.03675143
v -0.00159388 -0.01345460 -0.03675144
v -0.00137950 -0.01425459 -0.03675143
v -0.00079385 -0.01484022 -0.03675140
v 0.00000616 -0.01505455 -0.03675135
v 0.00080616 -0.01484018 -0.03675131
v 0.00139178 -0.01425452 -0.03675128
v 0.00160612 -0.01345451 -0.03675127
v 0.00139174 -0.01265452 -0.03675128
v 0.00080608 -0.01206889 -0.03675131
v 0.00955317 -0.00771805 -0.03675086
v 0.00883940 -0.00700431 -0.03675090
v 0.00857812 -0.00602932 -0.03675091
v 0.00883935 -0.00505432 -0.03675090
v 0.00955308 -0.00434055 -0.03675086
v 0.01052807 -0.00407927 -0.03675081
v 0.01150308 -0.00434049 -0.03675076
v 0.01221684 -0.00505423 -0.03675072
v 0.01247812 -0.00602922 -0.03675071
v 0.01221690 -0.00700422 -0.03675072
v 0.01150317 -0.00771799 -0.03675076
v 0.01052817 -0.00797927 -0.03675081
v -0.01149125 -0.00771862 -0.03675195
v -0.01220502 -0.00700489 -0.03675199
v -0.01246630 -0.00602990 -0.03675200
v -0.01220507 -0.00505490 -0.03675199
v -0.01149134 -0.00434113 -0.03675195
v -0.01051635 -0.00407985 -0.03675190
v -0.00954134 -0.00434107 -0.03675185
v -0.00882757 -0.00505480 -0.03675181
v -0.00856629 -0.00602979 -0.03675180
v -0.00882752 -0.00700480 -0.03675181
v -0.00954125 -0.00771857 -0.03675185
v -0.01051624 -0.00797984 -0.03675190
v -0.00731492 0.01338705 -0.03675173
v -0.00764625 0.01302604 -0.03675175
v -0.00719488 0.01386213 -0.03675173
v -0.00797149 0.01274108 -0.03675177
v -0.00832707 0.01203364 -0.03675178
v -0.00829990 0.01124233 -0.03675178
v -0.00789665 0.01056092 -0.03675176
v -0.00721606 0.01015630 -0.03675173
v -0.00642480 0.01012756 -0.03675169
v -0.00571665 0.01048172 -0.03675165
v -0.00526501 0.01113207 -0.03675163
v -0.00516717 0.01159286 -0.03675162
v -0.00416909 0.01253139 -0.03675157
v -0.00509164 0.01191721 -0.03675162
v -0.00485411 0.01225989 -0.03675161
v -0.00449749 0.01247592 -0.03675159
v 0.00418522 0.01253162 -0.03675114
v -0.00337939 0.01253141 -0.03675153
v 0.00518335 0.01159313 -0.03675109
v 0.00451362 0.01247617 -0.03675112
v 0.00487025 0.01226016 -0.03675110
v 0.00510780 0.01191748 -0.03675109
v 0.00528136 0.01113194 -0.03675108
v 0.00573377 0.01048126 -0.03675106
v 0.00644292 0.01012751 -0.03675102
v 0.00723485 0.01015746 -0.03675098
v 0.00791526 0.01056374 -0.03675095
v 0.00831725 0.01124672 -0.03675093
v 0.00838032 0.01169158 -0.03675092
v 0.00834217 0.01203882 -0.03675092
v 0.00798393 0.01274572 -0.03675094
v 0.00765735 0.01302974 -0.03675096
v 0.00720571 0.01386722 -0.03675098
v 0.00742724 0.01323831 -0.03675097
v 0.00725351 0.01356051 -0.03675098
v 0.00720559 0.01829416 -0.03675098
v 0.00570555 0.01979412 -0.03675106
v 0.00627957 0.01967996 -0.03675103
v 0.00709139 0.01886818 -0.03675099
v 0.00676622 0.01935481 -0.03675101
v -0.00569504 0.01979380 -0.03675165
v 0.00499265 0.01979410 -0.03675110
v -0.00337958 0.01979387 -0.03675153
v -0.00719499 0.01829377 -0.03675173
v -0.00699405 0.01904378 -0.03675172
v -0.00675068 0.01935942 -0.03675171
v -0.00644503 0.01959283 -0.03675169
v -0.00846484 -0.01101168 -0.03675179
v 0.01422506 -0.00285865 -0.03675062
v 0.01288783 -0.01101110 -0.03675069
v 0.00933783 -0.01101119 -0.03675087
v 0.00499350 -0.01101131 -0.03675110
v -0.00846540 0.00924317 -0.03675179
v -0.00337930 0.00924331 -0.03675153
v -0.00932628 0.00924314 -0.03675184
v -0.00932612 0.00337821 -0.03675184
v -0.00932595 -0.00285929 -0.03675184
v -0.00932578 -0.00907421 -0.03675184
v -0.00932573 -0.01101171 -0.03675184
v -0.00337874 -0.01101154 -0.03675153
v 0.01422523 -0.00907356 -0.03675062
v 0.01422528 -0.01101106 -0.03675062
v 0.01422489 0.00337886 -0.03675062
v 0.01422473 0.00924379 -0.03675062
v 0.01288727 0.00924375 -0.03675069
v 0.00933727 0.00924366 -0.03675088
v 0.00499294 0.00924354 -0.03675110
v 0.01288743 0.00337882 -0.03675069
v 0.01288760 -0.00285869 -0.03675069
v 0.00933743 0.00337872 -0.03675087
v 0.00933760 -0.00285878 -0.03675087
v -0.00337879 -0.00907405 -0.03675153
v -0.00846490 -0.00907419 -0.03675179
v 0.00933777 -0.00907370 -0.03675087
v 0.01288777 -0.00907360 -0.03675069
v 0.00499327 -0.00285890 -0.03675110
v 0.00499344 -0.00907382 -0.03675110
v -0.00846507 -0.00285927 -0.03675179
v -0.00337896 -0.00285913 -0.03675153
v -0.00846524 0.00337824 -0.03675179
v -0.00337913 0.00337838 -0.03675153
v 0.00499310 0.00337861 -0.03675110
f 1 2 3
f 4 5 6
f 2 7 3
f 3 7 8
f 3 8 6
f 6 8 9
f 6 9 4
f 3 10 1
f 1 10 11
f 1 11 12
f 13 14 15
f 15 14 1
f 15 1 16
f 16 1 12
f 17 18 19
f 19 18 20
f 19 20 21
f 21 20 22
f 21 22 23
f 23 22 24
f 23 24 25
f 25 24 26
f 25 26 27
f 27 26 28
f 27 28 29
f 29 28 30
f 29 30 31
f 31 30 32
f 31 32 33
f 33 32 34
f 33 34 35
f 35 34 36
f 35 36 37
f 37 36 38
f 37 38 39
f 39 38 40
f 39 40 41
f 41 40 42
f 41 42 43
f 43 42 44
f 43 44 45
f 45 44 46
f 45 46 47
f 47 46 48
f 47 48 49
f 49 48 50
f 49 50 51
f 51 50 52
f 51 52 53
f 53 52 54
f 53 54 55
f 55 54 56
f 55 56 57
f 57 56 58
f 57 58 59
f 59 58 60
f 59 60 61
f 61 60 62
f 61 62 63
f 63 62 64
f 63 64 65
f 65 64 66
f 65 66 67
f 67 66 68
f 67 68 69
f 69 68 70
f 69 70 71
f 71 70 72
f 71 72 73
f 73 72 74
f 73 74 75
f 75 74 76
f 75 76 77
f 77 76 78
f 77 78 79
f 79 78 80
f 79 80 81
f 81 80 82
f 81 82 83
f 83 82 84
f 83 84 85
f 85 84 86
f 85 86 87
f 87 86 88
f 87 88 89
f 89 88 90
f 89 90 91
f 91 90 92
f 91 92 93
f 93 92 94
f 93 94 3
f 3 94 10
f 95 18 96
f 97 98 99
f 96 18 100
f 18 17 100
f 100 17 101
f 100 101 102
f 95 96 99
f 99 96 103
f 99 103 97
f 104 105 106
f 106 105 100
f 106 100 107
f 107 100 102
f 108 109 110
f 110 109 111
f 112 113 114
f 114 113 115
f 116 117 118
f 118 117 119
f 118 119 120
f 120 119 121
f 120 121 122
f 122 121 123
f 122 123 124
f 124 123 125
f 124 125 126
f 126 125 127
f 126 127 128
f 128 127 129
f 128 129 130
f 130 129 131
f 130 131 132
f 132 131 133
f 132 133 134
f 134 133 135
f 134 135 136
f 136 135 137
f 136 137 138
f 138 137 139
f 138 139 140
f 140 139 141
f 140 141 142
f 142 141 143
f 142 143 144
f 144 143 145
f 144 145 146
f 146 145 147
f 146 147 148
f 148 147 149
f 148 149 150
f 150 149 151
f 150 151 152
f 152 151 153
f 152 153 154
f 154 153 155
f 154 155 156
f 156 155 157
f 156 157 158
f 158 157 159
f 158 159 160
f 160 159 161
f 160 161 162
f 162 161 163
f 162 163 116
f 116 163 117
f 164 165 166
f 166 165 167
f 166 167 168
f 168 167 169
f 168 169 170
f 170 169 171
f 170 171 172
f 172 171 173
f 172 173 174
f 174 173 175
f 174 175 176
f 176 175 177
f 176 177 178
f 178 177 179
f 178 179 180
f 180 179 181
f 180 181 182
f 182 181 183
f 182 183 184
f 184 183 185
f 184 185 186
f 186 185 187
f 186 187 188
f 188 187 189
f 188 189 190
f 190 189 191
f 190 191 192
f 192 191 193
f 192 193 194
f 194 193 195
f 194 195 196
f 196 195 197
f 196 197 198
f 198 197 199
f 198 199 200
f 200 199 201
f 200 201 202
f 202 201 203
f 202 203 204
f 204 203 205
f 204 205 206
f 206 205 207
f 206 207 208
f 208 207 209
f 208 209 210
f 210 209 211
f 210 211 164
f 164 211 165
f 1 14 212
f 11 10 94
f 98 97 213
f 96 214 215
f 98 213 99
f 18 95 216
f 18 216 20
f 20 216 217
f 20 217 22
f 218 30 219
f 219 30 28
f 219 28 220
f 220 28 26
f 220 26 217
f 217 26 24
f 217 24 22
f 40 38 221
f 221 38 36
f 221 36 222
f 222 36 34
f 222 34 218
f 218 34 32
f 218 32 30
f 40 221 42
f 42 221 223
f 42 223 44
f 44 223 224
f 44 224 46
f 46 224 225
f 46 225 48
f 60 58 226
f 226 58 56
f 226 56 227
f 227 56 54
f 227 54 228
f 228 54 52
f 228 52 225
f 225 52 50
f 225 50 48
f 60 226 62
f 62 226 229
f 62 229 64
f 64 229 230
f 64 230 66
f 66 230 231
f 66 231 68
f 232 76 233
f 233 76 74
f 233 74 234
f 234 74 72
f 234 72 231
f 231 72 70
f 231 70 68
f 82 80 232
f 232 80 78
f 232 78 76
f 86 84 235
f 235 84 82
f 235 82 236
f 236 82 232
f 15 16 237
f 237 16 12
f 86 235 88
f 88 235 238
f 88 238 90
f 90 238 239
f 90 239 92
f 92 239 237
f 92 237 94
f 94 237 12
f 94 12 11
f 240 241 242
f 242 243 240
f 240 243 244
f 240 244 245
f 245 244 246
f 245 246 247
f 247 246 248
f 247 248 249
f 249 248 250
f 249 250 251
f 251 250 252
f 251 252 253
f 253 252 254
f 253 254 255
f 255 254 256
f 255 256 257
f 257 256 258
f 257 258 259
f 259 258 260
f 259 260 261
f 261 260 262
f 261 262 263
f 263 262 264
f 263 264 265
f 265 264 266
f 265 266 267
f 267 266 268
f 267 268 269
f 269 268 270
f 269 270 271
f 271 270 272
f 271 272 273
f 273 272 274
f 273 274 275
f 275 274 276
f 275 276 277
f 277 276 278
f 277 278 279
f 279 278 280
f 279 280 281
f 281 280 282
f 281 282 283
f 283 282 284
f 283 284 285
f 285 284 286
f 285 286 287
f 287 286 288
f 287 288 289
f 289 288 290
f 289 290 291
f 242 292 243
f 243 292 293
f 243 293 244
f 244 293 294
f 244 294 246
f 246 294 295
f 246 295 248
f 248 295 296
f 248 296 250
f 250 296 297
f 250 297 252
f 252 297 298
f 252 298 254
f 254 298 299
f 254 299 256
f 256 299 300
f 256 300 258
f 258 300 301
f 258 301 260
f 260 301 302
f 260 302 262
f 262 302 303
f 262 303 264
f 264 303 304
f 264 304 266
f 266 304 305
f 266 305 268
f 268 305 306
f 268 306 270
f 270 306 307
f 270 307 272
f 272 307 308
f 272 308 274
f 274 308 309
f 274 309 276
f 276 309 310
f 276 310 278
f 278 310 311
f 278 311 280
f 280 311 312
f 280 312 282
f 282 312 313
f 282 313 284
f 284 313 314
f 284 314 286
f 286 314 315
f 286 315 288
f 288 315 215
f 288 215 290
f 290 215 214
f 292 1 293
f 293 1 212
f 293 212 294
f 294 212 316
f 294 316 295
f 295 316 317
f 295 317 296
f 296 317 318
f 296 318 297
f 297 318 319
f 297 319 298
f 298 319 320
f 298 320 299
f 299 320 321
f 299 321 300
f 300 321 322
f 300 322 301
f 301 322 323
f 301 323 302
f 302 323 324
f 302 324 303
f 303 324 325
f 303 325 304
f 304 325 326
f 304 326 305
f 305 326 327
f 305 327 306
f 306 327 328
f 306 328 307
f 307 328 329
f 307 329 308
f 308 329 330
f 308 330 309
f 309 330 331
f 309 331 310
f 310 331 332
f 310 332 311
f 311 332 333
f 311 333 312
f 312 333 334
f 312 334 313
f 313 334 335
f 313 335 314
f 314 335 336
f 314 336 315
f 315 336 337
f 315 337 215
f 215 337 338
f 215 338 96
f 96 338 103
f 14 13 212
f 212 13 339
f 212 339 316
f 316 339 340
f 316 340 317
f 317 340 341
f 317 341 318
f 318 341 342
f 318 342 319
f 319 342 343
f 319 343 320
f 320 343 344
f 320 344 321
f 321 344 345
f 321 345 322
f 322 345 346
f 322 346 323
f 323 346 347
f 323 347 324
f 324 347 348
f 324 348 325
f 325 348 349
f 325 349 326
f 326 349 350
f 326 350 327
f 327 350 351
f 327 351 328
f 328 351 352
f 328 352 329
f 329 352 353
f 329 353 330
f 330 353 354
f 330 354 331
f 331 354 355
f 331 355 332
f 332 355 356
f 332 356 333
f 333 356 357
f 333 357 334
f 334 357 358
f 334 358 335
f 335 358 359
f 335 359 336
f 336 359 360
f 336 360 337
f 337 360 361
f 337 361 338
f 338 361 213
f 338 213 103
f 103 213 97
f 13 15 339
f 339 15 237
f 339 237 340
f 340 237 239
f 340 239 341
f 341 239 238
f 341 238 342
f 342 238 235
f 342 235 343
f 343 235 236
f 343 236 344
f 344 236 232
f 344 232 345
f 345 232 233
f 345 233 346
f 346 233 234
f 346 234 347
f 347 234 231
f 347 231 348
f 348 231 230
f 348 230 349
f 349 230 229
f 349 229 350
f 350 229 226
f 350 226 351
f 351 226 227
f 351 227 352
f 352 227 228
f 352 228 353
f 353 228 225
f 353 225 354
f 354 225 224
f 354 224 355
f 355 224 223
f 355 223 356
f 356 223 221
f 356 221 357
f 357 221 222
f 357 222 358
f 358 222 218
f 358 218 359
f 359 218 219
f 359 219 360
f 360 219 220
f 360 220 361
f 361 220 217
f 361 217 213
f 213 217 216
f 213 216 99
f 99 216 95
f 362 2 180
f 182 184 363
f 363 184 186
f 363 186 114
f 114 186 188
f 114 188 190
f 204 206 112
f 112 206 208
f 190 192 114
f 114 192 194
f 114 194 196
f 196 198 114
f 114 198 200
f 114 200 112
f 112 200 202
f 112 202 204
f 172 174 1
f 1 174 176
f 1 176 2
f 2 176 178
f 2 178 180
f 182 363 180
f 180 363 364
f 180 364 362
f 166 241 164
f 164 241 112
f 164 112 210
f 210 112 208
f 166 168 241
f 241 168 170
f 241 170 242
f 242 170 172
f 242 172 292
f 292 172 1
f 100 105 365
f 101 17 19
f 8 7 366
f 2 362 367
f 8 366 9
f 5 4 368
f 93 3 6
f 6 369 93
f 93 369 370
f 93 370 91
f 371 83 372
f 372 83 85
f 372 85 373
f 373 85 87
f 373 87 370
f 370 87 89
f 370 89 91
f 73 75 374
f 374 75 77
f 374 77 375
f 375 77 79
f 375 79 371
f 371 79 81
f 371 81 83
f 73 374 71
f 71 374 376
f 71 376 69
f 69 376 377
f 69 377 67
f 67 377 378
f 67 378 65
f 53 55 379
f 379 55 57
f 379 57 380
f 380 57 59
f 380 59 381
f 381 59 61
f 381 61 378
f 378 61 63
f 378 63 65
f 53 379 51
f 51 379 382
f 51 382 49
f 49 382 383
f 49 383 47
f 47 383 384
f 47 384 45
f 385 37 386
f 386 37 39
f 386 39 387
f 387 39 41
f 387 41 384
f 384 41 43
f 384 43 45
f 31 33 385
f 385 33 35
f 385 35 37
f 27 29 388
f 388 29 31
f 388 31 389
f 389 31 385
f 106 107 390
f 390 107 102
f 27 388 25
f 25 388 391
f 25 391 23
f 23 391 392
f 23 392 21
f 21 392 390
f 21 390 19
f 19 390 102
f 19 102 101
f 393 394 395
f 395 396 393
f 393 396 397
f 393 397 398
f 398 397 399
f 398 399 400
f 400 399 401
f 400 401 402
f 402 401 403
f 402 403 404
f 404 403 405
f 404 405 406
f 406 405 407
f 406 407 408
f 408 407 409
f 408 409 410
f 410 409 411
f 410 411 412
f 412 411 413
f 412 413 414
f 414 413 415
f 414 415 416
f 416 415 417
f 416 417 418
f 418 417 419
f 418 419 420
f 420 419 421
f 420 421 422
f 422 421 423
f 422 423 424
f 424 423 425
f 424 425 426
f 426 425 427
f 426 427 428
f 428 427 429
f 428 429 430
f 430 429 431
f 430 431 432
f 432 431 433
f 432 433 434
f 434 433 435
f 434 435 436
f 436 435 437
f 436 437 438
f 438 437 439
f 438 439 440
f 440 439 441
f 440 441 442
f 442 441 364
f 442 364 363
f 6 5 369
f 369 5 368
f 369 368 370
f 370 368 443
f 370 443 373
f 373 443 444
f 373 444 372
f 372 444 445
f 372 445 371
f 371 445 446
f 371 446 375
f 375 446 447
f 375 447 374
f 374 447 448
f 374 448 376
f 376 448 449
f 376 449 377
f 377 449 450
f 377 450 378
f 378 450 451
f 378 451 381
f 381 451 452
f 381 452 380
f 380 452 453
f 380 453 379
f 379 453 454
f 379 454 382
f 382 454 455
f 382 455 383
f 383 455 456
f 383 456 384
f 384 456 457
f 384 457 387
f 387 457 458
f 387 458 386
f 386 458 459
f 386 459 385
f 385 459 460
f 385 460 389
f 389 460 461
f 389 461 388
f 388 461 462
f 388 462 391
f 391 462 463
f 391 463 392
f 392 463 464
f 392 464 390
f 390 464 465
f 390 465 106
f 106 465 104
f 4 9 368
f 368 9 366
f 368 366 443
f 443 366 466
f 443 466 444
f 444 466 467
f 444 467 445
f 445 467 468
f 445 468 446
f 446 468 469
f 446 469 447
f 447 469 470
f 447 470 448
f 448 470 471
f 448 471 449
f 449 471 472
f 449 472 450
f 450 472 473
f 450 473 451
f 451 473 474
f 451 474 452
f 452 474 475
f 452 475 453
f 453 475 476
f 453 476 454
f 454 476 477
f 454 477 455
f 455 477 478
f 455 478 456
f 456 478 479
f 456 479 457
f 457 479 480
f 457 480 458
f 458 480 481
f 458 481 459
f 459 481 482
f 459 482 460
f 460 482 483
f 460 483 461
f 461 483 484
f 461 484 462
f 462 484 485
f 462 485 463
f 463 485 486
f 463 486 464
f 464 486 487
f 464 487 465
f 465 487 365
f 465 365 104
f 104 365 105
f 7 2 366
f 366 2 367
f 366 367 466
f 466 367 488
f 466 488 467
f 467 488 489
f 467 489 468
f 468 489 490
f 468 490 469
f 469 490 491
f 469 491 470
f 470 491 492
f 470 492 471
f 471 492 493
f 471 493 472
f 472 493 494
f 472 494 473
f 473 494 495
f 473 495 474
f 474 495 496
f 474 496 475
f 475 496 497
f 475 497 476
f 476 497 498
f 476 498 477
f 477 498 499
f 477 499 478
f 478 499 500
f 478 500 479
f 479 500 501
f 479 501 480
f 480 501 502
f 480 502 481
f 481 502 503
f 481 503 482
f 482 503 504
f 482 504 483
f 483 504 505
f 483 505 484
f 484 505 506
f 484 506 485
f 485 506 507
f 485 507 486
f 486 507 508
f 486 508 487
f 487 508 509
f 487 509 365
f 365 509 510
f 365 510 100
f 100 510 511
f 362 364 367
f 367 364 441
f 367 441 488
f 488 441 439
f 488 439 489
f 489 439 437
f 489 437 490
f 490 437 435
f 490 435 491
f 491 435 433
f 491 433 492
f 492 433 431
f 492 431 493
f 493 431 429
f 493 429 494
f 494 429 427
f 494 427 495
f 495 427 425
f 495 425 496
f 496 425 423
f 496 423 497
f 497 423 421
f 497 421 498
f 498 421 419
f 498 419 499
f 499 419 417
f 499 417 500
f 500 417 415
f 500 415 501
f 501 415 413
f 501 413 502
f 502 413 411
f 502 411 503
f 503 411 409
f 503 409 504
f 504 409 407
f 504 407 505
f 505 407 405
f 505 405 506
f 506 405 403
f 506 403 507
f 507 403 401
f 507 401 508
f 508 401 399
f 508 399 509
f 509 399 397
f 509 397 510
f 510 397 396
f 510 396 511
f 511 396 395
f 152 154 96
f 96 154 156
f 96 156 214
f 132 134 108
f 108 134 136
f 152 96 150
f 150 96 100
f 150 100 148
f 158 160 291
f 291 160 162
f 291 162 110
f 110 162 116
f 110 116 118
f 118 120 110
f 110 120 122
f 110 122 124
f 124 126 110
f 110 126 128
f 110 128 108
f 108 128 130
f 108 130 132
f 142 394 140
f 140 394 108
f 140 108 138
f 138 108 136
f 158 291 156
f 156 291 290
f 156 290 214
f 142 144 394
f 394 144 146
f 394 146 395
f 395 146 148
f 395 148 511
f 511 148 100
f 512 513 514
f 514 513 515
f 514 515 109
f 109 515 111
f 514 516 512
f 512 516 517
f 512 517 518
f 518 517 519
f 513 520 515
f 515 520 521
f 515 521 522
f 522 521 523
f 522 523 524
f 524 523 525
f 115 113 526
f 526 113 527
f 528 526 529
f 529 526 527
f 529 527 530
f 530 531 529
f 529 531 532
f 529 532 533
f 533 532 534
f 535 536 537
f 528 538 526
f 526 538 535
f 526 535 539
f 539 535 537
f 161 540 163
f 163 540 541
f 163 541 117
f 117 541 542
f 117 542 119
f 155 543 157
f 157 543 544
f 157 544 159
f 159 544 545
f 159 545 161
f 161 545 546
f 161 546 540
f 542 547 119
f 119 547 548
f 119 548 121
f 121 548 549
f 121 549 123
f 123 549 550
f 123 550 125
f 131 551 133
f 133 551 552
f 133 552 135
f 135 552 553
f 135 553 137
f 550 554 125
f 125 554 555
f 125 555 127
f 127 555 556
f 127 556 129
f 129 556 557
f 129 557 131
f 131 557 558
f 131 558 551
f 149 559 151
f 151 559 560
f 151 560 153
f 153 560 561
f 153 561 155
f 155 561 562
f 155 562 543
f 143 563 145
f 145 563 564
f 145 564 147
f 147 564 565
f 147 565 149
f 149 565 566
f 149 566 559
f 553 567 137
f 137 567 568
f 137 568 139
f 139 568 569
f 139 569 141
f 141 569 570
f 141 570 143
f 143 570 571
f 143 571 563
f 209 572 211
f 211 572 573
f 211 573 165
f 165 573 574
f 165 574 167
f 173 575 175
f 175 575 576
f 175 576 177
f 177 576 577
f 177 577 179
f 574 578 167
f 167 578 579
f 167 579 169
f 169 579 580
f 169 580 171
f 171 580 581
f 171 581 173
f 173 581 582
f 173 582 575
f 203 583 205
f 205 583 584
f 205 584 207
f 207 584 585
f 207 585 209
f 209 585 586
f 209 586 572
f 197 587 199
f 199 587 588
f 199 588 201
f 201 588 589
f 201 589 203
f 203 589 590
f 203 590 583
f 191 591 193
f 193 591 592
f 193 592 195
f 195 592 593
f 195 593 197
f 197 593 594
f 197 594 587
f 185 595 187
f 187 595 596
f 187 596 189
f 189 596 597
f 189 597 191
f 191 597 598
f 191 598 591
f 577 599 179
f 179 599 600
f 179 600 181
f 181 600 601
f 181 601 183
f 183 601 602
f 183 602 185
f 185 602 603
f 185 603 595
f 528 529 604
f 604 529 605
f 605 529 533
f 605 533 606
f 606 533 534
f 606 534 607
f 607 534 532
f 607 532 608
f 608 532 531
f 608 531 609
f 609 531 530
f 609 530 610
f 610 530 527
f 610 527 611
f 527 113 611
f 611 113 112
f 111 515 110
f 110 515 612
f 247 249 611
f 247 611 245
f 279 281 612
f 612 281 283
f 249 251 611
f 611 251 253
f 611 253 255
f 283 285 612
f 612 285 287
f 612 287 110
f 110 287 289
f 110 289 291
f 245 611 240
f 240 611 112
f 240 112 241
f 255 257 611
f 611 257 259
f 611 259 261
f 269 271 612
f 612 271 273
f 273 275 612
f 612 275 277
f 612 277 279
f 261 263 611
f 611 263 265
f 611 265 612
f 612 265 267
f 612 267 269
f 612 515 522
f 612 522 613
f 613 522 524
f 613 524 614
f 614 524 525
f 614 525 615
f 615 525 523
f 615 523 616
f 616 523 521
f 616 521 617
f 617 521 520
f 617 520 618
f 520 513 618
f 618 513 619
f 514 620 621
f 514 621 516
f 516 621 622
f 516 622 517
f 517 622 623
f 517 623 519
f 519 623 624
f 519 624 518
f 518 624 625
f 518 625 512
f 512 625 619
f 512 619 513
f 115 526 114
f 114 526 626
f 394 393 108
f 108 393 620
f 108 620 109
f 109 620 514
f 432 434 626
f 626 434 436
f 393 398 620
f 620 398 400
f 620 400 402
f 402 404 620
f 620 404 406
f 620 406 408
f 436 438 626
f 626 438 440
f 626 440 114
f 114 440 442
f 114 442 363
f 408 410 620
f 620 410 412
f 620 412 414
f 426 626 424
f 424 626 422
f 426 428 626
f 626 428 430
f 626 430 432
f 414 416 620
f 620 416 418
f 620 418 626
f 626 418 420
f 626 420 422
f 528 604 627
f 528 627 538
f 538 627 628
f 538 628 535
f 535 628 629
f 535 629 536
f 536 629 630
f 536 630 537
f 537 630 631
f 537 631 539
f 539 631 626
f 539 626 526
f 542 632 547
f 547 632 633
f 547 633 548
f 548 633 634
f 548 634 549
f 549 634 635
f 549 635 550
f 550 635 636
f 550 636 554
f 554 636 637
f 554 637 555
f 555 637 638
f 555 638 556
f 556 638 639
f 556 639 557
f 557 639 640
f 557 640 558
f 558 640 641
f 558 641 551
f 551 641 642
f 551 642 552
f 552 642 643
f 552 643 553
f 553 643 644
f 553 644 567
f 567 644 645
f 567 645 568
f 568 645 646
f 568 646 569
f 569 646 647
f 569 647 570
f 570 647 648
f 570 648 571
f 571 648 649
f 571 649 563
f 563 649 650
f 563 650 564
f 564 650 651
f 564 651 565
f 565 651 652
f 565 652 566
f 566 652 653
f 566 653 559
f 559 653 654
f 559 654 560
f 560 654 655
f 560 655 561
f 561 655 656
f 561 656 562
f 562 656 657
f 562 657 543
f 543 657 658
f 543 658 544
f 544 658 659
f 544 659 545
f 545 659 660
f 545 660 546
f 546 660 661
f 546 661 540
f 540 661 662
f 540 662 541
f 541 662 663
f 541 663 542
f 542 663 632
f 574 664 578
f 578 664 665
f 578 665 579
f 579 665 666
f 579 666 580
f 580 666 667
f 580 667 581
f 581 667 668
f 581 668 582
f 582 668 669
f 582 669 575
f 575 669 670
f 575 670 576
f 576 670 671
f 576 671 577
f 577 671 672
f 577 672 599
f 599 672 673
f 599 673 600
f 600 673 674
f 600 674 601
f 601 674 675
f 601 675 602
f 602 675 676
f 602 676 603
f 603 676 677
f 603 677 595
f 595 677 678
f 595 678 596
f 596 678 679
f 596 679 597
f 597 679 680
f 597 680 598
f 598 680 681
f 598 681 591
f 591 681 682
f 591 682 592
f 592 682 683
f 592 683 593
f 593 683 684
f 593 684 594
f 594 684 685
f 594 685 587
f 587 685 686
f 587 686 588
f 588 686 687
f 588 687 589
f 589 687 688
f 589 688 590
f 590 688 689
f 590 689 583
f 583 689 690
f 583 690 584
f 584 690 691
f 584 691 585
f 585 691 692
f 585 692 586
f 586 692 693
f 586 693 572
f 572 693 694
f 572 694 573
f 573 694 695
f 573 695 574
f 574 695 664
f 605 606 690
f 690 606 607
f 665 664 611
f 611 664 695
f 611 695 694
f 694 693 611
f 611 693 692
f 611 692 610
f 610 692 691
f 610 691 609
f 609 691 690
f 609 690 608
f 608 690 607
f 690 689 605
f 605 689 688
f 605 688 604
f 604 688 687
f 604 687 627
f 627 687 686
f 627 686 628
f 628 686 629
f 684 683 626
f 626 683 682
f 615 616 638
f 638 616 617
f 638 617 639
f 639 617 618
f 639 618 640
f 640 618 619
f 640 619 641
f 636 635 612
f 612 635 634
f 634 633 612
f 612 633 632
f 612 632 611
f 632 663 611
f 611 663 662
f 611 662 661
f 667 658 668
f 668 658 669
f 684 626 685
f 685 626 631
f 685 631 686
f 686 631 630
f 686 630 629
f 682 681 626
f 626 681 680
f 626 680 620
f 620 680 679
f 620 679 678
f 653 678 654
f 654 678 677
f 654 677 676
f 641 619 642
f 642 619 625
f 642 625 624
f 669 658 670
f 670 658 657
f 670 657 671
f 636 612 637
f 637 612 613
f 637 613 638
f 638 613 614
f 638 614 615
f 676 675 654
f 654 675 674
f 654 674 673
f 653 652 678
f 678 652 651
f 678 651 650
f 646 645 620
f 620 645 644
f 620 644 621
f 621 644 643
f 621 643 622
f 622 643 642
f 622 642 623
f 623 642 624
f 667 666 658
f 658 666 665
f 658 665 659
f 659 665 611
f 659 611 660
f 660 611 661
f 671 657 672
f 672 657 656
f 672 656 673
f 673 656 655
f 673 655 654
f 650 649 678
f 678 649 648
f 678 648 620
f 620 648 647
f 620 647 646
f 696 697 698
f 698 697 699
f 698 699 700
f 700 699 701
f 697 702 699
f 699 702 703
f 699 703 701
f 701 703 704
f 701 704 700
f 700 704 705
f 700 705 698
f 698 705 706
f 698 706 696
f 696 706 707
f 696 707 697
f 697 707 702
f 708 709 710
f 710 709 711
f 710 711 712
f 703 702 713
f 713 702 714
f 713 714 708
f 708 714 715
f 708 715 709
f 716 704 703
f 703 713 716
f 716 713 708
f 716 708 717
f 717 708 710
f 717 710 718
f 718 710 712
f 718 712 719
f 720 705 704
f 704 716 720
f 720 716 717
f 720 717 721
f 721 717 718
f 721 718 722
f 722 718 719
f 722 719 723
f 706 705 724
f 724 705 720
f 724 720 725
f 720 721 725
f 725 721 722
f 725 722 726
f 726 722 723
f 726 723 727
f 728 707 706
f 706 724 728
f 728 724 725
f 728 725 729
f 729 725 726
f 729 726 730
f 730 726 727
f 730 727 731
f 714 702 707
f 707 728 714
f 714 728 729
f 714 729 715
f 715 729 730
f 715 730 709
f 709 730 731
f 709 731 711
f 732 733 727
f 727 733 734
f 727 734 735
f 736 737 723
f 738 739 712
f 735 740 727
f 727 740 741
f 727 741 731
f 741 742 731
f 731 742 743
f 731 743 744
f 738 712 745
f 737 746 723
f 723 746 747
f 723 747 727
f 727 747 748
f 727 748 732
f 749 750 719
f 719 750 751
f 719 751 752
f 753 723 754
f 754 723 719
f 754 719 755
f 755 719 752
f 753 756 723
f 723 756 757
f 723 757 758
f 758 759 723
f 723 759 760
f 723 760 736
f 739 761 712
f 712 761 762
f 712 762 763
f 764 711 765
f 765 711 766
f 767 768 711
f 711 768 769
f 711 769 766
f 763 770 712
f 712 770 771
f 712 771 719
f 719 771 772
f 719 772 749
f 744 773 731
f 731 773 774
f 731 774 775
f 775 776 731
f 731 776 777
f 731 777 711
f 711 777 778
f 711 778 767
f 764 779 711
f 711 779 780
f 711 780 712
f 712 780 781
f 712 781 745
f 753 754 782
f 782 754 755
f 782 755 783
f 783 755 752
f 783 752 784
f 784 752 751
f 784 751 785
f 785 751 750
f 785 750 786
f 786 750 749
f 786 749 787
f 787 749 772
f 787 772 788
f 788 772 771
f 788 771 789
f 789 771 770
f 789 770 790
f 790 770 763
f 790 763 791
f 791 763 762
f 791 762 792
f 792 762 761
f 792 761 793
f 793 761 739
f 793 739 794
f 794 739 738
f 794 738 795
f 795 738 745
f 795 745 796
f 796 745 781
f 796 781 797
f 797 781 780
f 797 780 798
f 798 780 779
f 798 779 799
f 799 779 764
f 799 764 800
f 800 764 765
f 800 765 801
f 801 765 766
f 801 766 802
f 802 766 769
f 802 769 803
f 803 769 768
f 803 768 804
f 804 768 767
f 804 767 805
f 805 767 778
f 805 778 806
f 806 778 777
f 806 777 807
f 807 777 776
f 807 776 808
f 808 776 775
f 808 775 809
f 809 775 774
f 809 774 810
f 810 774 773
f 810 773 811
f 811 773 744
f 811 744 812
f 812 744 743
f 812 743 813
f 813 743 742
f 813 742 814
f 814 742 741
f 814 741 815
f 815 741 740
f 815 740 816
f 816 740 735
f 816 735 817
f 817 735 734
f 817 734 818
f 818 734 733
f 818 733 819
f 819 733 732
f 819 732 820
f 820 732 748
f 820 748 821
f 821 748 747
f 821 747 822
f 822 747 746
f 822 746 823
f 823 746 737
f 823 737 824
f 824 737 736
f 824 736 825
f 825 736 760
f 825 760 826
f 826 760 759
f 826 759 827
f 827 759 758
f 827 758 828
f 828 758 757
f 828 757 829
f 829 757 756
f 829 756 830
f 830 756 753
f 830 753 782
f 831 832 833
f 833 832 834
f 833 834 835
f 835 834 836
f 835 836 837
f 837 836 838
f 839 840 838
f 838 840 841
f 838 841 837
f 842 843 839
f 839 843 844
f 839 844 840
f 845 846 847
f 847 846 848
f 847 848 849
f 849 848 850
f 849 850 842
f 842 850 851
f 842 851 843
f 845 847 852
f 852 847 853
f 852 853 854
f 854 853 855
f 854 855 856
f 856 855 857
f 856 857 858
f 858 857 859
f 859 857 860
f 859 860 861
f 861 860 862
f 862 860 863
f 862 863 864
f 864 863 865
f 865 863 866
f 865 866 867
f 867 866 868
f 867 868 869
f 870 871 872
f 872 871 873
f 872 873 874
f 874 873 875
f 874 875 868
f 868 875 876
f 868 876 869
f 877 878 870
f 870 878 879
f 870 879 871
f 880 881 877
f 877 881 882
f 877 882 878
f 883 884 885
f 885 884 886
f 885 886 887
f 887 886 888
f 887 888 880
f 880 888 889
f 880 889 881
f 883 885 890
f 890 885 891
f 890 891 892
f 892 891 893
f 892 893 894
f 894 893 895
f 894 895 896
f 896 895 897
f 897 895 898
f 897 898 899
f 899 898 900
f 900 898 901
f 900 901 902
f 902 901 903
f 903 901 904
f 903 904 905
f 905 904 906
f 905 906 907
f 908 909 910
f 910 909 911
f 910 911 912
f 912 911 913
f 912 913 906
f 906 913 914
f 906 914 907
f 915 916 908
f 908 916 917
f 908 917 909
f 918 919 915
f 915 919 920
f 915 920 916
f 921 922 923
f 923 922 924
f 923 924 925
f 925 924 926
f 925 926 918
f 918 926 927
f 918 927 919
f 921 923 928
f 928 923 929
f 928 929 930
f 930 929 931
f 930 931 932
f 932 931 933
f 932 933 934
f 934 933 935
f 935 933 936
f 935 936 937
f 937 936 938
f 938 936 939
f 938 939 940
f 940 939 941
f 941 939 942
f 941 942 943
f 943 942 944
f 943 944 945
f 946 947 948
f 948 947 949
f 948 949 950
f 950 949 951
f 950 951 944
f 944 951 952
f 944 952 945
f 953 954 946
f 946 954 955
f 946 955 947
f 956 957 953
f 953 957 958
f 953 958 954
f 831 959 832
f 832 959 960
f 832 960 961
f 961 960 962
f 961 962 956
f 956 962 963
f 956 963 957
f 806 964 805
f 805 964 965
f 805 965 804
f 804 965 966
f 804 966 803
f 803 966 967
f 803 967 802
f 802 967 968
f 802 968 801
f 801 968 969
f 801 969 800
f 800 969 970
f 800 970 799
f 799 970 971
f 799 971 798
f 798 971 972
f 798 972 797
f 797 972 973
f 797 973 796
f 796 973 974
f 796 974 795
f 795 974 975
f 795 975 794
f 794 975 976
f 794 976 793
f 793 976 977
f 793 977 792
f 792 977 978
f 792 978 791
f 791 978 979
f 791 979 790
f 790 979 980
f 790 980 789
f 789 980 981
f 789 981 788
f 788 981 982
f 788 982 787
f 787 982 983
f 787 983 786
f 786 983 984
f 786 984 785
f 785 984 985
f 785 985 784
f 784 985 986
f 784 986 783
f 783 986 987
f 783 987 782
f 782 987 988
f 782 988 830
f 830 988 989
f 830 989 829
f 829 989 990
f 829 990 828
f 828 990 991
f 828 991 827
f 827 991 992
f 827 992 826
f 826 992 993
f 826 993 825
f 825 993 994
f 825 994 824
f 824 994 995
f 824 995 823
f 823 995 996
f 823 996 822
f 822 996 997
f 822 997 821
f 821 997 998
f 821 998 820
f 820 998 999
f 820 999 819
f 819 999 1000
f 819 1000 818
f 818 1000 1001
f 818 1001 817
f 817 1001 1002
f 817 1002 816
f 816 1002 1003
f 816 1003 815
f 815 1003 1004
f 815 1004 814
f 814 1004 1005
f 814 1005 813
f 813 1005 1006
f 813 1006 812
f 812 1006 1007
f 812 1007 811
f 811 1007 1008
f 811 1008 810
f 810 1008 1009
f 810 1009 809
f 809 1009 1010
f 809 1010 808
f 808 1010 1011
f 808 1011 807
f 807 1011 1012
f 807 1012 806
f 806 1012 964
f 964 931 965
f 965 931 929
f 965 929 966
f 966 929 923
f 966 923 967
f 967 923 925
f 967 925 968
f 968 925 918
f 968 918 969
f 969 918 915
f 969 915 970
f 970 915 908
f 970 908 971
f 971 908 910
f 971 910 972
f 972 910 912
f 972 912 973
f 973 912 906
f 973 906 974
f 974 906 904
f 974 904 975
f 975 904 901
f 975 901 976
f 976 901 898
f 976 898 977
f 977 898 895
f 977 895 978
f 978 895 893
f 978 893 979
f 979 893 891
f 979 891 980
f 980 891 885
f 980 885 981
f 981 885 887
f 981 887 982
f 982 887 880
f 982 880 983
f 983 880 877
f 983 877 984
f 984 877 870
f 984 870 985
f 985 870 872
f 985 872 986
f 986 872 874
f 986 874 987
f 987 874 868
f 987 868 988
f 988 868 866
f 988 866 989
f 989 866 863
f 989 863 990
f 990 863 860
f 990 860 991
f 991 860 857
f 991 857 992
f 992 857 855
f 992 855 993
f 993 855 853
f 993 853 994
f 994 853 847
f 994 847 995
f 995 847 849
f 995 849 996
f 996 849 842
f 996 842 997
f 997 842 839
f 997 839 998
f 998 839 838
f 998 838 999
f 999 838 836
f 999 836 1000
f 1000 836 834
f 1000 834 1001
f 1001 834 832
f 1001 832 1002
f 1002 832 961
f 1002 961 1003
f 1003 961 956
f 1003 956 1004
f 1004 956 953
f 1004 953 1005
f 1005 953 946
f 1005 946 1006
f 1006 946 948
f 1006 948 1007
f 1007 948 950
f 1007 950 1008
f 1008 950 944
f 1008 944 1009
f 1009 944 942
f 1009 942 1010
f 1010 942 939
f 1010 939 1011
f 1011 939 936
f 1011 936 1012
f 1012 936 933
f 1012 933 964
f 964 933 931
f 835 1013 833
f 833 1013 1014
f 835 837 1013
f 1013 837 841
f 1013 841 1015
f 841 840 1015
f 1015 840 844
f 1015 844 1016
f 850 1017 851
f 851 1017 1016
f 851 1016 843
f 843 1016 844
f 850 848 1017
f 1017 848 846
f 1017 846 1018
f 854 1019 852
f 852 1019 1018
f 852 1018 845
f 845 1018 846
f 854 856 1019
f 1019 856 858
f 1019 858 1020
f 858 859 1020
f 1020 859 861
f 1020 861 1021
f 865 1022 864
f 864 1022 1021
f 864 1021 862
f 862 1021 861
f 865 867 1022
f 1022 867 869
f 1022 869 1023
f 873 1024 875
f 875 1024 1023
f 875 1023 876
f 876 1023 869
f 873 871 1024
f 1024 871 879
f 1024 879 1025
f 879 878 1025
f 1025 878 882
f 1025 882 1026
f 888 1027 889
f 889 1027 1026
f 889 1026 881
f 881 1026 882
f 888 886 1027
f 1027 886 884
f 1027 884 1028
f 892 1029 890
f 890 1029 1028
f 890 1028 883
f 883 1028 884
f 892 894 1029
f 1029 894 896
f 1029 896 1030
f 896 897 1030
f 1030 897 899
f 1030 899 1031
f 903 1032 902
f 902 1032 1031
f 902 1031 900
f 900 1031 899
f 903 905 1032
f 1032 905 907
f 1032 907 1033
f 911 1034 913
f 913 1034 1033
f 913 1033 914
f 914 1033 907
f 911 909 1034
f 1034 909 917
f 1034 917 1035
f 917 916 1035
f 1035 916 920
f 1035 920 1036
f 926 1037 927
f 927 1037 1036
f 927 1036 919
f 919 1036 920
f 926 924 1037
f 1037 924 922
f 1037 922 1038
f 930 1039 928
f 928 1039 1038
f 928 1038 921
f 921 1038 922
f 930 932 1039
f 1039 932 934
f 1039 934 1040
f 934 935 1040
f 1040 935 937
f 1040 937 1041
f 941 1042 940
f 940 1042 1041
f 940 1041 938
f 938 1041 937
f 941 943 1042
f 1042 943 945
f 1042 945 1043
f 949 1044 951
f 951 1044 1043
f 951 1043 952
f 952 1043 945
f 949 947 1044
f 1044 947 955
f 1044 955 1045
f 955 954 1045
f 1045 954 958
f 1045 958 1046
f 962 1047 963
f 963 1047 1046
f 963 1046 957
f 957 1046 958
f 962 960 1047
f 1047 960 959
f 1047 959 1014
f 1014 959 831
f 1014 831 833
f 1048 1049 1050
f 1048 1050 1051
f 1052 1053 1050
f 1050 1053 1054
f 1050 1054 1051
f 1055 1056 1050
f 1050 1056 1057
f 1050 1057 1052
f 1058 1059 1050
f 1050 1059 1060
f 1050 1060 1055
f 1061 1062 1050
f 1050 1062 1063
f 1050 1063 1058
f 1064 1065 1050
f 1050 1065 1066
f 1050 1066 1061
f 1067 1068 1050
f 1050 1068 1069
f 1050 1069 1064
f 1070 1071 1050
f 1050 1071 1072
f 1050 1072 1067
f 1049 1073 1050
f 1050 1073 1074
f 1050 1074 1070
f 1075 1027 1076
f 1076 1027 1028
f 1076 1028 1077
f 1078 1023 1079
f 1079 1023 1024
f 1079 1024 1080
f 1080 1024 1025
f 1080 1025 1075
f 1075 1025 1026
f 1075 1026 1027
f 1081 1042 1082
f 1082 1042 1043
f 1082 1043 1083
f 1083 1043 1044
f 1083 1044 1084
f 1085 1019 1086
f 1086 1019 1020
f 1086 1020 1087
f 1087 1020 1021
f 1087 1021 1078
f 1078 1021 1022
f 1078 1022 1023
f 1088 1015 1089
f 1089 1015 1016
f 1089 1016 1090
f 1090 1016 1017
f 1090 1017 1085
f 1085 1017 1018
f 1085 1018 1019
f 1044 1045 1084
f 1084 1045 1046
f 1084 1046 1091
f 1091 1046 1047
f 1091 1047 1092
f 1092 1047 1014
f 1092 1014 1088
f 1088 1014 1013
f 1088 1013 1015
f 1093 1038 1094
f 1094 1038 1039
f 1094 1039 1095
f 1095 1039 1040
f 1095 1040 1081
f 1081 1040 1041
f 1081 1041 1042
f 1096 1034 1097
f 1097 1034 1035
f 1097 1035 1098
f 1098 1035 1036
f 1098 1036 1093
f 1093 1036 1037
f 1093 1037 1038
f 1028 1029 1077
f 1077 1029 1030
f 1077 1030 1099
f 1099 1030 1031
f 1099 1031 1100
f 1100 1031 1032
f 1100 1032 1096
f 1096 1032 1033
f 1096 1033 1034
f 1092 1051 1091
f 1091 1051 1054
f 1091 1054 1084
f 1084 1054 1053
f 1084 1053 1083
f 1083 1053 1052
f 1083 1052 1082
f 1082 1052 1057
f 1082 1057 1081
f 1081 1057 1056
f 1081 1056 1095
f 1095 1056 1055
f 1095 1055 1094
f 1094 1055 1060
f 1094 1060 1093
f 1093 1060 1059
f 1093 1059 1098
f 1098 1059 1058
f 1098 1058 1097
f 1097 1058 1063
f 1097 1063 1096
f 1096 1063 1062
f 1096 1062 1100
f 1100 1062 1061
f 1100 1061 1099
f 1099 1061 1066
f 1099 1066 1077
f 1077 1066 1065
f 1077 1065 1076
f 1076 1065 1064
f 1076 1064 1075
f 1075 1064 1069
f 1075 1069 1080
f 1080 1069 1068
f 1080 1068 1079
f 1079 1068 1067
f 1079 1067 1078
f 1078 1067 1072
f 1078 1072 1087
f 1087 1072 1071
f 1087 1071 1086
f 1086 1071 1070
f 1086 1070 1085
f 1085 1070 1074
f 1085 1074 1090
f 1090 1074 1073
f 1090 1073 1089
f 1089 1073 1049
f 1089 1049 1088
f 1088 1049 1048
f 1088 1048 1092
f 1092 1048 1051
f 1101 1102 1103
f 1103 1102 1104
f 1103 1104 1105
f 1105 1104 1106
f 1102 1107 1104
f 1104 1107 1108
f 1104 1108 1106
f 1106 1108 1109
f 1106 1109 1105
f 1105 1109 1110
f 1105 1110 1103
f 1103 1110 1111
f 1103 1111 1101
f 1101 1111 1112
f 1101 1112 1102
f 1102 1112 1107
f 1113 1114 1115
f 1115 1114 1116
f 1115 1116 1117
f 1108 1107 1118
f 1118 1107 1119
f 1118 1119 1113
f 1113 1119 1120
f 1113 1120 1114
f 1121 1109 1108
f 1108 1118 1121
f 1121 1118 1113
f 1121 1113 1122
f 1122 1113 1115
f 1122 1115 1123
f 1123 1115 1117
f 1123 1117 1124
f 1125 1110 1109
f 1109 1121 1125
f 1125 1121 1122
f 1125 1122 1126
f 1126 1122 1123
f 1126 1123 1127
f 1127 1123 1124
f 1127 1124 1128
f 1111 1110 1129
f 1129 1110 1125
f 1129 1125 1130
f 1125 1126 1130
f 1130 1126 1127
f 1130 1127 1131
f 1131 1127 1128
f 1131 1128 1132
f 1133 1112 1111
f 1111 1129 1133
f 1133 1129 1130
f 1133 1130 1134
f 1134 1130 1131
f 1134 1131 1135
f 1135 1131 1132
f 1135 1132 1136
f 1119 1107 1112
f 1112 1133 1119
f 1119 1133 1134
f 1119 1134 1120
f 1120 1134 1135
f 1120 1135 1114
f 1114 1135 1136
f 1114 1136 1116
f 1137 1138 1132
f 1132 1138 1139
f 1132 1139 1140
f 1141 1142 1128
f 1143 1144 1117
f 1140 1145 1132
f 1132 1145 1146
f 1132 1146 1136
f 1146 1147 1136
f 1136 1147 1148
f 1136 1148 1149
f 1143 1117 1150
f 1142 1151 1128
f 1128 1151 1152
f 1128 1152 1132
f 1132 1152 1153
f 1132 1153 1137
f 1154 1155 1124
f 1124 1155 1156
f 1124 1156 1157
f 1158 1128 1159
f 1159 1128 1124
f 1159 1124 1160
f 1160 1124 1157
f 1158 1161 1128
f 1128 1161 1162
f 1128 1162 1163
f 1163 1164 1128
f 1128 1164 1165
f 1128 1165 1141
f 1144 1166 1117
f 1117 1166 1167
f 1117 1167 1168
f 1169 1116 1170
f 1170 1116 1171
f 1172 1173 1116
f 1116 1173 1174
f 1116 1174 1171
f 1168 1175 1117
f 1117 1175 1176
f 1117 1176 1124
f 1124 1176 1177
f 1124 1177 1154
f 1149 1178 1136
f 1136 1178 1179
f 1136 1179 1180
f 1180 1181 1136
f 1136 1181 1182
f 1136 1182 1116
f 1116 1182 1183
f 1116 1183 1172
f 1169 1184 1116
f 1116 1184 1185
f 1116 1185 1117
f 1117 1185 1186
f 1117 1186 1150
f 1158 1159 1187
f 1187 1159 1160
f 1187 1160 1188
f 1188 1160 1157
f 1188 1157 1189
f 1189 1157 1156
f 1189 1156 1190
f 1190 1156 1155
f 1190 1155 1191
f 1191 1155 1154
f 1191 1154 1192
f 1192 1154 1177
f 1192 1177 1193
f 1193 1177 1176
f 1193 1176 1194
f 1194 1176 1175
f 1194 1175 1195
f 1195 1175 1168
f 1195 1168 1196
f 1196 1168 1167
f 1196 1167 1197
f 1197 1167 1166
f 1197 1166 1198
f 1198 1166 1144
f 1198 1144 1199
f 1199 1144 1143
f 1199 1143 1200
f 1200 1143 1150
f 1200 1150 1201
f 1201 1150 1186
f 1201 1186 1202
f 1202 1186 1185
f 1202 1185 1203
f 1203 1185 1184
f 1203 1184 1204
f 1204 1184 1169
f 1204 1169 1205
f 1205 1169 1170
f 1205 1170 1206
f 1206 1170 1171
f 1206 1171 1207
f 1207 1171 1174
f 1207 1174 1208
f 1208 1174 1173
f 1208 1173 1209
f 1209 1173 1172
f 1209 1172 1210
f 1210 1172 1183
f 1210 1183 1211
f 1211 1183 1182
f 1211 1182 1212
f 1212 1182 1181
f 1212 1181 1213
f 1213 1181 1180
f 1213 1180 1214
f 1214 1180 1179
f 1214 1179 1215
f 1215 1179 1178
f 1215 1178 1216
f 1216 1178 1149
f 1216 1149 1217
f 1217 1149 1148
f 1217 1148 1218
f 1218 1148 1147
f 1218 1147 1219
f 1219 1147 1146
f 1219 1146 1220
f 1220 1146 1145
f 1220 1145 1221
f 1221 1145 1140
f 1221 1140 1222
f 1222 1140 1139
f 1222 1139 1223
f 1223 1139 1138
f 1223 1138 1224
f 1224 1138 1137
f 1224 1137 1225
f 1225 1137 1153
f 1225 1153 1226
f 1226 1153 1152
f 1226 1152 1227
f 1227 1152 1151
f 1227 1151 1228
f 1228 1151 1142
f 1228 1142 1229
f 1229 1142 1141
f 1229 1141 1230
f 1230 1141 1165
f 1230 1165 1231
f 1231 1165 1164
f 1231 1164 1232
f 1232 1164 1163
f 1232 1163 1233
f 1233 1163 1162
f 1233 1162 1234
f 1234 1162 1161
f 1234 1161 1235
f 1235 1161 1158
f 1235 1158 1187
f 1236 1237 1238
f 1238 1237 1239
f 1238 1239 1240
f 1240 1239 1241
f 1240 1241 1242
f 1242 1241 1243
f 1244 1245 1243
f 1243 1245 1246
f 1243 1246 1242
f 1247 1248 1244
f 1244 1248 1249
f 1244 1249 1245
f 1250 1251 1252
f 1252 1251 1253
f 1252 1253 1254
f 1254 1253 1255
f 1254 1255 1247
f 1247 1255 1256
f 1247 1256 1248
f 1250 1252 1257
f 1257 1252 1258
f 1257 1258 1259
f 1259 1258 1260
f 1259 1260 1261
f 1261 1260 1262
f 1261 1262 1263
f 1263 1262 1264
f 1264 1262 1265
f 1264 1265 1266
f 1266 1265 1267
f 1267 1265 1268
f 1267 1268 1269
f 1269 1268 1270
f 1270 1268 1271
f 1270 1271 1272
f 1272 1271 1273
f 1272 1273 1274
f 1275 1276 1277
f 1277 1276 1278
f 1277 1278 1279
f 1279 1278 1280
f 1279 1280 1273
f 1273 1280 1281
f 1273 1281 1274
f 1282 1283 1275
f 1275 1283 1284
f 1275 1284 1276
f 1285 1286 1282
f 1282 1286 1287
f 1282 1287 1283
f 1288 1289 1290
f 1290 1289 1291
f 1290 1291 1292
f 1292 1291 1293
f 1292 1293 1285
f 1285 1293 1294
f 1285 1294 1286
f 1288 1290 1295
f 1295 1290 1296
f 1295 1296 1297
f 1297 1296 1298
f 1297 1298 1299
f 1299 1298 1300
f 1299 1300 1301
f 1301 1300 1302
f 1302 1300 1303
f 1302 1303 1304
f 1304 1303 1305
f 1305 1303 1306
f 1305 1306 1307
f 1307 1306 1308
f 1308 1306 1309
f 1308 1309 1310
f 1310 1309 1311
f 1310 1311 1312
f 1313 1314 1315
f 1315 1314 1316
f 1315 1316 1317
f 1317 1316 1318
f 1317 1318 1311
f 1311 1318 1319
f 1311 1319 1312
f 1320 1321 1313
f 1313 1321 1322
f 1313 1322 1314
f 1323 1324 1320
f 1320 1324 1325
f 1320 1325 1321
f 1326 1327 1328
f 1328 1327 1329
f 1328 1329 1330
f 1330 1329 1331
f 1330 1331 1323
f 1323 1331 1332
f 1323 1332 1324
f 1326 1328 1333
f 1333 1328 1334
f 1333 1334 1335
f 1335 1334 1336
f 1335 1336 1337
f 1337 1336 1338
f 1337 1338 1339
f 1339 1338 1340
f 1340 1338 1341
f 1340 1341 1342
f 1342 1341 1343
f 1343 1341 1344
f 1343 1344 1345
f 1345 1344 1346
f 1346 1344 1347
f 1346 1347 1348
f 1348 1347 1349
f 1348 1349 1350
f 1351 1352 1353
f 1353 1352 1354
f 1353 1354 1355
f 1355 1354 1356
f 1355 1356 1349
f 1349 1356 1357
f 1349 1357 1350
f 1358 1359 1351
f 1351 1359 1360
f 1351 1360 1352
f 1361 1362 1358
f 1358 1362 1363
f 1358 1363 1359
f 1236 1364 1237
f 1237 1364 1365
f 1237 1365 1366
f 1366 1365 1367
f 1366 1367 1361
f 1361 1367 1368
f 1361 1368 1362
f 1211 1369 1210
f 1210 1369 1370
f 1210 1370 1209
f 1209 1370 1371
f 1209 1371 1208
f 1208 1371 1372
f 1208 1372 1207
f 1207 1372 1373
f 1207 1373 1206
f 1206 1373 1374
f 1206 1374 1205
f 1205 1374 1375
f 1205 1375 1204
f 1204 1375 1376
f 1204 1376 1203
f 1203 1376 1377
f 1203 1377 1202
f 1202 1377 1378
f 1202 1378 1201
f 1201 1378 1379
f 1201 1379 1200
f 1200 1379 1380
f 1200 1380 1199
f 1199 1380 1381
f 1199 1381 1198
f 1198 1381 1382
f 1198 1382 1197
f 1197 1382 1383
f 1197 1383 1196
f 1196 1383 1384
f 1196 1384 1195
f 1195 1384 1385
f 1195 1385 1194
f 1194 1385 1386
f 1194 1386 1193
f 1193 1386 1387
f 1193 1387 1192
f 1192 1387 1388
f 1192 1388 1191
f 1191 1388 1389
f 1191 1389 1190
f 1190 1389 1390
f 1190 1390 1189
f 1189 1390 1391
f 1189 1391 1188
f 1188 1391 1392
f 1188 1392 1187
f 1187 1392 1393
f 1187 1393 1235
f 1235 1393 1394
f 1235 1394 1234
f 1234 1394 1395
f 1234 1395 1233
f 1233 1395 1396
f 1233 1396 1232
f 1232 1396 1397
f 1232 1397 1231
f 1231 1397 1398
f 1231 1398 1230
f 1230 1398 1399
f 1230 1399 1229
f 1229 1399 1400
f 1229 1400 1228
f 1228 1400 1401
f 1228 1401 1227
f 1227 1401 1402
f 1227 1402 1226
f 1226 1402 1403
f 1226 1403 1225
f 1225 1403 1404
f 1225 1404 1224
f 1224 1404 1405
f 1224 1405 1223
f 1223 1405 1406
f 1223 1406 1222
f 1222 1406 1407
f 1222 1407 1221
f 1221 1407 1408
f 1221 1408 1220
f 1220 1408 1409
f 1220 1409 1219
f 1219 1409 1410
f 1219 1410 1218
f 1218 1410 1411
f 1218 1411 1217
f 1217 1411 1412
f 1217 1412 1216
f 1216 1412 1413
f 1216 1413 1215
f 1215 1413 1414
f 1215 1414 1214
f 1214 1414 1415
f 1214 1415 1213
f 1213 1415 1416
f 1213 1416 1212
f 1212 1416 1417
f 1212 1417 1211
f 1211 1417 1369
f 1369 1336 1370
f 1370 1336 1334
f 1370 1334 1371
f 1371 1334 1328
f 1371 1328 1372
f 1372 1328 1330
f 1372 1330 1373
f 1373 1330 1323
f 1373 1323 1374
f 1374 1323 1320
f 1374 1320 1375
f 1375 1320 1313
f 1375 1313 1376
f 1376 1313 1315
f 1376 1315 1377
f 1377 1315 1317
f 1377 1317 1378
f 1378 1317 1311
f 1378 1311 1379
f 1379 1311 1309
f 1379 1309 1380
f 1380 1309 1306
f 1380 1306 1381
f 1381 1306 1303
f 1381 1303 1382
f 1382 1303 1300
f 1382 1300 1383
f 1383 1300 1298
f 1383 1298 1384
f 1384 1298 1296
f 1384 1296 1385
f 1385 1296 1290
f 1385 1290 1386
f 1386 1290 1292
f 1386 1292 1387
f 1387 1292 1285
f 1387 1285 1388
f 1388 1285 1282
f 1388 1282 1389
f 1389 1282 1275
f 1389 1275 1390
f 1390 1275 1277
f 1390 1277 1391
f 1391 1277 1279
f 1391 1279 1392
f 1392 1279 1273
f 1392 1273 1393
f 1393 1273 1271
f 1393 1271 1394
f 1394 1271 1268
f 1394 1268 1395
f 1395 1268 1265
f 1395 1265 1396
f 1396 1265 1262
f 1396 1262 1397
f 1397 1262 1260
f 1397 1260 1398
f 1398 1260 1258
f 1398 1258 1399
f 1399 1258 1252
f 1399 1252 1400
f 1400 1252 1254
f 1400 1254 1401
f 1401 1254 1247
f 1401 1247 1402
f 1402 1247 1244
f 1402 1244 1403
f 1403 1244 1243
f 1403 1243 1404
f 1404 1243 1241
f 1404 1241 1405
f 1405 1241 1239
f 1405 1239 1406
f 1406 1239 1237
f 1406 1237 1407
f 1407 1237 1366
f 1407 1366 1408
f 1408 1366 1361
f 1408 1361 1409
f 1409 1361 1358
f 1409 1358 1410
f 1410 1358 1351
f 1410 1351 1411
f 1411 1351 1353
f 1411 1353 1412
f 1412 1353 1355
f 1412 1355 1413
f 1413 1355 1349
f 1413 1349 1414
f 1414 1349 1347
f 1414 1347 1415
f 1415 1347 1344
f 1415 1344 1416
f 1416 1344 1341
f 1416 1341 1417
f 1417 1341 1338
f 1417 1338 1369
f 1369 1338 1336
f 1240 1418 1238
f 1238 1418 1419
f 1240 1242 1418
f 1418 1242 1246
f 1418 1246 1420
f 1246 1245 1420
f 1420 1245 1249
f 1420 1249 1421
f 1255 1422 1256
f 1256 1422 1421
f 1256 1421 1248
f 1248 1421 1249
f 1255 1253 1422
f 1422 1253 1251
f 1422 1251 1423
f 1259 1424 1257
f 1257 1424 1423
f 1257 1423 1250
f 1250 1423 1251
f 1259 1261 1424
f 1424 1261 1263
f 1424 1263 1425
f 1263 1264 1425
f 1425 1264 1266
f 1425 1266 1426
f 1270 1427 1269
f 1269 1427 1426
f 1269 1426 1267
f 1267 1426 1266
f 1270 1272 1427
f 1427 1272 1274
f 1427 1274 1428
f 1278 1429 1280
f 1280 1429 1428
f 1280 1428 1281
f 1281 1428 1274
f 1278 1276 1429
f 1429 1276 1284
f 1429 1284 1430
f 1284 1283 1430
f 1430 1283 1287
f 1430 1287 1431
f 1293 1432 1294
f 1294 1432 1431
f 1294 1431 1286
f 1286 1431 1287
f 1293 1291 1432
f 1432 1291 1289
f 1432 1289 1433
f 1297 1434 1295
f 1295 1434 1433
f 1295 1433 1288
f 1288 1433 1289
f 1297 1299 1434
f 1434 1299 1301
f 1434 1301 1435
f 1301 1302 1435
f 1435 1302 1304
f 1435 1304 1436
f 1308 1437 1307
f 1307 1437 1436
f 1307 1436 1305
f 1305 1436 1304
f 1308 1310 1437
f 1437 1310 1312
f 1437 1312 1438
f 1316 1439 1318
f 1318 1439 1438
f 1318 1438 1319
f 1319 1438 1312
f 1316 1314 1439
f 1439 1314 1322
f 1439 1322 1440
f 1322 1321 1440
f 1440 1321 1325
f 1440 1325 1441
f 1331 1442 1332
f 1332 1442 1441
f 1332 1441 1324
f 1324 1441 1325
f 1331 1329 1442
f 1442 1329 1327
f 1442 1327 1443
f 1335 1444 1333
f 1333 1444 1443
f 1333 1443 1326
f 1326 1443 1327
f 1335 1337 1444
f 1444 1337 1339
f 1444 1339 1445
f 1339 1340 1445
f 1445 1340 1342
f 1445 1342 1446
f 1346 1447 1345
f 1345 1447 1446
f 1345 1446 1343
f 1343 1446 1342
f 1346 1348 1447
f 1447 1348 1350
f 1447 1350 1448
f 1354 1449 1356
f 1356 1449 1448
f 1356 1448 1357
f 1357 1448 1350
f 1354 1352 1449
f 1449 1352 1360
f 1449 1360 1450
f 1360 1359 1450
f 1450 1359 1363
f 1450 1363 1451
f 1367 1452 1368
f 1368 1452 1451
f 1368 1451 1362
f 1362 1451 1363
f 1367 1365 1452
f 1452 1365 1364
f 1452 1364 1419
f 1419 1364 1236
f 1419 1236 1238
f 1453 1454 1455
f 1453 1455 1456
f 1457 1458 1455
f 1455 1458 1459
f 1455 1459 1456
f 1460 1461 1455
f 1455 1461 1462
f 1455 1462 1457
f 1463 1464 1455
f 1455 1464 1465
f 1455 1465 1460
f 1466 1467 1455
f 1455 1467 1468
f 1455 1468 1463
f 1469 1470 1455
f 1455 1470 1471
f 1455 1471 1466
f 1472 1473 1455
f 1455 1473 1474
f 1455 1474 1469
f 1475 1476 1455
f 1455 1476 1477
f 1455 1477 1472
f 1454 1478 1455
f 1455 1478 1479
f 1455 1479 1475
f 1480 1432 1481
f 1481 1432 1433
f 1481 1433 1482
f 1483 1428 1484
f 1484 1428 1429
f 1484 1429 1485
f 1485 1429 1430
f 1485 1430 1480
f 1480 1430 1431
f 1480 1431 1432
f 1486 1447 1487
f 1487 1447 1448
f 1487 1448 1488
f 1488 1448 1449
f 1488 1449 1489
f 1490 1424 1491
f 1491 1424 1425
f 1491 1425 1492
f 1492 1425 1426
f 1492 1426 1483
f 1483 1426 1427
f 1483 1427 1428
f 1493 1420 1494
f 1494 1420 1421
f 1494 1421 1495
f 1495 1421 1422
f 1495 1422 1490
f 1490 1422 1423
f 1490 1423 1424
f 1449 1450 1489
f 1489 1450 1451
f 1489 1451 1496
f 1496 1451 1452
f 1496 1452 1497
f 1497 1452 1419
f 1497 1419 1493
f 1493 1419 1418
f 1493 1418 1420
f 1498 1443 1499
f 1499 1443 1444
f 1499 1444 1500
f 1500 1444 1445
f 1500 1445 1486
f 1486 1445 1446
f 1486 1446 1447
f 1501 1439 1502
f 1502 1439 1440
f 1502 1440 1503
f 1503 1440 1441
f 1503 1441 1498
f 1498 1441 1442
f 1498 1442 1443
f 1433 1434 1482
f 1482 1434 1435
f 1482 1435 1504
f 1504 1435 1436
f 1504 1436 1505
f 1505 1436 1437
f 1505 1437 1501
f 1501 1437 1438
f 1501 1438 1439
f 1497 1456 1496
f 1496 1456 1459
f 1496 1459 1489
f 1489 1459 1458
f 1489 1458 1488
f 1488 1458 1457
f 1488 1457 1487
f 1487 1457 1462
f 1487 1462 1486
f 1486 1462 1461
f 1486 1461 1500
f 1500 1461 1460
f 1500 1460 1499
f 1499 1460 1465
f 1499 1465 1498
f 1498 1465 1464
f 1498 1464 1503
f 1503 1464 1463
f 1503 1463 1502
f 1502 1463 1468
f 1502 1468 1501
f 1501 1468 1467
f 1501 1467 1505
f 1505 1467 1466
f 1505 1466 1504
f 1504 1466 1471
f 1504 1471 1482
f 1482 1471 1470
f 1482 1470 1481
f 1481 1470 1469
f 1481 1469 1480
f 1480 1469 1474
f 1480 1474 1485
f 1485 1474 1473
f 1485 1473 1484
f 1484 1473 1472
f 1484 1472 1483
f 1483 1472 1477
f 1483 1477 1492
f 1492 1477 1476
f 1492 1476 1491
f 1491 1476 1475
f 1491 1475 1490
f 1490 1475 1479
f 1490 1479 1495
f 1495 1479 1478
f 1495 1478 1494
f 1494 1478 1454
f 1494 1454 1493
f 1493 1454 1453
f 1493 1453 1497
f 1497 1453 1456
f 1506 1507 1508
f 1508 1507 1509
f 1508 1509 1510
f 1511 1508 1512
f 1512 1508 1513
f 1512 1513 1514
f 1514 1513 1515
f 1516 1517 1514
f 1514 1517 1518
f 1514 1518 1519
f 1520 1521 1510
f 1510 1521 1522
f 1510 1522 1508
f 1523 1524 1519
f 1519 1524 1525
f 1519 1525 1514
f 1526 1527 1508
f 1508 1527 1528
f 1508 1528 1506
f 1529 1530 1514
f 1514 1530 1531
f 1514 1531 1516
f 1511 1532 1508
f 1508 1532 1533
f 1508 1533 1534
f 1535 1536 1537
f 1537 1536 1538
f 1515 1539 1514
f 1514 1539 1540
f 1514 1540 1541
f 1542 1543 1544
f 1544 1543 1545
f 1534 1546 1508
f 1508 1546 1547
f 1508 1547 1526
f 1548 1549 1510
f 1510 1549 1550
f 1510 1550 1520
f 1541 1551 1514
f 1514 1551 1552
f 1514 1552 1529
f 1553 1554 1519
f 1519 1554 1555
f 1519 1555 1523
f 1535 1556 1536
f 1536 1556 1557
f 1536 1557 1510
f 1510 1557 1558
f 1510 1558 1548
f 1542 1559 1543
f 1543 1559 1560
f 1543 1560 1519
f 1519 1560 1561
f 1519 1561 1553
f 1562 1563 1564
f 1565 1566 1567
f 1568 1569 1570
f 1571 1572 1573
f 1574 1575 1576
f 1577 1578 1579
f 1580 1581 1582
f 1583 1584 1585
f 1586 1587 1588
f 1589 1590 1591
f 1592 1593 1594
f 1595 1596 1597
f 1598 1599 1600
f 1601 1602 1603
f 1604 1605 1606
f 1607 1608 1609
f 1610 1611 1612
f 1613 1614 1615
f 1616 1617 1618
f 1619 1620 1621
f 1622 1623 1624
f 1625 1626 1627
f 1628 1629 1630
f 1631 1632 1633
f 1634 1635 1636
f 1637 1638 1639
f 1640 1641 1642
f 1643 1644 1645
f 1557 1556 1646
f 1532 1511 1647
f 1518 1517 1648
f 1513 1508 1649
f 1513 1649 1515
f 1518 1648 1519
f 1532 1647 1533
f 1536 1510 1650
f 1650 1510 1651
f 1650 1651 1652
f 1652 1651 1653
f 1652 1653 1654
f 1654 1653 1655
f 1654 1655 1656
f 1656 1655 1657
f 1656 1657 1658
f 1658 1657 1659
f 1658 1659 1660
f 1660 1659 1661
f 1660 1661 1662
f 1662 1661 1663
f 1662 1663 1664
f 1664 1663 1645
f 1664 1645 1665
f 1665 1645 1644
f 1641 1643 1642
f 1642 1643 1645
f 1642 1645 1666
f 1666 1645 1663
f 1666 1663 1667
f 1667 1663 1661
f 1667 1661 1668
f 1668 1661 1659
f 1668 1659 1669
f 1669 1659 1657
f 1669 1657 1670
f 1670 1657 1655
f 1670 1655 1671
f 1671 1655 1653
f 1671 1653 1672
f 1672 1653 1651
f 1672 1651 1509
f 1509 1651 1510
f 1673 1640 1674
f 1674 1640 1642
f 1674 1642 1675
f 1675 1642 1666
f 1675 1666 1676
f 1676 1666 1667
f 1676 1667 1677
f 1677 1667 1668
f 1677 1668 1678
f 1678 1668 1669
f 1678 1669 1679
f 1679 1669 1670
f 1679 1670 1680
f 1680 1670 1671
f 1680 1671 1681
f 1681 1671 1672
f 1681 1672 1507
f 1507 1672 1509
f 1507 1506 1681
f 1681 1506 1682
f 1681 1682 1680
f 1680 1682 1683
f 1680 1683 1679
f 1679 1683 1684
f 1679 1684 1678
f 1678 1684 1685
f 1678 1685 1677
f 1677 1685 1686
f 1677 1686 1676
f 1676 1686 1687
f 1676 1687 1675
f 1675 1687 1688
f 1675 1688 1674
f 1674 1688 1639
f 1674 1639 1673
f 1673 1639 1638
f 1635 1637 1636
f 1636 1637 1639
f 1636 1639 1689
f 1689 1639 1688
f 1689 1688 1690
f 1690 1688 1687
f 1690 1687 1691
f 1691 1687 1686
f 1691 1686 1692
f 1692 1686 1685
f 1692 1685 1693
f 1693 1685 1684
f 1693 1684 1694
f 1694 1684 1683
f 1694 1683 1695
f 1695 1683 1682
f 1696 1634 1697
f 1697 1634 1636
f 1697 1636 1698
f 1698 1636 1689
f 1698 1689 1699
f 1699 1689 1690
f 1699 1690 1700
f 1700 1690 1691
f 1700 1691 1701
f 1701 1691 1692
f 1701 1692 1702
f 1702 1692 1693
f 1702 1693 1703
f 1703 1693 1694
f 1703 1694 1704
f 1704 1694 1695
f 1704 1705 1703
f 1703 1705 1706
f 1703 1706 1702
f 1702 1706 1707
f 1702 1707 1701
f 1701 1707 1708
f 1701 1708 1700
f 1700 1708 1709
f 1700 1709 1699
f 1699 1709 1710
f 1699 1710 1698
f 1698 1710 1711
f 1698 1711 1697
f 1697 1711 1712
f 1697 1712 1696
f 1696 1712 1713
f 1705 1714 1706
f 1706 1714 1715
f 1706 1715 1707
f 1707 1715 1716
f 1707 1716 1708
f 1708 1716 1717
f 1708 1717 1709
f 1709 1717 1718
f 1709 1718 1710
f 1710 1718 1719
f 1710 1719 1711
f 1711 1719 1720
f 1711 1720 1712
f 1712 1720 1633
f 1712 1633 1713
f 1713 1633 1632
f 1629 1631 1630
f 1630 1631 1633
f 1630 1633 1721
f 1721 1633 1720
f 1721 1720 1722
f 1722 1720 1719
f 1722 1719 1723
f 1723 1719 1718
f 1723 1718 1724
f 1724 1718 1717
f 1724 1717 1725
f 1725 1717 1716
f 1725 1716 1726
f 1726 1716 1715
f 1726 1715 1727
f 1727 1715 1714
f 1728 1628 1729
f 1729 1628 1630
f 1729 1630 1730
f 1730 1630 1721
f 1730 1721 1731
f 1731 1721 1722
f 1731 1722 1732
f 1732 1722 1723
f 1732 1723 1733
f 1733 1723 1724
f 1733 1724 1734
f 1734 1724 1725
f 1734 1725 1735
f 1735 1725 1726
f 1735 1726 1736
f 1736 1726 1727
f 1506 1528 1682
f 1682 1528 1527
f 1682 1527 1695
f 1695 1527 1526
f 1695 1526 1704
f 1704 1526 1547
f 1704 1547 1705
f 1705 1547 1546
f 1705 1546 1714
f 1714 1546 1534
f 1714 1534 1727
f 1727 1534 1533
f 1727 1533 1736
f 1736 1533 1647
f 1736 1647 1735
f 1735 1647 1737
f 1735 1737 1734
f 1734 1737 1738
f 1734 1738 1733
f 1733 1738 1739
f 1733 1739 1732
f 1732 1739 1740
f 1732 1740 1731
f 1731 1740 1741
f 1731 1741 1730
f 1730 1741 1742
f 1730 1742 1729
f 1729 1742 1627
f 1729 1627 1728
f 1728 1627 1626
f 1623 1625 1624
f 1624 1625 1627
f 1624 1627 1743
f 1743 1627 1742
f 1743 1742 1744
f 1744 1742 1741
f 1744 1741 1745
f 1745 1741 1740
f 1745 1740 1746
f 1746 1740 1739
f 1746 1739 1747
f 1747 1739 1738
f 1747 1738 1748
f 1748 1738 1737
f 1748 1737 1749
f 1749 1737 1647
f 1749 1647 1512
f 1512 1647 1511
f 1750 1622 1751
f 1751 1622 1624
f 1751 1624 1752
f 1752 1624 1743
f 1752 1743 1753
f 1753 1743 1744
f 1753 1744 1754
f 1754 1744 1745
f 1754 1745 1755
f 1755 1745 1746
f 1755 1746 1756
f 1756 1746 1747
f 1756 1747 1757
f 1757 1747 1748
f 1757 1748 1758
f 1758 1748 1749
f 1758 1749 1514
f 1514 1749 1512
f 1758 1759 1757
f 1757 1759 1760
f 1757 1760 1756
f 1756 1760 1761
f 1756 1761 1755
f 1755 1761 1762
f 1755 1762 1754
f 1754 1762 1763
f 1754 1763 1753
f 1753 1763 1764
f 1753 1764 1752
f 1752 1764 1765
f 1752 1765 1751
f 1751 1765 1766
f 1751 1766 1750
f 1750 1766 1767
f 1759 1768 1760
f 1760 1768 1769
f 1760 1769 1761
f 1761 1769 1770
f 1761 1770 1762
f 1762 1770 1771
f 1762 1771 1763
f 1763 1771 1772
f 1763 1772 1764
f 1764 1772 1773
f 1764 1773 1765
f 1765 1773 1774
f 1765 1774 1766
f 1766 1774 1621
f 1766 1621 1767
f 1767 1621 1620
f 1617 1619 1618
f 1618 1619 1621
f 1618 1621 1775
f 1775 1621 1774
f 1775 1774 1776
f 1776 1774 1773
f 1776 1773 1777
f 1777 1773 1772
f 1777 1772 1778
f 1778 1772 1771
f 1778 1771 1779
f 1779 1771 1770
f 1779 1770 1780
f 1780 1770 1769
f 1780 1769 1781
f 1781 1769 1768
f 1782 1616 1783
f 1783 1616 1618
f 1783 1618 1784
f 1784 1618 1775
f 1784 1775 1785
f 1785 1775 1776
f 1785 1776 1786
f 1786 1776 1777
f 1786 1777 1787
f 1787 1777 1778
f 1787 1778 1788
f 1788 1778 1779
f 1788 1779 1789
f 1789 1779 1780
f 1789 1780 1790
f 1790 1780 1781
f 1790 1791 1789
f 1789 1791 1792
f 1789 1792 1788
f 1788 1792 1793
f 1788 1793 1787
f 1787 1793 1794
f 1787 1794 1786
f 1786 1794 1795
f 1786 1795 1785
f 1785 1795 1796
f 1785 1796 1784
f 1784 1796 1797
f 1784 1797 1783
f 1783 1797 1615
f 1783 1615 1782
f 1782 1615 1614
f 1611 1613 1612
f 1612 1613 1615
f 1612 1615 1798
f 1798 1615 1797
f 1798 1797 1799
f 1799 1797 1796
f 1799 1796 1800
f 1800 1796 1795
f 1800 1795 1801
f 1801 1795 1794
f 1801 1794 1802
f 1802 1794 1793
f 1802 1793 1803
f 1803 1793 1792
f 1803 1792 1804
f 1804 1792 1791
f 1805 1610 1806
f 1806 1610 1612
f 1806 1612 1807
f 1807 1612 1798
f 1807 1798 1808
f 1808 1798 1799
f 1808 1799 1809
f 1809 1799 1800
f 1809 1800 1810
f 1810 1800 1801
f 1810 1801 1811
f 1811 1801 1802
f 1811 1802 1812
f 1812 1802 1803
f 1812 1803 1813
f 1813 1803 1804
f 1813 1814 1812
f 1812 1814 1815
f 1812 1815 1811
f 1811 1815 1816
f 1811 1816 1810
f 1810 1816 1817
f 1810 1817 1809
f 1809 1817 1818
f 1809 1818 1808
f 1808 1818 1819
f 1808 1819 1807
f 1807 1819 1820
f 1807 1820 1806
f 1806 1820 1821
f 1806 1821 1805
f 1805 1821 1822
f 1814 1823 1815
f 1815 1823 1824
f 1815 1824 1816
f 1816 1824 1825
f 1816 1825 1817
f 1817 1825 1826
f 1817 1826 1818
f 1818 1826 1827
f 1818 1827 1819
f 1819 1827 1828
f 1819 1828 1820
f 1820 1828 1829
f 1820 1829 1821
f 1821 1829 1609
f 1821 1609 1822
f 1822 1609 1608
f 1605 1607 1606
f 1606 1607 1609
f 1606 1609 1830
f 1830 1609 1829
f 1830 1829 1831
f 1831 1829 1828
f 1831 1828 1832
f 1832 1828 1827
f 1832 1827 1833
f 1833 1827 1826
f 1833 1826 1834
f 1834 1826 1825
f 1834 1825 1835
f 1835 1825 1824
f 1835 1824 1836
f 1836 1824 1823
f 1837 1604 1838
f 1838 1604 1606
f 1838 1606 1839
f 1839 1606 1830
f 1839 1830 1840
f 1840 1830 1831
f 1840 1831 1841
f 1841 1831 1832
f 1841 1832 1842
f 1842 1832 1833
f 1842 1833 1843
f 1843 1833 1834
f 1843 1834 1844
f 1844 1834 1835
f 1844 1835 1845
f 1845 1835 1836
f 1845 1846 1844
f 1844 1846 1847
f 1844 1847 1843
f 1843 1847 1848
f 1843 1848 1842
f 1842 1848 1849
f 1842 1849 1841
f 1841 1849 1850
f 1841 1850 1840
f 1840 1850 1851
f 1840 1851 1839
f 1839 1851 1852
f 1839 1852 1838
f 1838 1852 1603
f 1838 1603 1837
f 1837 1603 1602
f 1599 1601 1600
f 1600 1601 1603
f 1600 1603 1853
f 1853 1603 1852
f 1853 1852 1854
f 1854 1852 1851
f 1854 1851 1855
f 1855 1851 1850
f 1855 1850 1856
f 1856 1850 1849
f 1856 1849 1857
f 1857 1849 1848
f 1857 1848 1858
f 1858 1848 1847
f 1858 1847 1859
f 1859 1847 1846
f 1860 1598 1861
f 1861 1598 1600
f 1861 1600 1862
f 1862 1600 1853
f 1862 1853 1863
f 1863 1853 1854
f 1863 1854 1864
f 1864 1854 1855
f 1864 1855 1865
f 1865 1855 1856
f 1865 1856 1866
f 1866 1856 1857
f 1866 1857 1867
f 1867 1857 1858
f 1867 1858 1648
f 1648 1858 1859
f 1648 1859 1519
f 1519 1859 1846
f 1519 1846 1543
f 1543 1846 1845
f 1543 1845 1545
f 1545 1845 1836
f 1545 1836 1544
f 1544 1836 1823
f 1544 1823 1542
f 1542 1823 1814
f 1542 1814 1559
f 1559 1814 1813
f 1559 1813 1560
f 1560 1813 1804
f 1560 1804 1561
f 1561 1804 1791
f 1561 1791 1553
f 1553 1791 1790
f 1553 1790 1554
f 1554 1790 1781
f 1554 1781 1555
f 1555 1781 1768
f 1555 1768 1523
f 1523 1768 1759
f 1523 1759 1524
f 1524 1759 1758
f 1524 1758 1525
f 1525 1758 1514
f 1517 1516 1648
f 1648 1516 1868
f 1648 1868 1867
f 1867 1868 1869
f 1867 1869 1866
f 1866 1869 1870
f 1866 1870 1865
f 1865 1870 1871
f 1865 1871 1864
f 1864 1871 1872
f 1864 1872 1863
f 1863 1872 1873
f 1863 1873 1862
f 1862 1873 1874
f 1862 1874 1861
f 1861 1874 1875
f 1861 1875 1860
f 1860 1875 1876
f 1516 1531 1868
f 1868 1531 1877
f 1868 1877 1869
f 1869 1877 1878
f 1869 1878 1870
f 1870 1878 1879
f 1870 1879 1871
f 1871 1879 1880
f 1871 1880 1872
f 1872 1880 1881
f 1872 1881 1873
f 1873 1881 1882
f 1873 1882 1874
f 1874 1882 1883
f 1874 1883 1875
f 1875 1883 1597
f 1875 1597 1876
f 1876 1597 1596
f 1593 1595 1594
f 1594 1595 1597
f 1594 1597 1884
f 1884 1597 1883
f 1884 1883 1885
f 1885 1883 1882
f 1885 1882 1886
f 1886 1882 1881
f 1886 1881 1887
f 1887 1881 1880
f 1887 1880 1888
f 1888 1880 1879
f 1888 1879 1889
f 1889 1879 1878
f 1889 1878 1890
f 1890 1878 1877
f 1890 1877 1530
f 1530 1877 1531
f 1891 1592 1892
f 1892 1592 1594
f 1892 1594 1893
f 1893 1594 1884
f 1893 1884 1894
f 1894 1884 1885
f 1894 1885 1895
f 1895 1885 1886
f 1895 1886 1896
f 1896 1886 1887
f 1896 1887 1897
f 1897 1887 1888
f 1897 1888 1898
f 1898 1888 1889
f 1898 1889 1899
f 1899 1889 1890
f 1899 1890 1529
f 1529 1890 1530
f 1529 1552 1899
f 1899 1552 1900
f 1899 1900 1898
f 1898 1900 1901
f 1898 1901 1897
f 1897 1901 1902
f 1897 1902 1896
f 1896 1902 1903
f 1896 1903 1895
f 1895 1903 1904
f 1895 1904 1894
f 1894 1904 1905
f 1894 1905 1893
f 1893 1905 1906
f 1893 1906 1892
f 1892 1906 1591
f 1892 1591 1891
f 1891 1591 1590
f 1587 1589 1588
f 1588 1589 1591
f 1588 1591 1907
f 1907 1591 1906
f 1907 1906 1908
f 1908 1906 1905
f 1908 1905 1909
f 1909 1905 1904
f 1909 1904 1910
f 1910 1904 1903
f 1910 1903 1911
f 1911 1903 1902
f 1911 1902 1912
f 1912 1902 1901
f 1912 1901 1913
f 1913 1901 1900
f 1914 1586 1915
f 1915 1586 1588
f 1915 1588 1916
f 1916 1588 1907
f 1916 1907 1917
f 1917 1907 1908
f 1917 1908 1918
f 1918 1908 1909
f 1918 1909 1919
f 1919 1909 1910
f 1919 1910 1920
f 1920 1910 1911
f 1920 1911 1921
f 1921 1911 1912
f 1921 1912 1922
f 1922 1912 1913
f 1922 1923 1921
f 1921 1923 1924
f 1921 1924 1920
f 1920 1924 1925
f 1920 1925 1919
f 1919 1925 1926
f 1919 1926 1918
f 1918 1926 1927
f 1918 1927 1917
f 1917 1927 1928
f 1917 1928 1916
f 1916 1928 1929
f 1916 1929 1915
f 1915 1929 1930
f 1915 1930 1914
f 1914 1930 1931
f 1923 1932 1924
f 1924 1932 1933
f 1924 1933 1925
f 1925 1933 1934
f 1925 1934 1926
f 1926 1934 1935
f 1926 1935 1927
f 1927 1935 1936
f 1927 1936 1928
f 1928 1936 1937
f 1928 1937 1929
f 1929 1937 1938
f 1929 1938 1930
f 1930 1938 1585
f 1930 1585 1931
f 1931 1585 1584
f 1581 1583 1582
f 1582 1583 1585
f 1582 1585 1939
f 1939 1585 1938
f 1939 1938 1940
f 1940 1938 1937
f 1940 1937 1941
f 1941 1937 1936
f 1941 1936 1942
f 1942 1936 1935
f 1942 1935 1943
f 1943 1935 1934
f 1943 1934 1944
f 1944 1934 1933
f 1944 1933 1649
f 1649 1933 1932
f 1649 1932 1515
f 1515 1932 1923
f 1515 1923 1539
f 1539 1923 1922
f 1539 1922 1540
f 1540 1922 1913
f 1540 1913 1541
f 1541 1913 1900
f 1541 1900 1551
f 1551 1900 1552
f 1945 1580 1946
f 1946 1580 1582
f 1946 1582 1947
f 1947 1582 1939
f 1947 1939 1948
f 1948 1939 1940
f 1948 1940 1949
f 1949 1940 1941
f 1949 1941 1950
f 1950 1941 1942
f 1950 1942 1951
f 1951 1942 1943
f 1951 1943 1952
f 1952 1943 1944
f 1952 1944 1953
f 1953 1944 1649
f 1953 1649 1522
f 1522 1649 1508
f 1522 1521 1953
f 1953 1521 1954
f 1953 1954 1952
f 1952 1954 1955
f 1952 1955 1951
f 1951 1955 1956
f 1951 1956 1950
f 1950 1956 1957
f 1950 1957 1949
f 1949 1957 1958
f 1949 1958 1948
f 1948 1958 1959
f 1948 1959 1947
f 1947 1959 1960
f 1947 1960 1946
f 1946 1960 1579
f 1946 1579 1945
f 1945 1579 1578
f 1575 1577 1576
f 1576 1577 1579
f 1576 1579 1961
f 1961 1579 1960
f 1961 1960 1962
f 1962 1960 1959
f 1962 1959 1963
f 1963 1959 1958
f 1963 1958 1964
f 1964 1958 1957
f 1964 1957 1965
f 1965 1957 1956
f 1965 1956 1966
f 1966 1956 1955
f 1966 1955 1967
f 1967 1955 1954
f 1967 1954 1520
f 1520 1954 1521
f 1968 1574 1969
f 1969 1574 1576
f 1969 1576 1970
f 1970 1576 1961
f 1970 1961 1971
f 1971 1961 1962
f 1971 1962 1972
f 1972 1962 1963
f 1972 1963 1973
f 1973 1963 1964
f 1973 1964 1974
f 1974 1964 1965
f 1974 1965 1975
f 1975 1965 1966
f 1975 1966 1976
f 1976 1966 1967
f 1976 1967 1550
f 1550 1967 1520
f 1550 1549 1976
f 1976 1549 1977
f 1976 1977 1975
f 1975 1977 1978
f 1975 1978 1974
f 1974 1978 1979
f 1974 1979 1973
f 1973 1979 1980
f 1973 1980 1972
f 1972 1980 1981
f 1972 1981 1971
f 1971 1981 1982
f 1971 1982 1970
f 1970 1982 1983
f 1970 1983 1969
f 1969 1983 1984
f 1969 1984 1968
f 1968 1984 1985
f 1549 1548 1977
f 1977 1548 1986
f 1977 1986 1978
f 1978 1986 1987
f 1978 1987 1979
f 1979 1987 1988
f 1979 1988 1980
f 1980 1988 1989
f 1980 1989 1981
f 1981 1989 1990
f 1981 1990 1982
f 1982 1990 1991
f 1982 1991 1983
f 1983 1991 1992
f 1983 1992 1984
f 1984 1992 1573
f 1984 1573 1985
f 1985 1573 1572
f 1569 1571 1570
f 1570 1571 1573
f 1570 1573 1993
f 1993 1573 1992
f 1993 1992 1994
f 1994 1992 1991
f 1994 1991 1995
f 1995 1991 1990
f 1995 1990 1996
f 1996 1990 1989
f 1996 1989 1997
f 1997 1989 1988
f 1997 1988 1998
f 1998 1988 1987
f 1998 1987 1999
f 1999 1987 1986
f 1999 1986 1558
f 1558 1986 1548
f 2000 1568 2001
f 2001 1568 1570
f 2001 1570 2002
f 2002 1570 1993
f 2002 1993 2003
f 2003 1993 1994
f 2003 1994 2004
f 2004 1994 1995
f 2004 1995 2005
f 2005 1995 1996
f 2005 1996 2006
f 2006 1996 1997
f 2006 1997 2007
f 2007 1997 1998
f 2007 1998 1646
f 1646 1998 1999
f 1646 1999 1557
f 1557 1999 1558
f 1556 1535 1646
f 1646 1535 2008
f 1646 2008 2007
f 2007 2008 2009
f 2007 2009 2006
f 2006 2009 2010
f 2006 2010 2005
f 2005 2010 2011
f 2005 2011 2004
f 2004 2011 2012
f 2004 2012 2003
f 2003 2012 2013
f 2003 2013 2002
f 2002 2013 2014
f 2002 2014 2001
f 2001 2014 1567
f 2001 1567 2000
f 2000 1567 1566
f 1563 1565 1564
f 1564 1565 1567
f 1564 1567 2015
f 2015 1567 2014
f 2015 2014 2016
f 2016 2014 2013
f 2016 2013 2017
f 2017 2013 2012
f 2017 2012 2018
f 2018 2012 2011
f 2018 2011 2019
f 2019 2011 2010
f 2019 2010 2020
f 2020 2010 2009
f 2020 2009 2021
f 2021 2009 2008
f 2021 2008 1537
f 1537 2008 1535
f 2022 1562 2023
f 2023 1562 1564
f 2023 1564 2024
f 2024 1564 2015
f 2024 2015 2025
f 2025 2015 2016
f 2025 2016 2026
f 2026 2016 2017
f 2026 2017 2027
f 2027 2017 2018
f 2027 2018 2028
f 2028 2018 2019
f 2028 2019 2029
f 2029 2019 2020
f 2029 2020 2030
f 2030 2020 2021
f 2030 2021 1538
f 1538 2021 1537
f 1538 1536 2030
f 2030 1536 1650
f 2030 1650 2029
f 2029 1650 1652
f 2029 1652 2028
f 2028 1652 1654
f 2028 1654 2027
f 2027 1654 1656
f 2027 1656 2026
f 2026 1656 1658
f 2026 1658 2025
f 2025 1658 1660
f 2025 1660 2024
f 2024 1660 1662
f 2024 1662 2023
f 2023 1662 1664
f 2023 1664 2022
f 2022 1664 1665
f 1644 2031 2032
f 1640 2033 1641
f 1641 2033 2031
f 1641 2031 1643
f 1643 2031 1644
f 1640 1673 2033
f 2033 1673 1638
f 2033 1638 2034
f 1638 1637 2034
f 2034 1637 1635
f 2034 1635 2035
f 1635 1634 2035
f 2035 1634 1696
f 2035 1696 2036
f 1696 1713 2036
f 2036 1713 1632
f 2036 1632 2037
f 1628 2038 1629
f 1629 2038 2037
f 1629 2037 1631
f 1631 2037 1632
f 1628 1728 2038
f 2038 1728 1626
f 2038 1626 2039
f 1626 1625 2039
f 2039 1625 1623
f 2039 1623 2040
f 1623 1622 2040
f 2040 1622 1750
f 2040 1750 2041
f 1750 1767 2041
f 2041 1767 1620
f 2041 1620 2042
f 1616 2043 1617
f 1617 2043 2042
f 1617 2042 1619
f 1619 2042 1620
f 1616 1782 2043
f 2043 1782 1614
f 2043 1614 2044
f 1614 1613 2044
f 2044 1613 1611
f 2044 1611 2045
f 1611 1610 2045
f 2045 1610 1805
f 2045 1805 2046
f 1805 1822 2046
f 2046 1822 1608
f 2046 1608 2047
f 1604 2048 1605
f 1605 2048 2047
f 1605 2047 1607
f 1607 2047 1608
f 1604 1837 2048
f 2048 1837 1602
f 2048 1602 2049
f 1602 1601 2049
f 2049 1601 1599
f 2049 1599 2050
f 1599 1598 2050
f 2050 1598 1860
f 2050 1860 2051
f 1860 1876 2051
f 2051 1876 1596
f 2051 1596 2052
f 1592 2053 1593
f 1593 2053 2052
f 1593 2052 1595
f 1595 2052 1596
f 1592 1891 2053
f 2053 1891 1590
f 2053 1590 2054
f 1590 1589 2054
f 2054 1589 1587
f 2054 1587 2055
f 1587 1586 2055
f 2055 1586 1914
f 2055 1914 2056
f 1914 1931 2056
f 2056 1931 1584
f 2056 1584 2057
f 1580 2058 1581
f 1581 2058 2057
f 1581 2057 1583
f 1583 2057 1584
f 1580 1945 2058
f 2058 1945 1578
f 2058 1578 2059
f 1578 1577 2059
f 2059 1577 1575
f 2059 1575 2060
f 1575 1574 2060
f 2060 1574 1968
f 2060 1968 2061
f 1968 1985 2061
f 2061 1985 1572
f 2061 1572 2062
f 1568 2063 1569
f 1569 2063 2062
f 1569 2062 1571
f 1571 2062 1572
f 1568 2000 2063
f 2063 2000 1566
f 2063 1566 2064
f 1566 1565 2064
f 2064 1565 1563
f 2064 1563 2065
f 1563 1562 2065
f 2065 1562 2022
f 2065 2022 2032
f 2032 2022 1665
f 2032 1665 1644
f 2066 2067 2068
f 2066 2068 2069
f 2070 2071 2068
f 2068 2071 2072
f 2068 2072 2069
f 2073 2074 2068
f 2068 2074 2075
f 2068 2075 2070
f 2076 2077 2068
f 2068 2077 2078
f 2068 2078 2073
f 2079 2080 2068
f 2068 2080 2081
f 2068 2081 2076
f 2082 2083 2068
f 2068 2083 2084
f 2068 2084 2079
f 2085 2086 2068
f 2068 2086 2087
f 2068 2087 2082
f 2088 2089 2068
f 2068 2089 2090
f 2068 2090 2085
f 2067 2091 2068
f 2068 2091 2092
f 2068 2092 2088
f 2093 2045 2094
f 2094 2045 2046
f 2094 2046 2095
f 2096 2064 2097
f 2097 2064 2065
f 2097 2065 2098
f 2098 2065 2032
f 2098 2032 2099
f 2100 2037 2101
f 2101 2037 2038
f 2101 2038 2102
f 2102 2038 2039
f 2102 2039 2103
f 2039 2040 2103
f 2103 2040 2041
f 2103 2041 2104
f 2104 2041 2042
f 2104 2042 2105
f 2105 2042 2043
f 2105 2043 2093
f 2093 2043 2044
f 2093 2044 2045
f 2032 2031 2099
f 2099 2031 2033
f 2099 2033 2106
f 2106 2033 2034
f 2106 2034 2107
f 2107 2034 2035
f 2107 2035 2100
f 2100 2035 2036
f 2100 2036 2037
f 2108 2060 2109
f 2109 2060 2061
f 2109 2061 2110
f 2110 2061 2062
f 2110 2062 2096
f 2096 2062 2063
f 2096 2063 2064
f 2111 2052 2112
f 2112 2052 2053
f 2112 2053 2113
f 2113 2053 2054
f 2113 2054 2114
f 2054 2055 2114
f 2114 2055 2056
f 2114 2056 2115
f 2115 2056 2057
f 2115 2057 2116
f 2116 2057 2058
f 2116 2058 2108
f 2108 2058 2059
f 2108 2059 2060
f 2046 2047 2095
f 2095 2047 2048
f 2095 2048 2117
f 2117 2048 2049
f 2117 2049 2118
f 2118 2049 2050
f 2118 2050 2111
f 2111 2050 2051
f 2111 2051 2052
f 2066 2118 2067
f 2067 2118 2111
f 2067 2111 2091
f 2091 2111 2112
f 2091 2112 2092
f 2092 2112 2113
f 2092 2113 2088
f 2088 2113 2114
f 2088 2114 2089
f 2089 2114 2115
f 2089 2115 2090
f 2090 2115 2116
f 2090 2116 2085
f 2085 2116 2108
f 2085 2108 2086
f 2086 2108 2109
f 2086 2109 2087
f 2087 2109 2110
f 2087 2110 2082
f 2082 2110 2096
f 2082 2096 2083
f 2083 2096 2097
f 2083 2097 2084
f 2084 2097 2098
f 2084 2098 2079
f 2079 2098 2099
f 2079 2099 2080
f 2080 2099 2106
f 2080 2106 2081
f 2081 2106 2107
f 2081 2107 2076
f 2076 2107 2100
f 2076 2100 2077
f 2077 2100 2101
f 2077 2101 2078
f 2078 2101 2102
f 2078 2102 2073
f 2073 2102 2103
f 2073 2103 2074
f 2074 2103 2104
f 2074 2104 2075
f 2075 2104 2105
f 2075 2105 2070
f 2070 2105 2093
f 2070 2093 2071
f 2071 2093 2094
f 2071 2094 2072
f 2072 2094 2095
f 2072 2095 2069
f 2069 2095 2117
f 2069 2117 2066
f 2066 2117 2118
f 2119 2120 2121
f 2121 2120 2122
f 2121 2122 2123
f 2124 2121 2125
f 2125 2121 2126
f 2125 2126 2127
f 2127 2126 2128
f 2129 2130 2127
f 2127 2130 2131
f 2127 2131 2132
f 2133 2134 2123
f 2123 2134 2135
f 2123 2135 2121
f 2136 2137 2132
f 2132 2137 2138
f 2132 2138 2127
f 2139 2140 2121
f 2121 2140 2141
f 2121 2141 2119
f 2142 2143 2127
f 2127 2143 2144
f 2127 2144 2129
f 2124 2145 2121
f 2121 2145 2146
f 2121 2146 2147
f 2148 2149 2150
f 2150 2149 2151
f 2128 2152 2127
f 2127 2152 2153
f 2127 2153 2154
f 2155 2156 2157
f 2157 2156 2158
f 2147 2159 2121
f 2121 2159 2160
f 2121 2160 2139
f 2161 2162 2123
f 2123 2162 2163
f 2123 2163 2133
f 2154 2164 2127
f 2127 2164 2165
f 2127 2165 2142
f 2166 2167 2132
f 2132 2167 2168
f 2132 2168 2136
f 2148 2169 2149
f 2149 2169 2170
f 2149 2170 2123
f 2123 2170 2171
f 2123 2171 2161
f 2155 2172 2156
f 2156 2172 2173
f 2156 2173 2132
f 2132 2173 2174
f 2132 2174 2166
f 2175 2176 2177
f 2178 2179 2180
f 2181 2182 2183
f 2184 2185 2186
f 2187 2188 2189
f 2190 2191 2192
f 2193 2194 2195
f 2196 2197 2198
f 2199 2200 2201
f 2202 2203 2204
f 2205 2206 2207
f 2208 2209 2210
f 2211 2212 2213
f 2214 2215 2216
f 2217 2218 2219
f 2220 2221 2222
f 2223 2224 2225
f 2226 2227 2228
f 2229 2230 2231
f 2232 2233 2234
f 2235 2236 2237
f 2238 2239 2240
f 2241 2242 2243
f 2244 2245 2246
f 2247 2248 2249
f 2250 2251 2252
f 2253 2254 2255
f 2256 2257 2258
f 2170 2169 2259
f 2145 2124 2260
f 2131 2130 2261
f 2126 2121 2262
f 2126 2262 2128
f 2131 2261 2132
f 2145 2260 2146
f 2149 2123 2263
f 2263 2123 2264
f 2263 2264 2265
f 2265 2264 2266
f 2265 2266 2267
f 2267 2266 2268
f 2267 2268 2269
f 2269 2268 2270
f 2269 2270 2271
f 2271 2270 2272
f 2271 2272 2273
f 2273 2272 2274
f 2273 2274 2275
f 2275 2274 2276
f 2275 2276 2277
f 2277 2276 2258
f 2277 2258 2278
f 2278 2258 2257
f 2254 2256 2255
f 2255 2256 2258
f 2255 2258 2279
f 2279 2258 2276
f 2279 2276 2280
f 2280 2276 2274
f 2280 2274 2281
f 2281 2274 2272
f 2281 2272 2282
f 2282 2272 2270
f 2282 2270 2283
f 2283 2270 2268
f 2283 2268 2284
f 2284 2268 2266
f 2284 2266 2285
f 2285 2266 2264
f 2285 2264 2122
f 2122 2264 2123
f 2286 2253 2287
f 2287 2253 2255
f 2287 2255 2288
f 2288 2255 2279
f 2288 2279 2289
f 2289 2279 2280
f 2289 2280 2290
f 2290 2280 2281
f 2290 2281 2291
f 2291 2281 2282
f 2291 2282 2292
f 2292 2282 2283
f 2292 2283 2293
f 2293 2283 2284
f 2293 2284 2294
f 2294 2284 2285
f 2294 2285 2120
f 2120 2285 2122
f 2120 2119 2294
f 2294 2119 2295
f 2294 2295 2293
f 2293 2295 2296
f 2293 2296 2292
f 2292 2296 2297
f 2292 2297 2291
f 2291 2297 2298
f 2291 2298 2290
f 2290 2298 2299
f 2290 2299 2289
f 2289 2299 2300
f 2289 2300 2288
f 2288 2300 2301
f 2288 2301 2287
f 2287 2301 2252
f 2287 2252 2286
f 2286 2252 2251
f 2248 2250 2249
f 2249 2250 2252
f 2249 2252 2302
f 2302 2252 2301
f 2302 2301 2303
f 2303 2301 2300
f 2303 2300 2304
f 2304 2300 2299
f 2304 2299 2305
f 2305 2299 2298
f 2305 2298 2306
f 2306 2298 2297
f 2306 2297 2307
f 2307 2297 2296
f 2307 2296 2308
f 2308 2296 2295
f 2309 2247 2310
f 2310 2247 2249
f 2310 2249 2311
f 2311 2249 2302
f 2311 2302 2312
f 2312 2302 2303
f 2312 2303 2313
f 2313 2303 2304
f 2313 2304 2314
f 2314 2304 2305
f 2314 2305 2315
f 2315 2305 2306
f 2315 2306 2316
f 2316 2306 2307
f 2316 2307 2317
f 2317 2307 2308
f 2317 2318 2316
f 2316 2318 2319
f 2316 2319 2315
f 2315 2319 2320
f 2315 2320 2314
f 2314 2320 2321
f 2314 2321 2313
f 2313 2321 2322
f 2313 2322 2312
f 2312 2322 2323
f 2312 2323 2311
f 2311 2323 2324
f 2311 2324 2310
f 2310 2324 2325
f 2310 2325 2309
f 2309 2325 2326
f 2318 2327 2319
f 2319 2327 2328
f 2319 2328 2320
f 2320 2328 2329
f 2320 2329 2321
f 2321 2329 2330
f 2321 2330 2322
f 2322 2330 2331
f 2322 2331 2323
f 2323 2331 2332
f 2323 2332 2324
f 2324 2332 2333
f 2324 2333 2325
f 2325 2333 2246
f 2325 2246 2326
f 2326 2246 2245
f 2242 2244 2243
f 2243 2244 2246
f 2243 2246 2334
f 2334 2246 2333
f 2334 2333 2335
f 2335 2333 2332
f 2335 2332 2336
f 2336 2332 2331
f 2336 2331 2337
f 2337 2331 2330
f 2337 2330 2338
f 2338 2330 2329
f 2338 2329 2339
f 2339 2329 2328
f 2339 2328 2340
f 2340 2328 2327
f 2341 2241 2342
f 2342 2241 2243
f 2342 2243 2343
f 2343 2243 2334
f 2343 2334 2344
f 2344 2334 2335
f 2344 2335 2345
f 2345 2335 2336
f 2345 2336 2346
f 2346 2336 2337
f 2346 2337 2347
f 2347 2337 2338
f 2347 2338 2348
f 2348 2338 2339
f 2348 2339 2349
f 2349 2339 2340
f 2119 2141 2295
f 2295 2141 2140
f 2295 2140 2308
f 2308 2140 2139
f 2308 2139 2317
f 2317 2139 2160
f 2317 2160 2318
f 2318 2160 2159
f 2318 2159 2327
f 2327 2159 2147
f 2327 2147 2340
f 2340 2147 2146
f 2340 2146 2349
f 2349 2146 2260
f 2349 2260 2348
f 2348 2260 2350
f 2348 2350 2347
f 2347 2350 2351
f 2347 2351 2346
f 2346 2351 2352
f 2346 2352 2345
f 2345 2352 2353
f 2345 2353 2344
f 2344 2353 2354
f 2344 2354 2343
f 2343 2354 2355
f 2343 2355 2342
f 2342 2355 2240
f 2342 2240 2341
f 2341 2240 2239
f 2236 2238 2237
f 2237 2238 2240
f 2237 2240 2356
f 2356 2240 2355
f 2356 2355 2357
f 2357 2355 2354
f 2357 2354 2358
f 2358 2354 2353
f 2358 2353 2359
f 2359 2353 2352
f 2359 2352 2360
f 2360 2352 2351
f 2360 2351 2361
f 2361 2351 2350
f 2361 2350 2362
f 2362 2350 2260
f 2362 2260 2125
f 2125 2260 2124
f 2363 2235 2364
f 2364 2235 2237
f 2364 2237 2365
f 2365 2237 2356
f 2365 2356 2366
f 2366 2356 2357
f 2366 2357 2367
f 2367 2357 2358
f 2367 2358 2368
f 2368 2358 2359
f 2368 2359 2369
f 2369 2359 2360
f 2369 2360 2370
f 2370 2360 2361
f 2370 2361 2371
f 2371 2361 2362
f 2371 2362 2127
f 2127 2362 2125
f 2371 2372 2370
f 2370 2372 2373
f 2370 2373 2369
f 2369 2373 2374
f 2369 2374 2368
f 2368 2374 2375
f 2368 2375 2367
f 2367 2375 2376
f 2367 2376 2366
f 2366 2376 2377
f 2366 2377 2365
f 2365 2377 2378
f 2365 2378 2364
f 2364 2378 2379
f 2364 2379 2363
f 2363 2379 2380
f 2372 2381 2373
f 2373 2381 2382
f 2373 2382 2374
f 2374 2382 2383
f 2374 2383 2375
f 2375 2383 2384
f 2375 2384 2376
f 2376 2384 2385
f 2376 2385 2377
f 2377 2385 2386
f 2377 2386 2378
f 2378 2386 2387
f 2378 2387 2379
f 2379 2387 2234
f 2379 2234 2380
f 2380 2234 2233
f 2230 2232 2231
f 2231 2232 2234
f 2231 2234 2388
f 2388 2234 2387
f 2388 2387 2389
f 2389 2387 2386
f 2389 2386 2390
f 2390 2386 2385
f 2390 2385 2391
f 2391 2385 2384
f 2391 2384 2392
f 2392 2384 2383
f 2392 2383 2393
f 2393 2383 2382
f 2393 2382 2394
f 2394 2382 2381
f 2395 2229 2396
f 2396 2229 2231
f 2396 2231 2397
f 2397 2231 2388
f 2397 2388 2398
f 2398 2388 2389
f 2398 2389 2399
f 2399 2389 2390
f 2399 2390 2400
f 2400 2390 2391
f 2400 2391 2401
f 2401 2391 2392
f 2401 2392 2402
f 2402 2392 2393
f 2402 2393 2403
f 2403 2393 2394
f 2403 2404 2402
f 2402 2404 2405
f 2402 2405 2401
f 2401 2405 2406
f 2401 2406 2400
f 2400 2406 2407
f 2400 2407 2399
f 2399 2407 2408
f 2399 2408 2398
f 2398 2408 2409
f 2398 2409 2397
f 2397 2409 2410
f 2397 2410 2396
f 2396 2410 2228
f 2396 2228 2395
f 2395 2228 2227
f 2224 2226 2225
f 2225 2226 2228
f 2225 2228 2411
f 2411 2228 2410
f 2411 2410 2412
f 2412 2410 2409
f 2412 2409 2413
f 2413 2409 2408
f 2413 2408 2414
f 2414 2408 2407
f 2414 2407 2415
f 2415 2407 2406
f 2415 2406 2416
f 2416 2406 2405
f 2416 2405 2417
f 2417 2405 2404
f 2418 2223 2419
f 2419 2223 2225
f 2419 2225 2420
f 2420 2225 2411
f 2420 2411 2421
f 2421 2411 2412
f 2421 2412 2422
f 2422 2412 2413
f 2422 2413 2423
f 2423 2413 2414
f 2423 2414 2424
f 2424 2414 2415
f 2424 2415 2425
f 2425 2415 2416
f 2425 2416 2426
f 2426 2416 2417
f 2426 2427 2425
f 2425 2427 2428
f 2425 2428 2424
f 2424 2428 2429
f 2424 2429 2423
f 2423 2429 2430
f 2423 2430 2422
f 2422 2430 2431
f 2422 2431 2421
f 2421 2431 2432
f 2421 2432 2420
f 2420 2432 2433
f 2420 2433 2419
f 2419 2433 2434
f 2419 2434 2418
f 2418 2434 2435
f 2427 2436 2428
f 2428 2436 2437
f 2428 2437 2429
f 2429 2437 2438
f 2429 2438 2430
f 2430 2438 2439
f 2430 2439 2431
f 2431 2439 2440
f 2431 2440 2432
f 2432 2440 2441
f 2432 2441 2433
f 2433 2441 2442
f 2433 2442 2434
f 2434 2442 2222
f 2434 2222 2435
f 2435 2222 2221
f 2218 2220 2219
f 2219 2220 2222
f 2219 2222 2443
f 2443 2222 2442
f 2443 2442 2444
f 2444 2442 2441
f 2444 2441 2445
f 2445 2441 2440
f 2445 2440 2446
f 2446 2440 2439
f 2446 2439 2447
f 2447 2439 2438
f 2447 2438 2448
f 2448 2438 2437
f 2448 2437 2449
f 2449 2437 2436
f 2450 2217 2451
f 2451 2217 2219
f 2451 2219 2452
f 2452 2219 2443
f 2452 2443 2453
f 2453 2443 2444
f 2453 2444 2454
f 2454 2444 2445
f 2454 2445 2455
f 2455 2445 2446
f 2455 2446 2456
f 2456 2446 2447
f 2456 2447 2457
f 2457 2447 2448
f 2457 2448 2458
f 2458 2448 2449
f 2458 2459 2457
f 2457 2459 2460
f 2457 2460 2456
f 2456 2460 2461
f 2456 2461 2455
f 2455 2461 2462
f 2455 2462 2454
f 2454 2462 2463
f 2454 2463 2453
f 2453 2463 2464
f 2453 2464 2452
f 2452 2464 2465
f 2452 2465 2451
f 2451 2465 2216
f 2451 2216 2450
f 2450 2216 2215
f 2212 2214 2213
f 2213 2214 2216
f 2213 2216 2466
f 2466 2216 2465
f 2466 2465 2467
f 2467 2465 2464
f 2467 2464 2468
f 2468 2464 2463
f 2468 2463 2469
f 2469 2463 2462
f 2469 2462 2470
f 2470 2462 2461
f 2470 2461 2471
f 2471 2461 2460
f 2471 2460 2472
f 2472 2460 2459
f 2473 2211 2474
f 2474 2211 2213
f 2474 2213 2475
f 2475 2213 2466
f 2475 2466 2476
f 2476 2466 2467
f 2476 2467 2477
f 2477 2467 2468
f 2477 2468 2478
f 2478 2468 2469
f 2478 2469 2479
f 2479 2469 2470
f 2479 2470 2480
f 2480 2470 2471
f 2480 2471 2261
f 2261 2471 2472
f 2261 2472 2132
f 2132 2472 2459
f 2132 2459 2156
f 2156 2459 2458
f 2156 2458 2158
f 2158 2458 2449
f 2158 2449 2157
f 2157 2449 2436
f 2157 2436 2155
f 2155 2436 2427
f 2155 2427 2172
f 2172 2427 2426
f 2172 2426 2173
f 2173 2426 2417
f 2173 2417 2174
f 2174 2417 2404
f 2174 2404 2166
f 2166 2404 2403
f 2166 2403 2167
f 2167 2403 2394
f 2167 2394 2168
f 2168 2394 2381
f 2168 2381 2136
f 2136 2381 2372
f 2136 2372 2137
f 2137 2372 2371
f 2137 2371 2138
f 2138 2371 2127
f 2130 2129 2261
f 2261 2129 2481
f 2261 2481 2480
f 2480 2481 2482
f 2480 2482 2479
f 2479 2482 2483
f 2479 2483 2478
f 2478 2483 2484
f 2478 2484 2477
f 2477 2484 2485
f 2477 2485 2476
f 2476 2485 2486
f 2476 2486 2475
f 2475 2486 2487
f 2475 2487 2474
f 2474 2487 2488
f 2474 2488 2473
f 2473 2488 2489
f 2129 2144 2481
f 2481 2144 2490
f 2481 2490 2482
f 2482 2490 2491
f 2482 2491 2483
f 2483 2491 2492
f 2483 2492 2484
f 2484 2492 2493
f 2484 2493 2485
f 2485 2493 2494
f 2485 2494 2486
f 2486 2494 2495
f 2486 2495 2487
f 2487 2495 2496
f 2487 2496 2488
f 2488 2496 2210
f 2488 2210 2489
f 2489 2210 2209
f 2206 2208 2207
f 2207 2208 2210
f 2207 2210 2497
f 2497 2210 2496
f 2497 2496 2498
f 2498 2496 2495
f 2498 2495 2499
f 2499 2495 2494
f 2499 2494 2500
f 2500 2494 2493
f 2500 2493 2501
f 2501 2493 2492
f 2501 2492 2502
f 2502 2492 2491
f 2502 2491 2503
f 2503 2491 2490
f 2503 2490 2143
f 2143 2490 2144
f 2504 2205 2505
f 2505 2205 2207
f 2505 2207 2506
f 2506 2207 2497
f 2506 2497 2507
f 2507 2497 2498
f 2507 2498 2508
f 2508 2498 2499
f 2508 2499 2509
f 2509 2499 2500
f 2509 2500 2510
f 2510 2500 2501
f 2510 2501 2511
f 2511 2501 2502
f 2511 2502 2512
f 2512 2502 2503
f 2512 2503 2142
f 2142 2503 2143
f 2142 2165 2512
f 2512 2165 2513
f 2512 2513 2511
f 2511 2513 2514
f 2511 2514 2510
f 2510 2514 2515
f 2510 2515 2509
f 2509 2515 2516
f 2509 2516 2508
f 2508 2516 2517
f 2508 2517 2507
f 2507 2517 2518
f 2507 2518 2506
f 2506 2518 2519
f 2506 2519 2505
f 2505 2519 2204
f 2505 2204 2504
f 2504 2204 2203
f 2200 2202 2201
f 2201 2202 2204
f 2201 2204 2520
f 2520 2204 2519
f 2520 2519 2521
f 2521 2519 2518
f 2521 2518 2522
f 2522 2518 2517
f 2522 2517 2523
f 2523 2517 2516
f 2523 2516 2524
f 2524 2516 2515
f 2524 2515 2525
f 2525 2515 2514
f 2525 2514 2526
f 2526 2514 2513
f 2527 2199 2528
f 2528 2199 2201
f 2528 2201 2529
f 2529 2201 2520
f 2529 2520 2530
f 2530 2520 2521
f 2530 2521 2531
f 2531 2521 2522
f 2531 2522 2532
f 2532 2522 2523
f 2532 2523 2533
f 2533 2523 2524
f 2533 2524 2534
f 2534 2524 2525
f 2534 2525 2535
f 2535 2525 2526
f 2535 2536 2534
f 2534 2536 2537
f 2534 2537 2533
f 2533 2537 2538
f 2533 2538 2532
f 2532 2538 2539
f 2532 2539 2531
f 2531 2539 2540
f 2531 2540 2530
f 2530 2540 2541
f 2530 2541 2529
f 2529 2541 2542
f 2529 2542 2528
f 2528 2542 2543
f 2528 2543 2527
f 2527 2543 2544
f 2536 2545 2537
f 2537 2545 2546
f 2537 2546 2538
f 2538 2546 2547
f 2538 2547 2539
f 2539 2547 2548
f 2539 2548 2540
f 2540 2548 2549
f 2540 2549 2541
f 2541 2549 2550
f 2541 2550 2542
f 2542 2550 2551
f 2542 2551 2543
f 2543 2551 2198
f 2543 2198 2544
f 2544 2198 2197
f 2194 2196 2195
f 2195 2196 2198
f 2195 2198 2552
f 2552 2198 2551
f 2552 2551 2553
f 2553 2551 2550
f 2553 2550 2554
f 2554 2550 2549
f 2554 2549 2555
f 2555 2549 2548
f 2555 2548 2556
f 2556 2548 2547
f 2556 2547 2557
f 2557 2547 2546
f 2557 2546 2262
f 2262 2546 2545
f 2262 2545 2128
f 2128 2545 2536
f 2128 2536 2152
f 2152 2536 2535
f 2152 2535 2153
f 2153 2535 2526
f 2153 2526 2154
f 2154 2526 2513
f 2154 2513 2164
f 2164 2513 2165
f 2558 2193 2559
f 2559 2193 2195
f 2559 2195 2560
f 2560 2195 2552
f 2560 2552 2561
f 2561 2552 2553
f 2561 2553 2562
f 2562 2553 2554
f 2562 2554 2563
f 2563 2554 2555
f 2563 2555 2564
f 2564 2555 2556
f 2564 2556 2565
f 2565 2556 2557
f 2565 2557 2566
f 2566 2557 2262
f 2566 2262 2135
f 2135 2262 2121
f 2135 2134 2566
f 2566 2134 2567
f 2566 2567 2565
f 2565 2567 2568
f 2565 2568 2564
f 2564 2568 2569
f 2564 2569 2563
f 2563 2569 2570
f 2563 2570 2562
f 2562 2570 2571
f 2562 2571 2561
f 2561 2571 2572
f 2561 2572 2560
f 2560 2572 2573
f 2560 2573 2559
f 2559 2573 2192
f 2559 2192 2558
f 2558 2192 2191
f 2188 2190 2189
f 2189 2190 2192
f 2189 2192 2574
f 2574 2192 2573
f 2574 2573 2575
f 2575 2573 2572
f 2575 2572 2576
f 2576 2572 2571
f 2576 2571 2577
f 2577 2571 2570
f 2577 2570 2578
f 2578 2570 2569
f 2578 2569 2579
f 2579 2569 2568
f 2579 2568 2580
f 2580 2568 2567
f 2580 2567 2133
f 2133 2567 2134
f 2581 2187 2582
f 2582 2187 2189
f 2582 2189 2583
f 2583 2189 2574
f 2583 2574 2584
f 2584 2574 2575
f 2584 2575 2585
f 2585 2575 2576
f 2585 2576 2586
f 2586 2576 2577
f 2586 2577 2587
f 2587 2577 2578
f 2587 2578 2588
f 2588 2578 2579
f 2588 2579 2589
f 2589 2579 2580
f 2589 2580 2163
f 2163 2580 2133
f 2163 2162 2589
f 2589 2162 2590
f 2589 2590 2588
f 2588 2590 2591
f 2588 2591 2587
f 2587 2591 2592
f 2587 2592 2586
f 2586 2592 2593
f 2586 2593 2585
f 2585 2593 2594
f 2585 2594 2584
f 2584 2594 2595
f 2584 2595 2583
f 2583 2595 2596
f 2583 2596 2582
f 2582 2596 2597
f 2582 2597 2581
f 2581 2597 2598
f 2162 2161 2590
f 2590 2161 2599
f 2590 2599 2591
f 2591 2599 2600
f 2591 2600 2592
f 2592 2600 2601
f 2592 2601 2593
f 2593 2601 2602
f 2593 2602 2594
f 2594 2602 2603
f 2594 2603 2595
f 2595 2603 2604
f 2595 2604 2596
f 2596 2604 2605
f 2596 2605 2597
f 2597 2605 2186
f 2597 2186 2598
f 2598 2186 2185
f 2182 2184 2183
f 2183 2184 2186
f 2183 2186 2606
f 2606 2186 2605
f 2606 2605 2607
f 2607 2605 2604
f 2607 2604 2608
f 2608 2604 2603
f 2608 2603 2609
f 2609 2603 2602
f 2609 2602 2610
f 2610 2602 2601
f 2610 2601 2611
f 2611 2601 2600
f 2611 2600 2612
f 2612 2600 2599
f 2612 2599 2171
f 2171 2599 2161
f 2613 2181 2614
f 2614 2181 2183
f 2614 2183 2615
f 2615 2183 2606
f 2615 2606 2616
f 2616 2606 2607
f 2616 2607 2617
f 2617 2607 2608
f 2617 2608 2618
f 2618 2608 2609
f 2618 2609 2619
f 2619 2609 2610
f 2619 2610 2620
f 2620 2610 2611
f 2620 2611 2259
f 2259 2611 2612
f 2259 2612 2170
f 2170 2612 2171
f 2169 2148 2259
f 2259 2148 2621
f 2259 2621 2620
f 2620 2621 2622
f 2620 2622 2619
f 2619 2622 2623
f 2619 2623 2618
f 2618 2623 2624
f 2618 2624 2617
f 2617 2624 2625
f 2617 2625 2616
f 2616 2625 2626
f 2616 2626 2615
f 2615 2626 2627
f 2615 2627 2614
f 2614 2627 2180
f 2614 2180 2613
f 2613 2180 2179
f 2176 2178 2177
f 2177 2178 2180
f 2177 2180 2628
f 2628 2180 2627
f 2628 2627 2629
f 2629 2627 2626
f 2629 2626 2630
f 2630 2626 2625
f 2630 2625 2631
f 2631 2625 2624
f 2631 2624 2632
f 2632 2624 2623
f 2632 2623 2633
f 2633 2623 2622
f 2633 2622 2634
f 2634 2622 2621
f 2634 2621 2150
f 2150 2621 2148
f 2635 2175 2636
f 2636 2175 2177
f 2636 2177 2637
f 2637 2177 2628
f 2637 2628 2638
f 2638 2628 2629
f 2638 2629 2639
f 2639 2629 2630
f 2639 2630 2640
f 2640 2630 2631
f 2640 2631 2641
f 2641 2631 2632
f 2641 2632 2642
f 2642 2632 2633
f 2642 2633 2643
f 2643 2633 2634
f 2643 2634 2151
f 2151 2634 2150
f 2151 2149 2643
f 2643 2149 2263
f 2643 2263 2642
f 2642 2263 2265
f 2642 2265 2641
f 2641 2265 2267
f 2641 2267 2640
f 2640 2267 2269
f 2640 2269 2639
f 2639 2269 2271
f 2639 2271 2638
f 2638 2271 2273
f 2638 2273 2637
f 2637 2273 2275
f 2637 2275 2636
f 2636 2275 2277
f 2636 2277 2635
f 2635 2277 2278
f 2257 2644 2645
f 2253 2646 2254
f 2254 2646 2644
f 2254 2644 2256
f 2256 2644 2257
f 2253 2286 2646
f 2646 2286 2251
f 2646 2251 2647
f 2251 2250 2647
f 2647 2250 2248
f 2647 2248 2648
f 2248 2247 2648
f 2648 2247 2309
f 2648 2309 2649
f 2309 2326 2649
f 2649 2326 2245
f 2649 2245 2650
f 2241 2651 2242
f 2242 2651 2650
f 2242 2650 2244
f 2244 2650 2245
f 2241 2341 2651
f 2651 2341 2239
f 2651 2239 2652
f 2239 2238 2652
f 2652 2238 2236
f 2652 2236 2653
f 2236 2235 2653
f 2653 2235 2363
f 2653 2363 2654
f 2363 2380 2654
f 2654 2380 2233
f 2654 2233 2655
f 2229 2656 2230
f 2230 2656 2655
f 2230 2655 2232
f 2232 2655 2233
f 2229 2395 2656
f 2656 2395 2227
f 2656 2227 2657
f 2227 2226 2657
f 2657 2226 2224
f 2657 2224 2658
f 2224 2223 2658
f 2658 2223 2418
f 2658 2418 2659
f 2418 2435 2659
f 2659 2435 2221
f 2659 2221 2660
f 2217 2661 2218
f 2218 2661 2660
f 2218 2660 2220
f 2220 2660 2221
f 2217 2450 2661
f 2661 2450 2215
f 2661 2215 2662
f 2215 2214 2662
f 2662 2214 2212
f 2662 2212 2663
f 2212 2211 2663
f 2663 2211 2473
f 2663 2473 2664
f 2473 2489 2664
f 2664 2489 2209
f 2664 2209 2665
f 2205 2666 2206
f 2206 2666 2665
f 2206 2665 2208
f 2208 2665 2209
f 2205 2504 2666
f 2666 2504 2203
f 2666 2203 2667
f 2203 2202 2667
f 2667 2202 2200
f 2667 2200 2668
f 2200 2199 2668
f 2668 2199 2527
f 2668 2527 2669
f 2527 2544 2669
f 2669 2544 2197
f 2669 2197 2670
f 2193 2671 2194
f 2194 2671 2670
f 2194 2670 2196
f 2196 2670 2197
f 2193 2558 2671
f 2671 2558 2191
f 2671 2191 2672
f 2191 2190 2672
f 2672 2190 2188
f 2672 2188 2673
f 2188 2187 2673
f 2673 2187 2581
f 2673 2581 2674
f 2581 2598 2674
f 2674 2598 2185
f 2674 2185 2675
f 2181 2676 2182
f 2182 2676 2675
f 2182 2675 2184
f 2184 2675 2185
f 2181 2613 2676
f 2676 2613 2179
f 2676 2179 2677
f 2179 2178 2677
f 2677 2178 2176
f 2677 2176 2678
f 2176 2175 2678
f 2678 2175 2635
f 2678 2635 2645
f 2645 2635 2278
f 2645 2278 2257
f 2679 2680 2681
f 2679 2681 2682
f 2683 2684 2681
f 2681 2684 2685
f 2681 2685 2682
f 2686 2687 2681
f 2681 2687 2688
f 2681 2688 2683
f 2689 2690 2681
f 2681 2690 2691
f 2681 2691 2686
f 2692 2693 2681
f 2681 2693 2694
f 2681 2694 2689
f 2695 2696 2681
f 2681 2696 2697
f 2681 2697 2692
f 2698 2699 2681
f 2681 2699 2700
f 2681 2700 2695
f 2701 2702 2681
f 2681 2702 2703
f 2681 2703 2698
f 2680 2704 2681
f 2681 2704 2705
f 2681 2705 2701
f 2706 2658 2707
f 2707 2658 2659
f 2707 2659 2708
f 2709 2677 2710
f 2710 2677 2678
f 2710 2678 2711
f 2711 2678 2645
f 2711 2645 2712
f 2713 2650 2714
f 2714 2650 2651
f 2714 2651 2715
f 2715 2651 2652
f 2715 2652 2716
f 2652 2653 2716
f 2716 2653 2654
f 2716 2654 2717
f 2717 2654 2655
f 2717 2655 2718
f 2718 2655 2656
f 2718 2656 2706
f 2706 2656 2657
f 2706 2657 2658
f 2645 2644 2712
f 2712 2644 2646
f 2712 2646 2719
f 2719 2646 2647
f 2719 2647 2720
f 2720 2647 2648
f 2720 2648 2713
f 2713 2648 2649
f 2713 2649 2650
f 2721 2673 2722
f 2722 2673 2674
f 2722 2674 2723
f 2723 2674 2675
f 2723 2675 2709
f 2709 2675 2676
f 2709 2676 2677
f 2724 2665 2725
f 2725 2665 2666
f 2725 2666 2726
f 2726 2666 2667
f 2726 2667 2727
f 2667 2668 2727
f 2727 2668 2669
f 2727 2669 2728
f 2728 2669 2670
f 2728 2670 2729
f 2729 2670 2671
f 2729 2671 2721
f 2721 2671 2672
f 2721 2672 2673
f 2659 2660 2708
f 2708 2660 2661
f 2708 2661 2730
f 2730 2661 2662
f 2730 2662 2731
f 2731 2662 2663
f 2731 2663 2724
f 2724 2663 2664
f 2724 2664 2665
f 2679 2731 2680
f 2680 2731 2724
f 2680 2724 2704
f 2704 2724 2725
f 2704 2725 2705
f 2705 2725 2726
f 2705 2726 2701
f 2701 2726 2727
f 2701 2727 2702
f 2702 2727 2728
f 2702 2728 2703
f 2703 2728 2729
f 2703 2729 2698
f 2698 2729 2721
f 2698 2721 2699
f 2699 2721 2722
f 2699 2722 2700
f 2700 2722 2723
f 2700 2723 2695
f 2695 2723 2709
f 2695 2709 2696
f 2696 2709 2710
f 2696 2710 2697
f 2697 2710 2711
f 2697 2711 2692
f 2692 2711 2712
f 2692 2712 2693
f 2693 2712 2719
f 2693 2719 2694
f 2694 2719 2720
f 2694 2720 2689
f 2689 2720 2713
f 2689 2713 2690
f 2690 2713 2714
f 2690 2714 2691
f 2691 2714 2715
f 2691 2715 2686
f 2686 2715 2716
f 2686 2716 2687
f 2687 2716 2717
f 2687 2717 2688
f 2688 2717 2718
f 2688 2718 2683
f 2683 2718 2706
f 2683 2706 2684
f 2684 2706 2707
f 2684 2707 2685
f 2685 2707 2708
f 2685 2708 2682
f 2682 2708 2730
f 2682 2730 2679
f 2679 2730 2731
f 2732 2733 2734
f 2734 2733 2735
f 2734 2735 2736
f 2736 2735 2737
f 2733 2738 2735
f 2735 2738 2739
f 2735 2739 2737
f 2737 2739 2740
f 2737 2740 2736
f 2736 2740 2741
f 2736 2741 2734
f 2734 2741 2742
f 2734 2742 2732
f 2732 2742 2743
f 2732 2743 2733
f 2733 2743 2738
f 2744 2745 2746
f 2746 2745 2747
f 2746 2747 2748
f 2739 2738 2749
f 2749 2738 2750
f 2749 2750 2744
f 2744 2750 2751
f 2744 2751 2745
f 2752 2740 2739
f 2739 2749 2752
f 2752 2749 2744
f 2752 2744 2753
f 2753 2744 2746
f 2753 2746 2754
f 2754 2746 2748
f 2754 2748 2755
f 2756 2741 2740
f 2740 2752 2756
f 2756 2752 2753
f 2756 2753 2757
f 2757 2753 2754
f 2757 2754 2758
f 2758 2754 2755
f 2758 2755 2759
f 2742 2741 2760
f 2760 2741 2756
f 2760 2756 2761
f 2756 2757 2761
f 2761 2757 2758
f 2761 2758 2762
f 2762 2758 2759
f 2762 2759 2763
f 2764 2743 2742
f 2742 2760 2764
f 2764 2760 2761
f 2764 2761 2765
f 2765 2761 2762
f 2765 2762 2766
f 2766 2762 2763
f 2766 2763 2767
f 2750 2738 2743
f 2743 2764 2750
f 2750 2764 2765
f 2750 2765 2751
f 2751 2765 2766
f 2751 2766 2745
f 2745 2766 2767
f 2745 2767 2747
f 2768 2769 2763
f 2763 2769 2770
f 2763 2770 2771
f 2772 2773 2759
f 2774 2775 2748
f 2771 2776 2763
f 2763 2776 2777
f 2763 2777 2767
f 2777 2778 2767
f 2767 2778 2779
f 2767 2779 2780
f 2774 2748 2781
f 2773 2782 2759
f 2759 2782 2783
f 2759 2783 2763
f 2763 2783 2784
f 2763 2784 2768
f 2785 2786 2755
f 2755 2786 2787
f 2755 2787 2788
f 2789 2759 2790
f 2790 2759 2755
f 2790 2755 2791
f 2791 2755 2788
f 2789 2792 2759
f 2759 2792 2793
f 2759 2793 2794
f 2794 2795 2759
f 2759 2795 2796
f 2759 2796 2772
f 2775 2797 2748
f 2748 2797 2798
f 2748 2798 2799
f 2800 2747 2801
f 2801 2747 2802
f 2803 2804 2747
f 2747 2804 2805
f 2747 2805 2802
f 2799 2806 2748
f 2748 2806 2807
f 2748 2807 2755
f 2755 2807 2808
f 2755 2808 2785
f 2780 2809 2767
f 2767 2809 2810
f 2767 2810 2811
f 2811 2812 2767
f 2767 2812 2813
f 2767 2813 2747
f 2747 2813 2814
f 2747 2814 2803
f 2800 2815 2747
f 2747 2815 2816
f 2747 2816 2748
f 2748 2816 2817
f 2748 2817 2781
f 2789 2790 2818
f 2818 2790 2791
f 2818 2791 2819
f 2819 2791 2788
f 2819 2788 2820
f 2820 2788 2787
f 2820 2787 2821
f 2821 2787 2786
f 2821 2786 2822
f 2822 2786 2785
f 2822 2785 2823
f 2823 2785 2808
f 2823 2808 2824
f 2824 2808 2807
f 2824 2807 2825
f 2825 2807 2806
f 2825 2806 2826
f 2826 2806 2799
f 2826 2799 2827
f 2827 2799 2798
f 2827 2798 2828
f 2828 2798 2797
f 2828 2797 2829
f 2829 2797 2775
f 2829 2775 2830
f 2830 2775 2774
f 2830 2774 2831
f 2831 2774 2781
f 2831 2781 2832
f 2832 2781 2817
f 2832 2817 2833
f 2833 2817 2816
f 2833 2816 2834
f 2834 2816 2815
f 2834 2815 2835
f 2835 2815 2800
f 2835 2800 2836
f 2836 2800 2801
f 2836 2801 2837
f 2837 2801 2802
f 2837 2802 2838
f 2838 2802 2805
f 2838 2805 2839
f 2839 2805 2804
f 2839 2804 2840
f 2840 2804 2803
f 2840 2803 2841
f 2841 2803 2814
f 2841 2814 2842
f 2842 2814 2813
f 2842 2813 2843
f 2843 2813 2812
f 2843 2812 2844
f 2844 2812 2811
f 2844 2811 2845
f 2845 2811 2810
f 2845 2810 2846
f 2846 2810 2809
f 2846 2809 2847
f 2847 2809 2780
f 2847 2780 2848
f 2848 2780 2779
f 2848 2779 2849
f 2849 2779 2778
f 2849 2778 2850
f 2850 2778 2777
f 2850 2777 2851
f 2851 2777 2776
f 2851 2776 2852
f 2852 2776 2771
f 2852 2771 2853
f 2853 2771 2770
f 2853 2770 2854
f 2854 2770 2769
f 2854 2769 2855
f 2855 2769 2768
f 2855 2768 2856
f 2856 2768 2784
f 2856 2784 2857
f 2857 2784 2783
f 2857 2783 2858
f 2858 2783 2782
f 2858 2782 2859
f 2859 2782 2773
f 2859 2773 2860
f 2860 2773 2772
f 2860 2772 2861
f 2861 2772 2796
f 2861 2796 2862
f 2862 2796 2795
f 2862 2795 2863
f 2863 2795 2794
f 2863 2794 2864
f 2864 2794 2793
f 2864 2793 2865
f 2865 2793 2792
f 2865 2792 2866
f 2866 2792 2789
f 2866 2789 2818
f 2867 2868 2869
f 2869 2868 2870
f 2869 2870 2871
f 2871 2870 2872
f 2871 2872 2873
f 2873 2872 2874
f 2875 2876 2874
f 2874 2876 2877
f 2874 2877 2873
f 2878 2879 2875
f 2875 2879 2880
f 2875 2880 2876
f 2881 2882 2883
f 2883 2882 2884
f 2883 2884 2885
f 2885 2884 2886
f 2885 2886 2878
f 2878 2886 2887
f 2878 2887 2879
f 2881 2883 2888
f 2888 2883 2889
f 2888 2889 2890
f 2890 2889 2891
f 2890 2891 2892
f 2892 2891 2893
f 2892 2893 2894
f 2894 2893 2895
f 2895 2893 2896
f 2895 2896 2897
f 2897 2896 2898
f 2898 2896 2899
f 2898 2899 2900
f 2900 2899 2901
f 2901 2899 2902
f 2901 2902 2903
f 2903 2902 2904
f 2903 2904 2905
f 2906 2907 2908
f 2908 2907 2909
f 2908 2909 2910
f 2910 2909 2911
f 2910 2911 2904
f 2904 2911 2912
f 2904 2912 2905
f 2913 2914 2906
f 2906 2914 2915
f 2906 2915 2907
f 2916 2917 2913
f 2913 2917 2918
f 2913 2918 2914
f 2919 2920 2921
f 2921 2920 2922
f 2921 2922 2923
f 2923 2922 2924
f 2923 2924 2916
f 2916 2924 2925
f 2916 2925 2917
f 2919 2921 2926
f 2926 2921 2927
f 2926 2927 2928
f 2928 2927 2929
f 2928 2929 2930
f 2930 2929 2931
f 2930 2931 2932
f 2932 2931 2933
f 2933 2931 2934
f 2933 2934 2935
f 2935 2934 2936
f 2936 2934 2937
f 2936 2937 2938
f 2938 2937 2939
f 2939 2937 2940
f 2939 2940 2941
f 2941 2940 2942
f 2941 2942 2943
f 2944 2945 2946
f 2946 2945 2947
f 2946 2947 2948
f 2948 2947 2949
f 2948 2949 2942
f 2942 2949 2950
f 2942 2950 2943
f 2951 2952 2944
f 2944 2952 2953
f 2944 2953 2945
f 2954 2955 2951
f 2951 2955 2956
f 2951 2956 2952
f 2957 2958 2959
f 2959 2958 2960
f 2959 2960 2961
f 2961 2960 2962
f 2961 2962 2954
f 2954 2962 2963
f 2954 2963 2955
f 2957 2959 2964
f 2964 2959 2965
f 2964 2965 2966
f 2966 2965 2967
f 2966 2967 2968
f 2968 2967 2969
f 2968 2969 2970
f 2970 2969 2971
f 2971 2969 2972
f 2971 2972 2973
f 2973 2972 2974
f 2974 2972 2975
f 2974 2975 2976
f 2976 2975 2977
f 2977 2975 2978
f 2977 2978 2979
f 2979 2978 2980
f 2979 2980 2981
f 2982 2983 2984
f 2984 2983 2985
f 2984 2985 2986
f 2986 2985 2987
f 2986 2987 2980
f 2980 2987 2988
f 2980 2988 2981
f 2989 2990 2982
f 2982 2990 2991
f 2982 2991 2983
f 2992 2993 2989
f 2989 2993 2994
f 2989 2994 2990
f 2867 2995 2868
f 2868 2995 2996
f 2868 2996 2997
f 2997 2996 2998
f 2997 2998 2992
f 2992 2998 2999
f 2992 2999 2993
f 2842 3000 2841
f 2841 3000 3001
f 2841 3001 2840
f 2840 3001 3002
f 2840 3002 2839
f 2839 3002 3003
f 2839 3003 2838
f 2838 3003 3004
f 2838 3004 2837
f 2837 3004 3005
f 2837 3005 2836
f 2836 3005 3006
f 2836 3006 2835
f 2835 3006 3007
f 2835 3007 2834
f 2834 3007 3008
f 2834 3008 2833
f 2833 3008 3009
f 2833 3009 2832
f 2832 3009 3010
f 2832 3010 2831
f 2831 3010 3011
f 2831 3011 2830
f 2830 3011 3012
f 2830 3012 2829
f 2829 3012 3013
f 2829 3013 2828
f 2828 3013 3014
f 2828 3014 2827
f 2827 3014 3015
f 2827 3015 2826
f 2826 3015 3016
f 2826 3016 2825
f 2825 3016 3017
f 2825 3017 2824
f 2824 3017 3018
f 2824 3018 2823
f 2823 3018 3019
f 2823 3019 2822
f 2822 3019 3020
f 2822 3020 2821
f 2821 3020 3021
f 2821 3021 2820
f 2820 3021 3022
f 2820 3022 2819
f 2819 3022 3023
f 2819 3023 2818
f 2818 3023 3024
f 2818 3024 2866
f 2866 3024 3025
f 2866 3025 2865
f 2865 3025 3026
f 2865 3026 2864
f 2864 3026 3027
f 2864 3027 2863
f 2863 3027 3028
f 2863 3028 2862
f 2862 3028 3029
f 2862 3029 2861
f 2861 3029 3030
f 2861 3030 2860
f 2860 3030 3031
f 2860 3031 2859
f 2859 3031 3032
f 2859 3032 2858
f 2858 3032 3033
f 2858 3033 2857
f 2857 3033 3034
f 2857 3034 2856
f 2856 3034 3035
f 2856 3035 2855
f 2855 3035 3036
f 2855 3036 2854
f 2854 3036 3037
f 2854 3037 2853
f 2853 3037 3038
f 2853 3038 2852
f 2852 3038 3039
f 2852 3039 2851
f 2851 3039 3040
f 2851 3040 2850
f 2850 3040 3041
f 2850 3041 2849
f 2849 3041 3042
f 2849 3042 2848
f 2848 3042 3043
f 2848 3043 2847
f 2847 3043 3044
f 2847 3044 2846
f 2846 3044 3045
f 2846 3045 2845
f 2845 3045 3046
f 2845 3046 2844
f 2844 3046 3047
f 2844 3047 2843
f 2843 3047 3048
f 2843 3048 2842
f 2842 3048 3000
f 3000 2967 3001
f 3001 2967 2965
f 3001 2965 3002
f 3002 2965 2959
f 3002 2959 3003
f 3003 2959 2961
f 3003 2961 3004
f 3004 2961 2954
f 3004 2954 3005
f 3005 2954 2951
f 3005 2951 3006
f 3006 2951 2944
f 3006 2944 3007
f 3007 2944 2946
f 3007 2946 3008
f 3008 2946 2948
f 3008 2948 3009
f 3009 2948 2942
f 3009 2942 3010
f 3010 2942 2940
f 3010 2940 3011
f 3011 2940 2937
f 3011 2937 3012
f 3012 2937 2934
f 3012 2934 3013
f 3013 2934 2931
f 3013 2931 3014
f 3014 2931 2929
f 3014 2929 3015
f 3015 2929 2927
f 3015 2927 3016
f 3016 2927 2921
f 3016 2921 3017
f 3017 2921 2923
f 3017 2923 3018
f 3018 2923 2916
f 3018 2916 3019
f 3019 2916 2913
f 3019 2913 3020
f 3020 2913 2906
f 3020 2906 3021
f 3021 2906 2908
f 3021 2908 3022
f 3022 2908 2910
f 3022 2910 3023
f 3023 2910 2904
f 3023 2904 3024
f 3024 2904 2902
f 3024 2902 3025
f 3025 2902 2899
f 3025 2899 3026
f 3026 2899 2896
f 3026 2896 3027
f 3027 2896 2893
f 3027 2893 3028
f 3028 2893 2891
f 3028 2891 3029
f 3029 2891 2889
f 3029 2889 3030
f 3030 2889 2883
f 3030 2883 3031
f 3031 2883 2885
f 3031 2885 3032
f 3032 2885 2878
f 3032 2878 3033
f 3033 2878 2875
f 3033 2875 3034
f 3034 2875 2874
f 3034 2874 3035
f 3035 2874 2872
f 3035 2872 3036
f 3036 2872 2870
f 3036 2870 3037
f 3037 2870 2868
f 3037 2868 3038
f 3038 2868 2997
f 3038 2997 3039
f 3039 2997 2992
f 3039 2992 3040
f 3040 2992 2989
f 3040 2989 3041
f 3041 2989 2982
f 3041 2982 3042
f 3042 2982 2984
f 3042 2984 3043
f 3043 2984 2986
f 3043 2986 3044
f 3044 2986 2980
f 3044 2980 3045
f 3045 2980 2978
f 3045 2978 3046
f 3046 2978 2975
f 3046 2975 3047
f 3047 2975 2972
f 3047 2972 3048
f 3048 2972 2969
f 3048 2969 3000
f 3000 2969 2967
f 2871 3049 2869
f 2869 3049 3050
f 2871 2873 3049
f 3049 2873 2877
f 3049 2877 3051
f 2877 2876 3051
f 3051 2876 2880
f 3051 2880 3052
f 2886 3053 2887
f 2887 3053 3052
f 2887 3052 2879
f 2879 3052 2880
f 2886 2884 3053
f 3053 2884 2882
f 3053 2882 3054
f 2890 3055 2888
f 2888 3055 3054
f 2888 3054 2881
f 2881 3054 2882
f 2890 2892 3055
f 3055 2892 2894
f 3055 2894 3056
f 2894 2895 3056
f 3056 2895 2897
f 3056 2897 3057
f 2901 3058 2900
f 2900 3058 3057
f 2900 3057 2898
f 2898 3057 2897
f 2901 2903 3058
f 3058 2903 2905
f 3058 2905 3059
f 2909 3060 2911
f 2911 3060 3059
f 2911 3059 2912
f 2912 3059 2905
f 2909 2907 3060
f 3060 2907 2915
f 3060 2915 3061
f 2915 2914 3061
f 3061 2914 2918
f 3061 2918 3062
f 2924 3063 2925
f 2925 3063 3062
f 2925 3062 2917
f 2917 3062 2918
f 2924 2922 3063
f 3063 2922 2920
f 3063 2920 3064
f 2928 3065 2926
f 2926 3065 3064
f 2926 3064 2919
f 2919 3064 2920
f 2928 2930 3065
f 3065 2930 2932
f 3065 2932 3066
f 2932 2933 3066
f 3066 2933 2935
f 3066 2935 3067
f 2939 3068 2938
f 2938 3068 3067
f 2938 3067 2936
f 2936 3067 2935
f 2939 2941 3068
f 3068 2941 2943
f 3068 2943 3069
f 2947 3070 2949
f 2949 3070 3069
f 2949 3069 2950
f 2950 3069 2943
f 2947 2945 3070
f 3070 2945 2953
f 3070 2953 3071
f 2953 2952 3071
f 3071 2952 2956
f 3071 2956 3072
f 2962 3073 2963
f 2963 3073 3072
f 2963 3072 2955
f 2955 3072 2956
f 2962 2960 3073
f 3073 2960 2958
f 3073 2958 3074
f 2966 3075 2964
f 2964 3075 3074
f 2964 3074 2957
f 2957 3074 2958
f 2966 2968 3075
f 3075 2968 2970
f 3075 2970 3076
f 2970 2971 3076
f 3076 2971 2973
f 3076 2973 3077
f 2977 3078 2976
f 2976 3078 3077
f 2976 3077 2974
f 2974 3077 2973
f 2977 2979 3078
f 3078 2979 2981
f 3078 2981 3079
f 2985 3080 2987
f 2987 3080 3079
f 2987 3079 2988
f 2988 3079 2981
f 2985 2983 3080
f 3080 2983 2991
f 3080 2991 3081
f 2991 2990 3081
f 3081 2990 2994
f 3081 2994 3082
f 2998 3083 2999
f 2999 3083 3082
f 2999 3082 2993
f 2993 3082 2994
f 2998 2996 3083
f 3083 2996 2995
f 3083 2995 3050
f 3050 2995 2867
f 3050 2867 2869
f 3084 3085 3086
f 3084 3086 3087
f 3088 3089 3086
f 3086 3089 3090
f 3086 3090 3087
f 3091 3092 3086
f 3086 3092 3093
f 3086 3093 3088
f 3094 3095 3086
f 3086 3095 3096
f 3086 3096 3091
f 3097 3098 3086
f 3086 3098 3099
f 3086 3099 3094
f 3100 3101 3086
f 3086 3101 3102
f 3086 3102 3097
f 3103 3104 3086
f 3086 3104 3105
f 3086 3105 3100
f 3106 3107 3086
f 3086 3107 3108
f 3086 3108 3103
f 3085 3109 3086
f 3086 3109 3110
f 3086 3110 3106
f 3111 3063 3112
f 3112 3063 3064
f 3112 3064 3113
f 3114 3059 3115
f 3115 3059 3060
f 3115 3060 3116
f 3116 3060 3061
f 3116 3061 3111
f 3111 3061 3062
f 3111 3062 3063
f 3117 3078 3118
f 3118 3078 3079
f 3118 3079 3119
f 3119 3079 3080
f 3119 3080 3120
f 3121 3055 3122
f 3122 3055 3056
f 3122 3056 3123
f 3123 3056 3057
f 3123 3057 3114
f 3114 3057 3058
f 3114 3058 3059
f 3124 3051 3125
f 3125 3051 3052
f 3125 3052 3126
f 3126 3052 3053
f 3126 3053 3121
f 3121 3053 3054
f 3121 3054 3055
f 3080 3081 3120
f 3120 3081 3082
f 3120 3082 3127
f 3127 3082 3083
f 3127 3083 3128
f 3128 3083 3050
f 3128 3050 3124
f 3124 3050 3049
f 3124 3049 3051
f 3129 3074 3130
f 3130 3074 3075
f 3130 3075 3131
f 3131 3075 3076
f 3131 3076 3117
f 3117 3076 3077
f 3117 3077 3078
f 3132 3070 3133
f 3133 3070 3071
f 3133 3071 3134
f 3134 3071 3072
f 3134 3072 3129
f 3129 3072 3073
f 3129 3073 3074
f 3064 3065 3113
f 3113 3065 3066
f 3113 3066 3135
f 3135 3066 3067
f 3135 3067 3136
f 3136 3067 3068
f 3136 3068 3132
f 3132 3068 3069
f 3132 3069 3070
f 3128 3087 3127
f 3127 3087 3090
f 3127 3090 3120
f 3120 3090 3089
f 3120 3089 3119
f 3119 3089 3088
f 3119 3088 3118
f 3118 3088 3093
f 3118 3093 3117
f 3117 3093 3092
f 3117 3092 3131
f 3131 3092 3091
f 3131 3091 3130
f 3130 3091 3096
f 3130 3096 3129
f 3129 3096 3095
f 3129 3095 3134
f 3134 3095 3094
f 3134 3094 3133
f 3133 3094 3099
f 3133 3099 3132
f 3132 3099 3098
f 3132 3098 3136
f 3136 3098 3097
f 3136 3097 3135
f 3135 3097 3102
f 3135 3102 3113
f 3113 3102 3101
f 3113 3101 3112
f 3112 3101 3100
f 3112 3100 3111
f 3111 3100 3105
f 3111 3105 3116
f 3116 3105 3104
f 3116 3104 3115
f 3115 3104 3103
f 3115 3103 3114
f 3114 3103 3108
f 3114 3108 3123
f 3123 3108 3107
f 3123 3107 3122
f 3122 3107 3106
f 3122 3106 3121
f 3121 3106 3110
f 3121 3110 3126
f 3126 3110 3109
f 3126 3109 3125
f 3125 3109 3085
f 3125 3085 3124
f 3124 3085 3084
f 3124 3084 3128
f 3128 3084 3087
f 3137 3138 3139
f 3139 3138 3140
f 3139 3140 3141
f 3141 3140 3142
f 3138 3143 3140
f 3140 3143 3144
f 3140 3144 3142
f 3142 3144 3145
f 3142 3145 3141
f 3141 3145 3146
f 3141 3146 3139
f 3139 3146 3147
f 3139 3147 3137
f 3137 3147 3148
f 3137 3148 3138
f 3138 3148 3143
f 3149 3150 3151
f 3151 3150 3152
f 3151 3152 3153
f 3144 3143 3154
f 3154 3143 3155
f 3154 3155 3149
f 3149 3155 3156
f 3149 3156 3150
f 3157 3145 3144
f 3144 3154 3157
f 3157 3154 3149
f 3157 3149 3158
f 3158 3149 3151
f 3158 3151 3159
f 3159 3151 3153
f 3159 3153 3160
f 3161 3146 3145
f 3145 3157 3161
f 3161 3157 3158
f 3161 3158 3162
f 3162 3158 3159
f 3162 3159 3163
f 3163 3159 3160
f 3163 3160 3164
f 3147 3146 3165
f 3165 3146 3161
f 3165 3161 3166
f 3161 3162 3166
f 3166 3162 3163
f 3166 3163 3167
f 3167 3163 3164
f 3167 3164 3168
f 3169 3148 3147
f 3147 3165 3169
f 3169 3165 3166
f 3169 3166 3170
f 3170 3166 3167
f 3170 3167 3171
f 3171 3167 3168
f 3171 3168 3172
f 3155 3143 3148
f 3148 3169 3155
f 3155 3169 3170
f 3155 3170 3156
f 3156 3170 3171
f 3156 3171 3150
f 3150 3171 3172
f 3150 3172 3152
f 3173 3174 3168
f 3168 3174 3175
f 3168 3175 3176
f 3177 3178 3164
f 3179 3180 3153
f 3176 3181 3168
f 3168 3181 3182
f 3168 3182 3172
f 3182 3183 3172
f 3172 3183 3184
f 3172 3184 3185
f 3179 3153 3186
f 3178 3187 3164
f 3164 3187 3188
f 3164 3188 3168
f 3168 3188 3189
f 3168 3189 3173
f 3190 3191 3160
f 3160 3191 3192
f 3160 3192 3193
f 3194 3164 3195
f 3195 3164 3160
f 3195 3160 3196
f 3196 3160 3193
f 3194 3197 3164
f 3164 3197 3198
f 3164 3198 3199
f 3199 3200 3164
f 3164 3200 3201
f 3164 3201 3177
f 3180 3202 3153
f 3153 3202 3203
f 3153 3203 3204
f 3205 3152 3206
f 3206 3152 3207
f 3208 3209 3152
f 3152 3209 3210
f 3152 3210 3207
f 3204 3211 3153
f 3153 3211 3212
f 3153 3212 3160
f 3160 3212 3213
f 3160 3213 3190
f 3185 3214 3172
f 3172 3214 3215
f 3172 3215 3216
f 3216 3217 3172
f 3172 3217 3218
f 3172 3218 3152
f 3152 3218 3219
f 3152 3219 3208
f 3205 3220 3152
f 3152 3220 3221
f 3152 3221 3153
f 3153 3221 3222
f 3153 3222 3186
f 3194 3195 3223
f 3223 3195 3196
f 3223 3196 3224
f 3224 3196 3193
f 3224 3193 3225
f 3225 3193 3192
f 3225 3192 3226
f 3226 3192 3191
f 3226 3191 3227
f 3227 3191 3190
f 3227 3190 3228
f 3228 3190 3213
f 3228 3213 3229
f 3229 3213 3212
f 3229 3212 3230
f 3230 3212 3211
f 3230 3211 3231
f 3231 3211 3204
f 3231 3204 3232
f 3232 3204 3203
f 3232 3203 3233
f 3233 3203 3202
f 3233 3202 3234
f 3234 3202 3180
f 3234 3180 3235
f 3235 3180 3179
f 3235 3179 3236
f 3236 3179 3186
f 3236 3186 3237
f 3237 3186 3222
f 3237 3222 3238
f 3238 3222 3221
f 3238 3221 3239
f 3239 3221 3220
f 3239 3220 3240
f 3240 3220 3205
f 3240 3205 3241
f 3241 3205 3206
f 3241 3206 3242
f 3242 3206 3207
f 3242 3207 3243
f 3243 3207 3210
f 3243 3210 3244
f 3244 3210 3209
f 3244 3209 3245
f 3245 3209 3208
f 3245 3208 3246
f 3246 3208 3219
f 3246 3219 3247
f 3247 3219 3218
f 3247 3218 3248
f 3248 3218 3217
f 3248 3217 3249
f 3249 3217 3216
f 3249 3216 3250
f 3250 3216 3215
f 3250 3215 3251
f 3251 3215 3214
f 3251 3214 3252
f 3252 3214 3185
f 3252 3185 3253
f 3253 3185 3184
f 3253 3184 3254
f 3254 3184 3183
f 3254 3183 3255
f 3255 3183 3182
f 3255 3182 3256
f 3256 3182 3181
f 3256 3181 3257
f 3257 3181 3176
f 3257 3176 3258
f 3258 3176 3175
f 3258 3175 3259
f 3259 3175 3174
f 3259 3174 3260
f 3260 3174 3173
f 3260 3173 3261
f 3261 3173 3189
f 3261 3189 3262
f 3262 3189 3188
f 3262 3188 3263
f 3263 3188 3187
f 3263 3187 3264
f 3264 3187 3178
f 3264 3178 3265
f 3265 3178 3177
f 3265 3177 3266
f 3266 3177 3201
f 3266 3201 3267
f 3267 3201 3200
f 3267 3200 3268
f 3268 3200 3199
f 3268 3199 3269
f 3269 3199 3198
f 3269 3198 3270
f 3270 3198 3197
f 3270 3197 3271
f 3271 3197 3194
f 3271 3194 3223
f 3272 3273 3274
f 3274 3273 3275
f 3274 3275 3276
f 3276 3275 3277
f 3276 3277 3278
f 3278 3277 3279
f 3280 3281 3279
f 3279 3281 3282
f 3279 3282 3278
f 3283 3284 3280
f 3280 3284 3285
f 3280 3285 3281
f 3286 3287 3288
f 3288 3287 3289
f 3288 3289 3290
f 3290 3289 3291
f 3290 3291 3283
f 3283 3291 3292
f 3283 3292 3284
f 3286 3288 3293
f 3293 3288 3294
f 3293 3294 3295
f 3295 3294 3296
f 3295 3296 3297
f 3297 3296 3298
f 3297 3298 3299
f 3299 3298 3300
f 3300 3298 3301
f 3300 3301 3302
f 3302 3301 3303
f 3303 3301 3304
f 3303 3304 3305
f 3305 3304 3306
f 3306 3304 3307
f 3306 3307 3308
f 3308 3307 3309
f 3308 3309 3310
f 3311 3312 3313
f 3313 3312 3314
f 3313 3314 3315
f 3315 3314 3316
f 3315 3316 3309
f 3309 3316 3317
f 3309 3317 3310
f 3318 3319 3311
f 3311 3319 3320
f 3311 3320 3312
f 3321 3322 3318
f 3318 3322 3323
f 3318 3323 3319
f 3324 3325 3326
f 3326 3325 3327
f 3326 3327 3328
f 3328 3327 3329
f 3328 3329 3321
f 3321 3329 3330
f 3321 3330 3322
f 3324 3326 3331
f 3331 3326 3332
f 3331 3332 3333
f 3333 3332 3334
f 3333 3334 3335
f 3335 3334 3336
f 3335 3336 3337
f 3337 3336 3338
f 3338 3336 3339
f 3338 3339 3340
f 3340 3339 3341
f 3341 3339 3342
f 3341 3342 3343
f 3343 3342 3344
f 3344 3342 3345
f 3344 3345 3346
f 3346 3345 3347
f 3346 3347 3348
f 3349 3350 3351
f 3351 3350 3352
f 3351 3352 3353
f 3353 3352 3354
f 3353 3354 3347
f 3347 3354 3355
f 3347 3355 3348
f 3356 3357 3349
f 3349 3357 3358
f 3349 3358 3350
f 3359 3360 3356
f 3356 3360 3361
f 3356 3361 3357
f 3362 3363 3364
f 3364 3363 3365
f 3364 3365 3366
f 3366 3365 3367
f 3366 3367 3359
f 3359 3367 3368
f 3359 3368 3360
f 3362 3364 3369
f 3369 3364 3370
f 3369 3370 3371
f 3371 3370 3372
f 3371 3372 3373
f 3373 3372 3374
f 3373 3374 3375
f 3375 3374 3376
f 3376 3374 3377
f 3376 3377 3378
f 3378 3377 3379
f 3379 3377 3380
f 3379 3380 3381
f 3381 3380 3382
f 3382 3380 3383
f 3382 3383 3384
f 3384 3383 3385
f 3384 3385 3386
f 3387 3388 3389
f 3389 3388 3390
f 3389 3390 3391
f 3391 3390 3392
f 3391 3392 3385
f 3385 3392 3393
f 3385 3393 3386
f 3394 3395 3387
f 3387 3395 3396
f 3387 3396 3388
f 3397 3398 3394
f 3394 3398 3399
f 3394 3399 3395
f 3272 3400 3273
f 3273 3400 3401
f 3273 3401 3402
f 3402 3401 3403
f 3402 3403 3397
f 3397 3403 3404
f 3397 3404 3398
f 3247 3405 3246
f 3246 3405 3406
f 3246 3406 3245
f 3245 3406 3407
f 3245 3407 3244
f 3244 3407 3408
f 3244 3408 3243
f 3243 3408 3409
f 3243 3409 3242
f 3242 3409 3410
f 3242 3410 3241
f 3241 3410 3411
f 3241 3411 3240
f 3240 3411 3412
f 3240 3412 3239
f 3239 3412 3413
f 3239 3413 3238
f 3238 3413 3414
f 3238 3414 3237
f 3237 3414 3415
f 3237 3415 3236
f 3236 3415 3416
f 3236 3416 3235
f 3235 3416 3417
f 3235 3417 3234
f 3234 3417 3418
f 3234 3418 3233
f 3233 3418 3419
f 3233 3419 3232
f 3232 3419 3420
f 3232 3420 3231
f 3231 3420 3421
f 3231 3421 3230
f 3230 3421 3422
f 3230 3422 3229
f 3229 3422 3423
f 3229 3423 3228
f 3228 3423 3424
f 3228 3424 3227
f 3227 3424 3425
f 3227 3425 3226
f 3226 3425 3426
f 3226 3426 3225
f 3225 3426 3427
f 3225 3427 3224
f 3224 3427 3428
f 3224 3428 3223
f 3223 3428 3429
f 3223 3429 3271
f 3271 3429 3430
f 3271 3430 3270
f 3270 3430 3431
f 3270 3431 3269
f 3269 3431 3432
f 3269 3432 3268
f 3268 3432 3433
f 3268 3433 3267
f 3267 3433 3434
f 3267 3434 3266
f 3266 3434 3435
f 3266 3435 3265
f 3265 3435 3436
f 3265 3436 3264
f 3264 3436 3437
f 3264 3437 3263
f 3263 3437 3438
f 3263 3438 3262
f 3262 3438 3439
f 3262 3439 3261
f 3261 3439 3440
f 3261 3440 3260
f 3260 3440 3441
f 3260 3441 3259
f 3259 3441 3442
f 3259 3442 3258
f 3258 3442 3443
f 3258 3443 3257
f 3257 3443 3444
f 3257 3444 3256
f 3256 3444 3445
f 3256 3445 3255
f 3255 3445 3446
f 3255 3446 3254
f 3254 3446 3447
f 3254 3447 3253
f 3253 3447 3448
f 3253 3448 3252
f 3252 3448 3449
f 3252 3449 3251
f 3251 3449 3450
f 3251 3450 3250
f 3250 3450 3451
f 3250 3451 3249
f 3249 3451 3452
f 3249 3452 3248
f 3248 3452 3453
f 3248 3453 3247
f 3247 3453 3405
f 3405 3372 3406
f 3406 3372 3370
f 3406 3370 3407
f 3407 3370 3364
f 3407 3364 3408
f 3408 3364 3366
f 3408 3366 3409
f 3409 3366 3359
f 3409 3359 3410
f 3410 3359 3356
f 3410 3356 3411
f 3411 3356 3349
f 3411 3349 3412
f 3412 3349 3351
f 3412 3351 3413
f 3413 3351 3353
f 3413 3353 3414
f 3414 3353 3347
f 3414 3347 3415
f 3415 3347 3345
f 3415 3345 3416
f 3416 3345 3342
f 3416 3342 3417
f 3417 3342 3339
f 3417 3339 3418
f 3418 3339 3336
f 3418 3336 3419
f 3419 3336 3334
f 3419 3334 3420
f 3420 3334 3332
f 3420 3332 3421
f 3421 3332 3326
f 3421 3326 3422
f 3422 3326 3328
f 3422 3328 3423
f 3423 3328 3321
f 3423 3321 3424
f 3424 3321 3318
f 3424 3318 3425
f 3425 3318 3311
f 3425 3311 3426
f 3426 3311 3313
f 3426 3313 3427
f 3427 3313 3315
f 3427 3315 3428
f 3428 3315 3309
f 3428 3309 3429
f 3429 3309 3307
f 3429 3307 3430
f 3430 3307 3304
f 3430 3304 3431
f 3431 3304 3301
f 3431 3301 3432
f 3432 3301 3298
f 3432 3298 3433
f 3433 3298 3296
f 3433 3296 3434
f 3434 3296 3294
f 3434 3294 3435
f 3435 3294 3288
f 3435 3288 3436
f 3436 3288 3290
f 3436 3290 3437
f 3437 3290 3283
f 3437 3283 3438
f 3438 3283 3280
f 3438 3280 3439
f 3439 3280 3279
f 3439 3279 3440
f 3440 3279 3277
f 3440 3277 3441
f 3441 3277 3275
f 3441 3275 3442
f 3442 3275 3273
f 3442 3273 3443
f 3443 3273 3402
f 3443 3402 3444
f 3444 3402 3397
f 3444 3397 3445
f 3445 3397 3394
f 3445 3394 3446
f 3446 3394 3387
f 3446 3387 3447
f 3447 3387 3389
f 3447 3389 3448
f 3448 3389 3391
f 3448 3391 3449
f 3449 3391 3385
f 3449 3385 3450
f 3450 3385 3383
f 3450 3383 3451
f 3451 3383 3380
f 3451 3380 3452
f 3452 3380 3377
f 3452 3377 3453
f 3453 3377 3374
f 3453 3374 3405
f 3405 3374 3372
f 3276 3454 3274
f 3274 3454 3455
f 3276 3278 3454
f 3454 3278 3282
f 3454 3282 3456
f 3282 3281 3456
f 3456 3281 3285
f 3456 3285 3457
f 3291 3458 3292
f 3292 3458 3457
f 3292 3457 3284
f 3284 3457 3285
f 3291 3289 3458
f 3458 3289 3287
f 3458 3287 3459
f 3295 3460 3293
f 3293 3460 3459
f 3293 3459 3286
f 3286 3459 3287
f 3295 3297 3460
f 3460 3297 3299
f 3460 3299 3461
f 3299 3300 3461
f 3461 3300 3302
f 3461 3302 3462
f 3306 3463 3305
f 3305 3463 3462
f 3305 3462 3303
f 3303 3462 3302
f 3306 3308 3463
f 3463 3308 3310
f 3463 3310 3464
f 3314 3465 3316
f 3316 3465 3464
f 3316 3464 3317
f 3317 3464 3310
f 3314 3312 3465
f 3465 3312 3320
f 3465 3320 3466
f 3320 3319 3466
f 3466 3319 3323
f 3466 3323 3467
f 3329 3468 3330
f 3330 3468 3467
f 3330 3467 3322
f 3322 3467 3323
f 3329 3327 3468
f 3468 3327 3325
f 3468 3325 3469
f 3333 3470 3331
f 3331 3470 3469
f 3331 3469 3324
f 3324 3469 3325
f 3333 3335 3470
f 3470 3335 3337
f 3470 3337 3471
f 3337 3338 3471
f 3471 3338 3340
f 3471 3340 3472
f 3344 3473 3343
f 3343 3473 3472
f 3343 3472 3341
f 3341 3472 3340
f 3344 3346 3473
f 3473 3346 3348
f 3473 3348 3474
f 3352 3475 3354
f 3354 3475 3474
f 3354 3474 3355
f 3355 3474 3348
f 3352 3350 3475
f 3475 3350 3358
f 3475 3358 3476
f 3358 3357 3476
f 3476 3357 3361
f 3476 3361 3477
f 3367 3478 3368
f 3368 3478 3477
f 3368 3477 3360
f 3360 3477 3361
f 3367 3365 3478
f 3478 3365 3363
f 3478 3363 3479
f 3371 3480 3369
f 3369 3480 3479
f 3369 3479 3362
f 3362 3479 3363
f 3371 3373 3480
f 3480 3373 3375
f 3480 3375 3481
f 3375 3376 3481
f 3481 3376 3378
f 3481 3378 3482
f 3382 3483 3381
f 3381 3483 3482
f 3381 3482 3379
f 3379 3482 3378
f 3382 3384 3483
f 3483 3384 3386
f 3483 3386 3484
f 3390 3485 3392
f 3392 3485 3484
f 3392 3484 3393
f 3393 3484 3386
f 3390 3388 3485
f 3485 3388 3396
f 3485 3396 3486
f 3396 3395 3486
f 3486 3395 3399
f 3486 3399 3487
f 3403 3488 3404
f 3404 3488 3487
f 3404 3487 3398
f 3398 3487 3399
f 3403 3401 3488
f 3488 3401 3400
f 3488 3400 3455
f 3455 3400 3272
f 3455 3272 3274
f 3489 3490 3491
f 3489 3491 3492
f 3493 3494 3491
f 3491 3494 3495
f 3491 3495 3492
f 3496 3497 3491
f 3491 3497 3498
f 3491 3498 3493
f 3499 3500 3491
f 3491 3500 3501
f 3491 3501 3496
f 3502 3503 3491
f 3491 3503 3504
f 3491 3504 3499
f 3505 3506 3491
f 3491 3506 3507
f 3491 3507 3502
f 3508 3509 3491
f 3491 3509 3510
f 3491 3510 3505
f 3511 3512 3491
f 3491 3512 3513
f 3491 3513 3508
f 3490 3514 3491
f 3491 3514 3515
f 3491 3515 3511
f 3516 3468 3517
f 3517 3468 3469
f 3517 3469 3518
f 3519 3464 3520
f 3520 3464 3465
f 3520 3465 3521
f 3521 3465 3466
f 3521 3466 3516
f 3516 3466 3467
f 3516 3467 3468
f 3522 3483 3523
f 3523 3483 3484
f 3523 3484 3524
f 3524 3484 3485
f 3524 3485 3525
f 3526 3460 3527
f 3527 3460 3461
f 3527 3461 3528
f 3528 3461 3462
f 3528 3462 3519
f 3519 3462 3463
f 3519 3463 3464
f 3529 3456 3530
f 3530 3456 3457
f 3530 3457 3531
f 3531 3457 3458
f 3531 3458 3526
f 3526 3458 3459
f 3526 3459 3460
f 3485 3486 3525
f 3525 3486 3487
f 3525 3487 3532
f 3532 3487 3488
f 3532 3488 3533
f 3533 3488 3455
f 3533 3455 3529
f 3529 3455 3454
f 3529 3454 3456
f 3534 3479 3535
f 3535 3479 3480
f 3535 3480 3536
f 3536 3480 3481
f 3536 3481 3522
f 3522 3481 3482
f 3522 3482 3483
f 3537 3475 3538
f 3538 3475 3476
f 3538 3476 3539
f 3539 3476 3477
f 3539 3477 3534
f 3534 3477 3478
f 3534 3478 3479
f 3469 3470 3518
f 3518 3470 3471
f 3518 3471 3540
f 3540 3471 3472
f 3540 3472 3541
f 3541 3472 3473
f 3541 3473 3537
f 3537 3473 3474
f 3537 3474 3475
f 3533 3492 3532
f 3532 3492 3495
f 3532 3495 3525
f 3525 3495 3494
f 3525 3494 3524
f 3524 3494 3493
f 3524 3493 3523
f 3523 3493 3498
f 3523 3498 3522
f 3522 3498 3497
f 3522 3497 3536
f 3536 3497 3496
f 3536 3496 3535
f 3535 3496 3501
f 3535 3501 3534
f 3534 3501 3500
f 3534 3500 3539
f 3539 3500 3499
f 3539 3499 3538
f 3538 3499 3504
f 3538 3504 3537
f 3537 3504 3503
f 3537 3503 3541
f 3541 3503 3502
f 3541 3502 3540
f 3540 3502 3507
f 3540 3507 3518
f 3518 3507 3506
f 3518 3506 3517
f 3517 3506 3505
f 3517 3505 3516
f 3516 3505 3510
f 3516 3510 3521
f 3521 3510 3509
f 3521 3509 3520
f 3520 3509 3508
f 3520 3508 3519
f 3519 3508 3513
f 3519 3513 3528
f 3528 3513 3512
f 3528 3512 3527
f 3527 3512 3511
f 3527 3511 3526
f 3526 3511 3515
f 3526 3515 3531
f 3531 3515 3514
f 3531 3514 3530
f 3530 3514 3490
f 3530 3490 3529
f 3529 3490 3489
f 3529 3489 3533
f 3533 3489 3492
f 3542 3543 3544
f 3544 3543 3545
f 3544 3545 3546
f 3546 3545 3547
f 3546 3547 3548
f 3548 3547 3549
f 3548 3549 3550
f 3550 3549 3551
f 3550 3551 3552
f 3552 3551 3553
f 3552 3553 3554
f 3554 3553 3555
f 3554 3555 3556
f 3556 3555 3557
f 3556 3557 3558
f 3558 3557 3559
f 3558 3559 3560
f 3560 3559 3561
f 3560 3561 3562
f 3562 3561 3563
f 3562 3563 3564
f 3564 3563 3565
f 3564 3565 3566
f 3566 3565 3567
f 3566 3567 3568
f 3568 3567 3569
f 3568 3569 3570
f 3570 3569 3571
f 3570 3571 3572
f 3572 3571 3573
f 3572 3573 3574
f 3574 3573 3575
f 3574 3575 3576
f 3576 3575 3577
f 3576 3577 3578
f 3578 3577 3579
f 3578 3579 3580
f 3580 3579 3581
f 3580 3581 3582
f 3582 3581 3583
f 3582 3583 3584
f 3584 3583 3585
f 3584 3585 3586
f 3586 3585 3587
f 3586 3587 3588
f 3588 3587 3589
f 3588 3589 3590
f 3590 3589 3591
f 3590 3591 3592
f 3592 3591 3593
f 3592 3593 3594
f 3594 3593 3595
f 3594 3595 3596
f 3596 3595 3597
f 3596 3597 3598
f 3598 3597 3599
f 3598 3599 3600
f 3600 3599 3601
f 3600 3601 3602
f 3602 3601 3603
f 3602 3603 3604
f 3604 3603 3605
f 3604 3605 3542
f 3542 3605 3543
f 3553 3606 3555
f 3555 3606 3607
f 3555 3607 3557
f 3557 3607 3608
f 3557 3608 3559
f 3559 3608 3609
f 3559 3609 3561
f 3561 3609 3610
f 3561 3610 3563
f 3563 3610 3611
f 3563 3611 3565
f 3565 3611 3612
f 3565 3612 3567
f 3567 3612 3613
f 3567 3613 3569
f 3569 3613 3614
f 3569 3614 3571
f 3571 3614 3615
f 3571 3615 3573
f 3573 3615 3616
f 3573 3616 3575
f 3616 3617 3575
f 3575 3617 3618
f 3575 3618 3577
f 3577 3618 3619
f 3577 3619 3579
f 3579 3619 3620
f 3579 3620 3581
f 3581 3620 3621
f 3581 3621 3583
f 3583 3621 3622
f 3583 3622 3585
f 3585 3622 3623
f 3585 3623 3587
f 3587 3623 3624
f 3587 3624 3589
f 3589 3624 3625
f 3589 3625 3591
f 3591 3625 3626
f 3591 3626 3593
f 3593 3626 3627
f 3593 3627 3595
f 3627 3628 3595
f 3595 3628 3629
f 3595 3629 3597
f 3597 3629 3630
f 3597 3630 3599
f 3599 3630 3631
f 3599 3631 3601
f 3601 3631 3632
f 3601 3632 3603
f 3603 3632 3633
f 3603 3633 3605
f 3605 3633 3634
f 3605 3634 3543
f 3543 3634 3635
f 3543 3635 3545
f 3545 3635 3636
f 3545 3636 3547
f 3547 3636 3637
f 3547 3637 3549
f 3549 3637 3638
f 3549 3638 3551
f 3551 3638 3639
f 3551 3639 3553
f 3553 3639 3640
f 3553 3640 3606
f 3596 3641 3594
f 3594 3641 3642
f 3594 3642 3592
f 3592 3642 3643
f 3592 3643 3590
f 3590 3643 3644
f 3590 3644 3588
f 3588 3644 3645
f 3588 3645 3586
f 3586 3645 3646
f 3586 3646 3584
f 3584 3646 3647
f 3584 3647 3582
f 3582 3647 3648
f 3582 3648 3580
f 3580 3648 3649
f 3580 3649 3578
f 3578 3649 3650
f 3578 3650 3576
f 3650 3651 3576
f 3576 3651 3652
f 3576 3652 3574
f 3574 3652 3653
f 3574 3653 3572
f 3572 3653 3654
f 3572 3654 3570
f 3570 3654 3655
f 3570 3655 3568
f 3568 3655 3656
f 3568 3656 3566
f 3566 3656 3657
f 3566 3657 3564
f 3564 3657 3658
f 3564 3658 3562
f 3562 3658 3659
f 3562 3659 3560
f 3560 3659 3660
f 3560 3660 3558
f 3558 3660 3661
f 3558 3661 3556
f 3556 3661 3662
f 3556 3662 3554
f 3662 3663 3554
f 3554 3663 3664
f 3554 3664 3552
f 3552 3664 3665
f 3552 3665 3550
f 3550 3665 3666
f 3550 3666 3548
f 3548 3666 3667
f 3548 3667 3546
f 3546 3667 3668
f 3546 3668 3544
f 3544 3668 3669
f 3544 3669 3542
f 3542 3669 3670
f 3542 3670 3604
f 3604 3670 3671
f 3604 3671 3602
f 3602 3671 3672
f 3602 3672 3600
f 3600 3672 3673
f 3600 3673 3598
f 3598 3673 3674
f 3598 3674 3596
f 3596 3674 3675
f 3596 3675 3641
f 3635 3669 3636
f 3636 3669 3668
f 3636 3668 3637
f 3637 3668 3667
f 3637 3667 3638
f 3638 3667 3666
f 3638 3666 3639
f 3639 3666 3665
f 3639 3665 3640
f 3640 3665 3664
f 3640 3664 3606
f 3606 3664 3663
f 3606 3663 3607
f 3607 3663 3662
f 3607 3662 3608
f 3608 3662 3661
f 3608 3661 3609
f 3609 3661 3660
f 3609 3660 3610
f 3610 3660 3659
f 3610 3659 3611
f 3611 3659 3658
f 3611 3658 3612
f 3612 3658 3657
f 3612 3657 3613
f 3613 3657 3656
f 3613 3656 3614
f 3614 3656 3655
f 3614 3655 3615
f 3615 3655 3654
f 3615 3654 3616
f 3616 3654 3653
f 3616 3653 3617
f 3617 3653 3652
f 3617 3652 3618
f 3618 3652 3651
f 3618 3651 3619
f 3619 3651 3650
f 3619 3650 3620
f 3620 3650 3649
f 3620 3649 3621
f 3621 3649 3648
f 3621 3648 3622
f 3622 3648 3647
f 3622 3647 3623
f 3623 3647 3646
f 3623 3646 3624
f 3624 3646 3645
f 3624 3645 3625
f 3625 3645 3644
f 3625 3644 3626
f 3626 3644 3643
f 3626 3643 3627
f 3627 3643 3642
f 3627 3642 3628
f 3628 3642 3641
f 3628 3641 3629
f 3629 3641 3675
f 3629 3675 3630
f 3630 3675 3674
f 3630 3674 3631
f 3631 3674 3673
f 3631 3673 3632
f 3632 3673 3672
f 3632 3672 3633
f 3633 3672 3671
f 3633 3671 3634
f 3634 3671 3670
f 3634 3670 3635
f 3635 3670 3669
f 3676 3677 3678
f 3678 3677 3679
f 3678 3679 3680
f 3681 3682 3678
f 3678 3682 3683
f 3678 3683 3676
f 3684 3685 3678
f 3678 3685 3686
f 3678 3686 3681
f 3680 3687 3678
f 3678 3687 3688
f 3678 3688 3684
f 3689 3690 3691
f 3691 3690 3692
f 3691 3692 3693
f 3694 3695 3691
f 3691 3695 3696
f 3691 3696 3689
f 3697 3698 3691
f 3691 3698 3699
f 3691 3699 3694
f 3693 3700 3691
f 3691 3700 3701
f 3691 3701 3697
f 3702 3703 3704
f 3705 3703 3702
f 3702 3706 3707
f 3708 3706 3702
f 3704 3708 3702
f 3702 3709 3710
f 3711 3709 3702
f 3707 3711 3702
f 3702 3712 3713
f 3714 3712 3702
f 3710 3714 3702
f 3713 3705 3702
f 3715 3716 3717
f 3718 3716 3715
f 3715 3719 3720
f 3721 3719 3715
f 3717 3721 3715
f 3715 3722 3723
f 3724 3722 3715
f 3720 3724 3715
f 3715 3725 3726
f 3727 3725 3715
f 3723 3727 3715
f 3726 3718 3715
f 3728 3729 3730
f 3731 3729 3728
f 3728 3732 3733
f 3734 3732 3728
f 3730 3734 3728
f 3728 3735 3736
f 3737 3735 3728
f 3733 3737 3728
f 3728 3738 3739
f 3740 3738 3728
f 3736 3740 3728
f 3739 3731 3728
f 3741 3742 3743
f 3744 3742 3741
f 3741 3745 3746
f 3747 3745 3741
f 3743 3747 3741
f 3741 3748 3749
f 3750 3748 3741
f 3746 3750 3741
f 3741 3751 3752
f 3753 3751 3741
f 3749 3753 3741
f 3752 3744 3741
f 3754 3755 3756
f 3757 3755 3754
f 3754 3758 3759
f 3760 3758 3754
f 3756 3760 3754
f 3754 3761 3762
f 3763 3761 3754
f 3759 3763 3754
f 3754 3764 3765
f 3766 3764 3754
f 3762 3766 3754
f 3765 3757 3754
f 3767 3768 3769
f 3770 3768 3767
f 3767 3771 3772
f 3773 3771 3767
f 3769 3773 3767
f 3767 3774 3775
f 3776 3774 3767
f 3772 3776 3767
f 3767 3777 3778
f 3779 3777 3767
f 3775 3779 3767
f 3778 3770 3767
f 3679 3780 3680
f 3680 3780 3781
f 3680 3781 3687
f 3687 3781 3782
f 3687 3782 3688
f 3688 3782 3783
f 3688 3783 3684
f 3684 3783 3784
f 3684 3784 3685
f 3685 3784 3785
f 3685 3785 3686
f 3686 3785 3786
f 3686 3786 3681
f 3681 3786 3787
f 3681 3787 3682
f 3682 3787 3788
f 3682 3788 3683
f 3683 3788 3789
f 3683 3789 3676
f 3676 3789 3790
f 3676 3790 3677
f 3677 3790 3791
f 3677 3791 3679
f 3679 3791 3780
f 3692 3792 3693
f 3693 3792 3793
f 3693 3793 3700
f 3700 3793 3794
f 3700 3794 3701
f 3701 3794 3795
f 3701 3795 3697
f 3697 3795 3796
f 3697 3796 3698
f 3698 3796 3797
f 3698 3797 3699
f 3699 3797 3798
f 3699 3798 3694
f 3694 3798 3799
f 3694 3799 3695
f 3695 3799 3800
f 3695 3800 3696
f 3696 3800 3801
f 3696 3801 3689
f 3689 3801 3802
f 3689 3802 3690
f 3690 3802 3803
f 3690 3803 3692
f 3692 3803 3792
f 3705 3804 3703
f 3703 3804 3805
f 3703 3805 3704
f 3704 3805 3806
f 3704 3806 3708
f 3708 3806 3807
f 3708 3807 3706
f 3706 3807 3808
f 3706 3808 3707
f 3707 3808 3809
f 3707 3809 3711
f 3711 3809 3810
f 3711 3810 3709
f 3709 3810 3811
f 3709 3811 3710
f 3710 3811 3812
f 3710 3812 3714
f 3714 3812 3813
f 3714 3813 3712
f 3712 3813 3814
f 3712 3814 3713
f 3713 3814 3815
f 3713 3815 3705
f 3705 3815 3804
f 3718 3816 3716
f 3716 3816 3817
f 3716 3817 3717
f 3717 3817 3818
f 3717 3818 3721
f 3721 3818 3819
f 3721 3819 3719
f 3719 3819 3820
f 3719 3820 3720
f 3720 3820 3821
f 3720 3821 3724
f 3724 3821 3822
f 3724 3822 3722
f 3722 3822 3823
f 3722 3823 3723
f 3723 3823 3824
f 3723 3824 3727
f 3727 3824 3825
f 3727 3825 3725
f 3725 3825 3826
f 3725 3826 3726
f 3726 3826 3827
f 3726 3827 3718
f 3718 3827 3816
f 3731 3828 3729
f 3729 3828 3829
f 3729 3829 3730
f 3730 3829 3830
f 3730 3830 3734
f 3734 3830 3831
f 3734 3831 3732
f 3732 3831 3832
f 3732 3832 3733
f 3733 3832 3833
f 3733 3833 3737
f 3737 3833 3834
f 3737 3834 3735
f 3735 3834 3835
f 3735 3835 3736
f 3736 3835 3836
f 3736 3836 3740
f 3740 3836 3837
f 3740 3837 3738
f 3738 3837 3838
f 3738 3838 3739
f 3739 3838 3839
f 3739 3839 3731
f 3731 3839 3828
f 3744 3840 3742
f 3742 3840 3841
f 3742 3841 3743
f 3743 3841 3842
f 3743 3842 3747
f 3747 3842 3843
f 3747 3843 3745
f 3745 3843 3844
f 3745 3844 3746
f 3746 3844 3845
f 3746 3845 3750
f 3750 3845 3846
f 3750 3846 3748
f 3748 3846 3847
f 3748 3847 3749
f 3749 3847 3848
f 3749 3848 3753
f 3753 3848 3849
f 3753 3849 3751
f 3751 3849 3850
f 3751 3850 3752
f 3752 3850 3851
f 3752 3851 3744
f 3744 3851 3840
f 3757 3852 3755
f 3755 3852 3853
f 3755 3853 3756
f 3756 3853 3854
f 3756 3854 3760
f 3760 3854 3855
f 3760 3855 3758
f 3758 3855 3856
f 3758 3856 3759
f 3759 3856 3857
f 3759 3857 3763
f 3763 3857 3858
f 3763 3858 3761
f 3761 3858 3859
f 3761 3859 3762
f 3762 3859 3860
f 3762 3860 3766
f 3766 3860 3861
f 3766 3861 3764
f 3764 3861 3862
f 3764 3862 3765
f 3765 3862 3863
f 3765 3863 3757
f 3757 3863 3852
f 3770 3864 3768
f 3768 3864 3865
f 3768 3865 3769
f 3769 3865 3866
f 3769 3866 3773
f 3773 3866 3867
f 3773 3867 3771
f 3771 3867 3868
f 3771 3868 3772
f 3772 3868 3869
f 3772 3869 3776
f 3776 3869 3870
f 3776 3870 3774
f 3774 3870 3871
f 3774 3871 3775
f 3775 3871 3872
f 3775 3872 3779
f 3779 3872 3873
f 3779 3873 3777
f 3777 3873 3874
f 3777 3874 3778
f 3778 3874 3875
f 3778 3875 3770
f 3770 3875 3864
f 3876 3877 3878
f 3878 3877 3879
f 3878 3879 3880
f 3880 3879 3881
f 3880 3881 3882
f 3882 3881 3883
f 3882 3883 3884
f 3884 3883 3885
f 3884 3885 3886
f 3886 3885 3887
f 3886 3887 3888
f 3888 3887 3889
f 3888 3889 3890
f 3890 3889 3891
f 3890 3891 3892
f 3892 3891 3893
f 3892 3893 3894
f 3894 3893 3895
f 3894 3895 3896
f 3896 3895 3897
f 3896 3897 3898
f 3898 3897 3899
f 3898 3899 3900
f 3900 3899 3901
f 3900 3901 3902
f 3902 3901 3903
f 3902 3903 3904
f 3904 3903 3905
f 3904 3905 3906
f 3906 3905 3907
f 3906 3907 3908
f 3908 3907 3909
f 3908 3909 3910
f 3910 3909 3911
f 3910 3911 3912
f 3912 3911 3913
f 3912 3913 3914
f 3914 3913 3915
f 3914 3915 3916
f 3916 3915 3917
f 3916 3917 3918
f 3918 3917 3919
f 3918 3919 3920
f 3920 3919 3921
f 3920 3921 3922
f 3922 3921 3923
f 3922 3923 3924
f 3924 3923 3925
f 3924 3925 3926
f 3926 3925 3927
f 3926 3927 3928
f 3928 3927 3929
f 3928 3929 3930
f 3930 3929 3931
f 3930 3931 3932
f 3932 3931 3933
f 3932 3933 3934
f 3934 3933 3876
f 3934 3876 3878
f 3919 3935 3921
f 3921 3935 3936
f 3921 3936 3923
f 3923 3936 3937
f 3923 3937 3925
f 3925 3937 3938
f 3925 3938 3927
f 3911 3939 3913
f 3913 3939 3940
f 3913 3940 3915
f 3915 3940 3941
f 3915 3941 3917
f 3917 3941 3942
f 3917 3942 3919
f 3919 3942 3943
f 3919 3943 3935
f 3938 3944 3927
f 3927 3944 3945
f 3927 3945 3929
f 3929 3945 3946
f 3929 3946 3931
f 3931 3946 3947
f 3931 3947 3933
f 3948 3949 3883
f 3883 3949 3950
f 3883 3950 3885
f 3885 3950 3951
f 3885 3951 3887
f 3887 3951 3952
f 3887 3952 3889
f 3947 3953 3933
f 3933 3953 3954
f 3933 3954 3876
f 3876 3954 3955
f 3876 3955 3877
f 3877 3955 3956
f 3877 3956 3879
f 3879 3956 3948
f 3879 3948 3881
f 3881 3948 3883
f 3905 3957 3907
f 3907 3957 3958
f 3907 3958 3909
f 3909 3958 3959
f 3909 3959 3911
f 3911 3959 3960
f 3911 3960 3939
f 3897 3961 3899
f 3899 3961 3962
f 3899 3962 3901
f 3901 3962 3963
f 3901 3963 3903
f 3903 3963 3964
f 3903 3964 3905
f 3905 3964 3965
f 3905 3965 3957
f 3952 3966 3889
f 3889 3966 3967
f 3889 3967 3891
f 3891 3967 3968
f 3891 3968 3893
f 3893 3968 3969
f 3893 3969 3895
f 3895 3969 3970
f 3895 3970 3897
f 3897 3970 3971
f 3897 3971 3961
f 3812 3811 3972
f 3973 3974 3975
f 3976 3977 3978
f 3979 3980 3981
f 3844 3843 3982
f 3983 3847 3846
f 3983 3846 3984
f 3984 3846 3845
f 3984 3845 3844
f 3851 3985 3840
f 3840 3985 3986
f 3840 3986 3841
f 3841 3986 3982
f 3841 3982 3842
f 3842 3982 3843
f 3851 3850 3985
f 3985 3850 3849
f 3985 3849 3983
f 3983 3849 3848
f 3983 3848 3847
f 3794 3985 3795
f 3795 3985 3983
f 3795 3983 3796
f 3796 3983 3797
f 3794 3793 3985
f 3985 3793 3792
f 3985 3792 3987
f 3798 3988 3799
f 3799 3988 3980
f 3799 3980 3800
f 3800 3980 3979
f 3800 3979 3801
f 3801 3979 3989
f 3801 3989 3802
f 3802 3989 3987
f 3802 3987 3803
f 3803 3987 3792
f 3990 3981 3828
f 3828 3839 3990
f 3990 3839 3838
f 3990 3838 3977
f 3838 3837 3977
f 3977 3837 3836
f 3977 3836 3978
f 3978 3836 3835
f 3978 3835 3991
f 3991 3835 3834
f 3991 3834 3833
f 3833 3832 3991
f 3991 3832 3831
f 3991 3831 3992
f 3992 3831 3830
f 3992 3830 3829
f 3993 3994 3978
f 3978 3994 3995
f 3978 3995 3976
f 3819 3818 3991
f 3818 3817 3991
f 3991 3817 3816
f 3991 3816 3978
f 3978 3816 3827
f 3978 3827 3993
f 3993 3827 3826
f 3993 3826 3996
f 3826 3825 3996
f 3996 3825 3824
f 3996 3824 3997
f 3997 3824 3823
f 3997 3823 3998
f 3822 3821 3999
f 3999 3821 3820
f 3999 3820 3819
f 3972 4000 4001
f 4001 4000 4002
f 4001 4002 3999
f 3999 4002 3998
f 3999 3998 3822
f 3822 3998 3823
f 3810 4003 3811
f 3811 4003 4004
f 3811 4004 3972
f 3972 4004 4005
f 3972 4005 4000
f 3810 3809 4003
f 4003 3809 4006
f 4003 4006 4007
f 4007 4006 4008
f 4006 3789 3788
f 4009 4010 4011
f 4011 4010 4012
f 3789 4006 3790
f 3790 4006 4013
f 3790 4013 3791
f 4012 4008 3784
f 3784 3783 4012
f 4012 3783 3782
f 4012 3782 4011
f 4011 3782 3781
f 4011 3781 4013
f 4013 3781 3780
f 4013 3780 3791
f 3788 3787 4006
f 4006 3787 3786
f 4006 3786 4008
f 4008 3786 3785
f 4008 3785 3784
f 3865 3864 4014
f 4014 3864 3875
f 3875 3874 4014
f 4014 3874 3873
f 4014 3873 4011
f 3873 3872 4011
f 4011 3872 3871
f 4011 3871 4009
f 4009 3871 3870
f 4009 3870 4015
f 4015 3870 3869
f 4015 3869 4016
f 3852 3863 4017
f 3860 4014 3861
f 3861 4014 4017
f 3861 4017 3862
f 3862 4017 3863
f 3869 3868 4016
f 4016 3868 3867
f 4016 3867 4018
f 4018 3867 3866
f 4018 3866 4019
f 4019 3866 3865
f 4019 3865 4020
f 4020 3865 4014
f 4020 4014 4021
f 3860 3859 4014
f 4014 3859 3858
f 4014 3858 4021
f 4021 3858 3857
f 4021 3857 4022
f 4022 3857 4023
f 3857 3856 4023
f 4023 3856 3855
f 4023 3855 4024
f 3855 3854 4024
f 4024 3854 3853
f 4024 3853 3973
f 3844 3982 3984
f 3984 3982 4025
f 3984 4025 4026
f 3805 3804 4013
f 4013 3804 4001
f 3809 3808 4006
f 4006 3808 3807
f 4006 3807 4013
f 4013 3807 3806
f 4013 3806 3805
f 3804 3815 4001
f 4001 3815 3814
f 4001 3814 3972
f 3972 3814 3813
f 3972 3813 3812
f 3988 4027 3908
f 3853 3852 3973
f 3973 3852 4017
f 3973 4017 3974
f 3974 4017 4027
f 3974 4027 3975
f 3898 3900 4017
f 3900 3902 4017
f 4017 3902 3904
f 4017 3904 4027
f 4027 3904 3906
f 4027 3906 3908
f 3884 3886 4011
f 4011 3886 3888
f 3888 3890 4011
f 4011 3890 3892
f 4011 3892 4014
f 4014 3892 3894
f 4014 3894 4017
f 4017 3894 3896
f 4017 3896 3898
f 3884 4011 3882
f 3882 4011 4013
f 3882 4013 3880
f 3880 4013 4001
f 3880 4001 3878
f 3926 3928 3999
f 3819 3991 3999
f 3999 3991 3924
f 3999 3924 3926
f 3928 3930 3999
f 3999 3930 3932
f 3999 3932 4001
f 4001 3932 3934
f 4001 3934 3878
f 3912 3914 3992
f 3992 3914 3916
f 3916 3918 3992
f 3992 3918 3920
f 3992 3920 3991
f 3991 3920 3922
f 3991 3922 3924
f 3908 3910 3988
f 3988 3910 3912
f 3988 3912 3980
f 3980 3912 3992
f 3980 3992 3981
f 3981 3992 3829
f 3981 3829 3828
f 4026 3975 3984
f 3984 3975 4027
f 3984 4027 3983
f 3983 4027 3988
f 3983 3988 3797
f 3797 3988 3798
f 3966 4016 3967
f 3967 4016 4018
f 3967 4018 3968
f 3968 4018 4019
f 3968 4019 3969
f 3969 4019 4020
f 3969 4020 3970
f 4020 4021 3970
f 3970 4021 4022
f 3970 4022 3971
f 3971 4022 4023
f 3971 4023 3961
f 3961 4023 4024
f 3961 4024 3962
f 3962 4024 3973
f 3962 3973 3963
f 3963 3973 3975
f 3963 3975 3964
f 3964 3975 4026
f 3964 4026 3965
f 3965 4026 4025
f 3965 4025 3957
f 3957 4025 3982
f 3957 3982 3958
f 3958 3982 3986
f 3958 3986 3959
f 3959 3986 3985
f 3959 3985 3960
f 3960 3985 3987
f 3960 3987 3939
f 3939 3987 3989
f 3939 3989 3940
f 3940 3989 3979
f 3940 3979 3941
f 3941 3979 3981
f 3941 3981 3942
f 3942 3981 3990
f 3942 3990 3943
f 3943 3990 3977
f 3943 3977 3935
f 3935 3977 3976
f 3935 3976 3936
f 3936 3976 3995
f 3936 3995 3937
f 3937 3995 3994
f 3937 3994 3938
f 3938 3994 3993
f 3938 3993 3944
f 3944 3993 3996
f 3944 3996 3945
f 3945 3996 3997
f 3945 3997 3946
f 3946 3997 3998
f 3946 3998 3947
f 3947 3998 4002
f 3947 4002 3953
f 3953 4002 4000
f 3953 4000 3954
f 3954 4000 4005
f 3954 4005 3955
f 3955 4005 4004
f 3955 4004 3956
f 3956 4004 4003
f 3956 4003 3948
f 3948 4003 4007
f 3948 4007 3949
f 3949 4007 4008
f 3949 4008 3950
f 3950 4008 4012
f 3950 4012 3951
f 3951 4012 4010
f 3951 4010 3952
f 3952 4010 4009
f 3952 4009 3966
f 3966 4009 4015
f 3966 4015 4016
f 4028 4029 4030
f 4030 4029 4031
f 4032 4033 4034
f 4034 4033 4035
f 4030 4031 4036
f 4036 4031 4037
f 4037 4031 4038
f 4038 4031 4029
f 4030 4036 4028
f 4028 4036 4039
f 4029 4028 4040
f 4040 4028 4041
f 4034 4042 4032
f 4032 4042 4043
f 4044 4042 4035
f 4035 4042 4034
f 4033 4032 4045
f 4045 4032 4043
f 4035 4033 4046
f 4046 4033 4047
f 4036 4037 4039
f 4039 4037 4038
f 4038 4029 4048
f 4048 4029 4040
f 4028 4039 4041
f 4041 4039 4049
f 4045 4043 4044
f 4044 4043 4042
f 4044 4035 4050
f 4050 4035 4046
f 4033 4045 4047
f 4047 4045 4051
f 4039 4038 4049
f 4049 4038 4048
f 4045 4044 4051
f 4051 4044 4050
f 4052 4053 4054
f 4055 4056 4057
f 4057 4056 4058
f 4057 4058 4054
f 4059 4052 4060
f 4060 4052 4054
f 4060 4054 4061
f 4061 4054 4058
f 4062 4063 4057
f 4057 4063 4064
f 4064 4065 4057
f 4057 4065 4066
f 4057 4066 4055
f 4067 4068 4069
f 4070 4071 4072
f 4072 4071 4073
f 4072 4073 4067
f 4067 4073 4074
f 4067 4074 4068
f 4075 4076 4077
f 4077 4076 4067
f 4077 4067 4078
f 4078 4067 4069
f 4079 4080 4081
f 4081 4080 4082
f 4081 4082 4083
f 4083 4082 4084
f 4083 4084 4085
f 4086 4087 4088
f 4089 4090 4091
f 4091 4090 4092
f 4091 4092 4086
f 4086 4092 4093
f 4086 4093 4087
f 4094 4095 4096
f 4096 4095 4086
f 4096 4086 4097
f 4097 4086 4088
f 4098 4099 4100
f 4100 4099 4101
f 4100 4101 4102
f 4102 4101 4103
f 4102 4103 4104
f 4105 4106 4107
f 4108 4109 4110
f 4110 4109 4111
f 4110 4111 4112
f 4112 4111 4113
f 4114 4115 4116
f 4116 4115 4105
f 4116 4105 4111
f 4111 4105 4107
f 4111 4107 4113
f 4047 4117 4046
f 4046 4117 4118
f 4046 4118 4050
f 4050 4118 4119
f 4050 4119 4051
f 4119 4120 4051
f 4051 4120 4041
f 4051 4041 4047
f 4047 4041 4049
f 4047 4049 4117
f 4117 4049 4048
f 4117 4048 4120
f 4120 4048 4040
f 4120 4040 4041
f 4121 4122 4123
f 4123 4124 4121
f 4121 4124 4125
f 4121 4125 4126
f 4126 4127 4121
f 4121 4127 4128
f 4121 4128 4129
f 4129 4130 4121
f 4121 4130 4131
f 4121 4131 4132
f 4123 4122 4133
f 4133 4122 4134
f 4133 4134 4135
f 4136 4137 4138
f 4138 4137 4139
f 4138 4139 4140
f 4135 4134 4141
f 4141 4134 4138
f 4141 4138 4142
f 4142 4138 4140
f 4143 4144 4136
f 4136 4144 4145
f 4136 4145 4137
f 4146 4147 4148
f 4146 4148 4149
f 4150 4151 4152
f 4152 4151 4153
f 4152 4153 4154
f 4154 4153 4136
f 4154 4136 4138
f 4155 4144 4143
f 4137 4145 4156
f 4156 4145 4144
f 4157 4139 4137
f 4158 4142 4140
f 4141 4142 4159
f 4159 4142 4158
f 4159 4158 4160
f 4160 4158 4161
f 4160 4161 4162
f 4163 4164 4165
f 4165 4164 4166
f 4165 4166 4167
f 4147 4146 4150
f 4150 4146 4168
f 4150 4168 4151
f 4151 4168 4155
f 4151 4155 4153
f 4153 4155 4143
f 4153 4143 4136
f 4169 4170 4171
f 4171 4170 4161
f 4171 4161 4172
f 4172 4161 4158
f 4172 4158 4157
f 4157 4158 4140
f 4157 4140 4139
f 4144 4155 4156
f 4156 4155 4168
f 4156 4168 4173
f 4173 4168 4146
f 4173 4146 4174
f 4174 4146 4149
f 4174 4149 4175
f 4137 4156 4157
f 4157 4156 4173
f 4157 4173 4172
f 4172 4173 4174
f 4172 4174 4171
f 4171 4174 4175
f 4171 4175 4169
f 4148 4176 4149
f 4149 4176 4177
f 4149 4177 4175
f 4175 4177 4163
f 4175 4163 4169
f 4169 4163 4165
f 4169 4165 4170
f 4170 4165 4167
f 4170 4167 4161
f 4161 4167 4178
f 4161 4178 4162
f 4179 4180 4181
f 4126 4125 4182
f 4183 4184 4185
f 4185 4184 4186
f 4186 4184 4187
f 4187 4184 4188
f 4187 4188 4189
f 4189 4188 4182
f 4189 4182 4190
f 4190 4182 4191
f 4191 4182 4125
f 4191 4125 4124
f 4192 4127 4126
f 4127 4192 4128
f 4128 4192 4193
f 4128 4193 4129
f 4129 4193 4130
f 4130 4193 4194
f 4130 4194 4131
f 4131 4194 4195
f 4131 4195 4132
f 4121 4132 4196
f 4196 4132 4195
f 4196 4195 4197
f 4197 4195 4198
f 4185 4199 4183
f 4183 4199 4200
f 4183 4200 4201
f 4202 4203 4204
f 4204 4203 4205
f 4204 4205 4206
f 4206 4205 4207
f 4208 4207 4209
f 4209 4207 4205
f 4209 4205 4181
f 4181 4205 4203
f 4181 4203 4179
f 4179 4198 4180
f 4180 4198 4195
f 4180 4195 4181
f 4181 4195 4194
f 4181 4194 4209
f 4209 4194 4193
f 4209 4193 4208
f 4208 4193 4192
f 4126 4182 4192
f 4192 4182 4188
f 4192 4188 4208
f 4208 4188 4184
f 4208 4184 4207
f 4207 4184 4183
f 4207 4183 4206
f 4206 4183 4201
f 4206 4201 4204
f 4204 4201 4210
f 4204 4210 4202
f 4202 4210 4211
f 4202 4211 4203
f 4203 4211 4212
f 4203 4212 4179
f 4213 4214 4215
f 4215 4214 4216
f 4215 4216 4217
f 4218 4219 4220
f 4220 4219 4215
f 4220 4215 4221
f 4221 4215 4217
f 4222 4223 4213
f 4213 4223 4224
f 4213 4224 4214
f 4225 4226 4227
f 4225 4227 4228
f 4229 4230 4231
f 4231 4230 4232
f 4231 4232 4233
f 4233 4232 4213
f 4233 4213 4215
f 4234 4223 4222
f 4214 4224 4235
f 4235 4224 4223
f 4236 4216 4214
f 4237 4221 4217
f 4220 4221 4238
f 4238 4221 4237
f 4238 4237 4239
f 4239 4237 4240
f 4239 4240 4241
f 4242 4243 4244
f 4244 4243 4245
f 4244 4245 4246
f 4226 4225 4229
f 4229 4225 4247
f 4229 4247 4230
f 4230 4247 4234
f 4230 4234 4232
f 4232 4234 4222
f 4232 4222 4213
f 4248 4249 4250
f 4250 4249 4240
f 4250 4240 4251
f 4251 4240 4237
f 4251 4237 4236
f 4236 4237 4217
f 4236 4217 4216
f 4223 4234 4235
f 4235 4234 4247
f 4235 4247 4252
f 4252 4247 4225
f 4252 4225 4253
f 4253 4225 4228
f 4253 4228 4254
f 4214 4235 4236
f 4236 4235 4252
f 4236 4252 4251
f 4251 4252 4253
f 4251 4253 4250
f 4250 4253 4254
f 4250 4254 4248
f 4227 4255 4228
f 4228 4255 4256
f 4228 4256 4254
f 4254 4256 4242
f 4254 4242 4248
f 4248 4242 4244
f 4248 4244 4249
f 4249 4244 4246
f 4249 4246 4240
f 4240 4246 4257
f 4240 4257 4241
f 4258 4259 4260
f 4261 4262 4263
f 4264 4265 4266
f 4266 4265 4267
f 4267 4265 4268
f 4268 4265 4269
f 4268 4269 4270
f 4270 4269 4263
f 4270 4263 4271
f 4271 4263 4272
f 4272 4263 4262
f 4272 4262 4273
f 4274 4275 4261
f 4275 4274 4276
f 4276 4274 4277
f 4276 4277 4278
f 4278 4277 4279
f 4279 4277 4280
f 4279 4280 4281
f 4281 4280 4282
f 4281 4282 4283
f 4284 4283 4285
f 4285 4283 4282
f 4285 4282 4286
f 4286 4282 4287
f 4266 4288 4264
f 4264 4288 4289
f 4264 4289 4290
f 4291 4292 4293
f 4293 4292 4294
f 4293 4294 4295
f 4295 4294 4296
f 4297 4296 4298
f 4298 4296 4294
f 4298 4294 4260
f 4260 4294 4292
f 4260 4292 4258
f 4258 4287 4259
f 4259 4287 4282
f 4259 4282 4260
f 4260 4282 4280
f 4260 4280 4298
f 4298 4280 4277
f 4298 4277 4297
f 4297 4277 4274
f 4261 4263 4274
f 4274 4263 4269
f 4274 4269 4297
f 4297 4269 4265
f 4297 4265 4296
f 4296 4265 4264
f 4296 4264 4295
f 4295 4264 4290
f 4295 4290 4293
f 4293 4290 4299
f 4293 4299 4291
f 4291 4299 4300
f 4291 4300 4292
f 4292 4300 4301
f 4292 4301 4258
f 4284 4302 4303
f 4303 4273 4284
f 4284 4273 4262
f 4284 4262 4261
f 4261 4275 4284
f 4284 4275 4276
f 4284 4276 4278
f 4278 4279 4284
f 4284 4279 4281
f 4284 4281 4283
f 4303 4302 4304
f 4304 4302 4219
f 4304 4219 4218
f 4305 4306 4307
f 4307 4306 4308
f 4307 4308 4309
f 4310 4311 4312
f 4312 4311 4307
f 4312 4307 4313
f 4313 4307 4309
f 4314 4315 4305
f 4305 4315 4316
f 4305 4316 4306
f 4317 4318 4319
f 4317 4319 4320
f 4321 4322 4323
f 4323 4322 4324
f 4323 4324 4325
f 4325 4324 4305
f 4325 4305 4307
f 4326 4315 4314
f 4306 4316 4327
f 4327 4316 4315
f 4328 4308 4306
f 4329 4313 4309
f 4312 4313 4330
f 4330 4313 4329
f 4330 4329 4331
f 4331 4329 4332
f 4331 4332 4333
f 4334 4335 4336
f 4336 4335 4337
f 4336 4337 4338
f 4318 4317 4321
f 4321 4317 4339
f 4321 4339 4322
f 4322 4339 4326
f 4322 4326 4324
f 4324 4326 4314
f 4324 4314 4305
f 4340 4341 4342
f 4342 4341 4332
f 4342 4332 4343
f 4343 4332 4329
f 4343 4329 4328
f 4328 4329 4309
f 4328 4309 4308
f 4315 4326 4327
f 4327 4326 4339
f 4327 4339 4344
f 4344 4339 4317
f 4344 4317 4345
f 4345 4317 4320
f 4345 4320 4346
f 4306 4327 4328
f 4328 4327 4344
f 4328 4344 4343
f 4343 4344 4345
f 4343 4345 4342
f 4342 4345 4346
f 4342 4346 4340
f 4319 4347 4320
f 4320 4347 4348
f 4320 4348 4346
f 4346 4348 4334
f 4346 4334 4340
f 4340 4334 4336
f 4340 4336 4341
f 4341 4336 4338
f 4341 4338 4332
f 4332 4338 4349
f 4332 4349 4333
f 4350 4351 4352
f 4353 4354 4355
f 4356 4357 4358
f 4358 4357 4359
f 4359 4357 4360
f 4360 4357 4361
f 4360 4361 4362
f 4362 4361 4355
f 4362 4355 4363
f 4363 4355 4364
f 4364 4355 4354
f 4364 4354 4365
f 4366 4367 4353
f 4367 4366 4368
f 4368 4366 4369
f 4368 4369 4370
f 4370 4369 4371
f 4371 4369 4372
f 4371 4372 4373
f 4373 4372 4374
f 4373 4374 4375
f 4376 4375 4377
f 4377 4375 4374
f 4377 4374 4378
f 4378 4374 4379
f 4358 4380 4356
f 4356 4380 4381
f 4356 4381 4382
f 4383 4384 4385
f 4385 4384 4386
f 4385 4386 4387
f 4387 4386 4388
f 4389 4388 4390
f 4390 4388 4386
f 4390 4386 4352
f 4352 4386 4384
f 4352 4384 4350
f 4350 4379 4351
f 4351 4379 4374
f 4351 4374 4352
f 4352 4374 4372
f 4352 4372 4390
f 4390 4372 4369
f 4390 4369 4389
f 4389 4369 4366
f 4353 4355 4366
f 4366 4355 4361
f 4366 4361 4389
f 4389 4361 4357
f 4389 4357 4388
f 4388 4357 4356
f 4388 4356 4387
f 4387 4356 4382
f 4387 4382 4385
f 4385 4382 4391
f 4385 4391 4383
f 4383 4391 4392
f 4383 4392 4384
f 4384 4392 4393
f 4384 4393 4350
f 4376 4394 4395
f 4395 4365 4376
f 4376 4365 4354
f 4376 4354 4353
f 4353 4367 4376
f 4376 4367 4368
f 4376 4368 4370
f 4370 4371 4376
f 4376 4371 4373
f 4376 4373 4375
f 4395 4394 4396
f 4396 4394 4311
f 4396 4311 4310
f 4397 4398 4399
f 4399 4400 4397
f 4397 4400 4401
f 4397 4401 4402
f 4402 4403 4397
f 4397 4403 4404
f 4397 4404 4405
f 4405 4406 4397
f 4397 4406 4407
f 4397 4407 4408
f 4399 4398 4409
f 4409 4398 4410
f 4409 4410 4411
f 4412 4413 4414
f 4414 4413 4415
f 4414 4415 4416
f 4411 4410 4417
f 4417 4410 4414
f 4417 4414 4418
f 4418 4414 4416
f 4419 4420 4412
f 4412 4420 4421
f 4412 4421 4413
f 4422 4423 4424
f 4422 4424 4425
f 4426 4427 4428
f 4428 4427 4429
f 4428 4429 4430
f 4430 4429 4412
f 4430 4412 4414
f 4431 4420 4419
f 4413 4421 4432
f 4432 4421 4420
f 4433 4415 4413
f 4434 4418 4416
f 4417 4418 4435
f 4435 4418 4434
f 4435 4434 4436
f 4436 4434 4437
f 4436 4437 4438
f 4439 4440 4441
f 4441 4440 4442
f 4441 4442 4443
f 4423 4422 4426
f 4426 4422 4444
f 4426 4444 4427
f 4427 4444 4431
f 4427 4431 4429
f 4429 4431 4419
f 4429 4419 4412
f 4445 4446 4447
f 4447 4446 4437
f 4447 4437 4448
f 4448 4437 4434
f 4448 4434 4433
f 4433 4434 4416
f 4433 4416 4415
f 4420 4431 4432
f 4432 4431 4444
f 4432 4444 4449
f 4449 4444 4422
f 4449 4422 4450
f 4450 4422 4425
f 4450 4425 4451
f 4413 4432 4433
f 4433 4432 4449
f 4433 4449 4448
f 4448 4449 4450
f 4448 4450 4447
f 4447 4450 4451
f 4447 4451 4445
f 4424 4452 4425
f 4425 4452 4453
f 4425 4453 4451
f 4451 4453 4439
f 4451 4439 4445
f 4445 4439 4441
f 4445 4441 4446
f 4446 4441 4443
f 4446 4443 4437
f 4437 4443 4454
f 4437 4454 4438
f 4455 4456 4457
f 4402 4401 4458
f 4459 4460 4461
f 4461 4460 4462
f 4462 4460 4463
f 4463 4460 4464
f 4463 4464 4465
f 4465 4464 4458
f 4465 4458 4466
f 4466 4458 4467
f 4467 4458 4401
f 4467 4401 4400
f 4468 4403 4402
f 4403 4468 4404
f 4404 4468 4469
f 4404 4469 4405
f 4405 4469 4406
f 4406 4469 4470
f 4406 4470 4407
f 4407 4470 4471
f 4407 4471 4408
f 4397 4408 4472
f 4472 4408 4471
f 4472 4471 4473
f 4473 4471 4474
f 4461 4475 4459
f 4459 4475 4476
f 4459 4476 4477
f 4478 4479 4480
f 4480 4479 4481
f 4480 4481 4482
f 4482 4481 4483
f 4484 4483 4485
f 4485 4483 4481
f 4485 4481 4457
f 4457 4481 4479
f 4457 4479 4455
f 4455 4474 4456
f 4456 4474 4471
f 4456 4471 4457
f 4457 4471 4470
f 4457 4470 4485
f 4485 4470 4469
f 4485 4469 4484
f 4484 4469 4468
f 4402 4458 4468
f 4468 4458 4464
f 4468 4464 4484
f 4484 4464 4460
f 4484 4460 4483
f 4483 4460 4459
f 4483 4459 4482
f 4482 4459 4477
f 4482 4477 4480
f 4480 4477 4486
f 4480 4486 4478
f 4478 4486 4487
f 4478 4487 4479
f 4479 4487 4488
f 4479 4488 4455
f 4489 4062 4057
f 4489 4057 4490
f 4490 4057 4054
f 4490 4054 4491
f 4053 4492 4054
f 4054 4492 4491
f 4052 4493 4053
f 4053 4493 4492
f 4493 4052 4059
f 4493 4059 4494
f 4494 4059 4060
f 4494 4060 4495
f 4495 4060 4061
f 4495 4061 4496
f 4496 4061 4058
f 4496 4058 4497
f 4497 4058 4056
f 4497 4056 4498
f 4498 4056 4055
f 4498 4055 4499
f 4499 4055 4066
f 4499 4066 4500
f 4500 4066 4065
f 4500 4065 4501
f 4501 4065 4064
f 4501 4064 4502
f 4502 4064 4063
f 4502 4063 4503
f 4503 4063 4062
f 4503 4062 4489
f 4077 4504 4075
f 4075 4504 4505
f 4504 4077 4078
f 4504 4078 4506
f 4506 4078 4069
f 4506 4069 4507
f 4507 4069 4068
f 4507 4068 4508
f 4508 4068 4074
f 4508 4074 4509
f 4509 4074 4073
f 4509 4073 4510
f 4510 4073 4071
f 4510 4071 4511
f 4511 4071 4070
f 4511 4070 4512
f 4512 4070 4072
f 4512 4072 4513
f 4513 4072 4067
f 4513 4067 4514
f 4076 4515 4067
f 4067 4515 4514
f 4075 4505 4076
f 4076 4505 4515
f 4079 4516 4080
f 4080 4516 4517
f 4080 4517 4082
f 4082 4517 4518
f 4519 4085 4084
f 4519 4084 4520
f 4520 4084 4082
f 4520 4082 4518
f 4521 4081 4083
f 4521 4083 4522
f 4522 4083 4085
f 4522 4085 4519
f 4081 4521 4079
f 4079 4521 4516
f 4096 4523 4094
f 4094 4523 4524
f 4523 4096 4097
f 4523 4097 4525
f 4525 4097 4088
f 4525 4088 4526
f 4526 4088 4087
f 4526 4087 4527
f 4527 4087 4093
f 4527 4093 4528
f 4528 4093 4092
f 4528 4092 4529
f 4529 4092 4090
f 4529 4090 4530
f 4530 4090 4089
f 4530 4089 4531
f 4531 4089 4091
f 4531 4091 4532
f 4532 4091 4086
f 4532 4086 4533
f 4095 4534 4086
f 4086 4534 4533
f 4094 4524 4095
f 4095 4524 4534
f 4098 4535 4099
f 4099 4535 4536
f 4099 4536 4101
f 4101 4536 4537
f 4538 4104 4103
f 4538 4103 4539
f 4539 4103 4101
f 4539 4101 4537
f 4540 4100 4102
f 4540 4102 4541
f 4541 4102 4104
f 4541 4104 4538
f 4100 4540 4098
f 4098 4540 4535
f 4542 4106 4543
f 4543 4106 4105
f 4543 4105 4544
f 4544 4105 4115
f 4544 4115 4545
f 4545 4115 4114
f 4545 4114 4546
f 4546 4114 4116
f 4546 4116 4547
f 4547 4116 4111
f 4547 4111 4548
f 4548 4111 4109
f 4548 4109 4549
f 4549 4109 4108
f 4549 4108 4550
f 4550 4108 4110
f 4550 4110 4551
f 4551 4110 4112
f 4551 4112 4552
f 4552 4112 4113
f 4552 4113 4553
f 4553 4113 4107
f 4553 4107 4542
f 4542 4107 4106
f 4554 4555 4556
f 4556 4555 4557
f 4558 4559 4560
f 4560 4559 4561
f 4562 4563 4564
f 4565 4566 4564
f 4564 4566 4567
f 4565 4568 4566
f 4566 4568 4569
f 4566 4569 4570
f 4571 4562 4572
f 4572 4562 4564
f 4572 4564 4573
f 4573 4564 4567
f 4574 4575 4576
f 4576 4575 4566
f 4576 4566 4577
f 4577 4566 4570
f 4578 4579 4580
f 4579 4581 4580
f 4580 4581 4582
f 4580 4582 4583
f 4584 4585 4586
f 4586 4585 4582
f 4586 4582 4587
f 4587 4582 4581
f 4588 4589 4590
f 4590 4589 4591
f 4590 4591 4592
f 4592 4591 4578
f 4592 4578 4593
f 4593 4578 4580
f 4594 4595 4117
f 4117 4595 4118
f 4596 4594 4120
f 4120 4594 4117
f 4597 4596 4119
f 4119 4596 4120
f 4595 4597 4118
f 4118 4597 4119
f 4598 4599 4600
f 4600 4599 4601
f 4602 4603 4604
f 4604 4603 4605
f 4164 4150 4152
f 4177 4176 4163
f 4163 4176 4148
f 4163 4148 4164
f 4164 4148 4147
f 4164 4147 4150
f 4152 4154 4164
f 4164 4154 4138
f 4164 4138 4606
f 4606 4138 4134
f 4606 4134 4607
f 4607 4134 4122
f 4607 4122 4199
f 4199 4122 4121
f 4199 4121 4200
f 4197 4198 4196
f 4196 4198 4179
f 4196 4179 4121
f 4121 4179 4212
f 4121 4212 4211
f 4211 4210 4121
f 4121 4210 4201
f 4121 4201 4200
f 4135 4141 4159
f 4608 4123 4609
f 4609 4123 4133
f 4609 4133 4610
f 4611 4607 4199
f 4164 4606 4166
f 4166 4606 4612
f 4166 4612 4167
f 4167 4612 4613
f 4167 4613 4178
f 4178 4613 4162
f 4133 4135 4610
f 4610 4135 4159
f 4610 4159 4613
f 4613 4159 4160
f 4613 4160 4162
f 4124 4123 4191
f 4191 4123 4608
f 4191 4608 4190
f 4190 4608 4614
f 4190 4614 4189
f 4199 4185 4611
f 4611 4185 4186
f 4611 4186 4614
f 4614 4186 4187
f 4614 4187 4189
f 4243 4229 4231
f 4286 4287 4285
f 4285 4287 4258
f 4285 4258 4284
f 4284 4258 4301
f 4284 4301 4300
f 4256 4255 4242
f 4242 4255 4227
f 4242 4227 4243
f 4243 4227 4226
f 4243 4226 4229
f 4231 4233 4243
f 4243 4233 4215
f 4243 4215 4615
f 4615 4215 4219
f 4615 4219 4616
f 4616 4219 4302
f 4616 4302 4288
f 4288 4302 4284
f 4288 4284 4289
f 4300 4299 4284
f 4284 4299 4290
f 4284 4290 4289
f 4218 4220 4238
f 4617 4616 4288
f 4618 4303 4619
f 4619 4303 4304
f 4619 4304 4620
f 4243 4615 4245
f 4245 4615 4621
f 4245 4621 4246
f 4246 4621 4622
f 4246 4622 4257
f 4257 4622 4241
f 4304 4218 4620
f 4620 4218 4238
f 4620 4238 4622
f 4622 4238 4239
f 4622 4239 4241
f 4273 4303 4272
f 4272 4303 4618
f 4272 4618 4271
f 4271 4618 4623
f 4271 4623 4270
f 4288 4266 4617
f 4617 4266 4267
f 4617 4267 4623
f 4623 4267 4268
f 4623 4268 4270
f 4335 4321 4323
f 4378 4379 4377
f 4377 4379 4350
f 4377 4350 4376
f 4376 4350 4393
f 4376 4393 4392
f 4348 4347 4334
f 4334 4347 4319
f 4334 4319 4335
f 4335 4319 4318
f 4335 4318 4321
f 4323 4325 4335
f 4335 4325 4307
f 4335 4307 4624
f 4624 4307 4311
f 4624 4311 4625
f 4625 4311 4394
f 4625 4394 4380
f 4380 4394 4376
f 4380 4376 4381
f 4392 4391 4376
f 4376 4391 4382
f 4376 4382 4381
f 4310 4312 4330
f 4626 4625 4380
f 4627 4395 4628
f 4628 4395 4396
f 4628 4396 4629
f 4335 4624 4337
f 4337 4624 4630
f 4337 4630 4338
f 4338 4630 4631
f 4338 4631 4349
f 4349 4631 4333
f 4396 4310 4629
f 4629 4310 4330
f 4629 4330 4631
f 4631 4330 4331
f 4631 4331 4333
f 4365 4395 4364
f 4364 4395 4627
f 4364 4627 4363
f 4363 4627 4632
f 4363 4632 4362
f 4380 4358 4626
f 4626 4358 4359
f 4626 4359 4632
f 4632 4359 4360
f 4632 4360 4362
f 4440 4426 4428
f 4453 4452 4439
f 4439 4452 4424
f 4439 4424 4440
f 4440 4424 4423
f 4440 4423 4426
f 4428 4430 4440
f 4440 4430 4414
f 4440 4414 4633
f 4633 4414 4410
f 4633 4410 4634
f 4634 4410 4398
f 4634 4398 4475
f 4475 4398 4397
f 4475 4397 4476
f 4473 4474 4472
f 4472 4474 4455
f 4472 4455 4397
f 4397 4455 4488
f 4397 4488 4487
f 4487 4486 4397
f 4397 4486 4477
f 4397 4477 4476
f 4411 4417 4435
f 4635 4399 4636
f 4636 4399 4409
f 4636 4409 4637
f 4638 4634 4475
f 4440 4633 4442
f 4442 4633 4639
f 4442 4639 4443
f 4443 4639 4640
f 4443 4640 4454
f 4454 4640 4438
f 4409 4411 4637
f 4637 4411 4435
f 4637 4435 4640
f 4640 4435 4436
f 4640 4436 4438
f 4400 4399 4467
f 4467 4399 4635
f 4467 4635 4466
f 4466 4635 4641
f 4466 4641 4465
f 4475 4461 4638
f 4638 4461 4462
f 4638 4462 4641
f 4641 4462 4463
f 4641 4463 4465
f 4491 4492 4642
f 4643 4644 4645
f 4645 4644 4642
f 4503 4489 4646
f 4646 4489 4490
f 4646 4490 4647
f 4647 4490 4648
f 4490 4491 4648
f 4648 4491 4642
f 4648 4642 4649
f 4649 4642 4650
f 4649 4650 4651
f 4651 4650 4652
f 4651 4652 4653
f 4653 4652 4654
f 4653 4654 4655
f 4655 4654 4656
f 4655 4656 4657
f 4657 4656 4658
f 4657 4658 4659
f 4659 4658 4660
f 4646 4661 4503
f 4503 4661 4662
f 4503 4662 4502
f 4662 4663 4502
f 4502 4663 4664
f 4502 4664 4501
f 4501 4664 4665
f 4501 4665 4500
f 4500 4665 4666
f 4500 4666 4499
f 4499 4666 4667
f 4499 4667 4498
f 4498 4667 4668
f 4498 4668 4497
f 4497 4668 4669
f 4497 4669 4496
f 4496 4669 4670
f 4496 4670 4495
f 4495 4670 4645
f 4495 4645 4494
f 4494 4645 4642
f 4494 4642 4493
f 4493 4642 4492
f 4671 4672 4673
f 4673 4674 4671
f 4671 4674 4675
f 4671 4675 4676
f 4677 4678 4679
f 4679 4678 4676
f 4679 4676 4680
f 4680 4676 4675
f 4680 4675 4681
f 4681 4675 4682
f 4683 4684 4685
f 4685 4684 4686
f 4685 4686 4687
f 4687 4686 4688
f 4687 4688 4689
f 4689 4688 4690
f 4689 4690 4691
f 4691 4690 4692
f 4691 4692 4693
f 4693 4692 4694
f 4693 4694 4695
f 4695 4694 4696
f 4695 4696 4697
f 4697 4696 4698
f 4697 4698 4699
f 4699 4698 4700
f 4699 4700 4701
f 4701 4700 4702
f 4701 4702 4703
f 4703 4702 4704
f 4703 4704 4705
f 4705 4704 4706
f 4705 4706 4707
f 4707 4706 4708
f 4709 4710 4711
f 4711 4710 4712
f 4711 4712 4713
f 4714 4715 4716
f 4716 4715 4717
f 4716 4717 4718
f 4713 4718 4711
f 4711 4718 4717
f 4711 4717 4719
f 4719 4717 4720
f 4719 4720 4721
f 4720 4722 4721
f 4721 4722 4723
f 4721 4723 4724
f 4724 4723 4725
f 4724 4725 4726
f 4726 4725 4727
f 4726 4727 4728
f 4728 4727 4729
f 4730 4731 4732
f 4732 4731 4733
f 4732 4733 4734
f 4734 4733 4735
f 4736 4737 4738
f 4738 4739 4736
f 4736 4739 4740
f 4736 4740 4741
f 4742 4743 4744
f 4744 4743 4741
f 4744 4741 4745
f 4745 4741 4740
f 4745 4740 4746
f 4746 4740 4747
f 4507 4508 4748
f 4748 4508 4509
f 4748 4509 4749
f 4749 4509 4510
f 4749 4510 4750
f 4750 4510 4511
f 4750 4511 4751
f 4751 4511 4512
f 4751 4512 4752
f 4752 4512 4513
f 4752 4513 4753
f 4753 4513 4514
f 4753 4514 4754
f 4754 4514 4515
f 4754 4515 4755
f 4755 4515 4505
f 4755 4505 4756
f 4756 4505 4504
f 4756 4504 4757
f 4757 4504 4506
f 4757 4506 4758
f 4758 4506 4507
f 4758 4507 4748
f 4516 4521 4759
f 4760 4761 4762
f 4520 4763 4519
f 4519 4763 4759
f 4519 4759 4522
f 4522 4759 4521
f 4520 4518 4763
f 4763 4518 4517
f 4763 4517 4764
f 4765 4764 4766
f 4766 4764 4517
f 4766 4517 4762
f 4762 4517 4516
f 4762 4516 4760
f 4760 4516 4759
f 4767 4768 4769
f 4770 4771 4769
f 4769 4771 4772
f 4769 4772 4767
f 4773 4774 4775
f 4775 4774 4776
f 4775 4776 4777
f 4777 4776 4778
f 4777 4778 4779
f 4779 4778 4780
f 4779 4780 4781
f 4781 4780 4782
f 4781 4782 4783
f 4782 4784 4783
f 4783 4784 4785
f 4783 4785 4786
f 4786 4785 4787
f 4786 4787 4788
f 4789 4790 4791
f 4791 4790 4792
f 4791 4792 4793
f 4793 4792 4794
f 4793 4794 4795
f 4795 4794 4796
f 4795 4796 4797
f 4797 4796 4798
f 4797 4798 4770
f 4770 4798 4771
f 4767 4799 4768
f 4768 4799 4800
f 4768 4800 4801
f 4801 4800 4802
f 4801 4802 4803
f 4803 4802 4804
f 4803 4804 4805
f 4805 4804 4806
f 4805 4806 4807
f 4807 4806 4808
f 4807 4808 4809
f 4809 4808 4788
f 4809 4788 4810
f 4810 4788 4787
f 4811 4812 4813
f 4813 4814 4811
f 4811 4814 4815
f 4811 4815 4816
f 4817 4818 4819
f 4819 4818 4816
f 4819 4816 4820
f 4820 4816 4815
f 4820 4815 4821
f 4821 4815 4822
f 4526 4527 4823
f 4823 4527 4528
f 4823 4528 4824
f 4824 4528 4529
f 4824 4529 4825
f 4825 4529 4530
f 4825 4530 4826
f 4826 4530 4531
f 4826 4531 4827
f 4827 4531 4532
f 4827 4532 4828
f 4828 4532 4533
f 4828 4533 4829
f 4829 4533 4534
f 4829 4534 4830
f 4830 4534 4524
f 4830 4524 4831
f 4831 4524 4523
f 4831 4523 4832
f 4832 4523 4525
f 4832 4525 4833
f 4833 4525 4526
f 4833 4526 4823
f 4535 4540 4834
f 4835 4836 4837
f 4539 4838 4538
f 4538 4838 4834
f 4538 4834 4541
f 4541 4834 4540
f 4539 4537 4838
f 4838 4537 4536
f 4838 4536 4839
f 4840 4839 4841
f 4841 4839 4536
f 4841 4536 4837
f 4837 4536 4535
f 4837 4535 4835
f 4835 4535 4834
f 4842 4843 4844
f 4845 4846 4847
f 4552 4848 4551
f 4551 4848 4849
f 4551 4849 4550
f 4550 4849 4850
f 4550 4850 4549
f 4549 4850 4842
f 4549 4842 4548
f 4548 4842 4844
f 4548 4844 4547
f 4851 4852 4853
f 4853 4852 4854
f 4853 4854 4855
f 4856 4857 4858
f 4858 4857 4859
f 4858 4859 4860
f 4860 4859 4861
f 4860 4861 4862
f 4862 4861 4863
f 4862 4863 4864
f 4864 4863 4865
f 4864 4865 4851
f 4851 4865 4866
f 4851 4866 4852
f 4867 4868 4869
f 4869 4868 4870
f 4869 4870 4871
f 4871 4870 4872
f 4871 4872 4873
f 4873 4872 4874
f 4873 4874 4875
f 4858 4876 4856
f 4856 4876 4877
f 4856 4877 4878
f 4878 4877 4879
f 4878 4879 4880
f 4880 4879 4881
f 4880 4881 4882
f 4882 4881 4883
f 4882 4883 4884
f 4884 4883 4875
f 4884 4875 4885
f 4885 4875 4874
f 4844 4845 4547
f 4547 4845 4847
f 4547 4847 4546
f 4546 4847 4886
f 4546 4886 4545
f 4545 4886 4853
f 4545 4853 4544
f 4544 4853 4855
f 4544 4855 4543
f 4543 4855 4887
f 4543 4887 4542
f 4542 4887 4888
f 4542 4888 4553
f 4553 4888 4889
f 4553 4889 4552
f 4552 4889 4890
f 4552 4890 4848
f 4869 4891 4867
f 4867 4891 4892
f 4867 4892 4893
f 4893 4892 4894
f 4893 4894 4895
f 4895 4894 4896
f 4895 4896 4897
f 4897 4896 4898
f 4897 4898 4899
f 4899 4898 4900
f 4899 4900 4901
f 4901 4900 4902
f 4901 4902 4903
f 4903 4902 4904
f 4903 4904 4905
f 4905 4904 4906
f 4905 4906 4907
f 4907 4906 4908
f 4907 4908 4909
f 4909 4908 4910
f 4909 4910 4911
f 4912 4913 4914
f 4914 4913 4909
f 4914 4909 4915
f 4911 4916 4909
f 4909 4916 4917
f 4909 4917 4915
f 4554 4556 4918
f 4918 4556 4919
f 4920 4919 4557
f 4557 4919 4556
f 4918 4921 4554
f 4554 4921 4555
f 4557 4555 4922
f 4922 4555 4923
f 4558 4560 4924
f 4924 4560 4925
f 4926 4925 4561
f 4561 4925 4560
f 4924 4927 4558
f 4558 4927 4559
f 4561 4559 4928
f 4928 4559 4929
f 4568 4565 4930
f 4565 4564 4930
f 4930 4564 4563
f 4930 4563 4931
f 4931 4563 4562
f 4931 4562 4932
f 4932 4562 4571
f 4932 4571 4933
f 4933 4571 4572
f 4933 4572 4934
f 4934 4572 4573
f 4934 4573 4935
f 4935 4573 4567
f 4935 4567 4936
f 4936 4567 4566
f 4936 4566 4937
f 4937 4566 4575
f 4937 4575 4938
f 4938 4575 4574
f 4938 4574 4939
f 4939 4574 4576
f 4939 4576 4940
f 4940 4576 4577
f 4940 4577 4941
f 4941 4577 4570
f 4941 4570 4942
f 4942 4570 4569
f 4942 4569 4943
f 4943 4569 4568
f 4943 4568 4944
f 4944 4568 4930
f 4581 4579 4945
f 4579 4578 4945
f 4945 4578 4591
f 4945 4591 4946
f 4946 4591 4589
f 4946 4589 4947
f 4947 4589 4588
f 4947 4588 4948
f 4948 4588 4590
f 4948 4590 4949
f 4949 4590 4592
f 4949 4592 4950
f 4950 4592 4593
f 4950 4593 4951
f 4951 4593 4580
f 4951 4580 4952
f 4952 4580 4583
f 4952 4583 4953
f 4953 4583 4582
f 4953 4582 4954
f 4954 4582 4585
f 4954 4585 4955
f 4955 4585 4584
f 4955 4584 4956
f 4956 4584 4586
f 4956 4586 4957
f 4957 4586 4587
f 4957 4587 4958
f 4958 4587 4581
f 4958 4581 4959
f 4959 4581 4945
f 4960 4961 4962
f 4962 4961 4963
f 4961 4964 4963
f 4963 4964 4965
f 4964 4966 4965
f 4965 4966 4967
f 4966 4968 4967
f 4967 4968 4969
f 4968 4970 4969
f 4969 4970 4971
f 4596 4972 4594
f 4594 4972 4973
f 4594 4973 4595
f 4595 4973 4974
f 4595 4974 4597
f 4597 4974 4975
f 4597 4975 4596
f 4596 4975 4972
f 4976 4977 4604
f 4604 4977 4602
f 4978 4979 4599
f 4599 4979 4601
f 4980 4978 4598
f 4598 4978 4599
f 4981 4980 4600
f 4600 4980 4598
f 4979 4981 4601
f 4601 4981 4600
f 4982 4983 4984
f 4984 4983 4985
f 4986 4987 4603
f 4603 4987 4605
f 4988 4989 4990
f 4990 4989 4991
f 4992 4976 4604
f 4616 4606 4615
f 4615 4606 4607
f 4611 4614 4993
f 4993 4614 4608
f 4633 4988 4639
f 4639 4988 4982
f 4984 4637 4982
f 4982 4637 4640
f 4982 4640 4639
f 4622 4621 4992
f 4992 4621 4615
f 4992 4615 4993
f 4993 4615 4607
f 4993 4607 4611
f 4613 4629 4610
f 4610 4629 4631
f 4610 4631 4630
f 4638 4641 4993
f 4993 4641 4635
f 4993 4635 4984
f 4984 4635 4636
f 4984 4636 4637
f 4623 4604 4617
f 4617 4604 4605
f 4617 4605 4989
f 4989 4605 4987
f 4623 4618 4604
f 4604 4618 4619
f 4604 4619 4992
f 4992 4619 4620
f 4992 4620 4622
f 4630 4624 4610
f 4610 4624 4993
f 4610 4993 4609
f 4609 4993 4608
f 4989 4628 4629
f 4638 4993 4634
f 4634 4993 4624
f 4634 4624 4633
f 4633 4624 4625
f 4633 4625 4988
f 4625 4626 4988
f 4988 4626 4632
f 4988 4632 4989
f 4989 4632 4627
f 4989 4627 4628
f 4613 4612 4629
f 4629 4612 4606
f 4629 4606 4989
f 4989 4606 4616
f 4989 4616 4617
f 4994 4995 4996
f 4996 4995 4997
f 4998 4994 4999
f 4999 4994 4996
f 5000 4998 5001
f 5001 4998 4999
f 5002 5000 5003
f 5003 5000 5001
f 5003 5004 5002
f 5002 5004 5005
f 4995 5006 4997
f 4997 5006 5007
f 4656 5008 5009
f 4656 5009 4658
f 4658 5009 5010
f 4658 5010 4660
f 5010 5011 4660
f 4660 5011 4659
f 4659 5011 5012
f 4659 5012 4657
f 4657 5012 5013
f 4657 5013 4655
f 4655 5013 5014
f 4655 5014 4653
f 4653 5014 5015
f 4653 5015 4651
f 4651 5015 5016
f 4651 5016 4649
f 4649 5016 5017
f 4649 5017 4648
f 5017 5018 4648
f 4648 5018 4647
f 4647 5018 5019
f 4647 5019 4646
f 4646 5019 5020
f 4646 5020 4661
f 4661 5020 5021
f 4661 5021 4662
f 4662 5021 5022
f 4662 5022 4663
f 4663 5022 5023
f 4663 5023 4664
f 4664 5023 5024
f 4664 5024 4665
f 4665 5024 5025
f 4665 5025 4666
f 4666 5025 5026
f 4666 5026 4667
f 4667 5026 5027
f 4667 5027 4668
f 4668 5027 5028
f 4668 5028 4669
f 4669 5028 5029
f 4669 5029 4670
f 4670 5029 5030
f 4670 5030 4645
f 5030 5031 4645
f 4645 5031 4643
f 5031 5032 4643
f 4643 5032 4644
f 5032 5033 4644
f 4644 5033 4642
f 4642 5033 5034
f 4642 5034 4650
f 4650 5034 5035
f 4650 5035 4652
f 4652 5035 5036
f 4652 5036 4654
f 4654 5036 5008
f 4654 5008 4656
f 5037 5038 4672
f 4672 5038 4673
f 5038 5039 4673
f 4673 5039 4674
f 5039 5040 4674
f 4674 5040 4675
f 5040 5041 4675
f 4675 5041 4682
f 5041 5042 4682
f 4682 5042 4681
f 5042 5043 4681
f 4681 5043 4680
f 5043 5044 4680
f 4680 5044 4679
f 5044 5045 4679
f 4679 5045 4677
f 5045 5046 4677
f 4677 5046 4678
f 5046 5047 4678
f 4678 5047 4676
f 5047 5048 4676
f 4676 5048 4671
f 5048 5037 4671
f 4671 5037 4672
f 4704 5049 5050
f 4704 5050 4706
f 4706 5050 5051
f 4706 5051 4708
f 5051 5052 4708
f 4708 5052 4707
f 4707 5052 5053
f 4707 5053 4705
f 4705 5053 5054
f 4705 5054 4703
f 4703 5054 5055
f 4703 5055 4701
f 4701 5055 5056
f 4701 5056 4699
f 4699 5056 5057
f 4699 5057 4697
f 4697 5057 5058
f 4697 5058 4695
f 4695 5058 5059
f 4695 5059 4693
f 4693 5059 5060
f 4693 5060 4691
f 4691 5060 5061
f 4691 5061 4689
f 4689 5061 5062
f 4689 5062 4687
f 4687 5062 5063
f 4687 5063 4685
f 4685 5063 5064
f 4685 5064 4683
f 5064 5065 4683
f 4683 5065 4684
f 4684 5065 5066
f 4684 5066 4686
f 4686 5066 5067
f 4686 5067 4688
f 4688 5067 5068
f 4688 5068 4690
f 4690 5068 5069
f 4690 5069 4692
f 4692 5069 5070
f 4692 5070 4694
f 4694 5070 5071
f 4694 5071 4696
f 4696 5071 5072
f 4696 5072 4698
f 4698 5072 5073
f 4698 5073 4700
f 4700 5073 5074
f 4700 5074 4702
f 4702 5074 5049
f 4702 5049 4704
f 5075 5076 4709
f 4709 5076 4710
f 5076 5077 4710
f 4710 5077 4712
f 5078 5079 4718
f 4718 4713 5078
f 5078 4713 4712
f 5078 4712 5077
f 5079 5080 4718
f 4718 5080 4716
f 5080 5081 4716
f 4716 5081 4714
f 5081 5082 4714
f 4714 5082 4715
f 5083 4717 5084
f 5084 4717 4715
f 5084 4715 5082
f 5083 5085 4717
f 4717 5085 4720
f 4720 5085 5086
f 4720 5086 4722
f 4722 5086 5087
f 4722 5087 4723
f 4723 5087 5088
f 4723 5088 4725
f 4725 5088 5089
f 4725 5089 4727
f 4727 5089 5090
f 4727 5090 4729
f 5090 5091 4729
f 4729 5091 4728
f 4728 5091 5092
f 4728 5092 4726
f 4726 5092 5093
f 4726 5093 4724
f 4724 5093 5094
f 4724 5094 4721
f 4721 5094 5095
f 4721 5095 4719
f 4719 5095 5096
f 4719 5096 4711
f 5096 5075 4711
f 4711 5075 4709
f 5097 5098 4735
f 4735 5098 4734
f 5098 5099 4734
f 4734 5099 4732
f 5099 5100 4732
f 4732 5100 4730
f 5100 5101 4730
f 4730 5101 4731
f 5101 5102 4731
f 4731 5102 4733
f 5102 5097 4733
f 4733 5097 4735
f 5103 5104 4737
f 4737 5104 4738
f 5105 4739 5106
f 5106 4739 4738
f 5106 4738 5104
f 5105 5107 4739
f 4739 5107 4740
f 4740 5107 4747
f 4747 5107 5108
f 4747 5108 5109
f 5109 5110 4747
f 4747 5110 4746
f 5111 4745 5112
f 5112 4745 4746
f 5112 4746 5110
f 5111 5113 4745
f 4745 5113 4744
f 5114 4742 5115
f 5115 4742 4744
f 5115 4744 5113
f 5114 5116 4742
f 4742 5116 4743
f 5117 4741 5118
f 5118 4741 4743
f 5118 4743 5116
f 5117 5119 4741
f 4741 5119 4736
f 5103 4737 5120
f 5120 4737 4736
f 5120 4736 5119
f 5121 5122 4754
f 4754 5122 4753
f 4753 5122 5123
f 4753 5123 4752
f 4752 5123 5124
f 4752 5124 4751
f 4751 5124 5125
f 4751 5125 4750
f 4750 5125 5126
f 4750 5126 4749
f 4749 5126 5127
f 4749 5127 4748
f 4748 5127 5128
f 4748 5128 4758
f 4758 5128 5129
f 4758 5129 4757
f 4757 5129 5130
f 4757 5130 4756
f 5130 5131 4756
f 4756 5131 4755
f 5131 5121 4755
f 4755 5121 4754
f 5132 5133 4764
f 4764 5133 4763
f 5133 5134 4763
f 4763 5134 4759
f 5134 5135 4759
f 4759 5135 4760
f 5135 5136 4760
f 4760 5136 4761
f 5136 5137 4761
f 4761 5137 4762
f 5138 4766 5139
f 5139 4766 4762
f 5139 4762 5137
f 5138 5140 4766
f 4766 5140 4765
f 5140 5132 4765
f 4765 5132 4764
f 4793 5141 5142
f 4793 5142 4791
f 4791 5142 5143
f 4791 5143 4789
f 5143 5144 4789
f 4789 5144 4790
f 4790 5144 5145
f 4790 5145 4792
f 4792 5145 5146
f 4792 5146 4794
f 4794 5146 5147
f 4794 5147 4796
f 4796 5147 5148
f 4796 5148 4798
f 4798 5148 5149
f 4798 5149 4771
f 4771 5149 5150
f 4771 5150 4772
f 4772 5150 5151
f 4772 5151 4767
f 4767 5151 5152
f 4767 5152 4799
f 4799 5152 5153
f 4799 5153 4800
f 4800 5153 5154
f 4800 5154 4802
f 4802 5154 5155
f 4802 5155 4804
f 4804 5155 5156
f 4804 5156 4806
f 4806 5156 5157
f 4806 5157 4808
f 4808 5157 5158
f 4808 5158 4788
f 4788 5158 5159
f 4788 5159 4786
f 4786 5159 5160
f 4786 5160 4783
f 4783 5160 5161
f 4783 5161 4781
f 4781 5161 5162
f 4781 5162 4779
f 4779 5162 5163
f 4779 5163 4777
f 4777 5163 5164
f 4777 5164 4775
f 4775 5164 5165
f 4775 5165 4773
f 5165 5166 4773
f 4773 5166 4774
f 4774 5166 5167
f 4774 5167 4776
f 4776 5167 5168
f 4776 5168 4778
f 4778 5168 5169
f 4778 5169 4780
f 4780 5169 5170
f 4780 5170 4782
f 4782 5170 5171
f 4782 5171 4784
f 4784 5171 5172
f 4784 5172 4785
f 4785 5172 5173
f 4785 5173 4787
f 4787 5173 5174
f 4787 5174 4810
f 4810 5174 5175
f 4810 5175 4809
f 4809 5175 5176
f 4809 5176 4807
f 4807 5176 5177
f 4807 5177 4805
f 4805 5177 5178
f 4805 5178 4803
f 4803 5178 5179
f 4803 5179 4801
f 4801 5179 5180
f 4801 5180 4768
f 4768 5180 5181
f 4768 5181 4769
f 4769 5181 5182
f 4769 5182 4770
f 4770 5182 5183
f 4770 5183 4797
f 4797 5183 5184
f 4797 5184 4795
f 4795 5184 5141
f 4795 5141 4793
f 5185 5186 4812
f 4812 5186 4813
f 5187 4814 5188
f 5188 4814 4813
f 5188 4813 5186
f 5187 5189 4814
f 4814 5189 4815
f 5190 4822 5191
f 5191 4822 4815
f 5191 4815 5189
f 5190 5192 4822
f 4822 5192 4821
f 5193 4820 5194
f 5194 4820 4821
f 5194 4821 5192
f 5193 5195 4820
f 4820 5195 4819
f 5196 4817 5197
f 5197 4817 4819
f 5197 4819 5195
f 5196 5198 4817
f 4817 5198 4818
f 5199 4816 5200
f 5200 4816 4818
f 5200 4818 5198
f 5199 5201 4816
f 4816 5201 4811
f 5185 4812 5202
f 5202 4812 4811
f 5202 4811 5201
f 5203 5204 4829
f 4829 5204 4828
f 4828 5204 5205
f 4828 5205 4827
f 4827 5205 5206
f 4827 5206 4826
f 4826 5206 5207
f 4826 5207 4825
f 4825 5207 5208
f 4825 5208 4824
f 4824 5208 5209
f 4824 5209 4823
f 4823 5209 5210
f 4823 5210 4833
f 4833 5210 5211
f 4833 5211 4832
f 4832 5211 5212
f 4832 5212 4831
f 5212 5213 4831
f 4831 5213 4830
f 5213 5203 4830
f 4830 5203 4829
f 5214 5215 4839
f 4839 5215 4838
f 5215 5216 4838
f 4838 5216 4834
f 5216 5217 4834
f 4834 5217 4835
f 5217 5218 4835
f 4835 5218 4836
f 5218 5219 4836
f 4836 5219 4837
f 5219 5220 4837
f 4837 5220 4841
f 5220 5221 4841
f 4841 5221 4840
f 5221 5214 4840
f 4840 5214 4839
f 4897 5222 5223
f 4897 5223 4895
f 4895 5223 5224
f 4895 5224 4893
f 4893 5224 5225
f 4893 5225 4867
f 4867 5225 5226
f 4867 5226 4868
f 4868 5226 5227
f 4868 5227 4870
f 4870 5227 5228
f 4870 5228 4872
f 4872 5228 5229
f 4872 5229 4874
f 4874 5229 5230
f 4874 5230 4885
f 4885 5230 5231
f 4885 5231 4884
f 4884 5231 5232
f 4884 5232 4882
f 4882 5232 5233
f 4882 5233 4880
f 4880 5233 5234
f 4880 5234 4878
f 4878 5234 5235
f 4878 5235 4856
f 4856 5235 5236
f 4856 5236 4857
f 4857 5236 5237
f 4857 5237 4859
f 4859 5237 5238
f 4859 5238 4861
f 4861 5238 5239
f 4861 5239 4863
f 4863 5239 5240
f 4863 5240 4865
f 4865 5240 5241
f 4865 5241 4866
f 4866 5241 5242
f 4866 5242 4852
f 4852 5242 5243
f 4852 5243 4854
f 4854 5243 5244
f 4854 5244 4855
f 4855 5244 5245
f 4855 5245 4887
f 4887 5245 5246
f 4887 5246 4888
f 4888 5246 5247
f 4888 5247 4889
f 4889 5247 5248
f 4889 5248 4890
f 4890 5248 5249
f 4890 5249 4848
f 4848 5249 5250
f 4848 5250 4849
f 5250 5251 4849
f 4849 5251 4850
f 5251 5252 4850
f 4850 5252 4842
f 5252 5253 4842
f 4842 5253 4843
f 5253 5254 4843
f 4843 5254 4844
f 4844 5254 5255
f 4844 5255 4845
f 4845 5255 5256
f 4845 5256 4846
f 4846 5256 5257
f 4846 5257 4847
f 4847 5257 5258
f 4847 5258 4886
f 4886 5258 5259
f 4886 5259 4853
f 4853 5259 5260
f 4853 5260 4851
f 4851 5260 5261
f 4851 5261 4864
f 4864 5261 5262
f 4864 5262 4862
f 4862 5262 5263
f 4862 5263 4860
f 5263 5264 4860
f 4860 5264 5265
f 4860 5265 4858
f 4858 5265 5266
f 4858 5266 4876
f 4876 5266 5267
f 4876 5267 4877
f 4877 5267 5268
f 4877 5268 4879
f 4879 5268 5269
f 4879 5269 4881
f 4881 5269 5270
f 4881 5270 4883
f 4883 5270 5271
f 4883 5271 4875
f 4875 5271 5272
f 4875 5272 4873
f 4873 5272 5273
f 4873 5273 4871
f 4871 5273 5274
f 4871 5274 4869
f 4869 5274 5275
f 4869 5275 4891
f 5275 5276 4891
f 4891 5276 4892
f 4892 5276 4894
f 4894 5276 5277
f 4894 5277 4896
f 4896 5277 5278
f 4896 5278 4898
f 4898 5278 5279
f 4898 5279 5280
f 4898 5280 4900
f 4900 5280 5281
f 4900 5281 4902
f 4902 5281 5282
f 4902 5282 4904
f 4904 5282 5283
f 4904 5283 4906
f 5283 5284 4906
f 4906 5284 4908
f 4908 5284 5285
f 4908 5285 4910
f 4910 5285 5286
f 4910 5286 4911
f 4911 5286 5287
f 4911 5287 4916
f 4916 5287 5288
f 4916 5288 4917
f 4917 5288 5289
f 4917 5289 4915
f 4915 5289 5290
f 4915 5290 4914
f 4914 5290 5291
f 4914 5291 4912
f 4912 5291 5292
f 4912 5292 4913
f 4913 5292 5293
f 4913 5293 4909
f 4909 5293 5294
f 4909 5294 4907
f 5294 5295 4907
f 4907 5295 4905
f 4905 5295 5296
f 4905 5296 4903
f 4903 5296 5297
f 4903 5297 4901
f 4901 5297 5298
f 4901 5298 4899
f 4899 5298 5222
f 4899 5222 4897
f 4919 4920 4918
f 4918 4920 4921
f 4920 4557 5299
f 5299 4557 4922
f 4555 4921 4923
f 4923 4921 5300
f 4925 4926 4924
f 4924 4926 4927
f 4926 4561 5301
f 5301 4561 4928
f 4559 4927 4929
f 4929 4927 5302
f 5303 4938 5304
f 5304 4938 4939
f 5304 4939 5305
f 5305 4939 4940
f 5305 4940 5306
f 5306 4940 4941
f 5306 4941 5307
f 5307 4941 4942
f 5307 4942 5308
f 5308 4942 4943
f 5308 4943 5309
f 5309 4943 4944
f 5309 4944 5310
f 5310 4944 4930
f 5310 4930 5311
f 5311 4930 4931
f 5311 4931 5312
f 5312 4931 4932
f 5312 4932 5313
f 5313 4932 4933
f 5313 4933 5314
f 5314 4933 4934
f 5314 4934 5315
f 5315 4934 4935
f 5315 4935 5316
f 5316 4935 4936
f 5316 4936 5317
f 5317 4936 4937
f 5317 4937 5303
f 5303 4937 4938
f 5318 4953 5319
f 5319 4953 4954
f 5319 4954 5320
f 5320 4954 4955
f 5320 4955 5321
f 5321 4955 4956
f 5321 4956 5322
f 5322 4956 4957
f 5322 4957 5323
f 5323 4957 4958
f 5323 4958 5324
f 5324 4958 4959
f 5324 4959 5325
f 5325 4959 4945
f 5325 4945 5326
f 5326 4945 4946
f 5326 4946 5327
f 5327 4946 4947
f 5327 4947 5328
f 5328 4947 4948
f 5328 4948 5329
f 5329 4948 4949
f 5329 4949 5330
f 5330 4949 4950
f 5330 4950 5331
f 5331 4950 4951
f 5331 4951 5332
f 5332 4951 4952
f 5332 4952 5318
f 5318 4952 4953
f 4962 5333 4960
f 4960 5333 5334
f 4961 4960 4964
f 4964 4960 5334
f 4964 5334 4966
f 4966 5334 5335
f 4966 5335 4968
f 4968 5335 4970
f 4970 5335 4971
f 4971 5335 5336
f 4969 4971 4967
f 4967 4971 5336
f 4967 5336 4965
f 4965 5336 5333
f 4965 5333 4963
f 4963 5333 4962
f 5337 5338 4974
f 4974 5338 4975
f 5339 5337 4973
f 4973 5337 4974
f 5340 5339 4972
f 4972 5339 4973
f 5338 5340 4975
f 4975 5340 4972
f 4977 4976 5341
f 5341 4976 4992
f 4980 4993 4978
f 4978 4993 5342
f 4978 5342 4979
f 4979 5342 5341
f 4979 5341 4981
f 4981 5341 4992
f 4981 4992 4980
f 4980 4992 4993
f 4993 4984 5342
f 5342 4984 4985
f 4990 4983 4988
f 4988 4983 4982
f 4987 4986 4989
f 4989 4986 4991
f 5003 5001 5004
f 5004 5001 4999
f 4997 5007 4996
f 4996 5007 5343
f 4996 5343 4999
f 4999 5343 5344
f 4999 5344 5004
f 4998 5000 5002
f 5006 4995 5345
f 5345 4995 4994
f 5345 4994 5346
f 5346 4994 4998
f 5346 4998 5005
f 5005 4998 5002
f 5006 5345 5007
f 5007 5345 5343
f 5004 5344 5347
f 5347 5344 5348
f 5349 5346 5350
f 5350 5346 5005
f 5351 5352 5353
f 5148 5147 5354
f 5082 5081 5355
f 5356 5357 5358
f 5359 5356 5360
f 5247 5246 5361
f 5361 5246 5362
f 5362 5246 5245
f 5362 5245 5363
f 5363 5245 5244
f 5363 5244 5364
f 5364 5244 5243
f 5364 5243 5242
f 5242 5241 5364
f 5364 5241 5240
f 5364 5240 5365
f 5365 5240 5239
f 5365 5239 5366
f 5366 5239 5238
f 5366 5238 5237
f 5236 5235 5231
f 5231 5235 5232
f 5232 5235 5234
f 5232 5234 5233
f 5367 5349 5350
f 5237 5236 5366
f 5366 5236 5231
f 5366 5231 5350
f 5350 5231 5230
f 5350 5230 5367
f 5367 5230 5229
f 5367 5229 5228
f 5368 5369 5349
f 5030 5029 5031
f 5031 5029 5028
f 5031 5028 5027
f 5032 5370 5033
f 5033 5370 5371
f 5033 5371 5034
f 5034 5371 5035
f 5017 5016 5018
f 5018 5016 5015
f 5372 5010 5009
f 5021 5020 5011
f 5011 5020 5019
f 5011 5019 5012
f 5012 5019 5018
f 5012 5018 5013
f 5013 5018 5015
f 5013 5015 5014
f 5024 5023 5373
f 5373 5023 5022
f 5373 5022 5021
f 5009 5008 5371
f 5371 5008 5036
f 5371 5036 5035
f 5032 5031 5370
f 5370 5031 5027
f 5370 5027 5374
f 5374 5027 5026
f 5374 5026 5373
f 5373 5026 5025
f 5373 5025 5024
f 5050 5049 5371
f 5009 5371 5372
f 5372 5371 5049
f 5372 5049 5074
f 5050 5371 5051
f 5051 5371 5375
f 5051 5375 5052
f 5064 5376 5065
f 5065 5376 5377
f 5065 5377 5066
f 5061 5060 5062
f 5062 5060 5059
f 5059 5058 5062
f 5062 5058 5057
f 5062 5057 5056
f 5066 5378 5067
f 5067 5378 5379
f 5067 5379 5068
f 5074 5073 5372
f 5372 5073 5072
f 5372 5072 5380
f 5380 5072 5071
f 5380 5071 5381
f 5381 5071 5070
f 5381 5070 5379
f 5379 5070 5069
f 5379 5069 5068
f 5096 5095 5360
f 5360 5095 5382
f 5360 5382 5359
f 5359 5382 5383
f 5359 5383 5384
f 5384 5383 5385
f 5384 5385 5386
f 5386 5385 5387
f 5386 5387 5388
f 5389 5202 5201
f 5199 5075 5201
f 5201 5075 5096
f 5201 5096 5389
f 5079 5078 5080
f 5080 5078 5077
f 5080 5077 5081
f 5081 5077 5076
f 5081 5076 5355
f 5383 5091 5090
f 5095 5094 5382
f 5382 5094 5093
f 5382 5093 5383
f 5383 5093 5092
f 5383 5092 5091
f 5086 5085 5087
f 5087 5085 5390
f 5087 5390 5088
f 5119 5117 5376
f 5376 5117 5391
f 5120 5119 5375
f 5375 5119 5376
f 5375 5376 5052
f 5052 5376 5064
f 5052 5064 5053
f 5053 5064 5063
f 5053 5063 5054
f 5054 5063 5062
f 5054 5062 5055
f 5055 5062 5056
f 5117 5118 5391
f 5391 5118 5116
f 5391 5116 5392
f 5392 5116 5114
f 5109 5392 5110
f 5110 5392 5114
f 5110 5114 5112
f 5104 5103 5355
f 5355 5103 5393
f 5355 5393 5082
f 5082 5393 5354
f 5082 5354 5084
f 5084 5354 5390
f 5084 5390 5083
f 5083 5390 5085
f 5109 5108 5106
f 5106 5108 5107
f 5106 5107 5105
f 5114 5115 5112
f 5112 5115 5113
f 5112 5113 5111
f 5133 5132 5394
f 5138 5139 5140
f 5140 5139 5395
f 5140 5395 5132
f 5135 5396 5136
f 5136 5396 5395
f 5136 5395 5137
f 5137 5395 5139
f 5176 5143 5177
f 5177 5143 5142
f 5177 5142 5178
f 5183 5182 5184
f 5184 5182 5181
f 5142 5141 5178
f 5178 5141 5184
f 5178 5184 5179
f 5179 5184 5181
f 5179 5181 5180
f 5143 5370 5144
f 5144 5370 5397
f 5144 5397 5145
f 5176 5175 5143
f 5143 5175 5174
f 5143 5174 5370
f 5370 5174 5173
f 5370 5173 5371
f 5146 5385 5147
f 5147 5385 5383
f 5147 5383 5354
f 5354 5383 5090
f 5354 5090 5390
f 5390 5090 5089
f 5390 5089 5088
f 5173 5172 5371
f 5371 5172 5171
f 5371 5171 5375
f 5375 5171 5170
f 5375 5170 5169
f 5169 5168 5375
f 5375 5168 5393
f 5375 5393 5120
f 5120 5393 5103
f 5150 5149 5354
f 5354 5149 5148
f 5154 5153 5165
f 5165 5153 5152
f 5165 5152 5151
f 5168 5167 5393
f 5393 5167 5166
f 5393 5166 5354
f 5354 5166 5165
f 5354 5165 5150
f 5150 5165 5151
f 5154 5165 5155
f 5155 5165 5164
f 5155 5164 5156
f 5164 5163 5156
f 5156 5163 5162
f 5156 5162 5161
f 5158 5157 5159
f 5159 5157 5156
f 5159 5156 5160
f 5160 5156 5161
f 5076 5075 5355
f 5355 5075 5199
f 5355 5199 5396
f 5396 5199 5200
f 5396 5200 5395
f 5190 5398 5192
f 5192 5398 5395
f 5200 5198 5395
f 5395 5198 5196
f 5395 5196 5192
f 5192 5196 5194
f 5202 5389 5185
f 5185 5389 5398
f 5185 5398 5186
f 5186 5398 5190
f 5186 5190 5188
f 5190 5191 5188
f 5188 5191 5189
f 5188 5189 5187
f 5196 5197 5194
f 5194 5197 5195
f 5194 5195 5193
f 5255 5254 5253
f 5258 5257 5263
f 5263 5257 5256
f 5248 5291 5249
f 5249 5291 5290
f 5287 5252 5288
f 5288 5252 5251
f 5288 5251 5289
f 5260 5259 5261
f 5261 5259 5258
f 5261 5258 5262
f 5262 5258 5263
f 5399 5222 5400
f 5400 5222 5298
f 5289 5251 5290
f 5290 5251 5250
f 5290 5250 5249
f 5294 5293 5248
f 5248 5293 5292
f 5248 5292 5291
f 5287 5286 5252
f 5252 5286 5285
f 5252 5285 5284
f 5298 5297 5400
f 5400 5297 5296
f 5400 5296 5295
f 5284 5283 5252
f 5252 5283 5282
f 5252 5282 5281
f 5278 5253 5279
f 5279 5253 5252
f 5279 5252 5280
f 5280 5252 5281
f 5226 5225 5224
f 5227 5226 5401
f 5401 5226 5224
f 5401 5224 5399
f 5399 5224 5223
f 5399 5223 5222
f 5361 5402 5247
f 5247 5402 5400
f 5247 5400 5248
f 5248 5400 5295
f 5248 5295 5294
f 5271 5270 5269
f 5275 5278 5276
f 5276 5278 5277
f 5274 5273 5275
f 5275 5273 5272
f 5263 5269 5268
f 5272 5271 5275
f 5275 5271 5269
f 5275 5269 5278
f 5278 5269 5263
f 5278 5263 5253
f 5253 5263 5256
f 5253 5256 5255
f 5265 5264 5266
f 5266 5264 5263
f 5266 5263 5267
f 5267 5263 5268
f 5403 5352 5404
f 5404 5352 5351
f 5404 5351 5405
f 5405 5351 5406
f 5218 5217 5407
f 5221 5220 5219
f 5407 5217 5394
f 5394 5217 5216
f 5394 5216 5215
f 5219 5218 5221
f 5221 5218 5407
f 5221 5407 5214
f 5214 5407 5406
f 5214 5406 5215
f 5215 5406 5351
f 5215 5351 5394
f 5394 5351 5353
f 5394 5353 5133
f 5133 5353 5408
f 5133 5408 5134
f 5211 5210 5394
f 5210 5209 5394
f 5394 5209 5208
f 5394 5208 5407
f 5407 5208 5207
f 5407 5207 5206
f 5132 5395 5394
f 5394 5395 5212
f 5394 5212 5211
f 5206 5205 5407
f 5407 5205 5204
f 5407 5204 5398
f 5398 5204 5203
f 5398 5203 5395
f 5395 5203 5213
f 5395 5213 5212
f 5356 5358 5360
f 5360 5358 5409
f 5360 5409 5410
f 5410 5409 5411
f 5410 5411 5412
f 5412 5411 5413
f 5412 5413 5414
f 5414 5413 5415
f 5414 5415 5416
f 5096 5360 5389
f 5389 5360 5410
f 5389 5410 5398
f 5398 5410 5412
f 5398 5412 5407
f 5407 5412 5414
f 5407 5414 5406
f 5406 5414 5416
f 5406 5416 5405
f 5106 5104 5109
f 5109 5104 5355
f 5109 5355 5392
f 5392 5355 5121
f 5128 5127 5417
f 5417 5127 5126
f 5134 5408 5135
f 5135 5408 5417
f 5135 5417 5396
f 5396 5417 5126
f 5396 5126 5125
f 5121 5131 5392
f 5392 5131 5130
f 5392 5130 5417
f 5417 5130 5129
f 5417 5129 5128
f 5125 5124 5396
f 5396 5124 5123
f 5396 5123 5355
f 5355 5123 5122
f 5355 5122 5121
f 5418 5388 5374
f 5374 5388 5387
f 5374 5387 5370
f 5370 5387 5385
f 5370 5385 5397
f 5397 5385 5146
f 5397 5146 5145
f 5066 5377 5378
f 5378 5377 5376
f 5378 5376 5419
f 5419 5376 5391
f 5419 5391 5420
f 5420 5391 5392
f 5420 5392 5421
f 5421 5392 5417
f 5421 5417 5422
f 5422 5417 5408
f 5422 5408 5423
f 5423 5408 5353
f 5423 5353 5424
f 5424 5353 5352
f 5424 5352 5425
f 5425 5352 5403
f 5425 5403 5426
f 5373 5427 5374
f 5374 5427 5428
f 5374 5428 5418
f 5418 5428 5429
f 5400 5048 5399
f 5399 5048 5047
f 5399 5047 5380
f 5380 5047 5046
f 5380 5046 5045
f 5044 5043 5045
f 5045 5043 5042
f 5038 5037 5427
f 5040 5039 5041
f 5041 5039 5038
f 5361 5429 5402
f 5402 5429 5428
f 5402 5428 5400
f 5400 5428 5427
f 5400 5427 5048
f 5048 5427 5037
f 5011 5010 5021
f 5021 5010 5372
f 5021 5372 5373
f 5373 5372 5380
f 5373 5380 5427
f 5427 5380 5045
f 5427 5045 5038
f 5038 5045 5042
f 5038 5042 5041
f 5100 5381 5401
f 5100 5099 5381
f 5381 5099 5098
f 5381 5098 5380
f 5380 5098 5097
f 5380 5097 5399
f 5399 5097 5102
f 5399 5102 5401
f 5401 5102 5101
f 5401 5101 5100
f 5378 5430 5379
f 5379 5430 5431
f 5379 5431 5381
f 5381 5431 5367
f 5381 5367 5401
f 5401 5367 5228
f 5401 5228 5227
f 5349 5367 5368
f 5368 5367 5431
f 5368 5431 5432
f 5432 5431 5430
f 5432 5430 5433
f 5433 5430 5378
f 5433 5378 5434
f 5434 5378 5419
f 5434 5419 5435
f 5435 5419 5420
f 5435 5420 5436
f 5436 5420 5421
f 5436 5421 5437
f 5437 5421 5422
f 5437 5422 5438
f 5438 5422 5423
f 5438 5423 5439
f 5439 5423 5424
f 5439 5424 5440
f 5440 5424 5425
f 5440 5425 5441
f 5441 5425 5426
f 5441 5426 5442
f 5357 5356 5443
f 5443 5356 5444
f 4921 4920 5300
f 5300 4920 5299
f 4927 4926 5302
f 5302 4926 5301
f 5320 5321 5310
f 5323 5324 5415
f 5415 5324 5325
f 5415 5325 5445
f 5445 5325 5326
f 5445 5326 5327
f 5314 5315 5443
f 5443 5315 5316
f 5316 5317 5443
f 5443 5317 5303
f 5443 5303 5357
f 5327 5328 5445
f 5445 5328 5329
f 5445 5329 5443
f 5443 5329 5330
f 5443 5330 5331
f 5314 5443 5313
f 5313 5443 5331
f 5313 5331 5312
f 5312 5331 5332
f 5312 5332 5311
f 5311 5332 5318
f 5311 5318 5310
f 5310 5318 5319
f 5310 5319 5320
f 5411 5307 5413
f 5413 5307 5308
f 5413 5308 5309
f 5409 5305 5411
f 5411 5305 5306
f 5411 5306 5307
f 5303 5304 5357
f 5357 5304 5305
f 5357 5305 5358
f 5358 5305 5409
f 5309 5310 5413
f 5413 5310 5321
f 5413 5321 5415
f 5415 5321 5322
f 5415 5322 5323
f 5334 5333 5446
f 5446 5333 5445
f 5445 5333 5336
f 5445 5336 5335
f 5404 5445 5403
f 5403 5445 5335
f 5403 5335 5426
f 5426 5335 5334
f 5426 5334 5442
f 5442 5334 5446
f 5404 5405 5445
f 5445 5405 5416
f 5445 5416 5415
f 4603 4602 4986
f 4986 4602 4977
f 5447 5338 5337
f 5338 5447 5340
f 5340 5447 5369
f 5340 5369 5339
f 5339 4983 5337
f 5337 4983 4990
f 5337 4990 4991
f 4985 5441 5342
f 5342 5441 5442
f 5342 5442 5341
f 5341 5442 5446
f 5341 5446 4977
f 5446 5447 4977
f 4977 5447 5337
f 4977 5337 4986
f 4986 5337 4991
f 5369 5368 5339
f 5339 5368 5432
f 5339 5432 5433
f 5433 5434 5339
f 5339 5434 5435
f 5339 5435 5436
f 5436 5437 5339
f 5339 5437 5438
f 5339 5438 4983
f 4983 5438 5439
f 4983 5439 4985
f 4985 5439 5440
f 4985 5440 5441
f 5346 5349 5345
f 5345 5349 5369
f 5345 5369 5343
f 5343 5369 5447
f 5343 5447 5344
f 5344 5447 5348
f 5362 5363 5448
f 5448 5363 5364
f 5350 5005 5448
f 5448 5005 5004
f 5448 5004 5347
f 5364 5365 5448
f 5448 5365 5366
f 5448 5366 5350
f 5301 5362 5302
f 5302 5362 5448
f 5302 5448 4929
f 4929 5448 5444
f 4929 5444 4928
f 5299 5356 5300
f 5300 5356 5359
f 5300 5359 5384
f 5384 5386 5300
f 5300 5386 5388
f 5300 5388 5418
f 5444 5356 4928
f 4928 5356 5299
f 4928 5299 5301
f 5301 5299 4922
f 5301 4922 5362
f 5362 4922 4923
f 5362 4923 5361
f 5361 4923 5300
f 5361 5300 5429
f 5429 5300 5418
f 5445 5443 5446
f 5446 5443 5444
f 5348 5447 5347
f 5347 5447 5446
f 5347 5446 5448
f 5448 5446 5444
f 5449 5450 5451
f 5451 5450 5452
f 5453 5454 5455
f 5455 5454 5456
f 5457 5458 5459
f 5457 5459 5460
f 5459 5461 5460
f 5460 5461 5462
f 5460 5462 5463
f 5463 5462 5464
f 5463 5464 5465
f 5466 5456 5467
f 5467 5456 5454
f 5454 5468 5467
f 5467 5468 5469
f 5467 5469 5470
f 5451 5471 5449
f 5472 5473 5474
f 5472 5474 5475
f 5475 5474 5476
f 5475 5476 5477
f 5477 5476 5478
f 5478 5476 5466
f 5478 5466 5467
f 5479 5480 5481
f 5481 5480 5482
f 5450 5483 5452
f 5484 5485 5486
f 5486 5485 5487
f 5450 5449 5488
f 5488 5449 5486
f 5488 5486 5489
f 5489 5486 5487
f 5451 5452 5490
f 5490 5452 5491
f 5492 5493 5494
f 5494 5493 5490
f 5494 5490 5495
f 5495 5490 5491
f 5495 5491 5496
f 5496 5491 5497
f 5498 5499 5500
f 5500 5499 5458
f 5499 5501 5458
f 5458 5501 5502
f 5458 5502 5459
f 5503 5504 5505
f 5505 5504 5506
f 5505 5506 5507
f 5507 5506 5508
f 5507 5508 5509
f 5509 5508 5510
f 5511 5512 5513
f 5513 5512 5509
f 5513 5509 5514
f 5514 5509 5510
f 5515 5516 5517
f 5517 5516 5518
f 5516 5519 5518
f 5518 5519 5520
f 5518 5520 5521
f 5521 5520 5522
f 5521 5522 5523
f 5523 5522 5524
f 5523 5524 5525
f 5525 5524 5526
f 5527 5487 5528
f 5528 5487 5529
f 5530 5531 5485
f 5532 5533 5528
f 5528 5533 5534
f 5535 5536 5537
f 5537 5536 5480
f 5537 5480 5528
f 5528 5480 5479
f 5528 5479 5532
f 5538 5539 5540
f 5540 5539 5469
f 5540 5469 5468
f 5453 5541 5542
f 5485 5531 5487
f 5487 5531 5543
f 5487 5543 5529
f 5468 5454 5540
f 5540 5454 5453
f 5540 5453 5544
f 5544 5453 5542
f 5534 5545 5528
f 5528 5545 5546
f 5528 5546 5527
f 5547 5538 5548
f 5548 5538 5540
f 5548 5540 5485
f 5485 5540 5549
f 5485 5549 5530
f 5550 5551 5552
f 5552 5551 5553
f 5554 5555 5556
f 5556 5555 5557
f 5558 5559 5560
f 5560 5559 5561
f 5560 5561 5562
f 5562 5561 5563
f 5562 5563 5564
f 5564 5563 5565
f 5566 5567 5568
f 5568 5567 5569
f 5568 5569 5570
f 5570 5569 5571
f 5570 5571 5554
f 5554 5571 5555
f 5572 5573 5558
f 5558 5573 5559
f 5574 5575 5576
f 5576 5575 5577
f 5501 5578 5502
f 5502 5578 5579
f 5580 5581 5582
f 5583 5584 5585
f 5585 5584 5586
f 5580 5582 5587
f 5586 5588 5585
f 5585 5588 5582
f 5585 5582 5589
f 5589 5582 5581
f 5501 5585 5578
f 5578 5585 5590
f 5591 5592 5593
f 5593 5592 5578
f 5593 5578 5594
f 5594 5578 5590
f 5595 5596 5597
f 5597 5596 5583
f 5597 5583 5498
f 5498 5583 5585
f 5498 5585 5499
f 5499 5585 5501
f 5598 5599 5582
f 5582 5599 5600
f 5582 5600 5587
f 5582 5588 5601
f 5601 5588 5602
f 5603 5604 5605
f 5605 5604 5606
f 5605 5606 5607
f 5607 5606 5608
f 5607 5608 5609
f 5609 5608 5610
f 5609 5610 5611
f 5611 5610 5612
f 5611 5612 5613
f 5613 5612 5614
f 5613 5614 5615
f 5615 5614 5616
f 5615 5616 5617
f 5617 5616 5618
f 5617 5618 5619
f 5619 5618 5620
f 5619 5620 5621
f 5621 5620 5622
f 5621 5622 5623
f 5623 5622 5624
f 5623 5624 5625
f 5625 5624 5626
f 5625 5626 5603
f 5603 5626 5604
f 5627 5628 5629
f 5629 5628 5630
f 5629 5630 5631
f 5631 5630 5632
f 5631 5632 5633
f 5633 5632 5634
f 5633 5634 5635
f 5635 5634 5636
f 5635 5636 5637
f 5637 5636 5638
f 5637 5638 5639
f 5639 5638 5640
f 5639 5640 5641
f 5641 5640 5642
f 5641 5642 5643
f 5643 5642 5644
f 5643 5644 5645
f 5645 5644 5646
f 5645 5646 5647
f 5647 5646 5648
f 5647 5648 5649
f 5649 5648 5650
f 5649 5650 5627
f 5627 5650 5628
f 5651 5652 5653
f 5653 5652 5654
f 5653 5654 5655
f 5655 5654 5656
f 5655 5656 5657
f 5657 5656 5658
f 5657 5658 5659
f 5659 5658 5660
f 5659 5660 5661
f 5661 5660 5662
f 5661 5662 5663
f 5663 5662 5664
f 5663 5664 5665
f 5665 5664 5666
f 5665 5666 5667
f 5667 5666 5668
f 5667 5668 5669
f 5669 5668 5670
f 5669 5670 5671
f 5671 5670 5672
f 5671 5672 5673
f 5673 5672 5674
f 5673 5674 5651
f 5651 5674 5652
f 5675 5676 5677
f 5677 5676 5678
f 5677 5678 5679
f 5679 5678 5680
f 5679 5680 5681
f 5681 5680 5682
f 5681 5682 5683
f 5683 5682 5684
f 5683 5684 5685
f 5685 5684 5686
f 5685 5686 5687
f 5687 5686 5688
f 5687 5688 5689
f 5689 5688 5690
f 5689 5690 5691
f 5691 5690 5692
f 5691 5692 5693
f 5693 5692 5694
f 5693 5694 5695
f 5695 5694 5696
f 5695 5696 5697
f 5697 5696 5698
f 5697 5698 5675
f 5675 5698 5676
f 5699 5700 5701
f 5701 5700 5702
f 5703 5704 5705
f 5705 5704 5706
f 5707 5465 5708
f 5708 5465 5464
f 5539 5709 5469
f 5469 5709 5470
f 5485 5484 5710
f 5485 5710 5548
f 5548 5710 5711
f 5548 5711 5547
f 5547 5711 5712
f 5547 5712 5538
f 5538 5712 5709
f 5538 5709 5539
f 5471 5713 5449
f 5449 5713 5486
f 5714 5471 5490
f 5490 5471 5451
f 5494 5715 5716
f 5494 5716 5492
f 5492 5716 5717
f 5492 5717 5493
f 5493 5717 5714
f 5493 5714 5490
f 5718 5473 5719
f 5719 5473 5472
f 5533 5532 5720
f 5720 5532 5721
f 5532 5479 5721
f 5721 5479 5481
f 5721 5481 5722
f 5723 5724 5725
f 5725 5724 5726
f 5727 5706 5728
f 5728 5706 5704
f 5704 5729 5728
f 5728 5729 5730
f 5728 5730 5731
f 5491 5732 5733
f 5491 5733 5497
f 5497 5733 5734
f 5497 5734 5496
f 5496 5734 5735
f 5496 5735 5495
f 5491 5452 5732
f 5732 5452 5483
f 5450 5488 5483
f 5483 5488 5736
f 5489 5487 5527
f 5489 5527 5737
f 5737 5527 5546
f 5737 5546 5738
f 5738 5546 5545
f 5738 5545 5739
f 5739 5545 5534
f 5739 5534 5740
f 5533 5720 5534
f 5534 5720 5740
f 5735 5715 5495
f 5495 5715 5494
f 5741 5742 5743
f 5743 5742 5744
f 5744 5745 5743
f 5743 5745 5746
f 5743 5746 5747
f 5552 5748 5749
f 5750 5751 5752
f 5752 5751 5753
f 5752 5753 5749
f 5749 5753 5550
f 5749 5550 5552
f 5754 5755 5756
f 5754 5756 5757
f 5757 5756 5758
f 5757 5758 5759
f 5760 5761 5556
f 5551 5550 5556
f 5761 5762 5556
f 5556 5762 5575
f 5556 5575 5574
f 5574 5763 5764
f 5765 5766 5767
f 5767 5766 5551
f 5767 5551 5768
f 5768 5551 5556
f 5769 5770 5771
f 5771 5770 5760
f 5771 5760 5751
f 5751 5760 5556
f 5751 5556 5753
f 5753 5556 5550
f 5764 5772 5574
f 5574 5772 5773
f 5574 5773 5556
f 5556 5773 5572
f 5556 5572 5558
f 5774 5556 5564
f 5564 5556 5558
f 5564 5558 5562
f 5562 5558 5560
f 5568 5570 5566
f 5566 5570 5554
f 5566 5554 5775
f 5775 5554 5556
f 5775 5556 5776
f 5776 5556 5774
f 5777 5577 5778
f 5778 5577 5575
f 5575 5762 5778
f 5778 5762 5761
f 5778 5761 5779
f 5512 5511 5780
f 5780 5511 5781
f 5782 5597 5503
f 5503 5597 5498
f 5503 5498 5504
f 5504 5498 5500
f 5783 5583 5784
f 5784 5583 5596
f 5784 5596 5785
f 5785 5596 5595
f 5785 5595 5782
f 5782 5595 5597
f 5786 5787 5517
f 5517 5787 5515
f 5788 5789 5790
f 5790 5789 5791
f 5789 5699 5791
f 5791 5699 5701
f 5791 5701 5792
f 5793 5794 5795
f 5795 5794 5796
f 5797 5602 5798
f 5798 5602 5588
f 5588 5586 5798
f 5798 5586 5584
f 5798 5584 5799
f 5583 5783 5525
f 5526 5799 5525
f 5525 5799 5584
f 5525 5584 5583
f 5482 5480 5800
f 5800 5480 5536
f 5800 5536 5801
f 5801 5536 5535
f 5801 5535 5802
f 5802 5535 5537
f 5802 5537 5803
f 5803 5537 5528
f 5803 5528 5804
f 5804 5528 5529
f 5804 5529 5805
f 5805 5529 5543
f 5805 5543 5806
f 5806 5543 5531
f 5806 5531 5807
f 5807 5531 5530
f 5807 5530 5808
f 5808 5530 5549
f 5808 5549 5809
f 5809 5549 5540
f 5809 5540 5810
f 5810 5540 5544
f 5453 5455 5541
f 5541 5455 5811
f 5541 5811 5542
f 5542 5811 5812
f 5542 5812 5544
f 5544 5812 5810
f 5553 5551 5813
f 5813 5551 5766
f 5813 5766 5814
f 5814 5766 5765
f 5814 5765 5815
f 5815 5765 5767
f 5815 5767 5816
f 5816 5767 5768
f 5816 5768 5557
f 5557 5768 5556
f 5564 5565 5774
f 5774 5565 5817
f 5774 5817 5776
f 5776 5817 5818
f 5776 5818 5775
f 5775 5818 5819
f 5775 5819 5566
f 5566 5819 5567
f 5573 5572 5820
f 5820 5572 5773
f 5820 5773 5821
f 5821 5773 5772
f 5574 5576 5763
f 5763 5576 5822
f 5763 5822 5764
f 5764 5822 5823
f 5764 5823 5772
f 5772 5823 5821
f 5579 5578 5824
f 5824 5578 5592
f 5824 5592 5825
f 5825 5592 5591
f 5825 5591 5826
f 5826 5591 5593
f 5678 5827 5680
f 5680 5827 5828
f 5680 5828 5682
f 5682 5828 5829
f 5682 5829 5684
f 5684 5829 5830
f 5684 5830 5686
f 5686 5830 5831
f 5686 5831 5688
f 5688 5831 5832
f 5688 5832 5690
f 5690 5832 5833
f 5690 5833 5692
f 5692 5833 5834
f 5692 5834 5694
f 5694 5834 5835
f 5694 5835 5696
f 5696 5835 5836
f 5696 5836 5698
f 5698 5836 5837
f 5698 5837 5676
f 5676 5837 5838
f 5676 5838 5678
f 5678 5838 5827
f 5672 5839 5674
f 5674 5839 5840
f 5674 5840 5652
f 5652 5840 5841
f 5652 5841 5654
f 5654 5841 5842
f 5654 5842 5656
f 5656 5842 5843
f 5656 5843 5658
f 5658 5843 5844
f 5658 5844 5660
f 5660 5844 5845
f 5660 5845 5662
f 5662 5845 5846
f 5662 5846 5664
f 5664 5846 5847
f 5664 5847 5666
f 5666 5847 5848
f 5666 5848 5668
f 5668 5848 5849
f 5668 5849 5670
f 5670 5849 5850
f 5670 5850 5672
f 5672 5850 5839
f 5648 5851 5650
f 5650 5851 5852
f 5650 5852 5628
f 5628 5852 5853
f 5628 5853 5630
f 5630 5853 5854
f 5630 5854 5632
f 5632 5854 5855
f 5632 5855 5634
f 5634 5855 5856
f 5634 5856 5636
f 5636 5856 5857
f 5636 5857 5638
f 5638 5857 5858
f 5638 5858 5640
f 5640 5858 5859
f 5640 5859 5642
f 5642 5859 5860
f 5642 5860 5644
f 5644 5860 5861
f 5644 5861 5646
f 5646 5861 5862
f 5646 5862 5648
f 5648 5862 5851
f 5863 5864 5865
f 5865 5864 5866
f 5865 5866 5867
f 5867 5866 5868
f 5867 5869 5870
f 5867 5589 5865
f 5865 5589 5581
f 5865 5581 5863
f 5863 5581 5580
f 5863 5580 5871
f 5826 5593 5872
f 5872 5593 5594
f 5872 5594 5870
f 5870 5594 5590
f 5870 5590 5867
f 5867 5590 5585
f 5867 5585 5589
f 5600 5873 5587
f 5587 5873 5874
f 5587 5874 5580
f 5580 5874 5875
f 5580 5875 5871
f 5582 5601 5598
f 5598 5601 5876
f 5598 5876 5599
f 5599 5876 5877
f 5599 5877 5600
f 5600 5877 5873
f 5606 5878 5608
f 5608 5878 5879
f 5608 5879 5610
f 5610 5879 5880
f 5610 5880 5612
f 5612 5880 5881
f 5612 5881 5614
f 5614 5881 5882
f 5614 5882 5616
f 5616 5882 5883
f 5616 5883 5618
f 5618 5883 5884
f 5618 5884 5620
f 5620 5884 5885
f 5620 5885 5622
f 5622 5885 5886
f 5622 5886 5624
f 5624 5886 5887
f 5624 5887 5626
f 5626 5887 5888
f 5626 5888 5604
f 5604 5888 5889
f 5604 5889 5606
f 5606 5889 5878
f 5890 5605 5891
f 5891 5605 5607
f 5891 5607 5892
f 5892 5607 5609
f 5892 5609 5893
f 5893 5609 5611
f 5893 5611 5894
f 5894 5611 5613
f 5894 5613 5895
f 5895 5613 5615
f 5895 5615 5896
f 5896 5615 5617
f 5896 5617 5897
f 5897 5617 5619
f 5897 5619 5898
f 5898 5619 5621
f 5898 5621 5899
f 5899 5621 5623
f 5899 5623 5900
f 5900 5623 5625
f 5900 5625 5901
f 5901 5625 5603
f 5901 5603 5890
f 5890 5603 5605
f 5902 5629 5903
f 5903 5629 5631
f 5903 5631 5904
f 5904 5631 5633
f 5904 5633 5905
f 5905 5633 5635
f 5905 5635 5906
f 5906 5635 5637
f 5906 5637 5907
f 5907 5637 5639
f 5907 5639 5908
f 5908 5639 5641
f 5908 5641 5909
f 5909 5641 5643
f 5909 5643 5910
f 5910 5643 5645
f 5910 5645 5911
f 5911 5645 5647
f 5911 5647 5912
f 5912 5647 5649
f 5912 5649 5913
f 5913 5649 5627
f 5913 5627 5902
f 5902 5627 5629
f 5914 5653 5915
f 5915 5653 5655
f 5915 5655 5916
f 5916 5655 5657
f 5916 5657 5917
f 5917 5657 5659
f 5917 5659 5918
f 5918 5659 5661
f 5918 5661 5919
f 5919 5661 5663
f 5919 5663 5920
f 5920 5663 5665
f 5920 5665 5921
f 5921 5665 5667
f 5921 5667 5922
f 5922 5667 5669
f 5922 5669 5923
f 5923 5669 5671
f 5923 5671 5924
f 5924 5671 5673
f 5924 5673 5925
f 5925 5673 5651
f 5925 5651 5914
f 5914 5651 5653
f 5926 5677 5927
f 5927 5677 5679
f 5927 5679 5928
f 5928 5679 5681
f 5928 5681 5929
f 5929 5681 5683
f 5929 5683 5930
f 5930 5683 5685
f 5930 5685 5931
f 5931 5685 5687
f 5931 5687 5932
f 5932 5687 5689
f 5932 5689 5933
f 5933 5689 5691
f 5933 5691 5934
f 5934 5691 5693
f 5934 5693 5935
f 5935 5693 5695
f 5935 5695 5936
f 5936 5695 5697
f 5936 5697 5937
f 5937 5697 5675
f 5937 5675 5926
f 5926 5675 5677
f 5702 5700 5938
f 5938 5700 5939
f 5938 5939 5940
f 5940 5939 5941
f 5940 5941 5942
f 5942 5941 5943
f 5944 5945 5946
f 5946 5945 5788
f 5946 5788 5947
f 5947 5788 5790
f 5945 5944 5948
f 5948 5944 5949
f 5948 5949 5950
f 5950 5949 5951
f 5950 5951 5952
f 5952 5951 5953
f 5952 5953 5742
f 5741 5731 5742
f 5742 5731 5730
f 5742 5730 5952
f 5703 5705 5954
f 5954 5705 5955
f 5954 5955 5956
f 5956 5955 5957
f 5956 5957 5958
f 5958 5957 5959
f 5960 5500 5457
f 5457 5500 5458
f 5707 5708 5961
f 5707 5961 5962
f 5962 5961 5963
f 5962 5963 5964
f 5964 5963 5965
f 5965 5963 5777
f 5965 5777 5778
f 5779 5966 5778
f 5778 5966 5965
f 5779 5967 5966
f 5966 5967 5968
f 5969 5970 5971
f 5971 5970 5972
f 5971 5972 5973
f 5973 5972 5974
f 5973 5974 5975
f 5975 5974 5968
f 5975 5968 5967
f 5969 5976 5970
f 5970 5976 5781
f 5970 5781 5977
f 5781 5511 5977
f 5977 5511 5978
f 5508 5979 5510
f 5510 5979 5980
f 5510 5980 5514
f 5514 5980 5981
f 5514 5981 5513
f 5513 5981 5978
f 5513 5978 5511
f 5508 5506 5979
f 5979 5506 5504
f 5979 5504 5982
f 5504 5500 5982
f 5982 5500 5960
f 5470 5983 5467
f 5467 5983 5478
f 5984 5983 5709
f 5709 5983 5470
f 5713 5985 5986
f 5984 5709 5987
f 5987 5709 5712
f 5987 5712 5988
f 5988 5712 5711
f 5988 5711 5986
f 5986 5711 5710
f 5986 5710 5713
f 5713 5710 5484
f 5713 5484 5486
f 5714 5989 5471
f 5471 5989 5985
f 5471 5985 5713
f 5715 5990 5991
f 5715 5991 5716
f 5716 5991 5992
f 5716 5992 5717
f 5717 5992 5989
f 5717 5989 5714
f 5718 5719 5993
f 5718 5993 5994
f 5994 5993 5995
f 5994 5995 5996
f 5996 5995 5749
f 5996 5749 5748
f 5997 5720 5998
f 5998 5720 5721
f 5998 5721 5722
f 5998 5722 5999
f 5722 6000 5999
f 5999 6000 6001
f 5999 6001 6002
f 6002 6001 5723
f 6002 5723 5725
f 5726 5724 6003
f 5726 6003 6004
f 6004 6003 6005
f 6004 6005 6006
f 6006 6005 6007
f 6007 6005 5727
f 6007 5727 5728
f 5731 6008 5728
f 5728 6008 6007
f 5731 5741 6008
f 6008 5741 6009
f 6009 5741 5743
f 6009 5743 6010
f 6010 5743 5747
f 6010 5747 6011
f 6011 5747 6012
f 6012 5747 6013
f 6013 5735 6012
f 6012 5735 5734
f 6012 5734 6014
f 6014 5734 5733
f 6014 5733 6015
f 6015 5733 5732
f 6015 5732 6016
f 6016 5732 6017
f 6017 5732 5483
f 6017 5483 5736
f 5488 5489 5736
f 5736 5489 5737
f 5736 5737 6017
f 5740 6018 5739
f 5739 6018 6019
f 5739 6019 5738
f 5738 6019 6020
f 5738 6020 5737
f 5737 6020 6021
f 5737 6021 6017
f 5740 5720 6018
f 6018 5720 5997
f 5746 5759 5990
f 5990 5759 5758
f 5747 5746 6013
f 6013 5746 5990
f 6013 5990 5735
f 5735 5990 5715
f 6022 5771 5754
f 5754 5771 5751
f 5754 5751 5755
f 5755 5751 5750
f 5771 6022 5769
f 5769 6022 6023
f 5769 6023 5770
f 5770 6023 6024
f 5770 6024 5760
f 5760 6024 6025
f 5760 6025 6026
f 5967 5779 6026
f 6026 5779 5761
f 6026 5761 5760
f 5781 5976 5780
f 5780 5976 6027
f 5976 5969 6027
f 6027 5969 5971
f 6027 5971 6028
f 5967 6026 5975
f 5975 6026 6028
f 5975 6028 5973
f 5973 6028 5971
f 6029 5782 5505
f 5505 5782 5503
f 5782 6029 5785
f 5785 6029 6030
f 5785 6030 5784
f 5784 6030 6031
f 5784 6031 5783
f 5783 6031 6032
f 5525 5783 5523
f 5523 5783 6032
f 6033 5946 5947
f 6033 5947 6034
f 5947 6035 6034
f 6034 6035 6036
f 6034 6036 6037
f 6037 6036 5787
f 6037 5787 5786
f 6038 5944 6033
f 6033 5944 5946
f 5944 6038 5949
f 5949 6038 6039
f 5949 6039 5951
f 5951 6039 6040
f 5951 6040 5953
f 5953 6040 6041
f 5742 5953 5744
f 5744 5953 6041
f 6042 5790 6043
f 6043 5790 5791
f 6043 5791 5792
f 6043 5792 6044
f 5792 6045 6044
f 6044 6045 6046
f 6044 6046 6047
f 6047 6046 5796
f 6047 5796 5794
f 5793 5795 6048
f 5793 6048 6049
f 6049 6048 6050
f 6049 6050 6051
f 6051 6050 6052
f 6052 6050 5797
f 6052 5797 5798
f 5799 6053 5798
f 5798 6053 6052
f 5799 5526 6053
f 6053 5526 6054
f 5519 6055 5520
f 5520 6055 6056
f 5520 6056 5522
f 5522 6056 6057
f 5522 6057 5524
f 5524 6057 6054
f 5524 6054 5526
f 5519 5516 6055
f 6055 5516 5515
f 6055 5515 6058
f 5515 5787 6058
f 6058 5787 6059
f 6059 5787 6036
f 6059 6036 6060
f 6060 6036 6035
f 6060 6035 6061
f 6061 6035 5947
f 6061 5947 6062
f 5947 5790 6062
f 6062 5790 6042
f 6063 6064 5844
f 5861 5860 5579
f 5579 5860 5502
f 5502 5860 5859
f 5502 5859 5459
f 5858 5462 5859
f 5859 5462 5461
f 5859 5461 5459
f 6065 5851 6066
f 6066 5851 5862
f 6066 5862 5861
f 5856 5961 5857
f 5857 5961 5708
f 5857 5708 5858
f 5858 5708 5464
f 5858 5464 5462
f 5822 5576 5856
f 5856 5576 5577
f 5840 5839 5553
f 5869 6067 5870
f 5870 6067 6068
f 5870 6068 5872
f 5872 6068 6069
f 5872 6069 5826
f 5826 6069 6066
f 5826 6066 5825
f 5825 6066 5861
f 5825 5861 5824
f 5824 5861 5579
f 5577 5777 5856
f 5856 5777 5963
f 5856 5963 5961
f 5856 5855 5822
f 5822 5855 5854
f 5822 5854 5823
f 5553 5839 5552
f 5552 5839 5850
f 5552 5850 5748
f 5849 5994 5850
f 5850 5994 5996
f 5850 5996 5748
f 5847 5474 5848
f 5848 5474 5473
f 5848 5473 5849
f 5849 5473 5718
f 5849 5718 5994
f 5847 5455 5456
f 6000 5838 6001
f 6001 5838 5837
f 5844 5843 6063
f 6063 5843 5842
f 6063 5842 6070
f 6070 5842 5841
f 6070 5841 5840
f 5456 5466 5847
f 5847 5466 5476
f 5847 5476 5474
f 5727 6005 5835
f 5835 6005 6003
f 5835 6003 5836
f 5836 6003 5724
f 5836 5724 5837
f 5837 5724 5723
f 5837 5723 6001
f 5571 6071 5555
f 5555 6071 6072
f 5821 5823 6073
f 6073 5823 5854
f 6073 5854 6074
f 6074 5854 5853
f 6074 5853 6065
f 6065 5853 5852
f 6065 5852 5851
f 5557 5555 5816
f 5816 5555 6072
f 5816 6072 5815
f 5815 6072 6070
f 5815 6070 5814
f 5814 6070 5840
f 5814 5840 5813
f 5813 5840 5553
f 5559 6073 5561
f 5561 6073 6075
f 5561 6075 5563
f 5559 5573 6073
f 6073 5573 5820
f 6073 5820 5821
f 6076 6077 6078
f 6079 5959 5957
f 6080 6079 5832
f 5832 6079 5957
f 5832 5957 5833
f 5833 5957 5955
f 5833 5955 5834
f 5834 5955 5705
f 5834 5705 5835
f 5835 5705 5706
f 5835 5706 5727
f 5959 6079 6078
f 6078 6079 6081
f 6078 6081 6076
f 6064 5812 5811
f 5455 5847 5811
f 5811 5847 5846
f 5811 5846 6064
f 6064 5846 5845
f 6064 5845 5844
f 5571 5569 6071
f 6071 5569 5567
f 6071 5567 6082
f 6082 5567 5819
f 6082 5819 6083
f 6083 5819 5818
f 6083 5818 6084
f 6084 5818 5817
f 6084 5817 6075
f 6075 5817 5565
f 6075 5565 5563
f 6085 6086 6087
f 6087 6086 6076
f 6087 6076 6088
f 6088 6076 6081
f 6000 5722 5838
f 5838 5722 5481
f 5838 5481 5827
f 5827 5481 5482
f 5827 5482 5828
f 5828 5482 5800
f 5800 5801 5828
f 5828 5801 6089
f 5828 6089 5829
f 5829 6089 6090
f 5829 6090 5830
f 5830 6090 6080
f 5830 6080 5831
f 5831 6080 5832
f 5801 5802 6089
f 6089 5802 5803
f 6089 5803 6091
f 6091 5803 5804
f 6091 5804 6092
f 6092 5804 5805
f 6092 5805 6093
f 6093 5805 5806
f 6093 5806 6094
f 6094 5806 5807
f 6094 5807 6095
f 6095 5807 5808
f 6095 5808 6096
f 6096 5808 5809
f 6096 5809 6064
f 6064 5809 5810
f 6064 5810 5812
f 6097 6098 6099
f 6099 6067 5869
f 6097 6099 5868
f 5868 6099 5869
f 5868 5869 5867
f 5864 6100 5866
f 5866 6100 6101
f 5866 6101 5868
f 5868 6101 6097
f 5871 6102 6103
f 5863 5871 5864
f 5864 5871 6103
f 5864 6103 6100
f 6100 6103 6104
f 5797 6050 5889
f 5889 6050 6048
f 5889 6048 5878
f 5878 6048 5795
f 5878 5795 5879
f 6045 5880 6046
f 6046 5880 5879
f 6046 5879 5796
f 5796 5879 5795
f 6045 5792 5880
f 5880 5792 5701
f 5880 5701 5881
f 6105 6106 5886
f 5886 6106 5877
f 5886 5877 5887
f 5887 5877 5876
f 5887 5876 5888
f 5888 5876 5601
f 5888 5601 5889
f 5889 5601 5602
f 5889 5602 5797
f 5886 5885 6105
f 6105 5885 5884
f 6105 5884 6107
f 6107 5884 5883
f 6107 5883 5882
f 6102 5871 6108
f 6108 5871 5875
f 6108 5875 6109
f 6109 5875 5874
f 6109 5874 6106
f 6106 5874 5873
f 6106 5873 5877
f 5701 5702 5881
f 5881 5702 5938
f 5881 5938 5882
f 5882 5938 5940
f 5882 5940 6107
f 6107 5940 5942
f 6107 5942 6110
f 6110 5942 6111
f 6112 6113 6114
f 6111 6115 6110
f 6110 6115 6116
f 6110 6116 6114
f 6114 6116 6117
f 6114 6117 6112
f 5895 6118 5894
f 5894 6118 6119
f 5894 6119 5893
f 5893 6119 6120
f 5893 6120 5892
f 5892 6120 6121
f 5892 6121 5891
f 5891 6121 6122
f 5891 6122 5890
f 5890 6122 6123
f 5890 6123 5901
f 5901 6123 6124
f 5901 6124 5900
f 5900 6124 6125
f 5900 6125 5899
f 5899 6125 6126
f 5899 6126 5898
f 5898 6126 6127
f 5898 6127 5897
f 5897 6127 6128
f 5897 6128 5896
f 5896 6128 6129
f 5896 6129 5895
f 5895 6129 6118
f 5907 6130 5906
f 5906 6130 6131
f 5906 6131 5905
f 5905 6131 6132
f 5905 6132 5904
f 5904 6132 6133
f 5904 6133 5903
f 5903 6133 6134
f 5903 6134 5902
f 5902 6134 6135
f 5902 6135 5913
f 5913 6135 6136
f 5913 6136 5912
f 5912 6136 6137
f 5912 6137 5911
f 5911 6137 6138
f 5911 6138 5910
f 5910 6138 6139
f 5910 6139 5909
f 5909 6139 6140
f 5909 6140 5908
f 5908 6140 6141
f 5908 6141 5907
f 5907 6141 6130
f 5919 6142 5918
f 5918 6142 6143
f 5918 6143 5917
f 5917 6143 6144
f 5917 6144 5916
f 5916 6144 6145
f 5916 6145 5915
f 5915 6145 6146
f 5915 6146 5914
f 5914 6146 6147
f 5914 6147 5925
f 5925 6147 6148
f 5925 6148 5924
f 5924 6148 6149
f 5924 6149 5923
f 5923 6149 6150
f 5923 6150 5922
f 5922 6150 6151
f 5922 6151 5921
f 5921 6151 6152
f 5921 6152 5920
f 5920 6152 6153
f 5920 6153 5919
f 5919 6153 6142
f 5931 6154 5930
f 5930 6154 6155
f 5930 6155 5929
f 5929 6155 6156
f 5929 6156 5928
f 5928 6156 6157
f 5928 6157 5927
f 5927 6157 6158
f 5927 6158 5926
f 5926 6158 6159
f 5926 6159 5937
f 5937 6159 6160
f 5937 6160 5936
f 5936 6160 6161
f 5936 6161 5935
f 5935 6161 6162
f 5935 6162 5934
f 5934 6162 6163
f 5934 6163 5933
f 5933 6163 6164
f 5933 6164 5932
f 5932 6164 6165
f 5932 6165 5931
f 5931 6165 6154
f 5942 5943 6111
f 6111 5943 6166
f 6111 6166 6115
f 6115 6166 6167
f 6116 6168 6117
f 6117 6168 6169
f 6169 6170 6117
f 6117 6170 6171
f 6117 6171 6112
f 6171 6172 6112
f 6112 6172 6173
f 6112 6173 6113
f 6174 6114 6175
f 6175 6114 6113
f 6175 6113 6176
f 6176 6113 6173
f 6177 6076 6178
f 6178 6076 6086
f 6178 6086 6179
f 6179 6086 6085
f 6179 6085 6180
f 6180 6085 6181
f 6181 6085 6087
f 6181 6087 6182
f 6182 6087 6088
f 6182 6088 6183
f 6077 6184 6078
f 6078 6184 6185
f 6078 6185 5959
f 5959 6185 5958
f 6186 6187 5945
f 5945 6187 6188
f 5945 6188 5788
f 6189 6190 5730
f 5730 6190 6191
f 5730 6191 5952
f 6185 6184 5703
f 5703 6184 5704
f 6188 6192 5788
f 5788 6192 6193
f 5788 6193 5789
f 5789 6193 6167
f 5789 6167 5699
f 5699 6167 5700
f 6189 5730 6184
f 6184 5730 5729
f 6184 5729 5704
f 6191 6194 5952
f 5952 6194 6195
f 5952 6195 5950
f 5950 6195 6186
f 5950 6186 5948
f 5948 6186 5945
f 5941 5939 5943
f 5943 5939 5700
f 5943 5700 6166
f 6166 5700 6167
f 5954 5956 5703
f 5703 5956 5958
f 5703 5958 6185
f 5964 5965 5966
f 5960 5457 5460
f 6196 5966 6197
f 6197 5966 5968
f 6197 5968 6198
f 6198 5968 5974
f 6198 5974 6199
f 6196 6200 5966
f 5966 6200 5962
f 5966 5962 5964
f 6201 5463 6202
f 6202 5463 5465
f 6202 5465 6200
f 6200 5465 5707
f 6200 5707 5962
f 5460 5463 5960
f 5960 5463 6201
f 5960 6201 5982
f 5982 6201 6203
f 5982 6203 5979
f 5979 6203 6204
f 5979 6204 5980
f 5980 6204 6205
f 5974 5972 6199
f 6199 5972 5970
f 6199 5970 6206
f 6206 5970 5977
f 6206 5977 6207
f 6207 5977 5978
f 6207 5978 6205
f 6205 5978 5981
f 6205 5981 5980
f 5993 5750 5995
f 5995 5750 5752
f 5995 5752 5749
f 5986 5985 6208
f 6209 5756 6210
f 6210 5756 5755
f 6210 5755 6211
f 6211 5755 5750
f 6211 5750 6212
f 6213 5984 6214
f 6214 5984 5987
f 6214 5987 6208
f 6208 5987 5988
f 6208 5988 5986
f 5990 5758 5991
f 5991 5758 5756
f 5991 5756 5992
f 5992 5756 6209
f 5992 6209 5989
f 5989 6209 6215
f 5989 6215 5985
f 5985 6215 6216
f 5985 6216 6208
f 6212 5750 6217
f 6217 5750 5993
f 6217 5993 6218
f 6218 5993 5719
f 6218 5719 6219
f 6219 5719 5472
f 6219 5472 5475
f 6213 6219 5984
f 5984 6219 5475
f 5984 5475 5983
f 5983 5475 5477
f 5983 5477 5478
f 6220 6221 6017
f 6006 6007 6008
f 6017 6221 6016
f 6009 6010 6222
f 6222 6223 6009
f 6009 6223 6224
f 6009 6224 6008
f 6008 6224 6225
f 6008 6225 6226
f 6221 6227 6016
f 6016 6227 6222
f 6016 6222 6015
f 6015 6222 6010
f 6015 6010 6014
f 6014 6010 6011
f 6014 6011 6012
f 6226 6228 6008
f 6008 6228 6004
f 6008 6004 6006
f 6229 6002 6230
f 6230 6002 5725
f 6230 5725 6228
f 6228 5725 5726
f 6228 5726 6004
f 5997 5998 5999
f 5997 5999 6018
f 5999 6002 6018
f 6018 6002 6229
f 6018 6229 6019
f 6019 6229 6231
f 6019 6231 6020
f 6020 6231 6220
f 6020 6220 6021
f 6021 6220 6017
f 5745 5744 6041
f 6027 6028 6232
f 5745 6041 5746
f 6022 5754 6233
f 6233 5754 5757
f 6037 6038 6034
f 6034 6038 6033
f 6022 6233 6023
f 6023 6233 6234
f 6023 6234 6024
f 6024 6234 6232
f 6024 6232 6025
f 6025 6232 6028
f 6025 6028 6026
f 6039 6235 6040
f 6040 6235 6236
f 6040 6236 6041
f 6041 6236 6237
f 6041 6237 5746
f 5746 6237 6238
f 5746 6238 5759
f 5759 6238 6239
f 5759 6239 5757
f 5757 6239 6240
f 5757 6240 6233
f 6029 6241 6030
f 6030 6241 6242
f 6030 6242 6031
f 6031 6242 6243
f 6031 6243 6032
f 6032 6243 6244
f 5505 5507 6029
f 6029 5507 5509
f 6029 5509 6241
f 6241 5509 5512
f 6241 5512 6232
f 6232 5512 5780
f 6232 5780 6027
f 6038 6244 6039
f 6039 6244 6245
f 6039 6245 6235
f 6037 5786 6038
f 6038 5786 5517
f 6038 5517 6244
f 6244 5517 5518
f 6244 5518 6032
f 6032 5518 5521
f 6032 5521 5523
f 6246 6247 6057
f 6042 6043 6044
f 6248 6047 6249
f 6249 6047 5794
f 6249 5794 6250
f 6057 6247 6054
f 6054 6247 6251
f 6054 6251 6053
f 6053 6251 6252
f 6053 6252 6250
f 6057 6056 6246
f 6246 6056 6055
f 6246 6055 6253
f 6253 6055 6058
f 6253 6058 6254
f 6254 6058 6059
f 6254 6059 6255
f 6255 6059 6060
f 6255 6060 6256
f 6256 6060 6061
f 6256 6061 6257
f 6257 6061 6062
f 6257 6062 6248
f 6248 6062 6042
f 6248 6042 6047
f 6047 6042 6044
f 5794 5793 6250
f 6250 5793 6049
f 6250 6049 6053
f 6053 6049 6051
f 6053 6051 6052
f 6099 6258 6067
f 6067 6258 6068
f 6258 6259 6068
f 6068 6259 6260
f 6068 6260 6069
f 6260 6261 6069
f 6069 6261 6262
f 6069 6262 6066
f 6263 6065 6264
f 6264 6065 6066
f 6264 6066 6265
f 6265 6066 6262
f 6263 6266 6065
f 6065 6266 6267
f 6065 6267 6074
f 6267 6268 6074
f 6074 6268 6269
f 6074 6269 6073
f 6270 6075 6271
f 6271 6075 6073
f 6271 6073 6272
f 6272 6073 6269
f 6270 6273 6075
f 6075 6273 6274
f 6075 6274 6084
f 6275 6083 6276
f 6276 6083 6084
f 6276 6084 6277
f 6277 6084 6274
f 6275 6278 6083
f 6083 6278 6279
f 6083 6279 6082
f 6279 6280 6082
f 6082 6280 6281
f 6082 6281 6071
f 6282 6072 6283
f 6283 6072 6071
f 6283 6071 6284
f 6284 6071 6281
f 6282 6285 6072
f 6072 6285 6286
f 6072 6286 6070
f 6286 6287 6070
f 6070 6287 6288
f 6070 6288 6063
f 6288 6289 6063
f 6063 6289 6290
f 6063 6290 6064
f 6290 6291 6064
f 6064 6291 6292
f 6064 6292 6096
f 6293 6095 6294
f 6294 6095 6096
f 6294 6096 6295
f 6295 6096 6292
f 6293 6296 6095
f 6095 6296 6297
f 6095 6297 6094
f 6297 6298 6094
f 6094 6298 6299
f 6094 6299 6093
f 6300 6092 6301
f 6301 6092 6093
f 6301 6093 6302
f 6302 6093 6299
f 6300 6303 6092
f 6092 6303 6304
f 6092 6304 6091
f 6305 6089 6306
f 6306 6089 6091
f 6306 6091 6307
f 6307 6091 6304
f 6305 6308 6089
f 6089 6308 6309
f 6089 6309 6090
f 6309 6310 6090
f 6090 6310 6311
f 6090 6311 6080
f 6312 6079 6313
f 6313 6079 6080
f 6313 6080 6314
f 6314 6080 6311
f 6312 6315 6079
f 6079 6315 6316
f 6079 6316 6081
f 6183 6088 6317
f 6317 6088 6081
f 6317 6081 6318
f 6318 6081 6316
f 6098 6097 6319
f 6319 6097 6101
f 6319 6101 6320
f 6320 6101 6321
f 6321 6101 6100
f 6321 6100 6104
f 6114 6174 6322
f 6114 6322 6110
f 6322 6323 6110
f 6110 6323 6324
f 6110 6324 6107
f 6107 6324 6325
f 6325 6326 6107
f 6107 6326 6327
f 6107 6327 6105
f 6327 6328 6105
f 6105 6328 6329
f 6105 6329 6106
f 6106 6329 6330
f 6330 6331 6106
f 6106 6331 6332
f 6106 6332 6109
f 6332 6333 6109
f 6109 6333 6334
f 6109 6334 6108
f 6108 6334 6335
f 6103 6102 6336
f 6336 6102 6108
f 6336 6108 6337
f 6337 6108 6335
f 6176 6173 6338
f 6172 6171 6339
f 6340 6341 6342
f 6175 6343 6174
f 6174 6343 6344
f 6344 6343 6345
f 6345 6343 6346
f 6345 6346 6347
f 6348 6349 6350
f 6348 6350 6346
f 6346 6350 6351
f 6346 6351 6347
f 6341 6340 6348
f 6348 6340 6352
f 6348 6352 6349
f 6169 6168 6353
f 6353 6168 6354
f 6353 6354 6355
f 6355 6354 6356
f 6355 6356 6357
f 6357 6356 6358
f 6357 6358 6359
f 6359 6358 6360
f 6170 6169 6361
f 6361 6169 6353
f 6361 6353 6362
f 6362 6353 6355
f 6362 6355 6363
f 6363 6355 6357
f 6363 6357 6364
f 6364 6357 6359
f 6364 6359 6365
f 6365 6359 6360
f 6365 6360 6366
f 6171 6170 6339
f 6339 6170 6361
f 6339 6361 6367
f 6367 6361 6362
f 6367 6362 6368
f 6368 6362 6363
f 6368 6363 6369
f 6369 6363 6364
f 6369 6364 6370
f 6370 6364 6365
f 6173 6172 6338
f 6338 6172 6339
f 6338 6339 6371
f 6371 6339 6367
f 6371 6367 6372
f 6372 6367 6368
f 6372 6368 6373
f 6373 6368 6369
f 6373 6369 6374
f 6374 6369 6370
f 6175 6176 6343
f 6343 6176 6338
f 6343 6338 6346
f 6346 6338 6371
f 6346 6371 6348
f 6348 6371 6372
f 6348 6372 6341
f 6341 6372 6373
f 6341 6373 6342
f 6342 6373 6374
f 6118 6375 6376
f 6375 6118 6377
f 6377 6118 6129
f 6377 6129 6378
f 6378 6129 6128
f 6378 6128 6379
f 6127 6380 6381
f 6381 6382 6127
f 6127 6382 6383
f 6127 6383 6128
f 6128 6383 6384
f 6128 6384 6379
f 6380 6127 6385
f 6385 6127 6126
f 6385 6126 6386
f 6386 6126 6387
f 6387 6126 6125
f 6387 6125 6388
f 6388 6125 6389
f 6389 6125 6124
f 6389 6124 6390
f 6390 6124 6391
f 6391 6124 6123
f 6391 6123 6392
f 6392 6123 6393
f 6393 6123 6122
f 6393 6122 6394
f 6394 6122 6395
f 6395 6122 6121
f 6395 6121 6396
f 6396 6121 6397
f 6397 6121 6120
f 6397 6120 6398
f 6398 6120 6399
f 6399 6120 6119
f 6399 6119 6400
f 6400 6119 6401
f 6401 6119 6118
f 6401 6118 6402
f 6402 6118 6376
f 6402 6376 6403
f 6139 6404 6405
f 6404 6139 6406
f 6406 6139 6138
f 6406 6138 6407
f 6407 6138 6137
f 6407 6137 6408
f 6409 6410 6136
f 6136 6410 6411
f 6136 6411 6137
f 6137 6411 6412
f 6137 6412 6408
f 6413 6414 6141
f 6141 6414 6130
f 6413 6141 6415
f 6415 6141 6140
f 6415 6140 6416
f 6416 6140 6417
f 6417 6140 6139
f 6417 6139 6418
f 6418 6139 6405
f 6418 6405 6419
f 6135 6420 6136
f 6136 6420 6421
f 6136 6421 6409
f 6134 6422 6135
f 6135 6422 6423
f 6135 6423 6420
f 6133 6424 6134
f 6134 6424 6425
f 6134 6425 6422
f 6132 6426 6133
f 6133 6426 6427
f 6133 6427 6424
f 6131 6428 6132
f 6132 6428 6429
f 6132 6429 6426
f 6414 6430 6130
f 6130 6430 6431
f 6130 6431 6131
f 6131 6431 6432
f 6131 6432 6428
f 6148 6433 6434
f 6433 6148 6435
f 6435 6148 6147
f 6435 6147 6436
f 6436 6147 6146
f 6436 6146 6437
f 6438 6439 6145
f 6145 6439 6440
f 6145 6440 6146
f 6146 6440 6441
f 6146 6441 6437
f 6153 6442 6443
f 6153 6443 6142
f 6442 6153 6444
f 6444 6153 6152
f 6444 6152 6445
f 6445 6152 6446
f 6446 6152 6151
f 6446 6151 6447
f 6447 6151 6448
f 6448 6151 6150
f 6448 6150 6449
f 6449 6150 6450
f 6450 6150 6149
f 6450 6149 6451
f 6451 6149 6452
f 6452 6149 6148
f 6452 6148 6453
f 6453 6148 6434
f 6453 6434 6454
f 6144 6455 6145
f 6145 6455 6456
f 6145 6456 6438
f 6143 6457 6144
f 6144 6457 6458
f 6144 6458 6455
f 6443 6459 6142
f 6142 6459 6460
f 6142 6460 6143
f 6143 6460 6461
f 6143 6461 6457
f 6157 6462 6463
f 6462 6157 6464
f 6464 6157 6156
f 6464 6156 6465
f 6465 6156 6155
f 6465 6155 6466
f 6154 6467 6468
f 6468 6469 6154
f 6154 6469 6470
f 6154 6470 6155
f 6155 6470 6471
f 6155 6471 6466
f 6467 6154 6472
f 6472 6154 6165
f 6472 6165 6473
f 6473 6165 6474
f 6474 6165 6164
f 6474 6164 6475
f 6475 6164 6476
f 6476 6164 6163
f 6476 6163 6477
f 6477 6163 6478
f 6478 6163 6162
f 6478 6162 6479
f 6479 6162 6480
f 6480 6162 6161
f 6480 6161 6481
f 6481 6161 6482
f 6482 6161 6160
f 6482 6160 6483
f 6483 6160 6484
f 6484 6160 6159
f 6484 6159 6485
f 6485 6159 6486
f 6486 6159 6158
f 6486 6158 6487
f 6487 6158 6488
f 6488 6158 6157
f 6488 6157 6489
f 6489 6157 6463
f 6489 6463 6490
f 6491 6492 6493
f 6493 6492 6494
f 6493 6494 6495
f 6496 6497 6491
f 6491 6497 6498
f 6491 6498 6492
f 6491 6499 6496
f 6496 6499 6500
f 6496 6500 6501
f 6501 6500 6182
f 6501 6182 6183
f 6502 6503 6504
f 6504 6503 6505
f 6504 6505 6506
f 6506 6505 6507
f 6506 6507 6508
f 6508 6507 6509
f 6508 6509 6510
f 6510 6509 6511
f 6510 6511 6178
f 6178 6511 6177
f 6179 6180 6512
f 6512 6180 6513
f 6512 6513 6514
f 6514 6513 6515
f 6514 6515 6516
f 6516 6515 6517
f 6516 6517 6518
f 6518 6517 6519
f 6180 6181 6513
f 6513 6181 6520
f 6513 6520 6515
f 6515 6520 6521
f 6515 6521 6517
f 6517 6521 6522
f 6517 6522 6519
f 6519 6522 6523
f 6181 6182 6520
f 6520 6182 6500
f 6520 6500 6521
f 6521 6500 6499
f 6521 6499 6522
f 6522 6499 6491
f 6522 6491 6523
f 6523 6491 6493
f 6178 6179 6510
f 6510 6179 6512
f 6510 6512 6508
f 6508 6512 6514
f 6508 6514 6506
f 6506 6514 6516
f 6506 6516 6504
f 6504 6516 6518
f 6504 6518 6502
f 6502 6518 6519
f 6502 6519 6524
f 6524 6519 6523
f 6524 6523 6525
f 6525 6523 6493
f 6525 6493 6526
f 6526 6493 6495
f 6526 6495 6527
f 6116 6115 6168
f 6168 6115 6167
f 6193 6528 6167
f 6167 6528 6366
f 6167 6366 6360
f 6354 6168 6356
f 6356 6168 6167
f 6356 6167 6358
f 6358 6167 6360
f 6528 6193 6529
f 6529 6193 6192
f 6529 6192 6530
f 6530 6192 6188
f 6530 6188 6531
f 6531 6188 6187
f 6531 6187 6532
f 6186 6533 6187
f 6187 6533 6534
f 6187 6534 6532
f 6535 6533 6195
f 6195 6533 6186
f 6535 6195 6536
f 6536 6195 6194
f 6536 6194 6537
f 6537 6194 6191
f 6537 6191 6538
f 6538 6191 6190
f 6538 6190 6539
f 6189 6540 6190
f 6190 6540 6541
f 6190 6541 6539
f 6184 6077 6076
f 6540 6189 6503
f 6503 6189 6184
f 6503 6184 6505
f 6505 6184 6507
f 6509 6507 6511
f 6511 6507 6184
f 6511 6184 6177
f 6177 6184 6076
f 6205 6542 6207
f 6207 6542 6543
f 6207 6543 6206
f 6206 6543 6544
f 6206 6544 6199
f 6199 6544 6545
f 6199 6545 6198
f 6198 6545 6546
f 6198 6546 6197
f 6197 6546 6547
f 6197 6547 6196
f 6196 6547 6548
f 6196 6548 6200
f 6200 6548 6549
f 6200 6549 6202
f 6202 6549 6550
f 6202 6550 6201
f 6201 6550 6551
f 6201 6551 6203
f 6203 6551 6552
f 6203 6552 6204
f 6204 6552 6553
f 6204 6553 6205
f 6205 6553 6542
f 6216 6554 6208
f 6208 6554 6555
f 6208 6555 6214
f 6214 6555 6556
f 6214 6556 6213
f 6213 6556 6557
f 6213 6557 6219
f 6219 6557 6558
f 6219 6558 6218
f 6218 6558 6559
f 6218 6559 6217
f 6217 6559 6560
f 6217 6560 6212
f 6212 6560 6561
f 6212 6561 6211
f 6211 6561 6562
f 6211 6562 6210
f 6210 6562 6563
f 6210 6563 6209
f 6209 6563 6564
f 6209 6564 6215
f 6215 6564 6565
f 6215 6565 6216
f 6216 6565 6554
f 6226 6566 6228
f 6228 6566 6567
f 6228 6567 6230
f 6230 6567 6568
f 6230 6568 6229
f 6229 6568 6569
f 6229 6569 6231
f 6231 6569 6570
f 6231 6570 6220
f 6220 6570 6571
f 6220 6571 6221
f 6221 6571 6572
f 6221 6572 6227
f 6227 6572 6573
f 6227 6573 6222
f 6222 6573 6574
f 6222 6574 6223
f 6223 6574 6575
f 6223 6575 6224
f 6224 6575 6576
f 6224 6576 6225
f 6225 6576 6577
f 6225 6577 6226
f 6226 6577 6566
f 6578 6236 6235
f 6578 6579 6236
f 6236 6579 6580
f 6236 6580 6237
f 6580 6581 6237
f 6237 6581 6582
f 6237 6582 6238
f 6582 6583 6238
f 6238 6583 6584
f 6238 6584 6239
f 6584 6585 6239
f 6239 6585 6586
f 6239 6586 6240
f 6586 6587 6240
f 6240 6587 6588
f 6240 6588 6233
f 6588 6589 6233
f 6233 6589 6590
f 6233 6590 6234
f 6590 6591 6234
f 6234 6591 6592
f 6234 6592 6232
f 6592 6593 6232
f 6232 6593 6594
f 6232 6594 6241
f 6594 6595 6241
f 6241 6595 6596
f 6241 6596 6242
f 6596 6597 6242
f 6242 6597 6598
f 6242 6598 6243
f 6598 6599 6243
f 6243 6599 6600
f 6243 6600 6244
f 6600 6601 6244
f 6244 6601 6602
f 6244 6602 6245
f 6602 6603 6245
f 6245 6603 6604
f 6245 6604 6235
f 6235 6604 6605
f 6235 6605 6578
f 6248 6606 6257
f 6257 6606 6607
f 6257 6607 6256
f 6256 6607 6608
f 6256 6608 6255
f 6255 6608 6609
f 6255 6609 6254
f 6254 6609 6610
f 6254 6610 6253
f 6253 6610 6611
f 6253 6611 6246
f 6246 6611 6612
f 6246 6612 6247
f 6247 6612 6613
f 6247 6613 6251
f 6251 6613 6614
f 6251 6614 6252
f 6252 6614 6615
f 6252 6615 6250
f 6250 6615 6616
f 6250 6616 6249
f 6249 6616 6617
f 6249 6617 6248
f 6248 6617 6606
f 6468 6467 6618
f 6618 6467 6472
f 6618 6472 6619
f 6619 6472 6620
f 6620 6472 6473
f 6620 6473 6621
f 6622 6623 6486
f 6486 6487 6622
f 6622 6487 6488
f 6622 6488 6624
f 6624 6488 6625
f 6625 6488 6489
f 6625 6489 6490
f 6626 6627 6482
f 6482 6483 6626
f 6626 6483 6484
f 6626 6484 6623
f 6623 6484 6485
f 6623 6485 6486
f 6628 6479 6629
f 6629 6479 6480
f 6629 6480 6627
f 6627 6480 6481
f 6627 6481 6482
f 6630 6477 6628
f 6628 6477 6478
f 6628 6478 6479
f 6473 6474 6621
f 6621 6474 6475
f 6621 6475 6630
f 6630 6475 6476
f 6630 6476 6477
f 6631 6632 6450
f 6450 6451 6631
f 6631 6451 6452
f 6631 6452 6633
f 6633 6452 6634
f 6634 6452 6453
f 6634 6453 6454
f 6438 6456 6635
f 6635 6456 6455
f 6635 6455 6636
f 6636 6455 6637
f 6637 6455 6458
f 6637 6458 6638
f 6639 6640 6446
f 6446 6447 6639
f 6639 6447 6448
f 6639 6448 6632
f 6632 6448 6449
f 6632 6449 6450
f 6641 6442 6642
f 6642 6442 6444
f 6642 6444 6640
f 6640 6444 6445
f 6640 6445 6446
f 6643 6459 6641
f 6641 6459 6443
f 6641 6443 6442
f 6458 6457 6638
f 6638 6457 6461
f 6638 6461 6643
f 6643 6461 6460
f 6643 6460 6459
f 6409 6421 6644
f 6644 6421 6420
f 6644 6420 6645
f 6645 6420 6646
f 6646 6420 6423
f 6646 6423 6647
f 6648 6649 6415
f 6415 6416 6648
f 6648 6416 6417
f 6648 6417 6650
f 6650 6417 6651
f 6651 6417 6418
f 6651 6418 6419
f 6652 6653 6431
f 6431 6430 6652
f 6652 6430 6414
f 6652 6414 6649
f 6649 6414 6413
f 6649 6413 6415
f 6654 6429 6655
f 6655 6429 6428
f 6655 6428 6653
f 6653 6428 6432
f 6653 6432 6431
f 6656 6427 6654
f 6654 6427 6426
f 6654 6426 6429
f 6423 6422 6647
f 6647 6422 6425
f 6647 6425 6656
f 6656 6425 6424
f 6656 6424 6427
f 6657 6658 6399
f 6399 6400 6657
f 6657 6400 6401
f 6657 6401 6659
f 6659 6401 6660
f 6660 6401 6402
f 6660 6402 6403
f 6381 6380 6661
f 6661 6380 6385
f 6661 6385 6662
f 6662 6385 6663
f 6663 6385 6386
f 6663 6386 6664
f 6665 6666 6395
f 6395 6396 6665
f 6665 6396 6397
f 6665 6397 6658
f 6658 6397 6398
f 6658 6398 6399
f 6667 6392 6668
f 6668 6392 6393
f 6668 6393 6666
f 6666 6393 6394
f 6666 6394 6395
f 6669 6390 6667
f 6667 6390 6391
f 6667 6391 6392
f 6386 6387 6664
f 6664 6387 6388
f 6664 6388 6669
f 6669 6388 6389
f 6669 6389 6390
f 6497 6496 6670
f 6501 6183 6317
f 6104 6103 6336
f 6619 6620 6671
f 6672 6618 6619
f 6673 6463 6462
f 6466 6674 6465
f 6465 6674 6673
f 6465 6673 6464
f 6464 6673 6462
f 6466 6471 6674
f 6674 6471 6470
f 6674 6470 6469
f 6463 6673 6490
f 6490 6673 6675
f 6490 6675 6625
f 6676 6677 6678
f 6678 6677 6679
f 6678 6679 6680
f 6680 6679 6681
f 6680 6681 6682
f 6682 6681 6683
f 6682 6683 6684
f 6684 6683 6685
f 6684 6685 6686
f 6686 6685 6687
f 6686 6687 6688
f 6688 6687 6689
f 6688 6689 6690
f 6690 6689 6691
f 6690 6691 6692
f 6692 6691 6622
f 6692 6622 6624
f 6693 6694 6676
f 6676 6694 6695
f 6676 6695 6677
f 6438 6635 6696
f 6696 6635 6636
f 6676 6697 6693
f 6693 6697 6698
f 6693 6698 6699
f 6699 6698 6696
f 6699 6696 6700
f 6700 6696 6636
f 6700 6636 6637
f 6701 6434 6433
f 6441 6440 6702
f 6702 6440 6439
f 6702 6439 6703
f 6433 6435 6701
f 6701 6435 6436
f 6701 6436 6702
f 6702 6436 6437
f 6702 6437 6441
f 6704 6634 6701
f 6701 6634 6454
f 6701 6454 6434
f 6631 6633 6705
f 6631 6705 6706
f 6706 6705 6707
f 6706 6707 6708
f 6708 6707 6709
f 6708 6709 6710
f 6710 6709 6711
f 6710 6711 6712
f 6712 6711 6713
f 6712 6713 6714
f 6714 6713 6715
f 6714 6715 6716
f 6716 6715 6717
f 6716 6717 6718
f 6718 6717 6719
f 6718 6719 6720
f 6409 6644 6721
f 6721 6644 6645
f 6720 6719 6722
f 6722 6719 6723
f 6722 6723 6724
f 6724 6723 6725
f 6724 6725 6726
f 6726 6725 6727
f 6726 6727 6728
f 6728 6727 6721
f 6728 6721 6729
f 6729 6721 6645
f 6729 6645 6646
f 6410 6730 6411
f 6411 6730 6731
f 6411 6731 6412
f 6651 6419 6732
f 6732 6419 6405
f 6732 6405 6404
f 6404 6406 6732
f 6732 6406 6407
f 6732 6407 6731
f 6731 6407 6408
f 6731 6408 6412
f 6733 6734 6735
f 6735 6734 6736
f 6735 6736 6737
f 6737 6736 6738
f 6737 6738 6739
f 6739 6738 6648
f 6739 6648 6650
f 6740 6741 6733
f 6733 6741 6742
f 6733 6742 6734
f 6381 6661 6743
f 6743 6661 6662
f 6733 6744 6740
f 6740 6744 6745
f 6740 6745 6746
f 6746 6745 6747
f 6746 6747 6748
f 6748 6747 6749
f 6748 6749 6750
f 6750 6749 6751
f 6750 6751 6752
f 6752 6751 6753
f 6752 6753 6754
f 6754 6753 6755
f 6754 6755 6756
f 6756 6755 6757
f 6756 6757 6758
f 6758 6757 6743
f 6758 6743 6759
f 6759 6743 6662
f 6759 6662 6663
f 6760 6761 6379
f 6379 6761 6378
f 6379 6384 6760
f 6760 6384 6383
f 6760 6383 6382
f 6660 6403 6762
f 6403 6376 6762
f 6762 6376 6375
f 6762 6375 6761
f 6761 6375 6377
f 6761 6377 6378
f 6657 6659 6763
f 6349 6352 6764
f 6764 6352 6340
f 6764 6340 6765
f 6657 6763 6766
f 6766 6763 6767
f 6766 6767 6768
f 6768 6767 6765
f 6768 6765 6769
f 6769 6765 6340
f 6769 6340 6342
f 6345 6347 6770
f 6770 6347 6351
f 6770 6351 6350
f 6322 6174 6344
f 6324 6323 6771
f 6771 6323 6322
f 6771 6322 6772
f 6772 6322 6344
f 6324 6771 6325
f 6325 6771 6773
f 6325 6773 6326
f 6326 6773 6774
f 6326 6774 6327
f 6327 6774 6775
f 6327 6775 6328
f 6328 6775 6329
f 6329 6775 6776
f 6329 6776 6330
f 6337 6335 6777
f 6777 6335 6334
f 6777 6334 6778
f 6778 6334 6333
f 6778 6333 6779
f 6779 6333 6332
f 6779 6332 6776
f 6776 6332 6331
f 6776 6331 6330
f 6337 6777 6336
f 6336 6777 6780
f 6336 6780 6104
f 6104 6780 6781
f 6104 6781 6321
f 6321 6781 6782
f 6321 6782 6320
f 6320 6782 6783
f 6320 6783 6319
f 6319 6783 6098
f 6098 6783 6784
f 6098 6784 6099
f 6265 6262 6785
f 6785 6262 6261
f 6785 6261 6786
f 6786 6261 6260
f 6786 6260 6787
f 6787 6260 6259
f 6787 6259 6784
f 6784 6259 6258
f 6784 6258 6099
f 6265 6785 6264
f 6264 6785 6788
f 6264 6788 6263
f 6263 6788 6789
f 6263 6789 6266
f 6266 6789 6790
f 6266 6790 6267
f 6791 6272 6792
f 6792 6272 6269
f 6792 6269 6790
f 6790 6269 6268
f 6790 6268 6267
f 6277 6274 6793
f 6793 6274 6273
f 6793 6273 6794
f 6794 6273 6270
f 6794 6270 6791
f 6791 6270 6271
f 6791 6271 6272
f 6277 6793 6276
f 6276 6793 6795
f 6276 6795 6275
f 6275 6795 6796
f 6275 6796 6278
f 6278 6796 6797
f 6278 6797 6279
f 6279 6797 6280
f 6280 6797 6798
f 6280 6798 6281
f 6287 6286 6799
f 6799 6286 6285
f 6799 6285 6800
f 6800 6285 6282
f 6800 6282 6801
f 6801 6282 6283
f 6801 6283 6798
f 6798 6283 6284
f 6798 6284 6281
f 6287 6799 6288
f 6288 6799 6802
f 6288 6802 6289
f 6289 6802 6803
f 6289 6803 6290
f 6290 6803 6804
f 6290 6804 6291
f 6291 6804 6805
f 6291 6805 6292
f 6298 6297 6806
f 6806 6297 6296
f 6806 6296 6807
f 6807 6296 6293
f 6807 6293 6808
f 6808 6293 6294
f 6808 6294 6805
f 6805 6294 6295
f 6805 6295 6292
f 6298 6806 6299
f 6299 6806 6809
f 6299 6809 6302
f 6302 6809 6810
f 6302 6810 6301
f 6301 6810 6300
f 6300 6810 6811
f 6300 6811 6303
f 6303 6811 6812
f 6303 6812 6304
f 6813 6308 6814
f 6814 6308 6305
f 6814 6305 6815
f 6815 6305 6306
f 6815 6306 6812
f 6812 6306 6307
f 6812 6307 6304
f 6314 6311 6816
f 6816 6311 6310
f 6816 6310 6813
f 6813 6310 6309
f 6813 6309 6308
f 6314 6816 6313
f 6313 6816 6817
f 6313 6817 6312
f 6312 6817 6818
f 6312 6818 6315
f 6315 6818 6819
f 6315 6819 6316
f 6496 6501 6670
f 6670 6501 6317
f 6670 6317 6819
f 6819 6317 6318
f 6819 6318 6316
f 6495 6494 6820
f 6820 6494 6492
f 6820 6492 6498
f 6619 6671 6672
f 6672 6671 6821
f 6672 6821 6822
f 6822 6821 6823
f 6822 6823 6824
f 6344 6345 6772
f 6772 6345 6770
f 6772 6770 6771
f 6771 6770 6825
f 6771 6825 6773
f 6773 6825 6826
f 6773 6826 6774
f 6774 6826 6762
f 6774 6762 6775
f 6775 6762 6761
f 6775 6761 6776
f 6776 6761 6760
f 6776 6760 6779
f 6779 6760 6827
f 6779 6827 6778
f 6778 6827 6828
f 6778 6828 6777
f 6777 6828 6829
f 6777 6829 6780
f 6780 6829 6830
f 6780 6830 6781
f 6781 6830 6831
f 6781 6831 6782
f 6782 6831 6832
f 6782 6832 6783
f 6783 6832 6833
f 6783 6833 6784
f 6784 6833 6834
f 6784 6834 6787
f 6787 6834 6835
f 6787 6835 6786
f 6786 6835 6836
f 6786 6836 6785
f 6785 6836 6837
f 6785 6837 6788
f 6788 6837 6732
f 6788 6732 6789
f 6789 6732 6731
f 6789 6731 6790
f 6790 6731 6730
f 6790 6730 6792
f 6792 6730 6838
f 6792 6838 6791
f 6791 6838 6839
f 6791 6839 6794
f 6794 6839 6840
f 6794 6840 6793
f 6793 6840 6841
f 6793 6841 6795
f 6795 6841 6842
f 6795 6842 6796
f 6796 6842 6843
f 6796 6843 6797
f 6797 6843 6844
f 6797 6844 6798
f 6798 6844 6845
f 6798 6845 6801
f 6801 6845 6846
f 6801 6846 6800
f 6800 6846 6847
f 6800 6847 6799
f 6799 6847 6704
f 6799 6704 6802
f 6802 6704 6701
f 6802 6701 6803
f 6803 6701 6702
f 6803 6702 6804
f 6804 6702 6703
f 6804 6703 6805
f 6805 6703 6848
f 6805 6848 6808
f 6808 6848 6849
f 6808 6849 6807
f 6807 6849 6850
f 6807 6850 6806
f 6806 6850 6851
f 6806 6851 6809
f 6809 6851 6852
f 6809 6852 6810
f 6810 6852 6853
f 6810 6853 6811
f 6811 6853 6854
f 6811 6854 6812
f 6812 6854 6855
f 6812 6855 6815
f 6815 6855 6856
f 6815 6856 6814
f 6814 6856 6857
f 6814 6857 6813
f 6813 6857 6675
f 6813 6675 6816
f 6816 6675 6673
f 6816 6673 6817
f 6817 6673 6674
f 6817 6674 6818
f 6818 6674 6858
f 6818 6858 6819
f 6819 6858 6859
f 6819 6859 6670
f 6670 6859 6820
f 6670 6820 6497
f 6497 6820 6498
f 6439 6438 6703
f 6703 6438 6696
f 6703 6696 6848
f 6848 6696 6698
f 6848 6698 6849
f 6849 6698 6697
f 6849 6697 6850
f 6850 6697 6676
f 6850 6676 6851
f 6851 6676 6678
f 6851 6678 6852
f 6852 6678 6680
f 6852 6680 6853
f 6853 6680 6682
f 6853 6682 6854
f 6854 6682 6684
f 6854 6684 6855
f 6855 6684 6686
f 6855 6686 6856
f 6856 6686 6688
f 6856 6688 6857
f 6857 6688 6690
f 6857 6690 6675
f 6675 6690 6692
f 6675 6692 6625
f 6625 6692 6624
f 6469 6468 6674
f 6674 6468 6618
f 6674 6618 6858
f 6858 6618 6672
f 6858 6672 6859
f 6859 6672 6822
f 6859 6822 6820
f 6820 6822 6824
f 6820 6824 6495
f 6495 6824 6823
f 6495 6823 6527
f 6350 6349 6770
f 6770 6349 6764
f 6770 6764 6825
f 6825 6764 6765
f 6825 6765 6826
f 6826 6765 6767
f 6826 6767 6762
f 6762 6767 6763
f 6762 6763 6660
f 6660 6763 6659
f 6382 6381 6760
f 6760 6381 6743
f 6760 6743 6827
f 6827 6743 6757
f 6827 6757 6828
f 6828 6757 6755
f 6828 6755 6829
f 6829 6755 6753
f 6829 6753 6830
f 6830 6753 6751
f 6830 6751 6831
f 6831 6751 6749
f 6831 6749 6832
f 6832 6749 6747
f 6832 6747 6833
f 6833 6747 6745
f 6833 6745 6834
f 6834 6745 6744
f 6834 6744 6835
f 6835 6744 6733
f 6835 6733 6836
f 6836 6733 6735
f 6836 6735 6837
f 6837 6735 6737
f 6837 6737 6732
f 6732 6737 6739
f 6732 6739 6651
f 6651 6739 6650
f 6410 6409 6730
f 6730 6409 6721
f 6730 6721 6838
f 6838 6721 6727
f 6838 6727 6839
f 6839 6727 6725
f 6839 6725 6840
f 6840 6725 6723
f 6840 6723 6841
f 6841 6723 6719
f 6841 6719 6842
f 6842 6719 6717
f 6842 6717 6843
f 6843 6717 6715
f 6843 6715 6844
f 6844 6715 6713
f 6844 6713 6845
f 6845 6713 6711
f 6845 6711 6846
f 6846 6711 6709
f 6846 6709 6847
f 6847 6709 6707
f 6847 6707 6704
f 6704 6707 6705
f 6704 6705 6634
f 6634 6705 6633
f 6366 6528 6860
f 6366 6860 6365
f 6365 6860 6861
f 6365 6861 6370
f 6370 6861 6862
f 6370 6862 6374
f 6374 6862 6863
f 6374 6863 6342
f 6533 6864 6534
f 6534 6864 6865
f 6534 6865 6532
f 6532 6865 6866
f 6532 6866 6531
f 6531 6866 6867
f 6531 6867 6530
f 6530 6867 6868
f 6530 6868 6529
f 6529 6868 6860
f 6529 6860 6528
f 6863 6862 6869
f 6869 6862 6870
f 6869 6870 6871
f 6871 6870 6872
f 6871 6872 6873
f 6873 6872 6874
f 6873 6874 6875
f 6875 6874 6876
f 6875 6876 6877
f 6877 6876 6878
f 6877 6878 6879
f 6880 6879 6881
f 6881 6879 6878
f 6881 6878 6882
f 6882 6878 6883
f 6884 6885 6886
f 6533 6884 6864
f 6864 6884 6886
f 6864 6886 6865
f 6865 6886 6887
f 6865 6887 6866
f 6866 6887 6888
f 6866 6888 6867
f 6867 6888 6889
f 6867 6889 6868
f 6868 6889 6890
f 6868 6890 6860
f 6860 6890 6861
f 6885 6883 6886
f 6886 6883 6878
f 6886 6878 6887
f 6887 6878 6876
f 6887 6876 6888
f 6888 6876 6874
f 6888 6874 6889
f 6889 6874 6872
f 6889 6872 6890
f 6890 6872 6870
f 6890 6870 6861
f 6861 6870 6862
f 6891 6880 6892
f 6892 6880 6881
f 6892 6881 6893
f 6893 6881 6882
f 6893 6882 6894
f 6894 6882 6883
f 6894 6883 6895
f 6895 6883 6885
f 6895 6885 6896
f 6896 6885 6884
f 6896 6884 6535
f 6535 6884 6533
f 6893 6894 6897
f 6895 6896 6898
f 6540 6899 6900
f 6540 6900 6541
f 6541 6900 6901
f 6541 6901 6539
f 6539 6901 6902
f 6539 6902 6538
f 6538 6902 6903
f 6538 6903 6537
f 6537 6903 6898
f 6537 6898 6536
f 6536 6898 6896
f 6536 6896 6535
f 6904 6891 6892
f 6892 6905 6904
f 6904 6905 6906
f 6904 6906 6907
f 6907 6906 6908
f 6907 6908 6909
f 6909 6908 6910
f 6909 6910 6911
f 6911 6910 6912
f 6911 6912 6913
f 6913 6912 6914
f 6913 6914 6915
f 6899 6916 6900
f 6900 6916 6917
f 6900 6917 6901
f 6901 6917 6918
f 6901 6918 6902
f 6902 6918 6919
f 6902 6919 6903
f 6903 6919 6920
f 6903 6920 6898
f 6898 6920 6897
f 6898 6897 6895
f 6895 6897 6894
f 6916 6914 6917
f 6917 6914 6912
f 6917 6912 6918
f 6918 6912 6910
f 6918 6910 6919
f 6919 6910 6908
f 6919 6908 6920
f 6920 6908 6906
f 6920 6906 6897
f 6897 6906 6905
f 6897 6905 6893
f 6893 6905 6892
f 6527 6915 6526
f 6526 6915 6914
f 6526 6914 6525
f 6525 6914 6916
f 6525 6916 6524
f 6524 6916 6899
f 6524 6899 6502
f 6502 6899 6540
f 6502 6540 6503
f 6543 6921 6544
f 6544 6921 6922
f 6544 6922 6545
f 6545 6922 6923
f 6545 6923 6546
f 6546 6923 6924
f 6546 6924 6547
f 6547 6924 6925
f 6547 6925 6548
f 6548 6925 6926
f 6548 6926 6549
f 6549 6926 6927
f 6549 6927 6550
f 6550 6927 6928
f 6550 6928 6551
f 6551 6928 6929
f 6551 6929 6552
f 6552 6929 6930
f 6552 6930 6553
f 6553 6930 6931
f 6553 6931 6542
f 6542 6931 6932
f 6542 6932 6543
f 6543 6932 6921
f 6555 6933 6556
f 6556 6933 6934
f 6556 6934 6557
f 6557 6934 6935
f 6557 6935 6558
f 6558 6935 6936
f 6558 6936 6559
f 6559 6936 6937
f 6559 6937 6560
f 6560 6937 6938
f 6560 6938 6561
f 6561 6938 6939
f 6561 6939 6562
f 6562 6939 6940
f 6562 6940 6563
f 6563 6940 6941
f 6563 6941 6564
f 6564 6941 6942
f 6564 6942 6565
f 6565 6942 6943
f 6565 6943 6554
f 6554 6943 6944
f 6554 6944 6555
f 6555 6944 6933
f 6567 6945 6568
f 6568 6945 6946
f 6568 6946 6569
f 6569 6946 6947
f 6569 6947 6570
f 6570 6947 6948
f 6570 6948 6571
f 6571 6948 6949
f 6571 6949 6572
f 6572 6949 6950
f 6572 6950 6573
f 6573 6950 6951
f 6573 6951 6574
f 6574 6951 6952
f 6574 6952 6575
f 6575 6952 6953
f 6575 6953 6576
f 6576 6953 6954
f 6576 6954 6577
f 6577 6954 6955
f 6577 6955 6566
f 6566 6955 6956
f 6566 6956 6567
f 6567 6956 6945
f 6957 6958 6603
f 6603 6602 6957
f 6957 6602 6601
f 6957 6601 6959
f 6601 6600 6959
f 6959 6600 6599
f 6959 6599 6960
f 6599 6598 6960
f 6960 6598 6597
f 6960 6597 6961
f 6597 6596 6961
f 6961 6596 6595
f 6961 6595 6962
f 6595 6594 6962
f 6962 6594 6593
f 6962 6593 6963
f 6593 6592 6963
f 6963 6592 6591
f 6963 6591 6964
f 6964 6591 6590
f 6964 6590 6965
f 6590 6589 6965
f 6965 6589 6588
f 6965 6588 6966
f 6588 6587 6966
f 6966 6587 6586
f 6966 6586 6967
f 6586 6585 6967
f 6967 6585 6584
f 6967 6584 6968
f 6584 6583 6968
f 6968 6583 6582
f 6968 6582 6969
f 6582 6581 6969
f 6969 6581 6580
f 6969 6580 6970
f 6580 6579 6970
f 6970 6579 6578
f 6970 6578 6971
f 6971 6578 6605
f 6971 6605 6958
f 6958 6605 6604
f 6958 6604 6603
f 6607 6972 6608
f 6608 6972 6973
f 6608 6973 6609
f 6609 6973 6974
f 6609 6974 6610
f 6610 6974 6975
f 6610 6975 6611
f 6611 6975 6976
f 6611 6976 6612
f 6612 6976 6977
f 6612 6977 6613
f 6613 6977 6978
f 6613 6978 6614
f 6614 6978 6979
f 6614 6979 6615
f 6615 6979 6980
f 6615 6980 6616
f 6616 6980 6981
f 6616 6981 6617
f 6617 6981 6982
f 6617 6982 6606
f 6606 6982 6983
f 6606 6983 6607
f 6607 6983 6972
f 6933 6944 6694
f 6821 6956 6823
f 6823 6956 6955
f 6823 6955 6527
f 6527 6955 6915
f 6915 6955 6954
f 6915 6954 6913
f 6913 6954 6953
f 6913 6953 6911
f 6945 6956 6630
f 6630 6956 6821
f 6630 6821 6621
f 6621 6821 6671
f 6621 6671 6620
f 6950 6966 6951
f 6951 6966 6967
f 6694 6964 6965
f 6681 6679 6949
f 6911 6953 6909
f 6909 6953 6952
f 6909 6952 6907
f 6907 6952 6971
f 6907 6971 6904
f 6630 6628 6945
f 6945 6628 6629
f 6945 6629 6946
f 6946 6629 6627
f 6946 6627 6947
f 6947 6627 6626
f 6622 6691 6623
f 6623 6691 6689
f 6623 6689 6626
f 6965 6966 6694
f 6694 6966 6950
f 6694 6950 6695
f 6695 6950 6949
f 6695 6949 6677
f 6677 6949 6679
f 6626 6689 6947
f 6947 6689 6687
f 6947 6687 6948
f 6948 6687 6685
f 6948 6685 6949
f 6949 6685 6683
f 6949 6683 6681
f 6967 6968 6951
f 6951 6968 6969
f 6951 6969 6952
f 6952 6969 6970
f 6952 6970 6971
f 6873 6875 6957
f 6961 6962 6984
f 6984 6962 6963
f 6984 6963 6964
f 6873 6957 6871
f 6871 6957 6959
f 6871 6959 6984
f 6984 6959 6960
f 6984 6960 6961
f 6875 6877 6957
f 6957 6877 6879
f 6957 6879 6958
f 6958 6879 6880
f 6958 6880 6971
f 6971 6880 6891
f 6971 6891 6904
f 6982 6666 6983
f 6983 6666 6665
f 6657 6766 6658
f 6658 6766 6768
f 6658 6768 6665
f 6663 6664 6759
f 6759 6664 6758
f 6980 6669 6981
f 6981 6669 6667
f 6981 6667 6982
f 6982 6667 6668
f 6982 6668 6666
f 6664 6669 6758
f 6758 6669 6980
f 6758 6980 6756
f 6756 6980 6979
f 6756 6979 6754
f 6978 6977 6984
f 6984 6977 6976
f 6984 6976 6871
f 6871 6976 6975
f 6871 6975 6974
f 6665 6768 6983
f 6983 6768 6769
f 6983 6769 6972
f 6972 6769 6342
f 6972 6342 6973
f 6973 6342 6863
f 6973 6863 6974
f 6974 6863 6869
f 6974 6869 6871
f 6984 6741 6978
f 6978 6741 6740
f 6978 6740 6746
f 6746 6748 6978
f 6978 6748 6750
f 6978 6750 6979
f 6979 6750 6752
f 6979 6752 6754
f 6742 6741 6930
f 6984 6923 6922
f 6922 6921 6984
f 6984 6921 6932
f 6984 6932 6741
f 6741 6932 6931
f 6741 6931 6930
f 6923 6984 6924
f 6924 6984 6722
f 6924 6722 6925
f 6742 6930 6734
f 6734 6930 6929
f 6734 6929 6736
f 6928 6653 6929
f 6929 6653 6652
f 6929 6652 6736
f 6736 6652 6649
f 6736 6649 6738
f 6738 6649 6648
f 6646 6647 6729
f 6729 6647 6728
f 6926 6985 6927
f 6927 6985 6654
f 6927 6654 6928
f 6928 6654 6655
f 6928 6655 6653
f 6647 6985 6728
f 6728 6985 6926
f 6728 6926 6726
f 6726 6926 6925
f 6726 6925 6724
f 6724 6925 6722
f 6964 6694 6984
f 6984 6694 6944
f 6984 6944 6943
f 6943 6942 6984
f 6984 6942 6941
f 6984 6941 6722
f 6722 6941 6940
f 6939 6938 6708
f 6933 6694 6934
f 6934 6694 6693
f 6934 6693 6935
f 6716 6718 6940
f 6940 6718 6720
f 6940 6720 6722
f 6708 6710 6939
f 6939 6710 6712
f 6939 6712 6940
f 6940 6712 6714
f 6940 6714 6716
f 6936 6642 6937
f 6937 6642 6640
f 6937 6640 6938
f 6938 6640 6639
f 6938 6639 6708
f 6708 6639 6632
f 6708 6632 6706
f 6706 6632 6631
f 6643 6699 6638
f 6638 6699 6700
f 6638 6700 6637
f 6693 6699 6935
f 6935 6699 6643
f 6935 6643 6936
f 6936 6643 6641
f 6936 6641 6642
f 6986 6987 6988
f 6988 6987 6989
f 6988 6989 6990
f 6991 6992 6988
f 6988 6992 6993
f 6988 6993 6986
f 6994 6995 6988
f 6988 6995 6996
f 6988 6996 6991
f 6990 6997 6988
f 6988 6997 6998
f 6988 6998 6994
f 6999 7000 7001
f 7001 7000 7002
f 7001 7002 7003
f 7004 7005 7001
f 7001 7005 7006
f 7001 7006 6999
f 7007 7008 7001
f 7001 7008 7009
f 7001 7009 7004
f 7003 7010 7001
f 7001 7010 7011
f 7001 7011 7007
f 7012 7013 7014
f 7014 7013 7015
f 7014 7015 7016
f 7017 7018 7014
f 7014 7018 7019
f 7014 7019 7012
f 7020 7021 7014
f 7014 7021 7022
f 7014 7022 7017
f 7016 7023 7014
f 7014 7023 7024
f 7014 7024 7020
f 7025 7026 7027
f 7028 7026 7025
f 7025 7029 7030
f 7031 7029 7025
f 7027 7031 7025
f 7025 7032 7033
f 7034 7032 7025
f 7030 7034 7025
f 7025 7035 7036
f 7037 7035 7025
f 7033 7037 7025
f 7036 7028 7025
f 7038 7039 7040
f 7041 7039 7038
f 7038 7042 7043
f 7044 7042 7038
f 7040 7044 7038
f 7038 7045 7046
f 7047 7045 7038
f 7043 7047 7038
f 7038 7048 7049
f 7050 7048 7038
f 7046 7050 7038
f 7049 7041 7038
f 7051 7052 7053
f 7054 7052 7051
f 7051 7055 7056
f 7057 7055 7051
f 7053 7057 7051
f 7051 7058 7059
f 7060 7058 7051
f 7056 7060 7051
f 7051 7061 7062
f 7063 7061 7051
f 7059 7063 7051
f 7062 7054 7051
f 7064 7065 7066
f 7067 7065 7064
f 7064 7068 7069
f 7070 7068 7064
f 7066 7070 7064
f 7064 7071 7072
f 7073 7071 7064
f 7069 7073 7064
f 7064 7074 7075
f 7076 7074 7064
f 7072 7076 7064
f 7075 7067 7064
f 7077 7078 7079
f 7080 7078 7077
f 7077 7081 7082
f 7083 7081 7077
f 7079 7083 7077
f 7077 7084 7085
f 7086 7084 7077
f 7082 7086 7077
f 7077 7087 7088
f 7089 7087 7077
f 7085 7089 7077
f 7088 7080 7077
f 7090 7091 7092
f 7093 7091 7090
f 7090 7094 7095
f 7096 7094 7090
f 7092 7096 7090
f 7090 7097 7098
f 7099 7097 7090
f 7095 7099 7090
f 7090 7100 7101
f 7102 7100 7090
f 7098 7102 7090
f 7101 7093 7090
f 6989 7103 6990
f 6990 7103 7104
f 6990 7104 6997
f 6997 7104 7105
f 6997 7105 6998
f 6998 7105 7106
f 6998 7106 6994
f 6994 7106 7107
f 6994 7107 6995
f 6995 7107 7108
f 6995 7108 6996
f 6996 7108 7109
f 6996 7109 6991
f 6991 7109 7110
f 6991 7110 6992
f 6992 7110 7111
f 6992 7111 6993
f 6993 7111 7112
f 6993 7112 6986
f 6986 7112 7113
f 6986 7113 6987
f 6987 7113 7114
f 6987 7114 6989
f 6989 7114 7103
f 7002 7115 7003
f 7003 7115 7116
f 7003 7116 7010
f 7010 7116 7117
f 7010 7117 7011
f 7011 7117 7118
f 7011 7118 7007
f 7007 7118 7119
f 7007 7119 7008
f 7008 7119 7120
f 7008 7120 7009
f 7009 7120 7121
f 7009 7121 7004
f 7004 7121 7122
f 7004 7122 7005
f 7005 7122 7123
f 7005 7123 7006
f 7006 7123 7124
f 7006 7124 6999
f 6999 7124 7125
f 6999 7125 7000
f 7000 7125 7126
f 7000 7126 7002
f 7002 7126 7115
f 7015 7127 7016
f 7016 7127 7128
f 7016 7128 7023
f 7023 7128 7129
f 7023 7129 7024
f 7024 7129 7130
f 7024 7130 7020
f 7020 7130 7131
f 7020 7131 7021
f 7021 7131 7132
f 7021 7132 7022
f 7022 7132 7133
f 7022 7133 7017
f 7017 7133 7134
f 7017 7134 7018
f 7018 7134 7135
f 7018 7135 7019
f 7019 7135 7136
f 7019 7136 7012
f 7012 7136 7137
f 7012 7137 7013
f 7013 7137 7138
f 7013 7138 7015
f 7015 7138 7127
f 7028 7139 7026
f 7026 7139 7140
f 7026 7140 7027
f 7027 7140 7141
f 7027 7141 7031
f 7031 7141 7142
f 7031 7142 7029
f 7029 7142 7143
f 7029 7143 7030
f 7030 7143 7144
f 7030 7144 7034
f 7034 7144 7145
f 7034 7145 7032
f 7032 7145 7146
f 7032 7146 7033
f 7033 7146 7147
f 7033 7147 7037
f 7037 7147 7148
f 7037 7148 7035
f 7035 7148 7149
f 7035 7149 7036
f 7036 7149 7150
f 7036 7150 7028
f 7028 7150 7139
f 7041 7151 7039
f 7039 7151 7152
f 7039 7152 7040
f 7040 7152 7153
f 7040 7153 7044
f 7044 7153 7154
f 7044 7154 7042
f 7042 7154 7155
f 7042 7155 7043
f 7043 7155 7156
f 7043 7156 7047
f 7047 7156 7157
f 7047 7157 7045
f 7045 7157 7158
f 7045 7158 7046
f 7046 7158 7159
f 7046 7159 7050
f 7050 7159 7160
f 7050 7160 7048
f 7048 7160 7161
f 7048 7161 7049
f 7049 7161 7162
f 7049 7162 7041
f 7041 7162 7151
f 7054 7163 7052
f 7052 7163 7164
f 7052 7164 7053
f 7053 7164 7165
f 7053 7165 7057
f 7057 7165 7166
f 7057 7166 7055
f 7055 7166 7167
f 7055 7167 7056
f 7056 7167 7168
f 7056 7168 7060
f 7060 7168 7169
f 7060 7169 7058
f 7058 7169 7170
f 7058 7170 7059
f 7059 7170 7171
f 7059 7171 7063
f 7063 7171 7172
f 7063 7172 7061
f 7061 7172 7173
f 7061 7173 7062
f 7062 7173 7174
f 7062 7174 7054
f 7054 7174 7163
f 7067 7175 7065
f 7065 7175 7176
f 7065 7176 7066
f 7066 7176 7177
f 7066 7177 7070
f 7070 7177 7178
f 7070 7178 7068
f 7068 7178 7179
f 7068 7179 7069
f 7069 7179 7180
f 7069 7180 7073
f 7073 7180 7181
f 7073 7181 7071
f 7071 7181 7182
f 7071 7182 7072
f 7072 7182 7183
f 7072 7183 7076
f 7076 7183 7184
f 7076 7184 7074
f 7074 7184 7185
f 7074 7185 7075
f 7075 7185 7186
f 7075 7186 7067
f 7067 7186 7175
f 7080 7187 7078
f 7078 7187 7188
f 7078 7188 7079
f 7079 7188 7189
f 7079 7189 7083
f 7083 7189 7190
f 7083 7190 7081
f 7081 7190 7191
f 7081 7191 7082
f 7082 7191 7192
f 7082 7192 7086
f 7086 7192 7193
f 7086 7193 7084
f 7084 7193 7194
f 7084 7194 7085
f 7085 7194 7195
f 7085 7195 7089
f 7089 7195 7196
f 7089 7196 7087
f 7087 7196 7197
f 7087 7197 7088
f 7088 7197 7198
f 7088 7198 7080
f 7080 7198 7187
f 7093 7199 7091
f 7091 7199 7200
f 7091 7200 7092
f 7092 7200 7201
f 7092 7201 7096
f 7096 7201 7202
f 7096 7202 7094
f 7094 7202 7203
f 7094 7203 7095
f 7095 7203 7204
f 7095 7204 7099
f 7099 7204 7205
f 7099 7205 7097
f 7097 7205 7206
f 7097 7206 7098
f 7098 7206 7207
f 7098 7207 7102
f 7102 7207 7208
f 7102 7208 7100
f 7100 7208 7209
f 7100 7209 7101
f 7101 7209 7210
f 7101 7210 7093
f 7093 7210 7199
f 7116 7115 7211
f 7212 7213 7214
f 7215 7216 7217
f 7107 7106 7218
f 7218 7106 7219
f 7113 7112 7220
f 7220 7112 7111
f 7114 7221 7103
f 7103 7221 7222
f 7103 7222 7104
f 7104 7222 7219
f 7104 7219 7105
f 7105 7219 7106
f 7167 7166 7220
f 7220 7166 7221
f 7220 7221 7113
f 7113 7221 7114
f 7171 7223 7172
f 7172 7223 7224
f 7172 7224 7173
f 7171 7170 7223
f 7223 7170 7169
f 7223 7169 7220
f 7220 7169 7168
f 7220 7168 7167
f 7166 7165 7221
f 7221 7165 7164
f 7221 7164 7225
f 7225 7164 7163
f 7225 7163 7224
f 7224 7163 7174
f 7224 7174 7173
f 7216 7215 7223
f 7223 7215 7226
f 7223 7226 7224
f 7157 7227 7158
f 7158 7227 7228
f 7229 7230 7231
f 7231 7230 7232
f 7231 7232 7227
f 7227 7232 7233
f 7227 7233 7228
f 7234 7235 7236
f 7237 7238 7239
f 7239 7238 7240
f 7239 7240 7241
f 7242 7131 7243
f 7243 7131 7130
f 7243 7130 7244
f 7127 7245 7128
f 7128 7245 7244
f 7128 7244 7129
f 7129 7244 7130
f 7187 7198 7246
f 7246 7198 7197
f 7246 7197 7245
f 7245 7197 7196
f 7193 7244 7194
f 7194 7244 7245
f 7194 7245 7195
f 7195 7245 7196
f 7187 7247 7188
f 7188 7247 7248
f 7188 7248 7189
f 7189 7248 7249
f 7189 7249 7190
f 7190 7249 7250
f 7190 7250 7191
f 7191 7250 7244
f 7191 7244 7192
f 7192 7244 7193
f 7187 7246 7247
f 7247 7246 7251
f 7247 7251 7252
f 7253 7254 7255
f 7181 7180 7253
f 7183 7182 7218
f 7218 7182 7181
f 7254 7176 7256
f 7256 7176 7175
f 7256 7175 7219
f 7180 7179 7253
f 7253 7179 7178
f 7253 7178 7254
f 7254 7178 7177
f 7254 7177 7176
f 7175 7186 7219
f 7219 7186 7185
f 7219 7185 7218
f 7218 7185 7184
f 7218 7184 7183
f 7107 7218 7108
f 7108 7218 7257
f 7108 7257 7109
f 7127 7138 7258
f 7138 7137 7258
f 7258 7137 7136
f 7258 7136 7259
f 7136 7135 7259
f 7259 7135 7134
f 7259 7134 7260
f 7260 7134 7133
f 7260 7133 7242
f 7242 7133 7132
f 7242 7132 7131
f 7157 7156 7211
f 7212 7152 7261
f 7261 7152 7151
f 7261 7151 7262
f 7262 7151 7162
f 7262 7162 7263
f 7263 7162 7161
f 7263 7161 7264
f 7264 7161 7160
f 7264 7160 7228
f 7228 7160 7159
f 7228 7159 7158
f 7156 7155 7211
f 7211 7155 7154
f 7211 7154 7212
f 7212 7154 7153
f 7212 7153 7152
f 7127 7258 7245
f 7245 7258 7265
f 7245 7265 7246
f 7246 7265 7253
f 7246 7253 7251
f 7251 7253 7255
f 7251 7255 7252
f 7181 7253 7218
f 7218 7253 7265
f 7218 7265 7257
f 7257 7265 7258
f 7257 7258 7266
f 7266 7258 7259
f 7266 7259 7267
f 7202 7201 7259
f 7210 7267 7199
f 7199 7267 7259
f 7199 7259 7200
f 7200 7259 7201
f 7239 7204 7203
f 7210 7209 7267
f 7267 7209 7208
f 7267 7208 7241
f 7242 7268 7260
f 7260 7268 7237
f 7260 7237 7259
f 7259 7237 7239
f 7259 7239 7202
f 7202 7239 7203
f 7208 7207 7241
f 7241 7207 7206
f 7241 7206 7239
f 7239 7206 7205
f 7239 7205 7204
f 7241 7269 7267
f 7267 7269 7214
f 7267 7214 7266
f 7266 7214 7213
f 7266 7213 7257
f 7257 7213 7110
f 7257 7110 7109
f 7270 7139 7150
f 7142 7141 7269
f 7269 7141 7140
f 7147 7271 7148
f 7148 7271 7270
f 7148 7270 7149
f 7149 7270 7150
f 7212 7214 7211
f 7211 7214 7269
f 7211 7269 7270
f 7270 7269 7140
f 7270 7140 7139
f 7240 7234 7241
f 7241 7234 7236
f 7241 7236 7269
f 7269 7236 7143
f 7269 7143 7142
f 7147 7146 7271
f 7271 7146 7145
f 7271 7145 7236
f 7236 7145 7144
f 7236 7144 7143
f 7111 7110 7220
f 7220 7110 7213
f 7220 7213 7223
f 7223 7213 7212
f 7223 7212 7216
f 7216 7212 7261
f 7216 7261 7217
f 7217 7261 7262
f 7157 7211 7227
f 7227 7211 7115
f 7227 7115 7126
f 7121 7120 7270
f 7120 7119 7270
f 7270 7119 7118
f 7270 7118 7211
f 7211 7118 7117
f 7211 7117 7116
f 7126 7125 7227
f 7227 7125 7124
f 7227 7124 7231
f 7231 7124 7123
f 7231 7123 7122
f 7235 7272 7236
f 7236 7272 7273
f 7236 7273 7271
f 7271 7273 7229
f 7271 7229 7270
f 7270 7229 7231
f 7270 7231 7121
f 7121 7231 7122
f 7222 7274 7219
f 7219 7274 7275
f 7219 7275 7256
f 7256 7275 7276
f 7256 7276 7254
f 7254 7276 7277
f 7254 7277 7255
f 7255 7277 7278
f 7255 7278 7252
f 7252 7278 7279
f 7252 7279 7247
f 7247 7279 7280
f 7247 7280 7248
f 7248 7280 7281
f 7248 7281 7249
f 7249 7281 7282
f 7249 7282 7250
f 7250 7282 7283
f 7250 7283 7244
f 7244 7283 7284
f 7244 7284 7243
f 7243 7284 7285
f 7243 7285 7242
f 7242 7285 7286
f 7242 7286 7268
f 7268 7286 7287
f 7268 7287 7237
f 7237 7287 7288
f 7237 7288 7238
f 7238 7288 7289
f 7238 7289 7240
f 7240 7289 7290
f 7240 7290 7234
f 7234 7290 7291
f 7234 7291 7235
f 7235 7291 7292
f 7235 7292 7272
f 7272 7292 7293
f 7272 7293 7273
f 7273 7293 7294
f 7273 7294 7229
f 7229 7294 7295
f 7229 7295 7230
f 7230 7295 7296
f 7230 7296 7232
f 7232 7296 7297
f 7232 7297 7233
f 7233 7297 7298
f 7233 7298 7228
f 7228 7298 7299
f 7228 7299 7264
f 7264 7299 7300
f 7264 7300 7263
f 7263 7300 7301
f 7263 7301 7262
f 7262 7301 7302
f 7262 7302 7217
f 7217 7302 7303
f 7217 7303 7215
f 7215 7303 7304
f 7215 7304 7226
f 7226 7304 7305
f 7226 7305 7224
f 7224 7305 7306
f 7224 7306 7225
f 7225 7306 7307
f 7225 7307 7221
f 7221 7307 7308
f 7221 7308 7222
f 7222 7308 7274
f 7277 7309 7278
f 7278 7309 7310
f 7278 7310 7279
f 7279 7310 7311
f 7279 7311 7280
f 7280 7311 7312
f 7280 7312 7281
f 7281 7312 7313
f 7281 7313 7282
f 7282 7313 7314
f 7282 7314 7283
f 7283 7314 7315
f 7283 7315 7284
f 7284 7315 7316
f 7284 7316 7285
f 7285 7316 7317
f 7285 7317 7286
f 7286 7317 7318
f 7286 7318 7287
f 7287 7318 7319
f 7287 7319 7288
f 7288 7319 7320
f 7288 7320 7289
f 7289 7320 7321
f 7289 7321 7290
f 7290 7321 7322
f 7290 7322 7291
f 7291 7322 7323
f 7291 7323 7292
f 7292 7323 7324
f 7292 7324 7293
f 7293 7324 7325
f 7293 7325 7294
f 7294 7325 7326
f 7294 7326 7295
f 7295 7326 7327
f 7295 7327 7296
f 7296 7327 7328
f 7296 7328 7297
f 7297 7328 7329
f 7297 7329 7298
f 7298 7329 7330
f 7298 7330 7299
f 7299 7330 7331
f 7299 7331 7300
f 7300 7331 7332
f 7300 7332 7301
f 7301 7332 7333
f 7301 7333 7302
f 7302 7333 7334
f 7302 7334 7303
f 7303 7334 7335
f 7303 7335 7304
f 7304 7335 7336
f 7304 7336 7305
f 7305 7336 7337
f 7305 7337 7306
f 7306 7337 7338
f 7306 7338 7307
f 7307 7338 7339
f 7307 7339 7308
f 7308 7339 7340
f 7308 7340 7274
f 7274 7340 7341
f 7274 7341 7275
f 7275 7341 7342
f 7275 7342 7276
f 7276 7342 7343
f 7276 7343 7277
f 7277 7343 7309
f 7344 7345 7323
f 7323 7345 7346
f 7323 7346 7324
f 7324 7346 7347
f 7324 7347 7325
f 7325 7347 7348
f 7325 7348 7326
f 7326 7348 7349
f 7326 7349 7327
f 7327 7349 7350
f 7327 7350 7328
f 7328 7350 7351
f 7328 7351 7329
f 7329 7351 7352
f 7329 7352 7330
f 7330 7352 7353
f 7330 7353 7331
f 7331 7353 7354
f 7331 7354 7332
f 7332 7354 7355
f 7332 7355 7333
f 7333 7355 7356
f 7333 7356 7334
f 7334 7356 7357
f 7334 7357 7335
f 7335 7357 7358
f 7335 7358 7336
f 7336 7358 7359
f 7336 7359 7337
f 7337 7359 7360
f 7337 7360 7338
f 7338 7360 7361
f 7338 7361 7339
f 7339 7361 7362
f 7339 7362 7340
f 7340 7362 7363
f 7340 7363 7341
f 7341 7363 7364
f 7341 7364 7342
f 7342 7364 7365
f 7342 7365 7343
f 7343 7365 7366
f 7343 7366 7309
f 7309 7366 7367
f 7309 7367 7310
f 7310 7367 7368
f 7310 7368 7311
f 7311 7368 7369
f 7311 7369 7312
f 7312 7369 7370
f 7312 7370 7313
f 7313 7370 7371
f 7313 7371 7314
f 7314 7371 7372
f 7314 7372 7315
f 7315 7372 7373
f 7315 7373 7316
f 7316 7373 7374
f 7316 7374 7317
f 7317 7374 7375
f 7317 7375 7318
f 7318 7375 7376
f 7318 7376 7319
f 7319 7376 7377
f 7319 7377 7320
f 7320 7377 7378
f 7320 7378 7321
f 7321 7378 7379
f 7321 7379 7322
f 7322 7379 7344
f 7322 7344 7323
f 7346 7345 7380
f 7380 7345 7344
f 7380 7344 7379
f 7349 7348 7380
f 7380 7348 7347
f 7380 7347 7346
f 7352 7351 7380
f 7380 7351 7350
f 7380 7350 7349
f 7355 7354 7380
f 7380 7354 7353
f 7380 7353 7352
f 7358 7357 7380
f 7380 7357 7356
f 7380 7356 7355
f 7361 7360 7380
f 7380 7360 7359
f 7380 7359 7358
f 7364 7363 7380
f 7380 7363 7362
f 7380 7362 7361
f 7367 7366 7380
f 7380 7366 7365
f 7380 7365 7364
f 7370 7369 7380
f 7380 7369 7368
f 7380 7368 7367
f 7373 7372 7380
f 7380 7372 7371
f 7380 7371 7370
f 7376 7375 7380
f 7380 7375 7374
f 7380 7374 7373
f 7379 7378 7380
f 7380 7378 7377
f 7380 7377 7376
f 7381 7382 7383
f 7383 7382 7384
f 7383 7384 7385
f 7386 7387 7388
f 7388 7387 7389
f 7388 7389 7390
f 7381 7383 7391
f 7391 7383 7392
f 7391 7392 7393
f 7393 7392 7394
f 7393 7394 7395
f 7396 7397 7395
f 7395 7397 7398
f 7395 7398 7393
f 7395 7399 7396
f 7396 7399 7400
f 7396 7400 7401
f 7402 7403 7404
f 7404 7403 7405
f 7404 7405 7406
f 7406 7405 7407
f 7407 7405 7408
f 7407 7408 7409
f 7409 7408 7410
f 7409 7410 7411
f 7411 7410 7389
f 7411 7389 7387
f 7412 7413 7414
f 7414 7413 7415
f 7414 7415 7416
f 7417 7418 7419
f 7419 7418 7420
f 7419 7420 7421
f 7422 7423 7424
f 7424 7423 7425
f 7424 7426 7427
f 7425 7428 7424
f 7424 7428 7429
f 7424 7429 7430
f 7431 7422 7432
f 7432 7422 7424
f 7432 7424 7433
f 7433 7424 7427
f 7434 7435 7436
f 7436 7435 7437
f 7436 7438 7439
f 7437 7440 7436
f 7436 7440 7441
f 7436 7441 7442
f 7443 7434 7444
f 7444 7434 7436
f 7444 7436 7445
f 7445 7436 7439
f 7446 7447 7448
f 7446 7448 7449
f 7450 7451 7452
f 7452 7451 7453
f 7453 7454 7452
f 7452 7454 7455
f 7452 7455 7456
f 7456 7457 7452
f 7452 7457 7458
f 7452 7458 7447
f 7447 7458 7459
f 7447 7459 7448
f 7460 7461 7462
f 7448 7463 7449
f 7449 7463 7460
f 7449 7460 7464
f 7464 7460 7462
f 7465 7466 7467
f 7467 7466 7468
f 7467 7468 7469
f 7470 7471 7472
f 7472 7471 7473
f 7471 7474 7473
f 7473 7474 7475
f 7473 7475 7469
f 7469 7475 7476
f 7469 7476 7467
f 7392 7383 7477
f 7478 7479 7480
f 7480 7481 7482
f 7482 7483 7480
f 7480 7483 7484
f 7480 7484 7485
f 7485 7486 7480
f 7480 7486 7487
f 7480 7487 7488
f 7489 7478 7490
f 7490 7478 7480
f 7490 7480 7491
f 7491 7480 7488
f 7392 7477 7394
f 7477 7492 7400
f 7400 7399 7477
f 7477 7399 7395
f 7477 7395 7394
f 7492 7477 7493
f 7493 7477 7494
f 7493 7494 7479
f 7479 7494 7495
f 7479 7495 7480
f 7459 7458 7496
f 7496 7458 7497
f 7497 7458 7457
f 7497 7457 7498
f 7498 7457 7456
f 7498 7456 7499
f 7499 7456 7500
f 7500 7456 7455
f 7500 7455 7501
f 7501 7455 7502
f 7502 7455 7454
f 7502 7454 7503
f 7503 7454 7504
f 7504 7454 7453
f 7504 7453 7505
f 7505 7453 7451
f 7505 7451 7506
f 7450 7452 7507
f 7507 7508 7450
f 7450 7508 7509
f 7450 7509 7451
f 7451 7509 7510
f 7451 7510 7506
f 7511 7507 7447
f 7447 7507 7452
f 7512 7513 7514
f 7515 7516 7517
f 7483 7518 7519
f 7483 7519 7484
f 7484 7519 7520
f 7484 7520 7485
f 7485 7520 7521
f 7485 7521 7486
f 7515 7517 7522
f 7522 7517 7523
f 7522 7523 7524
f 7524 7523 7525
f 7524 7525 7526
f 7526 7525 7527
f 7526 7527 7528
f 7528 7527 7529
f 7528 7529 7530
f 7530 7529 7531
f 7530 7531 7532
f 7532 7531 7533
f 7532 7533 7534
f 7534 7533 7535
f 7534 7535 7536
f 7514 7537 7536
f 7513 7538 7514
f 7514 7538 7539
f 7514 7539 7537
f 7536 7535 7514
f 7514 7535 7540
f 7514 7540 7512
f 7541 7542 7543
f 7543 7542 7544
f 7543 7544 7545
f 7546 7547 7548
f 7481 7549 7550
f 7550 7549 7551
f 7551 7549 7552
f 7551 7552 7548
f 7548 7552 7553
f 7548 7553 7546
f 7546 7553 7554
f 7546 7554 7555
f 7555 7554 7556
f 7555 7556 7557
f 7557 7556 7558
f 7557 7558 7559
f 7559 7558 7560
f 7559 7561 7557
f 7557 7561 7562
f 7557 7562 7555
f 7555 7562 7563
f 7555 7563 7546
f 7546 7563 7564
f 7546 7564 7547
f 7547 7564 7565
f 7488 7487 7566
f 7566 7487 7567
f 7566 7567 7568
f 7568 7567 7569
f 7568 7569 7570
f 7570 7569 7571
f 7570 7571 7572
f 7572 7571 7573
f 7572 7573 7574
f 7574 7573 7575
f 7574 7575 7576
f 7576 7575 7577
f 7567 7565 7569
f 7569 7565 7564
f 7569 7564 7571
f 7571 7564 7563
f 7571 7563 7573
f 7573 7563 7562
f 7573 7562 7575
f 7575 7562 7561
f 7575 7561 7577
f 7577 7561 7559
f 7577 7559 7578
f 7578 7559 7560
f 7560 7541 7578
f 7578 7541 7543
f 7578 7543 7577
f 7577 7543 7545
f 7577 7545 7576
f 7576 7545 7579
f 7576 7579 7574
f 7574 7579 7580
f 7574 7580 7572
f 7572 7580 7581
f 7572 7581 7570
f 7570 7581 7582
f 7570 7582 7568
f 7568 7582 7583
f 7568 7583 7566
f 7566 7583 7584
f 7566 7584 7488
f 7488 7584 7491
f 7487 7486 7567
f 7567 7486 7521
f 7567 7521 7565
f 7565 7521 7520
f 7565 7520 7547
f 7547 7520 7519
f 7547 7519 7548
f 7548 7519 7518
f 7548 7518 7551
f 7551 7518 7483
f 7551 7483 7550
f 7550 7483 7482
f 7550 7482 7481
f 7542 7540 7544
f 7544 7540 7535
f 7544 7535 7545
f 7545 7535 7533
f 7545 7533 7579
f 7579 7533 7531
f 7579 7531 7580
f 7580 7531 7529
f 7580 7529 7581
f 7581 7529 7527
f 7581 7527 7582
f 7582 7527 7525
f 7582 7525 7583
f 7583 7525 7523
f 7583 7523 7584
f 7584 7523 7517
f 7584 7517 7491
f 7491 7517 7516
f 7491 7516 7490
f 7490 7516 7515
f 7490 7515 7489
f 7585 7586 7587
f 7588 7589 7587
f 7587 7589 7590
f 7587 7590 7585
f 7591 7592 7593
f 7594 7592 7595
f 7595 7592 7591
f 7595 7591 7596
f 7596 7591 7597
f 7598 7599 7600
f 7600 7599 7601
f 7600 7601 7602
f 7602 7601 7603
f 7602 7603 7594
f 7594 7603 7604
f 7594 7604 7592
f 7605 7606 7607
f 7607 7606 7608
f 7607 7608 7609
f 7609 7608 7610
f 7609 7610 7597
f 7597 7610 7611
f 7597 7611 7596
f 7593 7612 7591
f 7591 7612 7613
f 7591 7613 7597
f 7597 7613 7614
f 7597 7614 7609
f 7609 7614 7615
f 7609 7615 7607
f 7607 7615 7588
f 7607 7588 7605
f 7605 7588 7587
f 7605 7587 7606
f 7606 7587 7586
f 7599 7598 7616
f 7616 7598 7617
f 7616 7617 7618
f 7618 7617 7619
f 7389 7410 7620
f 7620 7410 7408
f 7619 7621 7618
f 7618 7621 7622
f 7618 7622 7623
f 7623 7622 7624
f 7623 7624 7625
f 7625 7624 7626
f 7625 7626 7627
f 7627 7626 7620
f 7627 7620 7403
f 7403 7620 7408
f 7403 7408 7405
f 7463 7448 7628
f 7628 7448 7459
f 7628 7459 7496
f 7629 7630 7631
f 7631 7630 7632
f 7633 7634 7635
f 7635 7634 7636
f 7635 7636 7630
f 7630 7636 7637
f 7630 7637 7632
f 7635 7638 7633
f 7633 7638 7415
f 7633 7415 7413
f 7417 7419 7639
f 7639 7419 7640
f 7639 7640 7641
f 7641 7640 7642
f 7642 7640 7643
f 7642 7643 7644
f 7644 7643 7645
f 7644 7645 7646
f 7646 7645 7647
f 7646 7647 7648
f 7429 7649 7430
f 7430 7649 7650
f 7430 7650 7424
f 7424 7650 7651
f 7424 7651 7426
f 7426 7651 7652
f 7426 7652 7427
f 7427 7652 7653
f 7427 7653 7433
f 7433 7653 7654
f 7433 7654 7432
f 7432 7654 7655
f 7432 7655 7431
f 7431 7655 7656
f 7431 7656 7422
f 7422 7656 7657
f 7422 7657 7423
f 7423 7657 7658
f 7423 7658 7425
f 7425 7658 7659
f 7425 7659 7428
f 7428 7659 7660
f 7428 7660 7429
f 7429 7660 7649
f 7661 7662 7663
f 7663 7664 7665
f 7663 7470 7472
f 7665 7666 7663
f 7663 7666 7667
f 7663 7667 7661
f 7668 7669 7670
f 7670 7669 7470
f 7670 7470 7671
f 7671 7470 7663
f 7472 7672 7663
f 7663 7672 7673
f 7663 7673 7664
f 7674 7672 7472
f 7675 7673 7672
f 7672 7674 7675
f 7675 7674 7676
f 7675 7676 7677
f 7677 7676 7678
f 7677 7678 7679
f 7468 7466 7680
f 7472 7473 7674
f 7674 7473 7469
f 7674 7469 7676
f 7676 7469 7468
f 7676 7468 7678
f 7678 7468 7680
f 7678 7680 7679
f 7679 7680 7681
f 7441 7682 7442
f 7442 7682 7683
f 7442 7683 7436
f 7436 7683 7684
f 7436 7684 7438
f 7438 7684 7685
f 7438 7685 7439
f 7439 7685 7686
f 7439 7686 7445
f 7445 7686 7687
f 7445 7687 7444
f 7444 7687 7688
f 7444 7688 7443
f 7443 7688 7689
f 7443 7689 7434
f 7434 7689 7690
f 7434 7690 7435
f 7435 7690 7691
f 7435 7691 7437
f 7437 7691 7692
f 7437 7692 7440
f 7440 7692 7693
f 7440 7693 7441
f 7441 7693 7682
f 7462 7461 7694
f 7463 7695 7460
f 7460 7695 7696
f 7460 7696 7461
f 7461 7696 7697
f 7461 7697 7694
f 7694 7698 7462
f 7462 7698 7699
f 7462 7699 7464
f 7464 7699 7700
f 7464 7700 7449
f 7511 7447 7701
f 7701 7447 7446
f 7701 7446 7449
f 7465 7702 7466
f 7466 7702 7703
f 7476 7475 7704
f 7474 7471 7705
f 7671 7706 7707
f 7671 7707 7670
f 7670 7707 7708
f 7670 7708 7668
f 7668 7708 7705
f 7668 7705 7669
f 7669 7705 7471
f 7669 7471 7470
f 7709 7465 7467
f 7467 7710 7709
f 7709 7710 7711
f 7709 7711 7712
f 7712 7711 7713
f 7712 7713 7714
f 7714 7713 7715
f 7714 7715 7716
f 7467 7476 7710
f 7710 7476 7704
f 7710 7704 7711
f 7711 7704 7717
f 7711 7717 7713
f 7713 7717 7718
f 7713 7718 7715
f 7715 7718 7719
f 7475 7474 7704
f 7704 7474 7705
f 7704 7705 7717
f 7717 7705 7708
f 7717 7708 7718
f 7718 7708 7707
f 7718 7707 7719
f 7719 7707 7706
f 7706 7671 7663
f 7663 7720 7706
f 7706 7720 7721
f 7706 7721 7719
f 7719 7721 7722
f 7719 7722 7715
f 7715 7722 7723
f 7715 7723 7716
f 7724 7725 7726
f 7724 7726 7727
f 7727 7726 7728
f 7727 7728 7729
f 7729 7728 7730
f 7729 7730 7731
f 7731 7730 7732
f 7731 7732 7733
f 7725 7724 7734
f 7734 7724 7735
f 7734 7735 7513
f 7513 7735 7736
f 7513 7736 7538
f 7737 7738 7739
f 7739 7738 7740
f 7739 7740 7741
f 7740 7742 7741
f 7741 7742 7743
f 7741 7743 7744
f 7744 7743 7745
f 7744 7745 7746
f 7746 7745 7729
f 7729 7745 7747
f 7729 7747 7727
f 7727 7747 7748
f 7727 7748 7724
f 7749 7750 7751
f 7752 7753 7754
f 7754 7753 7755
f 7754 7755 7756
f 7542 7757 7540
f 7540 7757 7753
f 7540 7753 7512
f 7512 7753 7752
f 7512 7752 7513
f 7542 7541 7757
f 7757 7541 7560
f 7757 7560 7558
f 7558 7556 7757
f 7757 7556 7554
f 7757 7554 7758
f 7554 7553 7758
f 7758 7553 7552
f 7758 7552 7549
f 7758 7549 7481
f 7758 7481 7759
f 7477 7383 7385
f 7385 7749 7477
f 7477 7749 7751
f 7477 7751 7494
f 7494 7751 7760
f 7494 7760 7495
f 7495 7760 7759
f 7495 7759 7480
f 7480 7759 7481
f 7489 7761 7762
f 7762 7763 7489
f 7489 7763 7764
f 7489 7764 7478
f 7400 7492 7401
f 7401 7492 7493
f 7401 7493 7764
f 7764 7493 7479
f 7764 7479 7478
f 7765 7766 7599
f 7627 7403 7402
f 7616 7767 7599
f 7599 7767 7768
f 7599 7768 7765
f 7616 7618 7767
f 7767 7618 7623
f 7767 7623 7402
f 7402 7623 7625
f 7402 7625 7627
f 7502 7503 7769
f 7770 7496 7497
f 7771 7772 7773
f 7773 7772 7774
f 7773 7774 7775
f 7775 7774 7776
f 7775 7776 7777
f 7498 7778 7497
f 7497 7778 7775
f 7497 7775 7770
f 7770 7775 7777
f 7498 7499 7778
f 7778 7499 7500
f 7778 7500 7769
f 7769 7500 7501
f 7769 7501 7502
f 7505 7779 7504
f 7504 7779 7769
f 7504 7769 7503
f 7505 7506 7779
f 7779 7506 7510
f 7779 7510 7780
f 7780 7510 7509
f 7509 7508 7780
f 7780 7508 7507
f 7780 7507 7511
f 7781 7782 7783
f 7783 7782 7784
f 7783 7784 7785
f 7785 7784 7780
f 7785 7780 7786
f 7786 7780 7511
f 7787 7788 7789
f 7789 7788 7790
f 7789 7790 7791
f 7791 7790 7792
f 7792 7790 7793
f 7792 7793 7794
f 7795 7796 7797
f 7797 7796 7798
f 7797 7798 7799
f 7799 7798 7800
f 7799 7800 7801
f 7801 7800 7802
f 7801 7802 7803
f 7803 7802 7804
f 7803 7804 7805
f 7805 7804 7806
f 7805 7806 7807
f 7807 7806 7808
f 7807 7808 7809
f 7809 7808 7810
f 7809 7810 7811
f 7811 7810 7812
f 7811 7812 7813
f 7813 7812 7814
f 7813 7814 7815
f 7815 7814 7816
f 7815 7816 7817
f 7817 7816 7818
f 7817 7818 7795
f 7795 7818 7796
f 7819 7820 7821
f 7821 7820 7822
f 7821 7822 7823
f 7823 7822 7824
f 7823 7824 7825
f 7825 7824 7826
f 7825 7826 7827
f 7827 7826 7828
f 7827 7828 7829
f 7829 7828 7830
f 7829 7830 7831
f 7831 7830 7832
f 7831 7832 7833
f 7833 7832 7834
f 7833 7834 7835
f 7835 7834 7836
f 7835 7836 7837
f 7837 7836 7838
f 7837 7838 7839
f 7839 7838 7840
f 7839 7840 7841
f 7841 7840 7842
f 7841 7842 7819
f 7819 7842 7820
f 7735 7724 7748
f 7599 7766 7601
f 7601 7766 7843
f 7601 7843 7603
f 7489 7515 7761
f 7761 7515 7522
f 7761 7522 7844
f 7845 7846 7537
f 7537 7846 7844
f 7537 7844 7536
f 7536 7844 7534
f 7534 7844 7532
f 7532 7844 7847
f 7532 7847 7530
f 7522 7524 7844
f 7844 7524 7526
f 7844 7526 7847
f 7847 7526 7528
f 7847 7528 7530
f 7843 7845 7603
f 7603 7845 7537
f 7603 7537 7604
f 7604 7537 7539
f 7604 7539 7592
f 7592 7539 7538
f 7592 7538 7736
f 7735 7612 7736
f 7736 7612 7593
f 7736 7593 7592
f 7743 7589 7745
f 7745 7589 7588
f 7745 7588 7747
f 7747 7588 7615
f 7747 7615 7748
f 7748 7615 7614
f 7748 7614 7735
f 7735 7614 7613
f 7735 7613 7612
f 7738 7848 7740
f 7740 7848 7849
f 7740 7849 7742
f 7742 7849 7850
f 7742 7850 7743
f 7743 7850 7590
f 7743 7590 7589
f 7390 7389 7851
f 7851 7389 7620
f 7851 7620 7852
f 7852 7620 7626
f 7852 7626 7853
f 7853 7626 7854
f 7854 7626 7624
f 7854 7624 7855
f 7855 7624 7622
f 7855 7622 7621
f 7621 7619 7855
f 7855 7619 7617
f 7855 7617 7856
f 7856 7617 7598
f 7856 7598 7857
f 7857 7598 7600
f 7857 7600 7858
f 7858 7600 7602
f 7858 7602 7859
f 7859 7602 7594
f 7859 7594 7860
f 7860 7594 7595
f 7860 7595 7596
f 7610 7608 7861
f 7596 7611 7860
f 7860 7611 7610
f 7860 7610 7862
f 7862 7610 7861
f 7862 7861 7863
f 7608 7606 7861
f 7861 7606 7586
f 7861 7586 7585
f 7864 7865 7861
f 7861 7865 7866
f 7861 7866 7863
f 7863 7866 7867
f 7863 7867 7868
f 7867 7869 7868
f 7868 7869 7870
f 7868 7870 7871
f 7871 7870 7872
f 7871 7872 7873
f 7873 7872 7874
f 7873 7874 7875
f 7875 7874 7876
f 7875 7876 7771
f 7771 7876 7877
f 7771 7877 7772
f 7848 7878 7879
f 7848 7879 7849
f 7849 7879 7880
f 7849 7880 7850
f 7850 7880 7585
f 7850 7585 7590
f 7881 7882 7883
f 7883 7882 7884
f 7772 7885 7774
f 7774 7885 7886
f 7774 7886 7776
f 7776 7886 7887
f 7776 7887 7777
f 7694 7697 7888
f 7888 7697 7696
f 7888 7696 7889
f 7696 7695 7889
f 7889 7695 7463
f 7889 7463 7628
f 7887 7889 7777
f 7777 7889 7628
f 7777 7628 7770
f 7770 7628 7496
f 7890 7864 7891
f 7892 7890 7893
f 7893 7890 7891
f 7893 7891 7894
f 7894 7891 7883
f 7894 7883 7895
f 7895 7883 7884
f 7885 7772 7877
f 7885 7877 7896
f 7877 7876 7896
f 7896 7876 7874
f 7896 7874 7897
f 7897 7874 7898
f 7898 7874 7872
f 7898 7872 7899
f 7899 7872 7870
f 7899 7870 7900
f 7900 7870 7869
f 7900 7869 7901
f 7901 7869 7902
f 7902 7869 7867
f 7902 7867 7903
f 7867 7866 7903
f 7903 7866 7865
f 7903 7865 7904
f 7865 7864 7890
f 7890 7892 7865
f 7865 7892 7905
f 7865 7905 7904
f 7906 7794 7907
f 7907 7794 7793
f 7908 7909 7910
f 7910 7911 7908
f 7908 7911 7912
f 7908 7912 7913
f 7914 7915 7916
f 7916 7915 7917
f 7916 7917 7918
f 7919 7920 7921
f 7921 7920 7922
f 7921 7922 7918
f 7918 7922 7923
f 7918 7923 7916
f 7924 7925 7926
f 7926 7925 7927
f 7927 7925 7928
f 7927 7928 7929
f 7415 7638 7930
f 7930 7638 7635
f 7926 7931 7924
f 7924 7931 7932
f 7924 7932 7933
f 7933 7932 7934
f 7933 7934 7935
f 7935 7934 7930
f 7935 7930 7629
f 7629 7930 7635
f 7629 7635 7630
f 7643 7640 7936
f 7936 7640 7419
f 7936 7419 7937
f 7938 7939 7940
f 7940 7939 7941
f 7940 7941 7942
f 7942 7941 7943
f 7942 7943 7937
f 7937 7943 7647
f 7937 7647 7936
f 7936 7647 7645
f 7936 7645 7643
f 7944 7945 7946
f 7944 7946 7947
f 7947 7946 7948
f 7947 7948 7949
f 7949 7948 7950
f 7949 7950 7951
f 7951 7950 7952
f 7951 7952 7953
f 7954 7955 7956
f 7956 7957 7954
f 7954 7957 7958
f 7954 7958 7959
f 7959 7958 7960
f 7959 7960 7961
f 7961 7960 7962
f 7961 7962 7963
f 7956 7964 7957
f 7957 7964 7965
f 7957 7965 7958
f 7958 7965 7966
f 7958 7966 7960
f 7960 7966 7967
f 7960 7967 7962
f 7962 7967 7968
f 7964 7952 7965
f 7965 7952 7950
f 7965 7950 7966
f 7966 7950 7948
f 7966 7948 7967
f 7967 7948 7946
f 7967 7946 7968
f 7968 7946 7945
f 7969 7953 7970
f 7970 7953 7952
f 7970 7952 7971
f 7971 7952 7972
f 7972 7952 7964
f 7972 7964 7973
f 7973 7964 7956
f 7973 7956 7974
f 7974 7956 7955
f 7974 7955 7975
f 7976 7963 7977
f 7977 7963 7962
f 7977 7962 7968
f 7978 7979 7944
f 7944 7979 7945
f 7979 7980 7945
f 7945 7980 7981
f 7945 7981 7968
f 7968 7981 7982
f 7968 7982 7977
f 7983 7653 7984
f 7984 7653 7652
f 7985 7657 7986
f 7986 7657 7656
f 7986 7656 7987
f 7656 7655 7987
f 7987 7655 7654
f 7987 7654 7988
f 7988 7654 7653
f 7988 7653 7989
f 7989 7653 7983
f 7651 7650 7990
f 7990 7650 7649
f 7990 7649 7991
f 7985 7992 7657
f 7657 7992 7993
f 7657 7993 7658
f 7658 7993 7994
f 7658 7994 7659
f 7659 7994 7991
f 7659 7991 7660
f 7660 7991 7649
f 7995 7996 7990
f 7990 7996 7997
f 7990 7997 7651
f 7651 7997 7998
f 7651 7998 7652
f 7652 7998 7999
f 7652 7999 8000
f 8000 8001 7652
f 7652 8001 8002
f 7652 8002 7984
f 7984 8002 8003
f 8003 8002 8004
f 8005 8006 8007
f 8007 8008 8005
f 8005 8008 8009
f 8005 8009 8010
f 8010 8009 8011
f 8010 8011 8012
f 8012 8011 7662
f 8012 7662 7661
f 7990 7991 8007
f 8007 7991 7723
f 7662 8011 8009
f 7723 7722 7721
f 8009 8008 7662
f 7662 8008 8007
f 7662 8007 7663
f 7663 8007 7723
f 7663 7723 7720
f 7720 7723 7721
f 7664 8013 8014
f 7664 8014 7665
f 7665 8014 8015
f 7665 8015 7666
f 7666 8015 8016
f 7666 8016 7667
f 7667 8016 8012
f 7667 8012 7661
f 8006 8005 8017
f 8017 8005 8018
f 8017 8018 8019
f 8019 8018 8020
f 8019 8020 8021
f 8021 8020 8022
f 8022 8020 8023
f 8022 8023 8024
f 8024 8023 8025
f 8024 8025 8026
f 8013 8027 8014
f 8014 8027 8028
f 8014 8028 8015
f 8015 8028 8029
f 8015 8029 8016
f 8016 8029 8030
f 8016 8030 8012
f 8012 8030 8010
f 8027 8025 8028
f 8028 8025 8023
f 8028 8023 8029
f 8029 8023 8020
f 8029 8020 8030
f 8030 8020 8018
f 8030 8018 8010
f 8010 8018 8005
f 7679 7681 8026
f 8026 8025 7679
f 7679 8025 8027
f 7679 8027 7677
f 7677 8027 8013
f 7677 8013 7675
f 7675 8013 7664
f 7675 7664 7673
f 8031 8032 8033
f 8033 8032 8034
f 8035 8036 7681
f 8035 7681 8037
f 8037 7681 7680
f 8037 7680 8038
f 8038 7680 7466
f 8038 7466 7703
f 8039 8040 8041
f 7686 7685 8042
f 8043 8039 7690
f 7684 8044 7685
f 7685 8044 8045
f 7685 8045 8042
f 7690 7689 8043
f 8043 7689 7688
f 8043 7688 8046
f 8046 7688 7687
f 8046 7687 8047
f 8047 7687 7686
f 8047 7686 8048
f 8048 7686 8042
f 7684 7683 8044
f 8044 7683 7682
f 8044 7682 8049
f 8049 7682 7693
f 8049 7693 7692
f 8050 8051 7691
f 7691 8051 8052
f 7691 8052 7692
f 8039 8041 7690
f 7690 8041 8053
f 7690 8053 7691
f 7691 8053 8054
f 7691 8054 8050
f 8052 8055 7692
f 7692 8055 8056
f 7692 8056 8049
f 8049 8056 8057
f 8049 8057 8058
f 8054 8053 8059
f 8059 8053 8060
f 8061 7969 8062
f 8062 7969 8049
f 8049 7969 8044
f 8044 7969 7970
f 8044 7970 7971
f 8063 8064 8062
f 8062 8064 8065
f 8062 8065 8061
f 7971 7972 8044
f 8044 7972 7973
f 8044 7973 7975
f 7975 7973 7974
f 8063 8062 8066
f 8067 8068 8061
f 8061 8065 8067
f 8067 8065 8064
f 8067 8064 8069
f 8069 8064 8063
f 8069 8063 8070
f 8070 8063 8066
f 8071 8072 8073
f 8073 8072 8074
f 8073 8074 8075
f 8075 8074 8076
f 8077 8078 8032
f 8032 8078 8034
f 7511 7701 7786
f 7786 7701 7785
f 8079 7781 8080
f 8080 7781 7783
f 8080 7783 8081
f 8081 7783 7785
f 8081 7785 8082
f 8082 7785 7701
f 8082 7701 7449
f 7449 7700 8082
f 8082 7700 7699
f 8082 7699 7888
f 7888 7699 7698
f 7888 7698 7694
f 8083 8084 8085
f 8085 8084 8086
f 8087 8084 8088
f 8088 8084 8083
f 8088 8083 8089
f 8089 8083 8090
f 8089 8090 8091
f 8091 8090 8092
f 8092 8090 8093
f 8092 8093 8094
f 8094 8093 8095
f 8094 8095 8096
f 8096 8095 8097
f 8097 8095 8098
f 8097 8098 8099
f 8099 8098 8100
f 8099 8100 8101
f 8101 8100 8102
f 8101 8102 8103
f 8103 8102 7781
f 8103 7781 8079
f 8104 8105 8106
f 8106 8105 8107
f 8108 8109 8110
f 8110 8109 8111
f 8110 8111 8112
f 8112 8111 8113
f 8112 8113 8114
f 8114 8113 8115
f 8114 8115 8116
f 8093 8090 8117
f 8090 8083 8117
f 8117 8083 8085
f 8117 8085 8086
f 8117 8109 8118
f 7782 7781 8119
f 8119 7781 8102
f 8119 8102 8120
f 8120 8102 8100
f 8120 8100 8121
f 8121 8100 8098
f 8121 8098 8122
f 8098 8095 8122
f 8122 8095 8093
f 8122 8093 8123
f 8123 8093 8117
f 8123 8117 8124
f 8124 8117 8118
f 8124 8118 8125
f 8125 8118 8126
f 8125 8126 8127
f 8127 8128 8125
f 8125 8128 8129
f 8125 8129 8130
f 8129 8131 8130
f 8130 8131 8132
f 8130 8132 8133
f 8133 8132 8134
f 8133 8134 8135
f 8134 8136 8135
f 8135 8136 7938
f 8135 7938 8137
f 8137 7938 7940
f 8137 7940 8138
f 7419 7421 7937
f 7937 7421 8139
f 8138 7940 8140
f 8140 7940 7942
f 8140 7942 8141
f 8141 7942 7937
f 8141 7937 8142
f 8142 7937 8139
f 8142 8139 8143
f 8084 8087 8144
f 8086 8084 8145
f 8145 8084 8144
f 8145 8144 8107
f 8107 8144 8106
f 8146 8147 7416
f 7416 8147 8148
f 7416 8148 7414
f 8149 8150 8151
f 8151 8150 8152
f 8151 8152 8153
f 8147 8146 8154
f 8154 8146 8155
f 8154 8155 8156
f 8156 8155 8157
f 8156 8157 8158
f 8158 8157 8159
f 8158 8159 8160
f 8160 8159 8161
f 8160 8161 8153
f 8153 8161 8151
f 8162 8163 8164
f 8164 8163 8165
f 8046 8047 8166
f 8166 8047 8167
f 8167 8047 8168
f 8168 8047 8048
f 8168 8048 8169
f 8169 8048 8042
f 8169 8042 8170
f 8170 8042 8171
f 8171 8042 8045
f 8171 8045 8172
f 7975 7955 8044
f 8044 7955 8173
f 8044 8173 8045
f 8045 8173 8172
f 7955 7954 8173
f 8173 7954 8174
f 8174 7954 8175
f 8175 7954 7959
f 8175 7959 8176
f 8176 7959 8177
f 8177 7959 7961
f 8177 7961 8178
f 8178 7961 7963
f 8178 7963 8179
f 7465 7709 7702
f 7702 7709 8180
f 8180 7709 8181
f 8181 7709 7712
f 8181 7712 8182
f 8182 7712 8183
f 8183 7712 7714
f 8183 7714 8184
f 8184 7714 7716
f 8184 7716 8185
f 7994 8186 7991
f 7991 8186 8185
f 7991 8185 7723
f 7723 8185 7716
f 8186 7994 7993
f 7992 8187 7993
f 7993 8187 8188
f 7993 8188 8186
f 8189 8190 7992
f 8190 8191 7992
f 7992 8191 8192
f 7992 8192 8187
f 7992 7985 8189
f 8189 7985 7986
f 8189 7986 8193
f 7733 7732 8194
f 8194 7732 7730
f 7730 7728 8194
f 8194 7728 7726
f 8194 7726 8195
f 8195 7726 7725
f 8195 7725 8196
f 8196 7725 7734
f 8196 7734 7756
f 7513 7752 7734
f 7734 7752 7754
f 7734 7754 7756
f 7733 8194 8197
f 8197 8194 8198
f 8197 8198 8199
f 7729 7731 7746
f 7746 7731 7744
f 7788 7787 8200
f 8200 7787 7737
f 8200 7737 8201
f 8199 8201 8197
f 8197 8201 7737
f 8197 7737 7733
f 7733 7737 7739
f 7733 7739 7731
f 7731 7739 7741
f 7731 7741 7744
f 8200 8202 8203
f 8204 7907 8203
f 8203 7907 7793
f 8203 8205 8206
f 8203 8207 8208
f 7793 7790 8203
f 8203 7790 7788
f 8203 7788 8200
f 8208 8209 8203
f 8203 8209 8210
f 8203 8210 8205
f 8206 8211 8203
f 8203 8211 8212
f 8203 8212 8204
f 8213 8214 8215
f 8215 8214 8216
f 8215 8216 8217
f 8217 8216 8202
f 8202 8216 8218
f 8202 8218 8203
f 8219 8220 7820
f 8221 7832 8222
f 8222 7832 7830
f 8222 7830 8223
f 8223 7830 8224
f 8224 7830 8225
f 8225 7830 7828
f 8225 7828 8226
f 8227 8228 7826
f 7826 8228 8229
f 7826 8229 7828
f 7828 8229 8230
f 7828 8230 8226
f 8227 7826 8231
f 8231 7826 7824
f 8231 7824 8232
f 8233 8234 7822
f 7822 8234 8235
f 7822 8235 7824
f 7824 8235 8236
f 7824 8236 8232
f 7820 8220 7822
f 7822 8220 8237
f 7822 8237 8233
f 8238 8239 7842
f 7842 8239 8240
f 7842 8240 7820
f 7820 8240 8241
f 7820 8241 8219
f 7838 8242 7840
f 7840 8242 8243
f 8243 8244 7840
f 7840 8244 8245
f 7840 8245 7842
f 7842 8245 8246
f 7842 8246 8238
f 7836 7834 8247
f 8247 8248 7836
f 7836 8248 8249
f 7836 8249 7838
f 7838 8249 8250
f 7838 8250 8242
f 8221 8251 7832
f 7832 8251 8252
f 7832 8252 7834
f 7834 8252 8253
f 7834 8253 8247
f 8254 8255 7816
f 8256 7804 8257
f 8257 7804 7802
f 8257 7802 8258
f 8258 7802 8259
f 8259 7802 8260
f 8260 7802 7800
f 8260 7800 8261
f 8262 8263 7798
f 7798 8263 8264
f 7798 8264 7800
f 7800 8264 8265
f 7800 8265 8261
f 8262 7798 8266
f 8266 7798 7796
f 8266 7796 8267
f 8268 8269 7818
f 7818 8269 8270
f 7818 8270 7796
f 7796 8270 8271
f 7796 8271 8267
f 7816 8255 7818
f 7818 8255 8272
f 7818 8272 8268
f 8273 8274 7814
f 7814 8274 8275
f 7814 8275 7816
f 7816 8275 8276
f 7816 8276 8254
f 7810 8277 7812
f 7812 8277 8278
f 8278 8279 7812
f 7812 8279 8280
f 7812 8280 7814
f 7814 8280 8281
f 7814 8281 8273
f 7808 7806 8282
f 8282 8283 7808
f 7808 8283 8284
f 7808 8284 7810
f 7810 8284 8285
f 7810 8285 8277
f 8256 8286 7804
f 7804 8286 8287
f 7804 8287 7806
f 7806 8287 8288
f 7806 8288 8282
f 7385 7384 7749
f 7749 7384 8289
f 7749 8289 7750
f 7750 8289 8290
f 7750 8290 7751
f 7751 8290 8291
f 8292 7755 8293
f 8293 7755 7753
f 8293 7753 8294
f 7753 7757 8294
f 8294 7757 7758
f 8294 7758 8295
f 8295 7758 7759
f 8295 7759 8291
f 8291 7759 7760
f 8291 7760 7751
f 8296 8194 8297
f 8297 8194 8195
f 7755 8292 7756
f 7756 8292 8297
f 7756 8297 8196
f 8196 8297 8195
f 8298 8299 7381
f 8300 8301 8302
f 8303 8304 8301
f 8301 8300 8303
f 8303 8300 8305
f 8303 8305 8306
f 8306 8305 8307
f 8307 8305 8308
f 8307 8308 8309
f 8310 7763 7762
f 8311 7764 7763
f 7396 7401 7764
f 7764 8311 7396
f 7396 8311 8312
f 7396 8312 7397
f 7381 7391 8298
f 8298 7391 7393
f 8298 7393 8312
f 8312 7393 7398
f 8312 7398 7397
f 7763 8310 8311
f 8311 8310 8313
f 8311 8313 8312
f 8312 8313 8314
f 8312 8314 8298
f 8298 8314 8315
f 8298 8315 8299
f 7761 8309 7762
f 7762 8309 8308
f 7762 8308 8310
f 8310 8308 8305
f 8310 8305 8313
f 8313 8305 8300
f 8313 8300 8314
f 8314 8300 8302
f 8314 8302 8315
f 8309 7761 7844
f 8306 8307 8316
f 8316 8307 8309
f 8316 8309 8317
f 8317 8309 7844
f 8317 7844 7846
f 8304 8303 8318
f 8318 8303 8319
f 8318 8319 8320
f 8306 8316 8303
f 8303 8316 8321
f 8303 8321 8319
f 8319 8321 8322
f 8319 8322 8320
f 7846 8323 8317
f 8317 8323 8324
f 8317 8324 8316
f 8316 8324 8325
f 8316 8325 8321
f 8321 8325 8326
f 8321 8326 8322
f 8327 8320 8328
f 8328 8320 8322
f 8328 8322 8329
f 8329 8322 8326
f 8329 8326 8330
f 8330 8326 8325
f 8330 8325 8331
f 8331 8325 8324
f 8331 8324 8332
f 8324 8323 8332
f 8332 8323 7846
f 8332 7846 7845
f 8333 8334 8335
f 8336 8337 8338
f 8338 8337 8339
f 8338 8339 8340
f 8332 7845 7843
f 8334 8327 8328
f 8334 8328 8335
f 8335 8328 8329
f 8335 8329 8341
f 8333 8335 8336
f 8336 8335 8341
f 8336 8341 8337
f 8337 8341 8329
f 8337 8329 8330
f 8330 8331 8337
f 8337 8331 8332
f 8337 8332 8339
f 8339 8332 7843
f 8339 7843 8340
f 8340 7843 7766
f 8342 8333 8336
f 8343 8344 8345
f 7387 8344 7411
f 7411 8344 8343
f 7411 8343 8346
f 7404 7406 8347
f 8347 7406 7407
f 8347 7407 8346
f 8346 7407 7409
f 8346 7409 7411
f 8348 7768 7767
f 8340 7766 7765
f 8342 8336 8349
f 8349 8336 8338
f 8349 8338 8350
f 8350 8338 8340
f 8350 8340 8351
f 8351 8340 7765
f 8351 7765 7768
f 7768 8348 8351
f 8351 8348 8352
f 8351 8352 8350
f 8350 8352 8353
f 8350 8353 8349
f 8349 8353 8354
f 8349 8354 8342
f 7402 7404 7767
f 7767 7404 8347
f 7767 8347 8348
f 8348 8347 8346
f 8348 8346 8352
f 8352 8346 8343
f 8352 8343 8353
f 8353 8343 8345
f 8353 8345 8354
f 7421 7420 8139
f 8139 7420 8355
f 8139 8355 8143
f 8143 8355 8356
f 8357 8358 7852
f 7775 7778 8359
f 8360 7782 8119
f 8360 8119 8361
f 7855 8362 7854
f 7854 8362 8357
f 7854 8357 7853
f 7853 8357 7852
f 8143 8356 8142
f 8142 8356 8363
f 8142 8363 8141
f 8141 8363 8140
f 8364 7863 7868
f 7855 7856 8362
f 8362 7856 7857
f 8362 7857 8365
f 8365 7857 7858
f 8140 8363 8138
f 8138 8363 8366
f 8138 8366 8137
f 8125 8130 8367
f 8367 8130 8133
f 8367 8133 8366
f 8366 8133 8135
f 8366 8135 8137
f 7782 8360 7784
f 7784 8360 8368
f 7784 8368 7780
f 8359 7778 8369
f 8369 7778 7769
f 8369 7769 8368
f 8368 7769 7779
f 8368 7779 7780
f 8364 7868 8370
f 8125 8367 8124
f 8124 8367 8371
f 8124 8371 8123
f 8119 8120 8361
f 8361 8120 8121
f 8361 8121 8371
f 8371 8121 8122
f 8371 8122 8123
f 8372 7771 8359
f 8359 7771 7773
f 8359 7773 7775
f 7868 7871 8370
f 8370 7871 7873
f 8370 7873 8372
f 8372 7873 7875
f 8372 7875 7771
f 7858 7859 8365
f 8365 7859 7860
f 8365 7860 8364
f 8364 7860 7862
f 8364 7862 7863
f 7852 8358 7851
f 7851 8358 8373
f 7851 8373 7390
f 7390 8373 7388
f 7642 7644 8374
f 8375 8376 8377
f 8378 7417 8379
f 8379 7417 7639
f 8378 8379 8380
f 8380 8379 8381
f 8380 8381 8382
f 8382 8381 8383
f 8383 8381 8384
f 8383 8384 8385
f 8385 8384 8386
f 8385 8386 8387
f 8388 8389 8390
f 8390 8391 8388
f 8388 8391 8392
f 8388 8392 8393
f 8393 8392 8394
f 8393 8394 8395
f 8395 8394 7646
f 8395 7646 7648
f 7642 8374 7641
f 8390 8375 8391
f 8391 8375 8377
f 8391 8377 8392
f 8392 8377 8396
f 8392 8396 8394
f 8394 8396 8374
f 8394 8374 7646
f 7646 8374 7644
f 8376 8386 8377
f 8377 8386 8384
f 8377 8384 8396
f 8396 8384 8381
f 8396 8381 8374
f 8374 8381 8379
f 8374 8379 7641
f 7641 8379 7639
f 8397 8398 8399
f 7632 7637 8400
f 7636 7634 8401
f 8402 8403 8404
f 8404 8403 8405
f 8402 8404 8406
f 8406 8404 8407
f 8406 8407 8408
f 8408 8407 8409
f 8408 8409 8410
f 8410 8409 7633
f 8410 7633 7413
f 8411 7631 7632
f 7632 8400 8411
f 8411 8400 8412
f 8411 8412 8413
f 8413 8412 8414
f 8413 8414 8415
f 8415 8414 8416
f 8415 8416 8417
f 8397 8399 8418
f 7637 7636 8400
f 8400 7636 8401
f 8400 8401 8412
f 8412 8401 8419
f 8412 8419 8414
f 8414 8419 8399
f 8414 8399 8416
f 8416 8399 8398
f 7634 7633 8401
f 8401 7633 8409
f 8401 8409 8419
f 8419 8409 8407
f 8419 8407 8399
f 8399 8407 8404
f 8399 8404 8418
f 8418 8404 8405
f 8420 8421 7787
f 7794 8422 7792
f 7792 8422 8423
f 7792 8423 7791
f 7791 8423 8420
f 7791 8420 7789
f 7789 8420 7787
f 8422 7794 8424
f 8424 7794 7906
f 8425 8426 8427
f 8427 8426 8428
f 8429 8430 8431
f 8432 8433 8434
f 8432 8434 8435
f 8435 8434 8436
f 8435 8436 8437
f 8437 8436 8438
f 8437 8438 8439
f 8428 8426 8439
f 8439 8426 8440
f 8439 8440 8437
f 7910 7909 8441
f 8425 8427 7909
f 7909 8427 8442
f 7909 8442 8441
f 8443 8444 8441
f 8441 8444 8445
f 8441 8445 7910
f 8443 8446 8444
f 8444 8446 8447
f 8444 8447 8448
f 8447 8449 8448
f 8448 8449 8450
f 8448 8450 8451
f 8450 8452 8451
f 8451 8452 8453
f 8451 8453 8431
f 8431 8453 8454
f 8431 8454 8429
f 8429 8454 8455
f 8429 8455 8456
f 8456 8455 8457
f 8456 8457 8458
f 8458 8457 8459
f 8458 8459 8460
f 8460 8459 8461
f 8460 8461 8462
f 8462 8461 8463
f 8462 8463 8464
f 7801 8465 7799
f 7799 8465 8466
f 7799 8466 7797
f 7797 8466 8467
f 7797 8467 7795
f 7795 8467 8468
f 7795 8468 7817
f 7817 8468 8469
f 7817 8469 7815
f 7815 8469 8470
f 7815 8470 7813
f 7813 8470 8471
f 7813 8471 7811
f 7811 8471 8472
f 7811 8472 7809
f 7809 8472 8473
f 7809 8473 7807
f 7807 8473 8474
f 7807 8474 7805
f 7805 8474 8475
f 7805 8475 7803
f 7803 8475 8476
f 7803 8476 7801
f 7801 8476 8465
f 7829 8477 7827
f 7827 8477 8478
f 7827 8478 7825
f 7825 8478 8479
f 7825 8479 7823
f 7823 8479 8480
f 7823 8480 7821
f 7821 8480 8481
f 7821 8481 7819
f 7819 8481 8482
f 7819 8482 7841
f 7841 8482 8483
f 7841 8483 7839
f 7839 8483 8484
f 7839 8484 7837
f 7837 8484 8485
f 7837 8485 7835
f 7835 8485 8486
f 7835 8486 7833
f 7833 8486 8487
f 7833 8487 7831
f 7831 8487 8488
f 7831 8488 7829
f 7829 8488 8477
f 8489 7848 7738
f 7737 7787 8490
f 8490 7787 8421
f 8489 7738 8491
f 8490 8492 7737
f 7737 8492 8493
f 7737 8493 7738
f 7738 8493 8494
f 7738 8494 8491
f 8495 7881 7883
f 7861 7585 7864
f 7864 7585 7880
f 8496 8495 7879
f 7879 8495 7883
f 7879 7883 7880
f 7880 7883 7891
f 7880 7891 7864
f 7879 7878 8496
f 8496 7878 8497
f 8496 8497 8498
f 8498 8497 8499
f 7878 7848 8489
f 7878 8489 8497
f 8497 8489 8491
f 8497 8491 8499
f 8500 7882 7881
f 8501 7884 8502
f 8502 7884 7882
f 8503 8504 8505
f 7895 7884 8501
f 8506 7905 8501
f 8501 7905 7892
f 7892 7893 8501
f 8501 7893 7894
f 8501 7894 7895
f 8507 8508 7902
f 8506 8509 7905
f 7905 8509 8510
f 7905 8510 7904
f 8507 7902 8510
f 8510 7902 7903
f 8510 7903 7904
f 8503 8505 8511
f 8508 8511 7902
f 7902 8511 8505
f 7902 8505 7901
f 7901 8505 8512
f 7901 8512 7900
f 7900 8512 8513
f 7900 8513 7899
f 7899 8513 7898
f 8514 8515 7896
f 8513 8516 7898
f 7898 8516 8514
f 7898 8514 7897
f 7897 8514 7896
f 8517 7886 8515
f 8515 7886 7885
f 8515 7885 7896
f 7888 7889 8517
f 8517 7889 7887
f 8517 7887 7886
f 8518 8519 8520
f 8162 8164 8521
f 8162 8521 8522
f 8522 8521 8520
f 8520 8521 8523
f 8520 8523 8518
f 8524 8525 7913
f 7913 8525 8425
f 7913 8425 7908
f 7908 8425 7909
f 8526 8432 8527
f 8527 8432 8435
f 8527 8435 8528
f 8435 8437 8528
f 8528 8437 8440
f 8528 8440 8525
f 8525 8440 8426
f 8525 8426 8425
f 8529 8530 8213
f 8218 8216 8530
f 8530 8216 8214
f 8530 8214 8213
f 8213 8531 8529
f 8529 8531 8532
f 8529 8532 8533
f 8533 8532 8534
f 8533 8534 8535
f 8536 8537 8538
f 8534 8539 8535
f 8535 8539 8540
f 8535 8540 8541
f 8541 8540 8542
f 8541 8542 8543
f 8543 8542 8544
f 8543 8544 8545
f 8545 8544 8536
f 8545 8536 8546
f 8546 8536 8538
f 7906 7907 8547
f 8547 7907 8204
f 8212 8548 8204
f 8204 8548 8549
f 8204 8549 8547
f 8205 8550 8206
f 8206 8550 8551
f 8206 8551 8211
f 8211 8551 8552
f 8211 8552 8212
f 8212 8552 8553
f 8212 8553 8548
f 8554 8555 8209
f 8209 8555 8556
f 8209 8556 8210
f 8210 8556 8557
f 8210 8557 8205
f 8205 8557 8558
f 8205 8558 8550
f 8554 8209 8559
f 8559 8209 8208
f 8559 8208 8560
f 8560 8208 8561
f 8561 8208 8207
f 8561 8207 8562
f 8562 8207 8563
f 8563 8207 8203
f 8563 8203 8218
f 8564 8565 7912
f 7912 8565 8524
f 7912 8524 7913
f 8566 8567 8568
f 8569 8165 8570
f 8570 8165 8571
f 8572 8573 8574
f 8571 8165 8575
f 8571 8575 8574
f 8574 8575 8576
f 8574 8576 8572
f 8568 8577 8566
f 8566 8577 8578
f 8566 8578 8579
f 8566 8579 8580
f 8580 8579 8165
f 8580 8165 8581
f 8581 8165 8569
f 8579 8582 8165
f 8165 8582 8583
f 8165 8583 8584
f 8584 8585 8165
f 8165 8585 8586
f 8165 8586 8164
f 8587 8588 8589
f 8589 8588 8149
f 8589 8149 7914
f 7914 8149 7915
f 8151 8161 8149
f 8149 8161 7919
f 8149 7919 7921
f 7921 7918 8149
f 8149 7918 7917
f 8149 7917 7915
f 8159 7929 8590
f 8159 8590 8161
f 8161 8590 8591
f 8161 8591 8592
f 8592 8593 8161
f 8161 8593 8594
f 8161 8594 7919
f 8157 7931 7926
f 8157 7926 8159
f 8159 7926 7927
f 8159 7927 7929
f 7416 7415 8146
f 8146 7415 7930
f 8146 7930 8155
f 8155 7930 7934
f 8155 7934 8157
f 8157 7934 7932
f 8157 7932 7931
f 8595 8596 8597
f 8598 8599 8600
f 8600 8599 8601
f 8595 8602 8603
f 8603 8602 8604
f 8603 8604 8605
f 8390 8389 8606
f 8376 8375 8602
f 8602 8375 8390
f 8602 8390 8604
f 8604 8390 8606
f 8604 8606 8605
f 8605 8606 8607
f 8595 8597 8602
f 8602 8597 8386
f 8602 8386 8376
f 8596 8601 8597
f 8597 8601 8599
f 8597 8599 8386
f 8386 8599 8598
f 8386 8598 8387
f 8608 8600 8609
f 8609 8600 8601
f 8609 8601 8610
f 8610 8601 8596
f 8610 8596 8611
f 8611 8596 8595
f 8611 8595 8612
f 8612 8595 8603
f 8612 8603 8613
f 8603 8605 8613
f 8613 8605 8607
f 8613 8607 8614
f 8615 8616 8403
f 8403 8616 8405
f 8617 8397 8616
f 8616 8397 8418
f 8616 8418 8405
f 8398 8618 8416
f 8416 8618 8619
f 8416 8619 8417
f 8398 8620 8618
f 8618 8620 8613
f 8618 8613 8619
f 8619 8613 8614
f 8610 8611 8620
f 8620 8611 8612
f 8620 8612 8613
f 8398 8397 8620
f 8620 8397 8617
f 8620 8617 8610
f 8610 8617 8616
f 8610 8616 8609
f 8609 8616 8615
f 8609 8615 8608
f 8411 8413 7928
f 7928 8413 8415
f 7928 8415 8417
f 7935 7629 7631
f 7928 7925 8411
f 8411 7925 7924
f 8411 7924 7631
f 7631 7924 7933
f 7631 7933 7935
f 7920 7919 8621
f 8621 7919 8594
f 8621 8594 8622
f 8622 8594 8593
f 8622 8593 8623
f 8623 8593 8592
f 8623 8592 8624
f 8624 8592 8591
f 8624 8591 8625
f 8625 8591 8590
f 8625 8590 8626
f 8626 8590 7929
f 8626 7929 7928
f 8627 8628 8629
f 8627 8629 8630
f 8630 8629 8631
f 8630 8631 8632
f 8632 8631 8633
f 8632 8633 8634
f 8628 8627 8635
f 8635 8627 8636
f 8635 8636 8637
f 8637 8636 7923
f 8637 7923 8638
f 8638 7923 7922
f 8638 7922 7920
f 8639 8127 8126
f 8127 8639 8128
f 8128 8639 8640
f 8128 8640 8129
f 8129 8640 8641
f 8129 8641 8131
f 8131 8641 8642
f 8131 8642 8132
f 8132 8642 8643
f 8132 8643 8134
f 8134 8643 8644
f 8134 8644 8136
f 8136 8644 7939
f 8136 7939 7938
f 8645 8646 8126
f 8126 8646 8647
f 8126 8647 8639
f 8126 8118 8645
f 8645 8118 8109
f 8645 8109 8108
f 7648 7647 7943
f 8389 8388 7939
f 7939 8388 8393
f 7939 8393 8395
f 7648 7943 8395
f 8395 7943 7941
f 8395 7941 7939
f 8648 8649 8650
f 8651 8652 8653
f 8654 8036 8655
f 8650 8656 8657
f 8657 8656 8658
f 8657 8658 8659
f 8659 8658 8660
f 8659 8661 8657
f 8657 8661 8662
f 8657 8662 8650
f 8650 8662 8663
f 8650 8663 8648
f 8664 8665 8666
f 8667 8668 8669
f 8669 8668 8670
f 8669 8670 8671
f 8671 8670 8672
f 8671 8672 8673
f 8673 8672 8674
f 8673 8674 8675
f 8676 8677 8678
f 8678 8677 8679
f 8680 8681 8682
f 8035 8037 8683
f 8683 8037 8684
f 8683 8684 8685
f 8685 8684 8686
f 8685 8686 8687
f 8687 8686 8688
f 8687 8688 8689
f 8689 8688 8690
f 8691 8692 8682
f 8682 8692 8693
f 8682 8693 8680
f 8680 8693 8694
f 8692 8679 8693
f 8693 8679 8677
f 8693 8677 8694
f 8694 8677 8676
f 8694 8676 8695
f 8690 8696 8689
f 8689 8696 8697
f 8689 8697 8687
f 8687 8697 8698
f 8687 8698 8685
f 8685 8698 8699
f 8685 8699 8683
f 8683 8699 8655
f 8683 8655 8035
f 8035 8655 8036
f 8696 8700 8697
f 8697 8700 8701
f 8697 8701 8698
f 8698 8701 8702
f 8698 8702 8699
f 8699 8702 8703
f 8699 8703 8655
f 8655 8703 8653
f 8655 8653 8654
f 8654 8653 8652
f 8700 8681 8701
f 8701 8681 8680
f 8701 8680 8702
f 8702 8680 8694
f 8702 8694 8703
f 8703 8694 8695
f 8703 8695 8653
f 8653 8695 8704
f 8653 8704 8651
f 8651 8704 8705
f 8651 8705 8660
f 8660 8705 8664
f 8660 8664 8659
f 8659 8664 8666
f 8659 8666 8661
f 8678 8675 8676
f 8676 8675 8674
f 8676 8674 8695
f 8695 8674 8672
f 8695 8672 8704
f 8704 8672 8670
f 8704 8670 8705
f 8705 8670 8668
f 8705 8668 8664
f 8664 8668 8667
f 8664 8667 8665
f 8061 8068 7969
f 7969 8068 8706
f 8707 8708 7969
f 7969 8708 8709
f 8706 8710 7969
f 7969 8710 8711
f 7969 8711 8707
f 7949 7951 7947
f 7947 7951 7953
f 7947 7953 7944
f 7944 7953 7969
f 7944 7969 7978
f 7978 7969 8709
f 7976 8712 7963
f 7963 8712 8179
f 8713 8709 8708
f 7978 8709 7979
f 7979 8709 8713
f 7979 8713 7980
f 7980 8713 8714
f 7980 8714 7981
f 7981 8714 7982
f 7982 8714 8715
f 7982 8715 7977
f 8716 8717 8718
f 8708 8719 8713
f 8713 8719 8720
f 8713 8720 8714
f 8714 8720 8716
f 8714 8716 8715
f 8715 8716 8718
f 8715 8718 7977
f 7977 8718 7976
f 8039 8043 8721
f 8722 8060 8053
f 8721 8723 8039
f 8039 8723 8724
f 8039 8724 8040
f 8040 8724 8722
f 8040 8722 8041
f 8041 8722 8053
f 8043 8046 8721
f 8721 8046 8166
f 7986 7987 8193
f 8193 7987 8725
f 7983 7984 8003
f 8726 8725 7987
f 8003 8727 7983
f 7983 8727 8728
f 7983 8728 7989
f 7989 8728 8726
f 7989 8726 7988
f 7988 8726 7987
f 8004 8002 8729
f 8729 8002 8001
f 8729 8001 8730
f 8730 8001 8000
f 8730 8000 8731
f 8731 8000 7999
f 8731 7999 8732
f 8732 7999 7998
f 8732 7998 8733
f 8733 7998 7997
f 8733 7997 8734
f 8734 7997 7996
f 8734 7996 8735
f 8735 7996 7995
f 8007 8006 7990
f 7990 8006 8736
f 7990 8736 7995
f 7995 8736 8735
f 8026 8737 8024
f 8024 8737 8738
f 8006 8017 8736
f 8736 8017 8739
f 8017 8019 8739
f 8739 8019 8021
f 8739 8021 8738
f 8738 8021 8022
f 8738 8022 8024
f 8740 8031 8649
f 8649 8031 8033
f 8026 8652 8651
f 7681 8036 8026
f 8026 8036 8654
f 8026 8654 8652
f 8651 8660 8026
f 8026 8660 8658
f 8026 8658 8656
f 8656 8650 8026
f 8026 8650 8649
f 8026 8649 8737
f 8737 8649 8033
f 8737 8033 8071
f 8071 8033 8072
f 8741 8058 8742
f 8742 8058 8057
f 8742 8057 8743
f 8743 8057 8056
f 8743 8056 8744
f 8744 8056 8055
f 8744 8055 8745
f 8745 8055 8052
f 8745 8052 8746
f 8746 8052 8051
f 8746 8051 8747
f 8747 8051 8050
f 8747 8050 8059
f 8059 8050 8054
f 8748 8749 8464
f 8750 8434 8751
f 8751 8434 8433
f 8464 8463 8748
f 8748 8463 8461
f 8748 8461 8752
f 8461 8459 8752
f 8752 8459 8457
f 8752 8457 8753
f 8457 8455 8753
f 8753 8455 8454
f 8753 8454 8754
f 8454 8453 8754
f 8754 8453 8452
f 8754 8452 8755
f 8452 8450 8755
f 8755 8450 8449
f 8755 8449 8756
f 8756 8449 8447
f 8756 8447 8757
f 8447 8446 8757
f 8757 8446 8443
f 8757 8443 8758
f 8443 8441 8758
f 8758 8441 8442
f 8758 8442 8759
f 8442 8427 8759
f 8759 8427 8428
f 8759 8428 8760
f 8428 8439 8760
f 8760 8439 8438
f 8760 8438 8750
f 8750 8438 8436
f 8750 8436 8434
f 8066 8062 8049
f 8058 8741 8049
f 8049 8741 8761
f 8049 8761 8066
f 8068 8067 8762
f 8068 8762 8706
f 8706 8762 8763
f 8706 8763 8710
f 8710 8763 8764
f 8710 8764 8711
f 8711 8764 8765
f 8711 8765 8707
f 8766 8767 8768
f 8768 8767 8769
f 8768 8769 8770
f 8770 8769 8771
f 8770 8771 8772
f 8772 8771 8773
f 8773 8771 8774
f 8773 8774 8775
f 8775 8774 8070
f 8775 8070 8066
f 8067 8069 8762
f 8762 8069 8776
f 8762 8776 8763
f 8763 8776 8777
f 8763 8777 8764
f 8764 8777 8778
f 8764 8778 8765
f 8765 8778 8779
f 8069 8070 8776
f 8776 8070 8774
f 8776 8774 8777
f 8777 8774 8771
f 8777 8771 8778
f 8778 8771 8769
f 8778 8769 8779
f 8779 8769 8767
f 8780 8075 8781
f 8781 8075 8076
f 8078 8077 8782
f 8782 8077 8783
f 8782 8783 8784
f 8784 8783 8785
f 8784 8785 8786
f 8786 8785 8787
f 8786 8787 8788
f 8788 8787 8789
f 8788 8789 8790
f 8790 8789 8430
f 8790 8430 8429
f 8791 8790 8429
f 8462 8792 8460
f 8460 8792 8793
f 8460 8793 8458
f 8458 8793 8791
f 8458 8791 8456
f 8456 8791 8429
f 8794 8795 8796
f 8797 8798 8799
f 8799 8798 8800
f 8799 8800 8801
f 8801 8800 8802
f 8802 8800 8803
f 8803 8800 8804
f 8803 8804 8805
f 8806 8807 8808
f 8808 8807 8809
f 8808 8809 8804
f 8804 8809 8810
f 8804 8810 8805
f 8806 8808 8811
f 8811 8808 8812
f 8811 8812 8813
f 8814 8815 8816
f 8816 8815 8817
f 8816 8817 8812
f 8812 8817 8818
f 8812 8818 8813
f 8796 8795 8816
f 8816 8795 8819
f 8816 8819 8814
f 8820 8821 8822
f 8822 8821 8823
f 8822 8823 8796
f 8796 8823 8824
f 8796 8824 8794
f 8825 8826 8827
f 8827 8826 8828
f 8828 8829 8827
f 8827 8829 8830
f 8827 8830 8822
f 8822 8830 8831
f 8822 8831 8820
f 8832 8833 8834
f 8834 8835 8832
f 8832 8835 8836
f 8832 8836 8825
f 8825 8836 8837
f 8825 8837 8826
f 8797 8838 8798
f 8798 8838 8839
f 8798 8839 8833
f 8833 8839 8840
f 8833 8840 8834
f 8841 8842 8843
f 8844 8845 8846
f 8846 8845 8847
f 8846 8847 8848
f 8848 8847 8849
f 8849 8847 8850
f 8850 8847 8851
f 8850 8851 8852
f 8853 8854 8855
f 8855 8854 8856
f 8855 8856 8851
f 8851 8856 8857
f 8851 8857 8852
f 8853 8855 8858
f 8858 8855 8859
f 8858 8859 8860
f 8861 8862 8863
f 8863 8862 8864
f 8863 8864 8859
f 8859 8864 8865
f 8859 8865 8860
f 8843 8842 8863
f 8863 8842 8866
f 8863 8866 8861
f 8867 8868 8869
f 8869 8868 8870
f 8869 8870 8843
f 8843 8870 8871
f 8843 8871 8841
f 8872 8873 8874
f 8874 8873 8875
f 8875 8876 8874
f 8874 8876 8877
f 8874 8877 8869
f 8869 8877 8878
f 8869 8878 8867
f 8879 8880 8881
f 8881 8882 8879
f 8879 8882 8883
f 8879 8883 8872
f 8872 8883 8884
f 8872 8884 8873
f 8844 8885 8845
f 8845 8885 8886
f 8845 8886 8880
f 8880 8886 8887
f 8880 8887 8881
f 8087 8088 8888
f 8889 8890 8094
f 8890 8891 8094
f 8094 8891 8892
f 8094 8892 8092
f 8092 8892 8893
f 8092 8893 8091
f 8091 8893 8089
f 8103 8515 8101
f 8101 8515 8514
f 8101 8514 8099
f 8099 8514 8516
f 8099 8516 8097
f 8097 8516 8513
f 8097 8513 8096
f 8096 8513 8512
f 8096 8512 8094
f 8094 8512 8505
f 8094 8505 8889
f 8889 8505 8504
f 8082 7888 8517
f 8103 8079 8515
f 8515 8079 8080
f 8515 8080 8517
f 8517 8080 8081
f 8517 8081 8082
f 8089 8893 8088
f 8088 8893 8894
f 8088 8894 8888
f 8087 8888 8144
f 8144 8888 8895
f 8144 8895 8106
f 8104 8106 8896
f 8896 8106 8895
f 8104 8897 8105
f 8898 8115 8899
f 8109 8117 8111
f 8111 8117 8086
f 8111 8086 8113
f 8113 8086 8145
f 8113 8145 8115
f 8115 8145 8107
f 8115 8107 8899
f 8899 8107 8105
f 8899 8900 8901
f 8901 8902 8899
f 8899 8902 8903
f 8899 8903 8904
f 8904 8905 8899
f 8899 8905 8906
f 8899 8906 8907
f 8907 8908 8899
f 8899 8908 8909
f 8899 8909 8898
f 8910 8911 8912
f 8912 8911 8913
f 8914 8915 8916
f 8916 8915 8917
f 8918 8910 8912
f 8919 8920 8921
f 8922 8923 8924
f 8924 8923 8914
f 8924 8914 8916
f 8925 8926 8927
f 8928 8929 8930
f 8930 8929 8931
f 8930 8931 8920
f 8920 8931 8932
f 8920 8932 8921
f 8922 8924 8933
f 8933 8924 8934
f 8933 8934 8935
f 8921 8936 8919
f 8919 8936 8933
f 8919 8933 8937
f 8937 8933 8935
f 8930 8925 8928
f 8928 8925 8927
f 8928 8927 8938
f 8938 8927 8918
f 8938 8918 8939
f 8939 8918 8912
f 8152 8150 8940
f 8148 8147 8154
f 8152 8940 8153
f 7414 8148 8941
f 8941 8148 8154
f 8941 8154 8942
f 8942 8154 8156
f 8942 8156 8943
f 8943 8156 8158
f 8943 8158 8940
f 8940 8158 8160
f 8940 8160 8153
f 8944 8945 8946
f 8946 8840 8839
f 8947 8839 8838
f 8801 8948 8799
f 8799 8948 8947
f 8799 8947 8797
f 8797 8947 8838
f 8839 8947 8946
f 8946 8947 8949
f 8946 8949 8944
f 8162 8522 8873
f 8522 8520 8873
f 8873 8520 8519
f 8873 8519 8950
f 8882 8881 8837
f 8873 8884 8162
f 8162 8884 8883
f 8162 8883 8882
f 8837 8881 8826
f 8882 8837 8162
f 8162 8837 8836
f 8162 8836 8163
f 8836 8835 8163
f 8163 8835 8834
f 8163 8834 8951
f 8951 8834 8840
f 8951 8840 8587
f 8587 8840 8946
f 8587 8946 8588
f 8844 8846 8828
f 8881 8887 8826
f 8826 8887 8886
f 8826 8886 8828
f 8828 8886 8885
f 8828 8885 8844
f 8848 8821 8846
f 8846 8821 8820
f 8846 8820 8831
f 8831 8830 8846
f 8846 8830 8829
f 8846 8829 8828
f 8952 8953 8867
f 8954 8955 8868
f 8867 8953 8868
f 8868 8953 8956
f 8868 8956 8954
f 8877 8876 8950
f 8950 8876 8875
f 8950 8875 8873
f 8952 8867 8950
f 8950 8867 8878
f 8950 8878 8877
f 8957 8958 8959
f 8230 8229 8537
f 8945 8944 8174
f 8174 8944 8949
f 8949 8947 8174
f 8174 8947 8948
f 8174 8948 8173
f 8173 8948 8172
f 8801 8802 8948
f 8948 8802 8803
f 8948 8803 8172
f 8172 8803 8805
f 8172 8805 8171
f 8275 8274 8960
f 8275 8960 8276
f 8961 8962 8184
f 8188 8255 8186
f 8186 8255 8254
f 8186 8254 8185
f 8185 8254 8276
f 8185 8276 8184
f 8184 8276 8960
f 8184 8960 8961
f 8963 8964 8965
f 8965 8964 8184
f 8965 8184 8966
f 8966 8184 8962
f 8229 8228 8537
f 8537 8228 8227
f 8537 8227 8231
f 8231 8232 8537
f 8537 8232 8236
f 8537 8236 8190
f 8263 8262 8234
f 8234 8262 8266
f 8234 8266 8267
f 8236 8235 8190
f 8190 8235 8234
f 8190 8234 8271
f 8271 8234 8267
f 8187 8268 8188
f 8188 8268 8272
f 8188 8272 8255
f 8271 8270 8190
f 8190 8270 8269
f 8190 8269 8191
f 8191 8269 8268
f 8191 8268 8192
f 8192 8268 8187
f 8263 8234 8264
f 8264 8234 8233
f 8264 8233 8237
f 8237 8220 8264
f 8264 8220 8219
f 8264 8219 8265
f 8239 8258 8240
f 8240 8258 8259
f 8240 8259 8241
f 8241 8259 8260
f 8241 8260 8219
f 8219 8260 8261
f 8219 8261 8265
f 8542 8223 8224
f 8542 8224 8544
f 8544 8224 8225
f 8544 8225 8536
f 8536 8225 8537
f 8537 8225 8226
f 8537 8226 8230
f 8037 8038 8967
f 8967 8038 7703
f 8967 7703 8964
f 7703 7702 8964
f 8964 7702 8180
f 8964 8180 8181
f 8181 8182 8964
f 8964 8182 8183
f 8964 8183 8184
f 8958 8957 8967
f 8967 8957 8690
f 8967 8690 8688
f 8688 8686 8967
f 8967 8686 8684
f 8967 8684 8037
f 8968 8969 8970
f 8970 8969 8971
f 8970 8971 8972
f 8972 8973 8970
f 8970 8973 8974
f 8970 8974 8959
f 8959 8974 8975
f 8959 8975 8957
f 8176 8177 8976
f 8945 8174 8976
f 8976 8174 8175
f 8976 8175 8176
f 8177 8178 8976
f 8976 8178 8179
f 8976 8179 8970
f 8970 8179 8712
f 8970 8712 8968
f 8805 8810 8171
f 8171 8810 8809
f 8171 8809 8170
f 8170 8809 8169
f 8806 8811 8168
f 8169 8809 8168
f 8168 8809 8807
f 8168 8807 8806
f 8865 8864 8977
f 8811 8813 8168
f 8168 8813 8818
f 8168 8818 8977
f 8977 8818 8817
f 8977 8817 8865
f 8865 8817 8815
f 8865 8815 8860
f 8854 8853 8815
f 8815 8853 8858
f 8815 8858 8860
f 8864 8862 8977
f 8977 8862 8861
f 8977 8861 8866
f 8866 8842 8977
f 8977 8842 8841
f 8977 8841 8978
f 8978 8841 8871
f 8978 8871 8955
f 8955 8871 8870
f 8955 8870 8868
f 8854 8815 8856
f 8856 8815 8814
f 8856 8814 8819
f 8819 8795 8856
f 8856 8795 8794
f 8856 8794 8857
f 8823 8821 8848
f 8823 8848 8824
f 8848 8849 8824
f 8824 8849 8850
f 8824 8850 8794
f 8794 8850 8852
f 8794 8852 8857
f 8287 8286 8243
f 8243 8286 8256
f 8243 8256 8257
f 8258 8239 8257
f 8257 8239 8238
f 8257 8238 8246
f 8246 8245 8257
f 8257 8245 8244
f 8257 8244 8243
f 8277 8285 8200
f 8200 8285 8284
f 8200 8284 8283
f 8287 8243 8288
f 8288 8243 8242
f 8288 8242 8282
f 8282 8242 8250
f 8282 8250 8283
f 8283 8250 8200
f 8200 8250 8249
f 8200 8249 8202
f 8249 8248 8202
f 8202 8248 8247
f 8202 8247 8217
f 8217 8247 8253
f 8217 8253 8215
f 8215 8253 8213
f 8198 8979 8199
f 8199 8979 8277
f 8199 8277 8201
f 8201 8277 8200
f 8963 8965 8979
f 8979 8965 8966
f 8960 8274 8273
f 8966 8962 8979
f 8979 8962 8961
f 8979 8961 8960
f 8280 8279 8979
f 8979 8279 8278
f 8979 8278 8277
f 8960 8273 8979
f 8979 8273 8281
f 8979 8281 8280
f 8213 8253 8531
f 8531 8253 8252
f 8531 8252 8251
f 8539 8223 8540
f 8540 8223 8542
f 8251 8221 8531
f 8531 8221 8222
f 8531 8222 8532
f 8532 8222 8223
f 8532 8223 8534
f 8534 8223 8539
f 8297 8292 8293
f 8289 7384 8980
f 8289 8980 8290
f 8296 8297 8981
f 8981 8297 8293
f 8981 8293 8982
f 8982 8293 8294
f 8982 8294 8983
f 8983 8294 8295
f 8983 8295 8980
f 8980 8295 8291
f 8980 8291 8290
f 8320 8984 8318
f 8318 8984 8985
f 8318 8985 8304
f 8304 8985 8301
f 8301 8985 8986
f 8301 8986 8302
f 8302 8986 8987
f 8302 8987 8315
f 8315 8987 8299
f 8299 8987 7382
f 8299 7382 7381
f 8327 8988 8320
f 8320 8988 8984
f 8345 8344 8989
f 8989 8344 7387
f 8989 7387 7386
f 8345 8989 8354
f 8354 8989 8990
f 8354 8990 8342
f 8342 8990 8991
f 8342 8991 8333
f 8988 8327 8991
f 8991 8327 8334
f 8991 8334 8333
f 7420 8992 8355
f 8355 8992 8993
f 8355 8993 8356
f 7388 8373 8994
f 8994 8373 8358
f 8994 8358 8995
f 8995 8358 8357
f 8995 8357 8996
f 8996 8357 8362
f 8996 8362 8997
f 8997 8362 8365
f 8997 8365 8998
f 8998 8365 8364
f 8998 8364 8999
f 8999 8364 8370
f 8999 8370 9000
f 9000 8370 8372
f 9000 8372 9001
f 9001 8372 8359
f 9001 8359 9002
f 9002 8359 8369
f 9002 8369 9003
f 9003 8369 8368
f 9003 8368 9004
f 9004 8368 8360
f 9004 8360 9005
f 9005 8360 8361
f 9005 8361 9006
f 9006 8361 8371
f 9006 8371 9007
f 9007 8371 8367
f 9007 8367 9008
f 9008 8367 8366
f 9008 8366 8993
f 8993 8366 8363
f 8993 8363 8356
f 8600 9009 8598
f 8598 9009 9010
f 8382 8383 9011
f 9011 8383 8385
f 9011 8385 9010
f 9010 8385 8387
f 9010 8387 8598
f 8382 9011 8380
f 8380 9011 9012
f 8380 9012 8378
f 8378 9012 7418
f 8378 7418 7417
f 8600 8608 9009
f 9009 8608 9013
f 8408 8410 9014
f 9014 8410 7413
f 9014 7413 7412
f 8408 9014 8406
f 8406 9014 9015
f 8406 9015 8402
f 8402 9015 9016
f 8402 9016 8403
f 8403 9016 8615
f 8615 9016 9013
f 8615 9013 8608
f 9017 9018 9019
f 9020 9021 9022
f 9023 9024 9025
f 9025 9024 9026
f 9025 9026 9027
f 9022 9017 9020
f 9020 9017 9019
f 9020 9019 9026
f 9026 9019 9028
f 9026 9028 9027
f 9029 9030 9031
f 9032 9033 9034
f 9035 9036 9037
f 9038 9039 9040
f 9040 9029 9038
f 9038 9029 9031
f 9038 9031 9034
f 9034 9031 9035
f 9034 9035 9032
f 9032 9035 9037
f 9041 9042 9043
f 9043 9042 9044
f 9043 9044 9045
f 9045 9044 9046
f 9047 9048 9049
f 9049 9048 9050
f 9049 9050 9051
f 9051 9050 9052
f 8740 9053 9054
f 8077 8032 8031
f 8472 8471 9055
f 9056 9057 8488
f 8488 9057 9058
f 8488 9058 8477
f 9059 9060 8476
f 9054 9061 8785
f 8789 8470 8469
f 9062 9063 8486
f 8031 8740 8077
f 8077 8740 9054
f 8077 9054 8783
f 8783 9054 8785
f 8789 8469 8430
f 9058 9064 8477
f 8477 9064 9065
f 8477 9065 8478
f 8478 9065 9066
f 8478 9066 9067
f 9056 8488 9068
f 9068 8488 8487
f 9068 8487 9069
f 8471 8470 9055
f 9055 8470 8789
f 9055 8789 9061
f 9061 8789 8787
f 9061 8787 8785
f 9067 9070 8478
f 8478 9070 9071
f 8478 9071 8564
f 8486 8485 8465
f 8465 8485 8484
f 8465 8484 8483
f 7912 8480 8564
f 8564 8480 8479
f 8564 8479 8478
f 8476 9060 8465
f 8465 9060 8486
f 8486 9060 9072
f 8486 9072 9062
f 9073 9074 8476
f 9075 9076 8421
f 8421 9076 9077
f 8421 9077 8490
f 9078 9079 8473
f 8473 9079 9080
f 8473 9080 9081
f 9063 9082 8486
f 8486 9082 9083
f 8486 9083 8487
f 8487 9083 9084
f 8487 9084 9069
f 8420 8423 8475
f 8475 8423 8422
f 8475 8422 8476
f 8476 8422 8424
f 8476 8424 9073
f 9074 9085 8476
f 8476 9085 9086
f 8476 9086 9059
f 8420 8475 8421
f 8421 8475 8474
f 8421 8474 8473
f 7911 8482 7912
f 7912 8482 8481
f 7912 8481 8480
f 9081 9087 8473
f 8473 9087 9088
f 8473 9088 8421
f 8421 9088 9089
f 8421 9089 9075
f 8469 8468 8430
f 8430 8468 8467
f 8430 8467 8431
f 8431 8467 8466
f 9055 9090 8472
f 8472 9090 9091
f 8472 9091 8473
f 8473 9091 9092
f 8473 9092 9078
f 7911 7910 8482
f 8482 7910 8445
f 8482 8445 8483
f 8483 8445 8444
f 8483 8444 8465
f 8465 8444 8448
f 8465 8448 8466
f 8466 8448 8451
f 8466 8451 8431
f 9081 9080 9093
f 9093 9080 9079
f 9093 9079 9094
f 9094 9079 9078
f 9094 9078 9092
f 9093 9095 9081
f 9081 9095 9096
f 9081 9096 9087
f 9087 9096 9088
f 9097 9098 9075
f 9096 9099 9088
f 9088 9099 9097
f 9088 9097 9089
f 9089 9097 9075
f 8492 8490 9100
f 9100 8490 9077
f 9100 9077 9098
f 9098 9077 9076
f 9098 9076 9075
f 8492 9100 8493
f 8493 9100 9101
f 8493 9101 8494
f 9102 9094 9103
f 9103 8499 8491
f 9097 9099 9102
f 9093 9094 9095
f 9095 9094 9102
f 9095 9102 9096
f 9096 9102 9099
f 9103 8491 9102
f 9102 8491 8494
f 9102 8494 9101
f 9101 9100 9102
f 9102 9100 9098
f 9102 9098 9097
f 8499 9103 8498
f 8498 9103 9104
f 8498 9104 8496
f 8496 9104 9105
f 8496 9105 8495
f 8500 7881 9106
f 9106 7881 8495
f 9106 8495 9107
f 9107 8495 9105
f 9108 8501 9109
f 9109 8501 8502
f 9109 8502 8500
f 8500 8502 7882
f 8501 9108 9110
f 8501 9110 8506
f 9110 9111 8506
f 8506 9111 9112
f 8506 9112 8509
f 8509 9112 9113
f 8509 9113 9114
f 9115 9116 8511
f 8511 8508 9115
f 9115 8508 8507
f 9115 8507 9114
f 9114 8507 8510
f 9114 8510 8509
f 9116 9117 8511
f 8511 9117 9118
f 8511 9118 8503
f 9119 8504 9120
f 9120 8504 8503
f 9120 8503 9121
f 9121 8503 9118
f 9122 9123 8930
f 8930 9123 9124
f 8930 9124 9125
f 9126 9127 8920
f 8920 9127 9128
f 8920 9128 8930
f 8930 9128 9129
f 8930 9129 9122
f 9125 9130 8930
f 8930 9130 9131
f 8930 9131 9132
f 8925 8930 9132
f 9133 8918 9134
f 9134 8918 8927
f 9134 8927 9135
f 9135 8927 9136
f 9132 9137 8925
f 8925 9137 9138
f 8925 9138 8926
f 8926 9138 9139
f 8926 9139 8927
f 8927 9139 9140
f 8927 9140 9136
f 9141 9142 9143
f 9143 9142 9051
f 9143 9051 9052
f 9144 9047 9049
f 9144 9049 9145
f 9142 9146 9147
f 9049 9051 9145
f 9145 9051 9142
f 9145 9142 9148
f 9148 9142 9147
f 9149 9150 9151
f 9151 9150 9152
f 8792 8462 9153
f 9153 8462 9154
f 9153 9154 9149
f 9149 9154 9155
f 9149 9155 9150
f 9156 8751 8433
f 9157 9158 8749
f 8749 9158 8464
f 8433 9159 9156
f 9156 9159 9160
f 9156 9160 9161
f 9160 9162 9161
f 9161 9162 9163
f 9161 9163 9164
f 9163 9165 9164
f 9164 9165 9166
f 9164 9166 9167
f 9166 9168 9167
f 9167 9168 9169
f 9167 9169 9170
f 9169 9171 9170
f 9170 9171 9172
f 9170 9172 9173
f 9172 9174 9173
f 9173 9174 9175
f 9173 9175 9176
f 9175 9177 9176
f 9176 9177 9178
f 9176 9178 9179
f 9178 9180 9179
f 9179 9180 9181
f 9179 9181 9182
f 9181 9183 9182
f 9182 9183 9184
f 9182 9184 9185
f 9184 9186 9185
f 9185 9186 9187
f 9185 9187 9157
f 9157 9187 9188
f 9157 9188 9158
f 9189 9190 9191
f 9191 9192 9189
f 9189 9192 9193
f 9189 9193 9194
f 9195 9190 9196
f 9196 9190 9189
f 9196 9189 9194
f 9195 9196 9197
f 9197 9196 9198
f 9197 9198 9199
f 8432 8526 9200
f 9200 8526 9201
f 9200 9201 9202
f 9202 9201 9199
f 9202 9199 9203
f 9203 9199 9198
f 9204 9205 8978
f 9206 8977 9207
f 9207 8977 8978
f 9207 8978 9208
f 9208 8978 9205
f 8952 9209 8953
f 8953 9209 9210
f 8953 9210 8956
f 8956 9210 9211
f 8956 9211 8954
f 8954 9211 9204
f 8954 9204 8955
f 8955 9204 8978
f 8950 8519 8518
f 8952 8950 9209
f 9209 8950 8518
f 9209 8518 9212
f 9212 8518 8523
f 9212 8523 8521
f 9213 8578 8577
f 8578 9213 8579
f 8585 9214 8586
f 8586 9214 9215
f 8586 9215 8164
f 8164 9215 9216
f 8164 9216 8521
f 8584 9217 8585
f 8585 9217 9218
f 8585 9218 9214
f 8583 9219 8584
f 8584 9219 9220
f 8584 9220 9217
f 9213 9221 8579
f 8579 9221 9222
f 8579 9222 8582
f 8582 9222 9223
f 8582 9223 8583
f 8583 9223 9224
f 8583 9224 9219
f 8568 9225 8577
f 8577 9225 9226
f 8577 9226 9213
f 9227 9228 8567
f 8567 9228 9229
f 8567 9229 8568
f 8568 9229 9230
f 8568 9230 9225
f 8524 8565 8525
f 8525 8565 8528
f 9231 9195 9197
f 9197 9199 9231
f 9231 9199 9201
f 9231 9201 9232
f 9232 9201 8526
f 9233 9234 8526
f 8526 9234 9235
f 8526 9235 9236
f 9236 9237 8526
f 8526 9237 9238
f 8526 9238 9232
f 8528 8565 8527
f 8527 8565 9239
f 8527 9239 8526
f 8526 9239 9240
f 8526 9240 9233
f 8553 8552 9086
f 8565 8564 9071
f 8543 8545 9070
f 8545 8546 9070
f 9070 8546 8538
f 9070 8538 9071
f 9071 8538 9241
f 9071 9241 8565
f 8565 9241 9242
f 8565 9242 9239
f 9239 9242 9243
f 9239 9243 9240
f 9240 9243 9244
f 9240 9244 9233
f 9233 9244 9245
f 9233 9245 9234
f 9234 9245 9246
f 9234 9246 9235
f 9070 9067 8543
f 8543 9067 9066
f 8543 9066 8541
f 8541 9066 9065
f 9058 8529 9064
f 9064 8529 8533
f 9064 8533 9065
f 9065 8533 8535
f 9065 8535 8541
f 8550 8558 9072
f 9072 8558 8557
f 9072 8557 9062
f 9062 8557 8556
f 9062 8556 9063
f 9063 8556 8555
f 9063 8555 9082
f 9082 8555 8554
f 9082 8554 9083
f 9083 8554 8559
f 9083 8559 9084
f 9084 8559 8560
f 9084 8560 9069
f 9069 8560 8561
f 9069 8561 9068
f 9068 8561 8562
f 9068 8562 9056
f 9056 8562 8563
f 9056 8563 9057
f 9057 8563 8218
f 9057 8218 9058
f 9058 8218 8530
f 9058 8530 8529
f 8550 9072 8551
f 8551 9072 9060
f 8551 9060 8552
f 8552 9060 9059
f 8552 9059 9086
f 8553 9086 8548
f 8548 9086 9085
f 8548 9085 8549
f 9073 8424 7906
f 9085 9074 8549
f 8549 9074 9073
f 8549 9073 8547
f 8547 9073 7906
f 9247 9227 9248
f 9248 9227 8567
f 9248 8567 8566
f 9249 9247 9250
f 9250 9247 9248
f 8575 9251 8576
f 8576 9251 9252
f 8576 9252 8572
f 8572 9252 9253
f 8572 9253 8573
f 8573 9253 8574
f 9253 9254 8574
f 8574 9254 9255
f 8574 9255 8571
f 8571 9255 9256
f 8571 9256 8570
f 8570 9256 9257
f 8570 9257 8569
f 8569 9257 8581
f 8581 9257 9258
f 8581 9258 8580
f 8580 9258 9248
f 8580 9248 8566
f 9257 9249 9258
f 9258 9249 9250
f 9258 9250 9248
f 7916 7923 8636
f 7914 8630 8632
f 9251 8575 8634
f 8634 8575 8165
f 8634 8165 8163
f 7916 8636 7914
f 7914 8636 8627
f 7914 8627 8630
f 8632 8634 7914
f 7914 8634 8163
f 7914 8163 8589
f 8589 8163 8951
f 8589 8951 8587
f 8607 8606 8643
f 7928 8417 8626
f 8626 8417 8619
f 8626 8619 8625
f 8625 8619 8614
f 8643 8606 8644
f 8644 8606 8389
f 8644 8389 7939
f 8614 8607 8625
f 8625 8607 8643
f 8625 8643 8624
f 8624 8643 8642
f 8624 8642 8623
f 8623 8642 8641
f 8623 8641 8622
f 7920 8621 8647
f 8641 8640 8622
f 8622 8640 8621
f 8621 8640 8639
f 8621 8639 8647
f 7920 8647 8638
f 8638 8647 8646
f 8638 8646 8637
f 8637 8646 8645
f 8637 8645 8635
f 8635 8645 8108
f 8635 8108 8628
f 8628 8108 8110
f 8628 8110 8629
f 8116 8633 8114
f 8114 8633 8631
f 8629 8110 8631
f 8631 8110 8112
f 8631 8112 8114
f 9259 9260 8116
f 8116 8115 9259
f 9259 8115 8898
f 9259 8898 8909
f 9261 9262 8909
f 8909 9262 9263
f 8909 9263 9259
f 9259 9263 9260
f 8906 9264 8907
f 8907 9264 9261
f 8907 9261 8908
f 8908 9261 8909
f 8902 9265 8903
f 8903 9265 9266
f 8903 9266 8904
f 8904 9266 9267
f 8904 9267 8905
f 8905 9267 9268
f 8905 9268 8906
f 8906 9268 9269
f 8906 9269 9264
f 8901 9270 8902
f 8902 9270 9271
f 8902 9271 9265
f 9272 9273 8900
f 8900 9273 9274
f 8900 9274 8901
f 8901 9274 9270
f 9275 8957 8975
f 8690 8957 8696
f 8696 8957 9275
f 8696 9275 8700
f 8700 9275 9276
f 8700 9276 8681
f 8681 9276 9277
f 8681 9277 8682
f 9278 9279 9280
f 9281 9279 9282
f 9282 9279 9278
f 9282 9278 9283
f 9283 9278 9284
f 8974 9285 9286
f 9286 9285 9287
f 9286 9287 9284
f 9284 9287 9288
f 9284 9288 9283
f 8691 8682 9280
f 9280 8682 9277
f 9280 9277 9278
f 9278 9277 9276
f 9278 9276 9284
f 9284 9276 9275
f 9284 9275 9286
f 9286 9275 8975
f 9286 8975 8974
f 8671 8673 9289
f 8691 9290 8692
f 8692 9290 9291
f 8692 9291 8679
f 8679 9291 8678
f 9289 8673 9291
f 9291 8673 8675
f 9291 8675 8678
f 8671 9289 8669
f 8669 9289 9292
f 8669 9292 8667
f 8667 9292 9293
f 8667 9293 8665
f 8665 9293 9294
f 8665 9294 8666
f 8666 9294 9295
f 8666 9295 8661
f 8649 8648 8740
f 8740 8648 8663
f 8740 8663 8662
f 8661 9295 8662
f 8662 9295 9053
f 8662 9053 8740
f 8719 8708 8707
f 8767 8766 8717
f 8717 8716 8767
f 8767 8716 8720
f 8767 8720 8779
f 8779 8720 8719
f 8779 8719 8765
f 8765 8719 8707
f 7976 8718 8712
f 8712 8718 8968
f 8717 9296 8718
f 8718 9296 8969
f 8718 8969 8968
f 9296 9297 9298
f 9299 9300 9301
f 9302 9281 9282
f 8974 8973 9303
f 9303 8973 8972
f 9303 8972 9304
f 9304 8972 8971
f 9304 8971 9305
f 9305 8971 8969
f 9305 8969 9296
f 9306 9307 9308
f 9308 9307 9309
f 9308 9309 9310
f 9310 9309 9311
f 9310 9311 9312
f 9312 9311 9313
f 9314 9315 9316
f 9316 9315 9317
f 9316 9317 9318
f 9319 9320 9321
f 9321 9320 9322
f 9321 9322 9323
f 9323 9322 9324
f 9300 9299 9325
f 9326 9327 9328
f 9328 9327 9325
f 9326 9328 9329
f 9329 9328 9330
f 9329 9330 9331
f 9299 9319 9325
f 9325 9319 9321
f 9325 9321 9328
f 9328 9321 9323
f 9328 9323 9330
f 9330 9323 9324
f 9330 9324 9332
f 9322 9314 9324
f 9324 9314 9316
f 9324 9316 9332
f 9332 9316 9318
f 9332 9318 9333
f 9334 9296 9298
f 9334 9298 9335
f 9335 9298 9336
f 9335 9336 9337
f 9337 9336 9338
f 9337 9338 9285
f 9312 9339 9310
f 9310 9339 9333
f 9310 9333 9308
f 9308 9333 9318
f 9308 9318 9306
f 9306 9318 9317
f 9305 9296 9334
f 9305 9334 9304
f 9304 9334 9335
f 9304 9335 9303
f 9303 9335 9337
f 9303 9337 8974
f 8974 9337 9285
f 9283 9288 9338
f 9338 9288 9287
f 9338 9287 9285
f 9296 9331 9297
f 9297 9331 9330
f 9297 9330 9298
f 9298 9330 9332
f 9298 9332 9336
f 9336 9332 9333
f 9336 9333 9338
f 9338 9333 9339
f 9338 9339 9283
f 9283 9339 9312
f 9283 9312 9282
f 9282 9312 9313
f 9282 9313 9302
f 9340 9341 9342
f 9342 9341 9343
f 8780 8781 9344
f 9344 8781 9345
f 9344 9345 9346
f 9346 9345 9347
f 8075 8780 8749
f 8734 8735 8729
f 8729 8735 8004
f 8003 8004 8749
f 8749 8004 8735
f 8749 8735 8075
f 8075 8735 8736
f 8075 8736 8073
f 8073 8736 8739
f 8073 8739 8071
f 8071 8739 8738
f 8071 8738 8737
f 8742 8747 8741
f 8741 8747 8059
f 9348 9346 9349
f 9349 9346 9350
f 8745 8746 8744
f 8744 8746 8747
f 8744 8747 8743
f 8743 8747 8742
f 8729 8730 8731
f 8734 8729 8733
f 8733 8729 8731
f 8733 8731 8732
f 8761 8780 9348
f 9348 8780 9344
f 9348 9344 9346
f 9157 8749 8059
f 8059 8749 8780
f 8059 8780 8741
f 8741 8780 8761
f 8059 8060 9157
f 9157 8060 8722
f 9157 8722 9185
f 9185 8722 8724
f 9185 8724 9182
f 8190 8753 8754
f 8977 9173 8168
f 8168 9173 9176
f 8168 9176 8167
f 8167 9176 8166
f 8190 8189 8753
f 8753 8189 8193
f 8753 8193 8752
f 8754 8755 8190
f 8190 8755 8756
f 8190 8756 8537
f 8537 8756 8757
f 8537 8757 8758
f 9164 9167 8977
f 8977 9167 9170
f 8977 9170 9173
f 8193 8725 8752
f 8752 8725 8726
f 8752 8726 8748
f 8748 8726 8728
f 8748 8728 8749
f 8749 8728 8727
f 8749 8727 8003
f 9182 8724 9179
f 9179 8724 8723
f 9179 8723 9176
f 9176 8723 8721
f 9176 8721 8166
f 8750 9243 9242
f 8758 8759 8537
f 8537 8759 8760
f 8537 8760 8538
f 8538 8760 8750
f 8538 8750 9241
f 9241 8750 9242
f 8751 9245 8750
f 8750 9245 9244
f 8750 9244 9243
f 9164 8977 9161
f 9161 8977 9206
f 9161 9206 9156
f 9156 9206 9351
f 9156 9351 9352
f 9156 9353 8751
f 8751 9353 9246
f 8751 9246 9245
f 9352 9354 9156
f 9156 9354 9355
f 9156 9355 9353
f 8066 8761 8775
f 8775 8761 9348
f 8766 8768 9350
f 9350 8768 9349
f 8768 8770 9349
f 9349 8770 8772
f 9349 8772 9348
f 9348 8772 8773
f 9348 8773 8775
f 9356 9357 9342
f 9342 9357 9340
f 8033 8034 8072
f 8072 8034 8074
f 8788 8790 8078
f 9343 9347 9342
f 9342 9347 9345
f 9342 9345 9356
f 8078 8790 8034
f 8034 8790 8074
f 8074 8790 8791
f 8074 8791 8793
f 9358 9359 9360
f 8782 8784 8078
f 8078 8784 8786
f 8078 8786 8788
f 9153 9149 9345
f 9345 9149 9151
f 9345 9151 9356
f 9356 9151 9358
f 9356 9358 9361
f 9361 9358 9360
f 9153 9345 8792
f 8792 9345 8781
f 8792 8781 8793
f 8793 8781 8076
f 8793 8076 8074
f 9362 8827 9363
f 9363 8827 8822
f 9363 8822 9364
f 9364 8822 8796
f 9364 8796 9365
f 9365 8796 8816
f 9365 8816 9366
f 9366 8816 8812
f 9366 8812 9367
f 9367 8812 8808
f 9367 8808 9368
f 9368 8808 8804
f 9368 8804 9369
f 9369 8804 8800
f 9369 8800 9370
f 9370 8800 8798
f 9370 8798 9371
f 9371 8798 8833
f 9371 8833 9372
f 9372 8833 8832
f 9372 8832 9373
f 9373 8832 8825
f 9373 8825 9362
f 9362 8825 8827
f 9374 8880 9375
f 9375 8880 8879
f 9375 8879 9376
f 9376 8879 8872
f 9376 8872 9377
f 9377 8872 8874
f 9377 8874 9378
f 9378 8874 8869
f 9378 8869 9379
f 9379 8869 8843
f 9379 8843 9380
f 9380 8843 8863
f 9380 8863 9381
f 9381 8863 8859
f 9381 8859 9382
f 9382 8859 8855
f 9382 8855 9383
f 9383 8855 8851
f 9383 8851 9384
f 9384 8851 8847
f 9384 8847 9385
f 9385 8847 8845
f 9385 8845 9374
f 9374 8845 8880
f 9386 9387 9388
f 9388 9387 9389
f 9388 9389 9390
f 9391 8934 9392
f 9392 8934 8924
f 9393 8919 9394
f 9394 8919 8937
f 8935 9395 8937
f 8937 9395 9396
f 8937 9396 9394
f 9391 9397 8934
f 8934 9397 9398
f 8934 9398 8935
f 8935 9398 9399
f 8935 9399 9395
f 8919 9393 9400
f 9400 9401 8919
f 8919 9401 9402
f 8919 9402 9403
f 9126 8920 9404
f 9404 8920 9405
f 9403 9406 8919
f 8919 9406 9407
f 8919 9407 8920
f 8920 9407 9408
f 8920 9408 9405
f 8504 9119 8889
f 8889 9119 9409
f 8889 9409 8890
f 9409 9410 8890
f 8890 9410 9411
f 8890 9411 8891
f 8891 9411 8892
f 9411 9412 8892
f 8892 9412 9413
f 8892 9413 8893
f 9413 9414 8893
f 8893 9414 9415
f 8893 9415 8894
f 8894 9415 9416
f 8894 9416 8888
f 8888 9416 9417
f 8888 9417 8895
f 8895 9417 9418
f 8895 9418 9419
f 8897 8104 9420
f 9420 8104 8896
f 9420 8896 9419
f 9419 8896 8895
f 9421 9422 9423
f 9424 9425 9423
f 9423 9425 9426
f 9423 9426 9427
f 9422 9428 9423
f 9423 9428 9429
f 9423 9429 9430
f 9430 9431 9423
f 9423 9431 9432
f 9423 9432 9424
f 9427 9433 9423
f 9423 9433 9434
f 9423 9434 9421
f 9421 9434 9272
f 9421 9272 9435
f 9435 9272 8900
f 9435 8900 9436
f 9436 8900 8899
f 9436 8899 9437
f 9437 8899 8105
f 9437 8105 8897
f 9438 9434 9433
f 9439 9438 9440
f 9440 9438 9433
f 9440 9433 9441
f 9433 9427 9441
f 9441 9427 9426
f 9441 9426 9425
f 9442 9443 9424
f 9424 9443 9444
f 9424 9444 9425
f 9425 9444 9445
f 9425 9445 9441
f 9424 9432 9442
f 9442 9432 9431
f 9442 9431 9446
f 9431 9430 9446
f 9446 9430 9429
f 9446 9429 9447
f 9447 9429 9428
f 9447 9428 9422
f 9448 9449 9450
f 9450 9449 9451
f 9450 9451 9452
f 9388 9390 9453
f 9453 9390 9454
f 9453 9454 9455
f 9455 9454 9456
f 9457 9458 9459
f 9459 9458 9386
f 9459 9386 9460
f 9460 9386 9388
f 9460 9388 9461
f 9461 9388 9453
f 9461 9453 9455
f 8915 8914 9462
f 9462 8914 8923
f 9462 8923 9463
f 9463 8923 8922
f 9463 8922 9464
f 9464 8922 8933
f 9464 8933 9465
f 9465 8933 8936
f 9465 8936 9466
f 9466 8936 8921
f 9466 8921 9467
f 9467 8921 8932
f 9467 8932 9468
f 9468 8932 8931
f 9468 8931 9469
f 9469 8931 8929
f 9469 8929 9470
f 9470 8929 8928
f 9470 8928 9471
f 9471 8928 8938
f 9471 8938 9472
f 9472 8938 8939
f 9472 8939 8913
f 8913 8939 8912
f 8918 9133 8910
f 8910 9133 9473
f 8910 9473 8911
f 8911 9473 9474
f 9473 9046 9474
f 9474 9046 9044
f 9475 9449 9476
f 9476 9449 9448
f 9392 8924 9476
f 9476 8924 8916
f 8916 8917 9476
f 9476 8917 9477
f 9476 9477 9475
f 8198 8194 8979
f 8979 8194 8296
f 8979 8296 8963
f 8980 7384 7382
f 8987 8986 8296
f 8296 8986 8985
f 8992 7420 7418
f 8149 8588 8150
f 8150 8588 8946
f 8150 8946 9478
f 9478 8946 8945
f 8964 9479 8967
f 8967 9479 9480
f 8296 8981 8987
f 8987 8981 8982
f 8987 8982 7382
f 7382 8982 8983
f 7382 8983 8980
f 9481 9482 8990
f 8990 9482 9483
f 8945 8976 9478
f 9478 8976 8970
f 9478 8970 9484
f 9485 9486 9487
f 9488 9489 8296
f 8296 9489 9490
f 7388 8994 7386
f 7386 8994 8995
f 7386 8995 8989
f 8989 8995 8996
f 8989 8996 8997
f 9011 9007 9012
f 9012 9007 9008
f 9012 9008 7418
f 7418 9008 8993
f 7418 8993 8992
f 9491 9492 9015
f 9015 9492 9493
f 8964 8963 9479
f 9479 8963 8296
f 9479 8296 9494
f 9494 8296 9490
f 8990 8989 9481
f 9481 8989 8997
f 9481 8997 9495
f 9495 8997 8998
f 9495 8998 9496
f 9496 8998 8999
f 9496 8999 9497
f 9015 9014 9491
f 9491 9014 8940
f 9491 8940 9498
f 9498 8940 8150
f 9498 8150 9499
f 9499 8150 9478
f 7414 8941 7412
f 7412 8941 8942
f 7412 8942 9014
f 9014 8942 8943
f 9014 8943 8940
f 8999 9000 9497
f 9497 9000 9001
f 9497 9001 9500
f 9500 9001 9002
f 9500 9002 9501
f 9501 9002 9003
f 9501 9003 9502
f 9502 9003 9004
f 9502 9004 9503
f 9503 9004 9005
f 9503 9005 9504
f 9504 9005 9006
f 9504 9006 9505
f 9505 9006 9007
f 9505 9007 9506
f 9506 9007 9011
f 9506 9011 9507
f 9507 9011 9010
f 9507 9010 9508
f 9508 9010 9009
f 9508 9009 9509
f 9509 9009 9013
f 9509 9013 9493
f 9493 9013 9016
f 9493 9016 9015
f 9480 9485 8967
f 8967 9485 9487
f 8967 9487 8958
f 8958 9487 9510
f 8958 9510 8959
f 8959 9510 9511
f 8959 9511 8970
f 8970 9511 9512
f 9512 9513 8970
f 8970 9513 9514
f 8970 9514 9484
f 9488 8296 9515
f 9515 8296 8985
f 9515 8985 9516
f 9516 8985 8984
f 9516 8984 9517
f 9517 8984 8988
f 9517 8988 9483
f 9483 8988 8991
f 9483 8991 8990
f 9518 9026 9519
f 9519 9026 9024
f 9519 9024 9520
f 9520 9024 9023
f 9520 9023 9521
f 9521 9023 9025
f 9521 9025 9522
f 9522 9025 9027
f 9522 9027 9523
f 9523 9027 9028
f 9523 9028 9524
f 9524 9028 9019
f 9524 9019 9525
f 9525 9019 9018
f 9525 9018 9526
f 9526 9018 9017
f 9526 9017 9527
f 9527 9017 9022
f 9527 9022 9528
f 9528 9022 9021
f 9528 9021 9529
f 9529 9021 9020
f 9529 9020 9518
f 9518 9020 9026
f 9530 9031 9531
f 9531 9031 9030
f 9531 9030 9532
f 9532 9030 9029
f 9532 9029 9533
f 9533 9029 9040
f 9533 9040 9534
f 9534 9040 9039
f 9534 9039 9535
f 9535 9039 9038
f 9535 9038 9536
f 9536 9038 9034
f 9536 9034 9537
f 9537 9034 9033
f 9537 9033 9538
f 9538 9033 9032
f 9538 9032 9539
f 9539 9032 9037
f 9539 9037 9540
f 9540 9037 9036
f 9540 9036 9541
f 9541 9036 9035
f 9541 9035 9530
f 9530 9035 9031
f 9542 9048 9047
f 9543 9544 9545
f 9544 9543 9546
f 9546 9543 9547
f 9546 9547 9548
f 9548 9547 9549
f 9549 9547 9042
f 9549 9042 9041
f 9545 9542 9543
f 9543 9542 9047
f 9543 9047 9550
f 9550 9047 9144
f 9550 9144 9551
f 9551 9144 9145
f 9055 9061 9052
f 9052 9050 9055
f 9055 9050 9048
f 9055 9048 9542
f 9054 9552 9061
f 9061 9552 9553
f 9553 9554 9061
f 9061 9554 9555
f 9061 9555 9556
f 9557 9141 9061
f 9061 9141 9143
f 9061 9143 9052
f 9558 9557 9559
f 9559 9557 9061
f 9559 9061 9560
f 9560 9061 9556
f 9103 9094 9092
f 9091 9046 9473
f 9092 9091 9103
f 9103 9091 9473
f 9103 9473 9104
f 9136 9107 9135
f 9135 9107 9105
f 9135 9105 9134
f 9134 9105 9104
f 9134 9104 9133
f 9133 9104 9473
f 9136 9140 9107
f 9107 9140 9139
f 9107 9139 9106
f 9106 9139 9138
f 9106 9138 8500
f 9138 9137 8500
f 8500 9137 9132
f 8500 9132 9109
f 9109 9132 9131
f 9109 9131 9108
f 9108 9131 9130
f 9108 9130 9110
f 9110 9130 9111
f 9111 9130 9125
f 9111 9125 9112
f 9112 9125 9124
f 9112 9124 9113
f 9113 9124 9123
f 9113 9123 9114
f 9114 9123 9115
f 9115 9123 9122
f 9115 9122 9116
f 9116 9122 9129
f 9116 9129 9117
f 9117 9129 9128
f 9117 9128 9118
f 9118 9128 9127
f 9118 9127 9121
f 9121 9127 9120
f 9120 9127 9126
f 9120 9126 9119
f 9548 9549 9090
f 9542 9545 9055
f 9055 9545 9544
f 9055 9544 9090
f 9090 9544 9546
f 9090 9546 9548
f 9549 9041 9090
f 9090 9041 9043
f 9090 9043 9091
f 9091 9043 9045
f 9091 9045 9046
f 9560 9556 9561
f 9561 9145 9560
f 9560 9145 9148
f 9560 9148 9559
f 9559 9148 9147
f 9559 9147 9558
f 9558 9147 9146
f 9558 9146 9557
f 9557 9146 9142
f 9557 9142 9141
f 9194 9193 9562
f 9154 8462 8464
f 8464 9158 9154
f 9154 9158 9188
f 9154 9188 9155
f 9188 9187 9155
f 9155 9187 9186
f 9155 9186 9150
f 9150 9186 9184
f 9150 9184 9152
f 9152 9184 9183
f 9563 9171 9562
f 9562 9171 9169
f 9562 9169 9194
f 9194 9169 9168
f 9194 9168 9196
f 9196 9168 9166
f 9196 9166 9198
f 9198 9166 9165
f 9198 9165 9203
f 9203 9165 9163
f 9203 9163 9202
f 9202 9163 9162
f 9202 9162 9200
f 9200 9162 9160
f 9200 9160 8432
f 8432 9160 9159
f 8432 9159 8433
f 9177 9175 9564
f 9564 9175 9174
f 9564 9174 9563
f 9563 9174 9172
f 9563 9172 9171
f 9177 9564 9178
f 9178 9564 9565
f 9178 9565 9180
f 9180 9565 9181
f 9181 9565 9566
f 9181 9566 9183
f 9183 9566 9567
f 9183 9567 9152
f 9231 9568 9195
f 9195 9568 9191
f 9195 9191 9190
f 9235 9246 9236
f 9236 9246 9353
f 9236 9353 9237
f 9351 9569 9231
f 9231 9569 9568
f 9237 9353 9238
f 9238 9353 9355
f 9238 9355 9232
f 9232 9355 9354
f 9232 9354 9231
f 9231 9354 9352
f 9231 9352 9351
f 9205 9570 9208
f 9208 9570 9571
f 9208 9571 9207
f 9207 9571 9569
f 9207 9569 9206
f 9206 9569 9351
f 9209 9572 9210
f 9210 9572 9573
f 9210 9573 9211
f 9211 9573 9570
f 9211 9570 9204
f 9204 9570 9205
f 9209 9212 9572
f 9572 9212 8521
f 9572 8521 9574
f 9574 8521 9216
f 9574 9216 9575
f 9575 9216 9215
f 9575 9215 9576
f 9576 9215 9214
f 9576 9214 9577
f 9214 9218 9577
f 9577 9218 9217
f 9577 9217 9578
f 9578 9217 9220
f 9578 9220 9579
f 9220 9219 9579
f 9579 9219 9224
f 9579 9224 9580
f 9580 9224 9223
f 9580 9223 9581
f 9223 9222 9581
f 9581 9222 9221
f 9581 9221 9582
f 9582 9221 9213
f 9582 9213 9583
f 9213 9226 9583
f 9583 9226 9225
f 9583 9225 9584
f 9225 9230 9584
f 9584 9230 9229
f 9584 9229 9585
f 9585 9229 9228
f 9585 9228 9227
f 9227 9247 9585
f 9585 9247 9586
f 9251 9587 9252
f 9252 9587 9588
f 9256 9255 9586
f 9247 9249 9586
f 9586 9249 9257
f 9586 9257 9256
f 9586 9255 9254
f 9586 9254 9588
f 9588 9254 9253
f 9588 9253 9252
f 9260 9263 9264
f 9264 9263 9262
f 9264 9262 9261
f 9267 9266 9265
f 9271 9270 9265
f 9265 9270 9269
f 9265 9269 9267
f 9267 9269 9268
f 9272 9434 9438
f 9260 9264 8116
f 8116 9264 9269
f 8116 9269 8633
f 9587 9251 9439
f 9439 9251 8634
f 9439 8634 9438
f 9438 8634 8633
f 9438 8633 9272
f 9272 8633 9269
f 9272 9269 9273
f 9273 9269 9270
f 9273 9270 9274
f 9279 9281 9589
f 9279 9589 9280
f 9280 9589 9290
f 9280 9290 8691
f 9590 9319 9591
f 9591 9319 9299
f 9591 9299 9301
f 9592 9322 9590
f 9590 9322 9320
f 9590 9320 9319
f 9306 9317 9593
f 9593 9317 9315
f 9593 9315 9592
f 9592 9315 9314
f 9592 9314 9322
f 9306 9593 9307
f 9307 9593 9594
f 9307 9594 9309
f 9281 9302 9589
f 9589 9302 9313
f 9589 9313 9594
f 9594 9313 9311
f 9594 9311 9309
f 9346 9347 9343
f 9346 9343 9350
f 8717 8766 9331
f 9325 9327 8766
f 9331 9296 8717
f 9325 8766 9300
f 9327 9326 8766
f 8766 9326 9329
f 8766 9329 9331
f 9300 8766 9301
f 9301 8766 9350
f 9301 9350 9591
f 9591 9350 9343
f 9591 9343 9341
f 9358 9595 9359
f 9359 9595 9596
f 9359 9596 9360
f 9360 9596 9597
f 9360 9597 9361
f 9361 9597 9598
f 9361 9598 9356
f 9356 9598 9357
f 9595 9358 9567
f 9567 9358 9151
f 9567 9151 9152
f 9363 9599 9362
f 9362 9599 9600
f 9362 9600 9373
f 9373 9600 9601
f 9373 9601 9372
f 9372 9601 9602
f 9372 9602 9371
f 9371 9602 9603
f 9371 9603 9370
f 9370 9603 9604
f 9370 9604 9369
f 9369 9604 9605
f 9369 9605 9368
f 9368 9605 9606
f 9368 9606 9367
f 9367 9606 9607
f 9367 9607 9366
f 9366 9607 9608
f 9366 9608 9365
f 9365 9608 9609
f 9365 9609 9364
f 9364 9609 9610
f 9364 9610 9363
f 9363 9610 9599
f 9378 9611 9377
f 9377 9611 9612
f 9377 9612 9376
f 9376 9612 9613
f 9376 9613 9375
f 9375 9613 9614
f 9375 9614 9374
f 9374 9614 9615
f 9374 9615 9385
f 9385 9615 9616
f 9385 9616 9384
f 9384 9616 9617
f 9384 9617 9383
f 9383 9617 9618
f 9383 9618 9382
f 9382 9618 9619
f 9382 9619 9381
f 9381 9619 9620
f 9381 9620 9380
f 9380 9620 9621
f 9380 9621 9379
f 9379 9621 9622
f 9379 9622 9378
f 9378 9622 9611
f 9623 9387 9386
f 9623 9386 9624
f 9386 9458 9624
f 9624 9458 9457
f 9624 9457 9625
f 9625 9457 9459
f 9625 9459 9626
f 9626 9459 9627
f 9627 9459 9460
f 9627 9460 9628
f 9629 9447 9422
f 9389 9387 9630
f 9630 9387 9623
f 9626 9627 9625
f 9625 9627 9630
f 9625 9630 9624
f 9624 9630 9623
f 9627 9631 9630
f 9630 9631 9632
f 9630 9632 9633
f 9633 9634 9630
f 9630 9634 9635
f 9630 9635 9636
f 9637 9638 9639
f 9639 9456 9637
f 9637 9456 9454
f 9637 9454 9630
f 9630 9454 9390
f 9630 9390 9389
f 9640 9641 9642
f 9642 9641 9643
f 9642 9643 9637
f 9637 9643 9644
f 9637 9644 9638
f 9476 9448 9629
f 9422 9421 9629
f 9629 9421 9435
f 9629 9435 9476
f 9476 9435 9392
f 9448 9450 9629
f 9629 9450 9452
f 9629 9452 9642
f 9642 9452 9645
f 9642 9645 9640
f 9420 9419 9400
f 9400 9419 9401
f 9400 9393 9420
f 9420 9393 9394
f 9420 9394 8897
f 8897 9394 9396
f 8897 9396 9437
f 9437 9396 9395
f 9395 9399 9437
f 9437 9399 9398
f 9437 9398 9436
f 9436 9398 9397
f 9436 9397 9435
f 9435 9397 9391
f 9435 9391 9392
f 9419 9418 9401
f 9401 9418 9417
f 9401 9417 9402
f 9402 9417 9416
f 9402 9416 9403
f 9119 9126 9404
f 9416 9415 9403
f 9403 9415 9414
f 9403 9414 9406
f 9406 9414 9413
f 9406 9413 9407
f 9407 9413 9412
f 9407 9412 9408
f 9408 9412 9411
f 9408 9411 9405
f 9405 9411 9410
f 9405 9410 9404
f 9404 9410 9409
f 9404 9409 9119
f 9638 9644 9646
f 9645 9452 9451
f 9645 9451 9640
f 9640 9451 9647
f 9640 9647 9641
f 9646 9644 9647
f 9647 9644 9643
f 9647 9643 9641
f 9461 9455 9646
f 9455 9456 9646
f 9646 9456 9639
f 9646 9639 9638
f 9646 9648 9461
f 9461 9648 9649
f 9461 9649 9460
f 9650 9651 9652
f 9653 9654 9655
f 9656 9657 9477
f 9477 9657 9658
f 9477 9658 9475
f 9475 9658 9659
f 9475 9659 9449
f 9449 9659 9660
f 9449 9660 9451
f 9451 9660 9661
f 9451 9661 9647
f 9647 9661 9662
f 9647 9662 9646
f 9646 9662 9663
f 9646 9663 9648
f 9648 9663 9664
f 9649 9648 9665
f 9665 9648 9666
f 9665 9666 9667
f 9668 9669 9664
f 9664 9669 9670
f 9664 9670 9648
f 9648 9670 9671
f 9648 9671 9666
f 9672 9652 9673
f 9673 9652 9674
f 9673 9674 9675
f 9676 9677 9678
f 9653 9655 9664
f 9664 9655 9679
f 9664 9679 9668
f 9678 9677 9680
f 9680 9677 9681
f 9680 9681 9682
f 9675 9680 9673
f 9673 9680 9682
f 9673 9682 9653
f 9653 9682 9683
f 9653 9683 9654
f 9684 9685 9686
f 9678 9687 9688
f 9686 9689 9684
f 9684 9689 9676
f 9684 9676 9690
f 9690 9676 9678
f 9690 9678 9691
f 9691 9678 9688
f 9692 9693 9543
f 9694 9674 9695
f 9696 9697 9550
f 9547 9543 9698
f 9699 9700 9701
f 9699 9698 9700
f 9700 9698 9543
f 9700 9543 9702
f 9702 9543 9693
f 8911 9703 9704
f 9705 9706 9695
f 9695 9706 9707
f 9695 9707 9694
f 9703 8911 9708
f 9708 8911 9474
f 9708 9474 9709
f 9709 9474 9044
f 9709 9044 9710
f 9710 9044 9698
f 9698 9044 9042
f 9698 9042 9547
f 9711 9712 9705
f 9705 9712 9713
f 9705 9713 9706
f 9714 9696 9715
f 9715 9696 9550
f 9715 9550 9716
f 9716 9550 9551
f 9543 9550 9692
f 9692 9550 9697
f 9692 9697 9705
f 9705 9697 9717
f 9705 9717 9711
f 9718 9719 9701
f 9701 9719 9720
f 9701 9720 9699
f 9721 9722 9652
f 9652 9722 9723
f 9652 9723 9719
f 9718 9724 9719
f 9719 9724 9725
f 9719 9725 9652
f 9652 9725 9726
f 9652 9726 9674
f 9674 9726 9727
f 9674 9727 9695
f 9704 9721 8911
f 8911 9721 9652
f 8911 9652 8913
f 8913 9652 9472
f 9469 9470 9652
f 9652 9470 9471
f 9652 9471 9472
f 9651 9728 9652
f 9652 9728 9729
f 9652 9729 9469
f 9672 9656 9652
f 9652 9656 9477
f 9652 9477 9650
f 9650 9477 9730
f 9650 9730 9731
f 9729 9732 9469
f 9469 9732 9733
f 9469 9733 9468
f 9468 9733 9734
f 9468 9734 9467
f 9467 9734 9735
f 9467 9735 9466
f 9466 9735 9736
f 9466 9736 9465
f 9465 9736 9737
f 9465 9737 9738
f 9738 9737 9739
f 9738 9739 9740
f 9740 9739 9731
f 9740 9731 9741
f 9741 9731 9730
f 9742 9743 9477
f 9477 9743 9744
f 9477 9744 9730
f 9738 9745 9465
f 9465 9745 9746
f 9465 9746 9464
f 9464 9746 9747
f 9464 9747 9463
f 9463 9747 9748
f 9463 9748 9462
f 9462 9748 9749
f 9462 9749 8915
f 8915 9749 9742
f 8915 9742 8917
f 8917 9742 9477
f 9750 9510 9751
f 9751 9510 9487
f 9751 9487 9752
f 9752 9487 9753
f 9753 9487 9486
f 9753 9486 9754
f 9754 9486 9485
f 9754 9485 9755
f 9755 9485 9480
f 9484 9756 9757
f 9484 9757 9478
f 9478 9757 9758
f 9478 9758 9499
f 9499 9758 9759
f 9499 9759 9498
f 9498 9759 9760
f 9498 9760 9491
f 9491 9760 9761
f 9491 9761 9492
f 9492 9761 9762
f 9492 9762 9493
f 9493 9762 9763
f 9493 9763 9509
f 9509 9763 9764
f 9509 9764 9508
f 9508 9764 9765
f 9508 9765 9507
f 9507 9765 9766
f 9507 9766 9506
f 9506 9766 9767
f 9506 9767 9505
f 9505 9767 9768
f 9505 9768 9504
f 9504 9768 9769
f 9504 9769 9503
f 9503 9769 9770
f 9503 9770 9502
f 9502 9770 9501
f 9501 9770 9771
f 9501 9771 9500
f 9500 9771 9772
f 9500 9772 9497
f 9497 9772 9773
f 9497 9773 9496
f 9496 9773 9774
f 9496 9774 9495
f 9495 9774 9775
f 9495 9775 9481
f 9481 9775 9776
f 9481 9776 9482
f 9482 9776 9777
f 9482 9777 9483
f 9483 9777 9778
f 9483 9778 9517
f 9517 9778 9779
f 9517 9779 9516
f 9516 9779 9780
f 9516 9780 9515
f 9515 9780 9781
f 9515 9781 9488
f 9488 9781 9782
f 9488 9782 9489
f 9489 9782 9783
f 9489 9783 9490
f 9490 9783 9784
f 9490 9784 9494
f 9494 9784 9785
f 9494 9785 9479
f 9479 9785 9755
f 9479 9755 9480
f 9756 9484 9786
f 9786 9484 9514
f 9786 9514 9787
f 9787 9514 9513
f 9787 9513 9788
f 9788 9513 9512
f 9788 9512 9789
f 9789 9512 9511
f 9789 9511 9790
f 9750 9790 9510
f 9510 9790 9511
f 9791 9698 9792
f 9792 9698 9699
f 9792 9699 9793
f 9793 9699 9720
f 9793 9720 9794
f 9794 9720 9719
f 9794 9719 9795
f 9795 9719 9723
f 9795 9723 9796
f 9796 9723 9722
f 9796 9722 9797
f 9797 9722 9721
f 9797 9721 9798
f 9798 9721 9704
f 9798 9704 9799
f 9799 9704 9703
f 9799 9703 9800
f 9800 9703 9708
f 9800 9708 9801
f 9801 9708 9709
f 9801 9709 9802
f 9802 9709 9710
f 9802 9710 9791
f 9791 9710 9698
f 9803 9744 9804
f 9804 9744 9743
f 9804 9743 9805
f 9805 9743 9742
f 9805 9742 9806
f 9806 9742 9749
f 9806 9749 9807
f 9807 9749 9748
f 9807 9748 9808
f 9808 9748 9747
f 9808 9747 9809
f 9809 9747 9746
f 9809 9746 9810
f 9810 9746 9745
f 9810 9745 9811
f 9811 9745 9738
f 9811 9738 9812
f 9812 9738 9740
f 9812 9740 9813
f 9813 9740 9741
f 9813 9741 9814
f 9814 9741 9730
f 9814 9730 9803
f 9803 9730 9744
f 9815 9663 9816
f 9816 9663 9662
f 9816 9662 9817
f 9817 9662 9661
f 9817 9661 9818
f 9818 9661 9660
f 9818 9660 9819
f 9819 9660 9659
f 9819 9659 9820
f 9820 9659 9658
f 9820 9658 9821
f 9821 9658 9657
f 9821 9657 9822
f 9822 9657 9656
f 9822 9656 9823
f 9823 9656 9672
f 9823 9672 9824
f 9824 9672 9673
f 9824 9673 9825
f 9825 9673 9653
f 9825 9653 9826
f 9826 9653 9664
f 9826 9664 9815
f 9815 9664 9663
f 9827 9692 9828
f 9828 9692 9705
f 9828 9705 9829
f 9829 9705 9695
f 9829 9695 9830
f 9830 9695 9727
f 9830 9727 9831
f 9831 9727 9726
f 9831 9726 9832
f 9832 9726 9725
f 9832 9725 9833
f 9833 9725 9724
f 9833 9724 9834
f 9834 9724 9718
f 9834 9718 9835
f 9835 9718 9701
f 9835 9701 9836
f 9836 9701 9700
f 9836 9700 9837
f 9837 9700 9702
f 9837 9702 9838
f 9838 9702 9693
f 9838 9693 9827
f 9827 9693 9692
f 9839 9651 9840
f 9840 9651 9650
f 9840 9650 9841
f 9841 9650 9731
f 9841 9731 9842
f 9842 9731 9739
f 9842 9739 9843
f 9843 9739 9737
f 9843 9737 9844
f 9844 9737 9736
f 9844 9736 9845
f 9845 9736 9735
f 9845 9735 9846
f 9846 9735 9734
f 9846 9734 9847
f 9847 9734 9733
f 9847 9733 9848
f 9848 9733 9732
f 9848 9732 9849
f 9849 9732 9729
f 9849 9729 9850
f 9850 9729 9728
f 9850 9728 9839
f 9839 9728 9651
f 9524 9851 9523
f 9523 9851 9852
f 9523 9852 9522
f 9522 9852 9853
f 9522 9853 9521
f 9521 9853 9854
f 9521 9854 9520
f 9520 9854 9855
f 9520 9855 9519
f 9519 9855 9856
f 9519 9856 9518
f 9518 9856 9857
f 9518 9857 9529
f 9529 9857 9858
f 9529 9858 9528
f 9528 9858 9859
f 9528 9859 9527
f 9527 9859 9860
f 9527 9860 9526
f 9526 9860 9861
f 9526 9861 9525
f 9525 9861 9862
f 9525 9862 9524
f 9524 9862 9851
f 9536 9863 9535
f 9535 9863 9864
f 9535 9864 9534
f 9534 9864 9865
f 9534 9865 9533
f 9533 9865 9866
f 9533 9866 9532
f 9532 9866 9867
f 9532 9867 9531
f 9531 9867 9868
f 9531 9868 9530
f 9530 9868 9869
f 9530 9869 9541
f 9541 9869 9870
f 9541 9870 9540
f 9540 9870 9871
f 9540 9871 9539
f 9539 9871 9872
f 9539 9872 9538
f 9538 9872 9873
f 9538 9873 9537
f 9537 9873 9874
f 9537 9874 9536
f 9536 9874 9863
f 9875 9666 9876
f 9876 9666 9671
f 9877 9665 9875
f 9875 9665 9667
f 9875 9667 9666
f 9876 9671 9878
f 9878 9671 9670
f 9878 9670 9879
f 9670 9669 9879
f 9879 9669 9668
f 9879 9668 9880
f 9880 9668 9679
f 9880 9679 9881
f 9881 9679 9655
f 9881 9655 9882
f 9882 9655 9654
f 9882 9654 9883
f 9654 9683 9883
f 9883 9683 9682
f 9883 9682 9884
f 9884 9682 9681
f 9884 9681 9885
f 9885 9681 9677
f 9885 9677 9886
f 9886 9677 9676
f 9685 9684 9887
f 9888 9886 9676
f 9676 9689 9888
f 9888 9689 9686
f 9888 9686 9889
f 9889 9686 9685
f 9889 9685 9890
f 9890 9685 9887
f 9690 9891 9684
f 9684 9891 9892
f 9684 9892 9887
f 9687 9678 9893
f 9894 9891 9690
f 9690 9691 9894
f 9894 9691 9688
f 9894 9688 9895
f 9895 9688 9687
f 9895 9687 9896
f 9896 9687 9893
f 9893 9678 9897
f 9897 9678 9680
f 9897 9680 9898
f 9680 9675 9898
f 9898 9675 9674
f 9898 9674 9899
f 9899 9674 9694
f 9899 9694 9900
f 9900 9694 9707
f 9900 9707 9901
f 9901 9707 9706
f 9901 9706 9902
f 9902 9706 9713
f 9902 9713 9903
f 9713 9712 9903
f 9903 9712 9711
f 9903 9711 9904
f 9904 9711 9717
f 9904 9717 9905
f 9905 9717 9697
f 9905 9697 9906
f 9906 9697 9696
f 9715 9716 9907
f 9908 9906 9696
f 9696 9714 9908
f 9908 9714 9715
f 9908 9715 9909
f 9909 9715 9907
f 9145 9561 9551
f 9551 9561 9910
f 9551 9910 9716
f 9716 9910 9907
f 9292 9911 9912
f 9552 9054 9053
f 9053 9295 9552
f 9552 9295 9294
f 9552 9294 9293
f 9913 9910 9561
f 9556 9555 9561
f 9561 9555 9554
f 9561 9554 9913
f 9913 9554 9553
f 9913 9553 9914
f 9914 9553 9552
f 9914 9552 9912
f 9912 9552 9293
f 9912 9293 9292
f 9582 9583 9615
f 9915 9593 9592
f 9573 9572 9611
f 9915 9592 9636
f 9636 9592 9590
f 9636 9590 9591
f 9616 9602 9617
f 9617 9602 9618
f 9616 9585 9586
f 9577 9578 9613
f 9613 9578 9614
f 9611 9572 9612
f 9341 9340 9357
f 9602 9601 9618
f 9618 9601 9600
f 9618 9600 9619
f 9619 9600 9599
f 9619 9599 9620
f 9615 9583 9616
f 9616 9583 9584
f 9616 9584 9585
f 9578 9579 9614
f 9614 9579 9580
f 9614 9580 9615
f 9615 9580 9581
f 9615 9581 9582
f 9630 9597 9596
f 9572 9574 9612
f 9612 9574 9575
f 9612 9575 9613
f 9613 9575 9576
f 9613 9576 9577
f 9292 9289 9911
f 9911 9289 9291
f 9911 9291 9916
f 9916 9291 9290
f 9916 9290 9917
f 9917 9290 9589
f 9917 9589 9915
f 9915 9589 9594
f 9915 9594 9593
f 9622 9621 9568
f 9568 9621 9620
f 9597 9630 9598
f 9598 9630 9636
f 9598 9636 9357
f 9357 9636 9591
f 9357 9591 9341
f 9605 9630 9606
f 9606 9630 9596
f 9606 9596 9607
f 9607 9596 9595
f 9607 9595 9608
f 9608 9595 9567
f 9608 9567 9609
f 9446 9603 9442
f 9442 9603 9443
f 9439 9440 9587
f 9587 9440 9441
f 9587 9441 9445
f 9568 9569 9622
f 9622 9569 9571
f 9622 9571 9611
f 9611 9571 9570
f 9611 9570 9573
f 9446 9447 9603
f 9603 9447 9629
f 9603 9629 9604
f 9604 9629 9642
f 9604 9642 9605
f 9605 9642 9637
f 9605 9637 9630
f 9586 9588 9616
f 9616 9588 9587
f 9616 9587 9602
f 9602 9587 9445
f 9602 9445 9603
f 9603 9445 9444
f 9603 9444 9443
f 9599 9610 9565
f 9609 9567 9610
f 9610 9567 9566
f 9610 9566 9565
f 9565 9564 9599
f 9599 9564 9563
f 9599 9563 9620
f 9620 9563 9562
f 9620 9562 9193
f 9193 9192 9620
f 9620 9192 9191
f 9620 9191 9568
f 9628 9918 9919
f 9631 9627 9628
f 9628 9919 9631
f 9631 9919 9920
f 9631 9920 9632
f 9632 9920 9633
f 9633 9920 9921
f 9633 9921 9634
f 9915 9636 9921
f 9921 9636 9635
f 9921 9635 9634
f 9628 9460 9649
f 9665 9877 9649
f 9649 9877 9918
f 9649 9918 9628
f 9804 9805 9922
f 9797 9798 9923
f 9924 9773 9925
f 9925 9773 9926
f 9753 9754 9787
f 9787 9754 9786
f 9785 9916 9755
f 9755 9916 9917
f 9755 9917 9754
f 9753 9787 9752
f 9752 9787 9788
f 9752 9788 9751
f 9878 9879 9758
f 9927 9880 9881
f 9878 9758 9876
f 9757 9921 9758
f 9758 9921 9920
f 9758 9920 9919
f 9881 9882 9927
f 9927 9882 9883
f 9927 9883 9928
f 9883 9884 9928
f 9928 9884 9885
f 9928 9885 9886
f 9786 9754 9756
f 9756 9754 9917
f 9756 9917 9757
f 9757 9917 9915
f 9757 9915 9921
f 9875 9876 9877
f 9877 9876 9758
f 9877 9758 9918
f 9918 9758 9919
f 9886 9888 9928
f 9928 9888 9889
f 9928 9889 9890
f 9929 9761 9760
f 9760 9759 9929
f 9929 9759 9758
f 9929 9758 9927
f 9927 9758 9879
f 9927 9879 9880
f 9822 9823 9930
f 9824 9825 9929
f 9761 9817 9762
f 9762 9817 9818
f 9762 9818 9763
f 9818 9819 9763
f 9763 9819 9820
f 9763 9820 9930
f 9930 9820 9821
f 9930 9821 9822
f 9825 9826 9929
f 9929 9826 9815
f 9929 9815 9761
f 9761 9815 9816
f 9761 9816 9817
f 9931 9869 9868
f 9931 9868 9764
f 9868 9867 9764
f 9764 9867 9866
f 9764 9866 9765
f 9765 9866 9865
f 9765 9865 9766
f 9865 9864 9766
f 9766 9864 9863
f 9766 9863 9932
f 9805 9806 9922
f 9922 9806 9769
f 9922 9769 9933
f 9933 9769 9768
f 9933 9768 9767
f 9811 9812 9934
f 9806 9807 9769
f 9769 9807 9808
f 9769 9808 9770
f 9770 9808 9809
f 9770 9809 9810
f 9841 9842 9934
f 9934 9842 9770
f 9934 9770 9811
f 9811 9770 9810
f 9842 9843 9770
f 9770 9843 9844
f 9770 9844 9771
f 9771 9844 9845
f 9771 9845 9772
f 9772 9845 9846
f 9772 9846 9773
f 9773 9846 9847
f 9773 9847 9926
f 9926 9847 9848
f 9926 9848 9849
f 9849 9850 9926
f 9926 9850 9839
f 9926 9839 9934
f 9934 9839 9840
f 9934 9840 9841
f 9798 9778 9923
f 9923 9778 9777
f 9923 9777 9935
f 9935 9777 9776
f 9935 9776 9936
f 9936 9776 9775
f 9936 9775 9774
f 9779 9937 9780
f 9780 9937 9938
f 9780 9938 9781
f 9781 9938 9782
f 9782 9938 9939
f 9782 9939 9783
f 9940 9784 9783
f 9897 9941 9893
f 9893 9941 9896
f 9897 9898 9941
f 9941 9898 9899
f 9941 9899 9940
f 9913 9914 9784
f 9784 9914 9912
f 9784 9912 9785
f 9785 9912 9911
f 9785 9911 9916
f 9899 9900 9940
f 9940 9900 9901
f 9940 9901 9902
f 9902 9903 9940
f 9940 9903 9904
f 9940 9904 9784
f 9784 9904 9905
f 9784 9905 9906
f 9908 9909 9906
f 9906 9909 9907
f 9906 9907 9784
f 9784 9907 9910
f 9784 9910 9913
f 9788 9789 9751
f 9751 9789 9790
f 9751 9790 9750
f 9798 9799 9778
f 9778 9799 9800
f 9778 9800 9779
f 9779 9800 9801
f 9779 9801 9937
f 9937 9801 9802
f 9937 9802 9942
f 9795 9796 9943
f 9943 9796 9797
f 9802 9791 9942
f 9942 9791 9792
f 9942 9792 9944
f 9793 9794 9945
f 9813 9814 9946
f 9946 9814 9803
f 9946 9803 9947
f 9828 9829 9940
f 9783 9939 9940
f 9940 9939 9827
f 9940 9827 9828
f 9830 9831 9944
f 9944 9831 9832
f 9944 9832 9942
f 9942 9832 9833
f 9833 9834 9942
f 9942 9834 9835
f 9942 9835 9937
f 9937 9835 9836
f 9937 9836 9938
f 9938 9836 9837
f 9938 9837 9939
f 9939 9837 9838
f 9939 9838 9827
f 9948 9862 9949
f 9949 9862 9861
f 9858 9943 9859
f 9859 9943 9949
f 9859 9949 9860
f 9860 9949 9861
f 9858 9857 9943
f 9943 9857 9945
f 9943 9945 9795
f 9795 9945 9794
f 9857 9856 9945
f 9945 9856 9855
f 9945 9855 9950
f 9854 9853 9951
f 9951 9853 9852
f 9951 9852 9948
f 9948 9852 9851
f 9948 9851 9862
f 9863 9874 9932
f 9932 9874 9873
f 9932 9873 9947
f 9947 9873 9872
f 9869 9931 9870
f 9870 9931 9952
f 9870 9952 9871
f 9890 9887 9928
f 9928 9887 9892
f 9928 9892 9941
f 9895 9896 9894
f 9894 9896 9941
f 9894 9941 9891
f 9891 9941 9892
f 9767 9766 9933
f 9933 9766 9932
f 9933 9932 9922
f 9922 9932 9947
f 9922 9947 9804
f 9804 9947 9803
f 9872 9871 9947
f 9947 9871 9952
f 9947 9952 9946
f 9946 9952 9953
f 9946 9953 9951
f 9951 9953 9950
f 9951 9950 9854
f 9854 9950 9855
f 9764 9763 9931
f 9931 9763 9930
f 9931 9930 9952
f 9952 9930 9954
f 9952 9954 9953
f 9953 9954 9955
f 9953 9955 9950
f 9950 9955 9956
f 9950 9956 9945
f 9945 9956 9944
f 9945 9944 9793
f 9793 9944 9792
f 9823 9824 9930
f 9930 9824 9929
f 9930 9929 9954
f 9954 9929 9927
f 9954 9927 9955
f 9955 9927 9928
f 9955 9928 9956
f 9956 9928 9941
f 9956 9941 9944
f 9944 9941 9940
f 9944 9940 9830
f 9830 9940 9829
f 9812 9813 9934
f 9934 9813 9946
f 9934 9946 9926
f 9926 9946 9951
f 9926 9951 9925
f 9925 9951 9948
f 9925 9948 9924
f 9924 9948 9949
f 9797 9923 9943
f 9943 9923 9935
f 9943 9935 9949
f 9949 9935 9936
f 9949 9936 9924
f 9924 9936 9774
f 9924 9774 9773

